tree
version=v4
num_class=1
num_tree_per_iteration=1
label_index=0
max_feature_idx=42
objective=quantile
feature_names=y_t y_t1 y_t2 mean3 mean7 mean14 mean28 std7 std14 max7 zero_frac14 obs_mean7 so_t so_mean7 so_mean28 so_days7 act_t act_mean7 disc_mean7 trend understatement7 h dow y_lag7 y_lag14 y_lag21 y_lag28 same_dow_mean discount activity holiday precpt temp humidity wind discount_rel store_id product_id city_id management_group_id first_category_id second_category_id third_category_id
feature_infos=[0:73.334518432617188] [0:55.984825134277344] [0:73.334518432617188] [0:41.392345428466797] [0.014285714365541935:37.084465026855469] [0.064540930092334747:34.396240234375] [0.099014267325401306:33.396030426025391] [5.9604644775390625e-08:24.78974723815918] [3.5762786865234375e-07:19.407119750976562] [0.10000000149011612:73.334518432617188] [0:0.71428573131561279] [0:29.200000762939453] [0:16] [0:16] [0:16] [0:1] [0:1] [0:1] [0:1] [0.020802874118089676:3.4821879863739014] [-0.50000005960464478:1] [1:7] [0:6] [0:58.339408874511719] [0:65.781837463378906] [0:65.781837463378906] [0:58.339408874511719] [0:49.752281188964844] [0:1] [0:1] [0:1] [0:28.191699981689453] [18.360000610351562:28.780000686645508] [27.350000381469727:91.569999694824219] [0.97000002861022949:3.8499999046325684] [0:999.99993896484375] -1:235:555:212:554:417:96:145:817:438:556:822:182:431:229:648:537:586:875:1:151:237:18:488:118:95:312:200:284:140:131:291:628:214:76:174:241:877:167:202:409:557:242:602:843:577:150:198:434:436:532:704:343:211:469:154:494:549:81:359:684:263:790:378:74:183:404:405:678:490:253:441:34:57:62:593:172:540:420:144:256:314:493:232:303:215:423:128:458:147:621:692:424:152:187:446:607:885:301:517:129:250:750:191:406:722:442:744:209:672:707:126:234:812:149:781:860:561:46:222:439:521:578:474:373:455:59:254:194:35:461:166:500:806:60:173:55:61:541:178:29:876:273:596:216:367:457:481:585:2:449:571:84:236:300:100:647:597:148:471:20:176:179:330:348:564:177:305:382:713:856:502:850:890:311:225:188:295:197:570:189:171:740:562:714:16:78:278:11:357:758:22:503:388:104:137:196:780:142:279:294:181:230:507:8:157:544:883:221:402:58:381:595:765:135:358:669:162:204:307:468:77:742:483:565:121:75:327:410:530:579:829:847:17:249:467:217:699:476:462:662:612:625:371:258:523:87:395:536:146:339:546:702:19:473:514:658:813:109:3:698:9:757:799:168:320:160:184:276:124:756:201:482:418:119:805:68:265:675:411:159:271:552:169:283:324:480:671:288:308:484:513:566:496:624:190:582:67:452:40:326:608:664:90:679:333:893:7:103:134:454:161:296:427:143:353:477:33:479:666:708:199:233:534:736:286:741:72:542:205:361:475:506:102:510:522:581:239:105:354:539:91:110:274:580:251:309:583:262:376:508:163:101:360:370:567:213:261:489:498:891:36:111:195:346:603:164:777:548:132:231:425:193:238:297:430:687:787:504:599:130:543:864:247:551:317:867:207:610:66:281:398:558:569:208:257:259:563:226:246:264:723:319:364:24:535:355:386:408:4:107:429:282:447:550:609:112:486:600:734:872:43:136:206:292:518:630:895:23:192:45:450:25:372:531:94:268:293:419:682:465:335:379:435:629:815:865:153:186:387:576:681:572:632:798:6:272:426:645:654:228:363:54:397:894:315:640:881:344:649:270:784:341:511:27:526:613:897:347:827:170:495:768:255:334:660:844:98:487:709:746:383:650:837:737:227:350:674:71:158:260:325:516:210:751:466:575:604:0:453:492:627:863:464:588:710:633:139:472:636:821:830:879:56:501:519:298:30:63:156:180:269:313:448:218:512:701:753:851:93:244:369:533:605:721:389:659:13:302:415:224:456:12:203:414:80:115:460:505:573:802:5:392:290:53:240:416:594:733:52:64:869:478:670:559:667:316:394:444:760:69:336:509:545:432:538:712:800:349:693:338:835:399:639:252:277:635:275:616:634:849:155:368:631:820:220:243:365:400:732:772:778:831:853:525:528:743:786:833:779:873:28:318:855:133:527:668:97:245:266:413:113:362:584:106:814:219:726:838:858:866:92:26:366:859:377:795:803:755:248:688:331:385:696:880:651:892:731:463:491:48:529:665:762:470:618:289:459:823:120:352:896:31:390:796:267:771:832:391:792:407:680:428:606:767:816:622:683:747:878:70:99:568:587:65:374:443:547:592:655:804:657:83:223:384:396:598:700:738:825:848:323:642:826:836:50:287:337:351:695:735:321:421:497:852:375:422:782:715:310:485:716:37:138:108:123:47:720:748:761:49:122:412:788:834:652:809:857:705:515:637:646:870:499:776:789:14:82:127:175:685:811:819:730:846:871:10:304:440:520:524:619:638:694:862:676:718:724:117:690:841:641:328:380:401:589:623:686:752:884:322:393:727:749:839:889:403:437:719:840:703:882:41:85:451:617:706:769:306:620:42:165:32:89:842:79:116:185 -1:4:834:596:580:122:6:215:41:740:638:631:291:554:190:381:300:600:117:26:129:11:127:422:635:296:194:634:715:115:699:76:70:104:118:191:666:775:108:783:201:650:363:411:802:578:810:345:843:116:387:290:644:23:835:77:93:769:207:467:90:259:774:21:250:19:310:567:500:763:806:486:240:292:691:481:150:426:796:489:535:140:136:688:473:99:764:58:200:370:71:18:379:847:683:295:79:419:793:135:219:351:496:293:132:212:74:672:670:166:45:549:223:272:599:386:253:686:218:768:694:757:267:521:306:119:114:309:728:396:110:144:213:765:157:829:452:416:222:145:112:60:633:17:37:831:645:321:531:258:719:221:63:80:220:515:547:12:682:525:332:424:392:522:738:44:403:707:214:294:67:94:716:845:749:441:415:836:656:447:1:286:216:38:374:315:181:73:316:503:458:797:559:188:816:16:402:560:27:860:592:628:84:257:333:804:689:261:487:340:758:822:655:317:491:217:530:772:478:824:2:50:65:579:684:206:548:729:414:476:864:731:125:247:468:343:620:362:193:629:92:210:254:120:705:314:607:512:121:470:820:235:469:269:853:366:541:536:673:565:394:589:480:301:20:319:858:184:439:377:404:109:62:305:356:839:100:517:420:143:209:244:284:407:678:841:474:636:856:461:569:393:430:677:151:577:195:228:350:662:224:449:123:367:610:630:369:64:97:265:553:130:182:704:429:344:163:303:339:83:830:155:556:31:72:249:848:54:380:69:546:588:177:205:243:176:285:717:270:456:573:627:507:534:756:784:164:425:523:561:591:146:318:138:320:510:605:183:434:529:229:233:22:792:815:460:7:198:242:251:335:651:760:825:832:14:226:664:698:102:278:304:539:563:581:611:706:857:0:55:255:353:409:427:448:587:280:625:861:5:103:471:779:78:287:590:82:187:791:494:506:498:585:746:192:61:368:821:413:276:302:615:204:608:477:619:803:508:451:455:53:98:435:174:342:371:389:725:748:297:766:29:88:189:260:428:665:790:68:313:484:526:574:597:724:739:818:231:238:241:338:397:488:552:674:711:47:49:66:133:152:262:277:352:436:509:647:653:658:776:805:28:311:331:337:418:432:443:446:606:663:713:753:851:248:357:475:520:540:572:598:622:668 -1:0:12:16:3:6:13:11:4:15:5:14:1:7:2:10:9:17 -1:6:5:2:0:1:3:4 -1:4:16:20:29:8:21:10:18:28:31:5:24:7:30:15:11:25:22:23:0:27:14:3:6:17:12:13:1 -1:28:25:50:53:29:80:27:76:64:33:79:72:68:78:58:17:6:61:7:38:75:69:3:51:71:43:47:81:26:10:8:42:66:56:40:57:35:39:52:60:13:5:74:67:73:21:62:0:15:45:32:49:19:22:20:12:37:11:48:16:9:1:2:24:46:31:55:77:23:82:44:65 -1:60:113:81:77:103:123:154:65:94:181:168:105:82:167:86:172:104:98:101:149:58:180:1:127:230:128:170:112:179:156:100:131:10:229:109:99:2:24:7:157:142:184:110:66:114:59:190:216:191:177:140:116:97:176:56:17:160:218:213:106:183:96:72:42:16:223:74:19:231:89:78:173:67:63:227:121:51:161:199:88:193:111:139:52:46:205:115:145:9:153:166:71:83:146:6:129:55:192:221:11:182:169:215:224:148:133:8:0:174:188:225:27:93:163:122:76:222:194:195:26:75:38:15:187:209:135:18:61:95:159:204:212:3:119:92:79:203:126:189:41:48:137:158:164:197:57:141:44:150:186:130:14:62:214:220:54:219:155:69:87:217:228:207:102:132:80:4:226:68:73:136:39:40:117:178:90:144:200:118:33:201:29:143:165:232:22:49:50:21:37
tree_sizes=4398 4656 5370 3511 5286 5063 4713 4821 5155 4598 4846 5310 4542 4950 4405 4553 4872 4699 5371 4614 4930 5277 5003 5045 5372 4473 5502 5320 4594 5604 4931 4738 5864 5084 5709 5457 5382 5021 5735 4699 5428 5591 5621 5289 5663 5684 5296 4997 5516 5904 6044 5620 5550 5431 5740 5584 4872 5142 6378 3922 5682 5581 6512 6628 6354 6472 5597 5141 5712 6622 6467 6655 6748 5913 6169 5878 5305 6662 6694 6479 6631 6353 6728 4849 7038 5850 6598 6656 6400 6011 6733 6676 6724 7019 6490 6891 6729 6188 6537 6708 6310 5853 6863 6485 5717 6828 6257 6176 6535 6784 3884 7018 6683 6583 3908 6694 3696 7009 6864 5506 6709 6991 3255 6892 7209 6854 6775 5588 5447 5166 6100 5393 6236 3217 7133 6996 5779 6673 6280 7124 5428 7119

Tree=0
num_leaves=31
num_cat=12
split_feature=6 4 4 37 37 27 27 42 35 35 22 35 27 22 37 35 35 4 37 36 37 35 37 36 22 37 36 37 4 27
split_gain=47874.6 3996.29 3762.77 947.433 812.514 703.238 571.462 550.062 471.829 429.601 423.516 332.226 273.306 253.15 239.013 206.953 199.284 195.836 163.834 149.169 146.868 137.462 129.835 124.457 118.918 115.665 114.982 112.604 111.725 108.262
threshold=1.582831144332886 1.1562039256095888 2.0195939540863042 0 1 0.9706791639328004 1.2288133502006533 2 1.1186563968658449 0.71344330906867992 4.5000000000000009 0.9401628077030183 1.894376337528229 4.5000000000000009 3 0.97650590538978588 0.89581334590911876 1.4460874795913699 4 5 6 0.91159951686859142 7 8 4.5000000000000009 9 10 11 0.88558611273765575 2.4136893749237065
decision_type=2 2 2 9 9 2 2 9 2 2 2 2 2 2 9 2 2 2 9 9 9 2 9 9 2 9 9 9 2 2
left_child=1 5 7 17 29 9 15 26 12 27 14 22 -6 23 -9 -5 -11 -3 -15 -16 -13 -21 -7 -8 -22 -18 -2 -1 -26 -4
right_child=2 3 4 6 8 11 13 10 -10 16 -12 20 -14 18 19 -17 25 -19 -20 21 24 -23 -24 -25 28 -27 -28 -29 -30 -31
leaf_value=1.6223509788513184 1.5226401090621948 1.5065016448497772 1.562190556526184 1.5031052827835083 1.5401448011398315 1.5224895924329758 1.5124241530895233 1.5298145651817321 1.5151448011398316 1.4791188001632691 1.5481609702110291 1.5001447975635529 1.6062670588493346 1.5264876961708069 1.5301447868347169 1.483134251832962 1.4826172947883607 1.5251447916030885 1.5051447987556457 1.5555102467536925 1.4746950596570969 1.5089323341846466 1.4946043118834496 1.4938219994306565 1.4753004372119904 1.4617923647165298 1.4970138609409331 1.5054022371768951 1.4901448011398315 1.685144805908203
leaf_weight=705 2399 9977 13567 7765 7622 3044 1632 7621 3829 23405 11419 4455 24691 5421 1933 39107 7188 10703 10542 1357 44051 17406 8888 18062 22874 325711 7805 2285 17468 42782
leaf_count=705 2399 9977 13567 7765 7622 3044 1632 7621 3829 23405 11419 4455 24691 5421 1933 39107 7188 10703 10542 1357 44051 17406 8888 18062 22874 325711 7805 2285 17468 42782
internal_value=1.49488 1.48833 1.52078 1.49723 1.52675 1.48634 1.49483 1.50972 1.52086 1.4853 1.51238 1.49003 1.52284 1.4996 1.5091 1.4912 1.48515 1.50679 1.50428 1.5063 1.48898 1.50492 1.49786 1.4958 1.48851 1.48483 1.49935 1.50418 1.49047 1.53052
internal_weight=705714 563283 142431 103209 92491 460074 82529 49940 36142 359294 39736 100780 32313 35657 28317 46872 356304 20680 15963 20696 88848 18763 11932 19694 84393 332899 10204 2990 40342 56349
internal_count=705714 563283 142431 103209 92491 460074 82529 49940 36142 359294 39736 100780 32313 35657 28317 46872 356304 20680 15963 20696 88848 18763 11932 19694 84393 332899 10204 2990 40342 56349
cat_boundaries=0 27 54 62 89 115 139 167 195 223 251 279 306
cat_threshold=64 0 268435456 75497728 32768 16448 8388672 0 16842752 538968064 8192 134217728 4 33556480 524288 66 536871168 32768 16 2099200 0 0 0 2097152 32896 0 4 2 0 192 77594880 16 2147483648 8388608 65536 2048 73404676 0 0 536870912 0 0 262210 268435456 4 8396800 0 67108864 524288 0 1048576 268435584 0 4 591040 1049602 8194 853033 33701888 69795840 538054784 10 524288 0 8256 75497728 16 64 8388608 65536 0 1077940484 0 0 0 0 0 64 536871936 8388612 0 0 16 0 0 0 32896 0 4 524306 262208 1050240 2148532224 0 268435456 536903680 65536 0 272630020 0 0 134217728 0 1073741824 512 524288 1024 17825792 0 67108864 4194304 0 16 0 536871936 17039360 0 0 131073 0 0 0 34 134217728 138412032 1 536870976 1050624 33554434 1082146816 1152 33554496 33554432 16777280 268566528 32 0 1024 16777216 16 262208 512 201326848 32768 64 0 65540 16384 536870912 0 134217728 0 2048 524289 0 545260032 32 16 4194312 33554432 0 134217728 0 128 4194304 16777216 1 16 67108928 67112960 2222981376 65536 0 1048576 67108864 268443648 0 0 134217728 0 1344 0 0 16777216 536870912 1048592 2097152 16 0 0 0 32896 4194308 8196 1 402653698 0 8192 1073774592 2097152 0 32 256 262209 8 0 64 67109952 268435456 64 2048 1073741825 134217728 1050624 0 16777216 0 0 4194304 2147483648 536870912 0 8 4718608 32768 268435968 0 536870912 8388672 0 1048612 2113552 8388864 0 32 0 4 524416 0 536871424 0 0 0 128 0 134217728 1090519040 4227072 2097152 4 1 0 0 0 2149597184 512 4194304 1572928 67108960 512 0 0 83919104 2048 32768 536870912 0 0 8196 1048576 0 0 64 0 2147483652 0 4128 1024 2365440 0 64 0 8 0 0 0 0 268435458 0 0 0 0 320 0 0 0 0 0 0 32 0 0 0 65536 3221225472 603979776
is_linear=0
shrinkage=1


Tree=1
num_leaves=31
num_cat=12
split_feature=5 5 5 22 37 35 37 35 27 37 35 37 35 37 22 37 23 22 37 37 37 37 6 22 37 5 22 27 6 37
split_gain=44510 4402.12 2775.7 737.223 680.804 663.24 661.57 493.448 458.464 350.312 331.223 301.456 278.615 271.709 255.694 222.336 206.528 174.092 168.01 161.079 146.32 140.168 127.012 118.89 113.262 106.717 103.718 94.4392 91.3868 82.1492
threshold=1.6754979491233828 1.1306546926498415 2.3307570219039921 4.5000000000000009 0 0.85972008109092724 1 0.99982804059982311 0.9706791639328004 2 1.0607719421386721 3 1.1186563968658449 4 4.5000000000000009 5 2.7000001668930058 4.5000000000000009 6 7 8 9 1.3749895691871645 4.5000000000000009 10 0.92006933689117443 4.5000000000000009 0.95756152272224437 1.288197994232178 11
decision_type=2 2 2 2 9 2 9 2 2 9 2 9 2 9 2 9 2 2 9 9 9 9 2 2 9 2 2 2 2 9
left_child=1 5 4 7 17 11 -4 15 20 -5 14 -1 16 -9 21 -3 -8 24 -10 -11 -7 -6 -15 -20 -2 -25 -22 -13 -21 -17
right_child=2 3 6 9 10 8 12 13 18 19 -12 27 -14 22 -16 29 -18 -19 23 28 26 -23 -24 25 -26 -27 -28 -29 -30 -31
leaf_value=0.047639494203031069 0.025292259454727174 0.024674917757511142 0.16547248244285584 0.039870419353246693 0.034014957770705227 -0.0091308671236038259 0.066072207689285276 0.0091994535923004116 0.0097031411528587311 0.02759195864200592 0.0042427611351013141 -0.012950514554977421 0.029242755174636838 -0.012613712400197985 0.054441657662391667 0.014378795921802523 0.17735486507415774 0.068728684186935438 -0.020892267078161244 0.00075908422470092338 -0.032953680306673054 0.01795794285833836 -0.0011065533757209755 -0.017578468993306159 0.043509276509284982 -0.0035574090108275395 -0.024565263837575915 0.01329851932823658 0.014886502847075468 0.00011981219053268655
leaf_weight=3782 8194 7420 51550 6360 7886 7977 10371 9106 4153 6959 5657 14545 2548 32841 7605 4890 10373 6926 42354 10002 260836 10748 19655 25656 9204 16839 77971 3434 10032 9849
leaf_count=3782 8194 7420 51550 6360 7886 7977 10371 9106 4153 6959 5657 14545 2548 32841 7605 4890 10373 6926 42354 10002 260836 10748 19655 25656 9204 16839 77971 3434 10032 9849
internal_value=-0.000324826 -0.00632156 0.0259686 0.00232827 0.0175726 -0.00853558 0.0322752 -0.00017505 -0.00896097 0.00861478 0.0127527 -1.66575e-05 0.0252285 -0.00247675 0.0151224 0.00622349 0.0271559 0.0238771 -0.00575964 0.006119 -0.00978257 0.0119681 -0.00385949 -0.00623984 0.0212153 -0.00437188 -0.00994011 -0.00271748 0.00383762 0.00266186
internal_weight=705723 574661 131062 117114 56220 457547 74842 83761 435786 33353 31896 21761 23292 61602 26239 22159 20744 24324 89002 26993 346784 18634 52496 84849 17398 42495 338807 17979 20034 14739
internal_count=705723 574661 131062 117114 56220 457547 74842 83761 435786 33353 31896 21761 23292 61602 26239 22159 20744 24324 89002 26993 346784 18634 52496 84849 17398 42495 338807 17979 20034 14739
cat_boundaries=0 27 54 81 108 135 163 190 214 242 269 296 323
cat_threshold=4718594 0 192 2225078528 16 64 8388608 65536 65536 6291460 8192 0 134217988 0 1024 64 1024 4 16 0 67108864 0 0 0 268435584 0 12 2 0 64 77594944 16 2147483648 8388608 0 2048 543166720 0 0 536870912 0 0 262210 268435456 4 8396816 0 67108864 524288 0 1048576 268435584 0 4 524304 0 640 209715520 0 268435520 8421376 0 16842752 541065232 1073741824 134217728 4 0 1073741826 2 524288 0 16 0 0 0 0 2097152 268435584 1024 4 16 67108928 4096 8 65536 268435456 512 201392128 268435456 0 2147483648 0 8 524608 269484032 0 2048 0 16 0 32 0 0 0 65552 3221225476 117440512 524292 131104 4096 209715456 32768 2147483712 8388672 16385 0 1145057280 0 0 134217728 0 1572866 2 256 0 0 2048 0 0 0 2097152 0 1024 12 0 64 0 77594880 65552 268435456 8389120 68222976 65536 4194304 8192 0 4 0 524288 0 553648128 33792 1048592 2048 0 4194304 0 0 268468352 4 0 1 16 262144 512 67109120 32768 131136 8192 2147483652 16384 0 0 134217744 0 0 524288 0 545260032 0 16 4194312 33554432 4194304 135266304 1077936128 32896 4194304 16777216 66 67371072 1024 2148532224 32768 2147483648 536870912 1 16384 268435780 8192 0 524288 2048 524288 512 545260032 1024 17825792 2099208 0 0 0 16 524304 294912 268435968 0 536870912 8388672 0 32 16400 8388864 0 33554464 0 0 524288 0 537002752 0 0 0 128 0 2097152 1073741824 12615680 32 5 1 64 0 268447744 135266304 32768 2147483648 33280 0 0 1073745936 0 134217728 536870912 41944064 524290 2 545259520 8388640 1048576 0 16 0 0 2097152 32768 4 268435456 4718592 0 128 2097152 16 0 0 0 65536 2097152 8192 0 134217988 0 1024 0 0 0 16 0 0 0 0 0 268435456 0 8 64 0 4096 2281705472 536903680 2147500032 536903682 4 0 16 2147483648 671088640 134217728 33556480 0 65536 8 32 4 67108864 16 1 0 2097168 0 0 16777228
is_linear=0
shrinkage=0.05


Tree=2
num_leaves=31
num_cat=17
split_feature=4 6 6 37 37 22 4 4 37 37 22 30 22 37 36 6 37 4 37 4 36 37 37 22 36 36 37 36 36 36
split_gain=40514.4 3811.65 3349.6 844.658 732.301 697.954 505.707 376.303 329.319 314 308.118 264.185 214.963 202.4 191.738 182.759 174.824 172.429 160.651 160.071 145.16 143.464 129.5 118.763 127.58 115.623 112.055 109.611 103.899 100.235
threshold=1.6567542552948 1.1145709753036501 2.1173094511032109 0 1 4.5000000000000009 0.8645993471145631 1.3399407863616946 2 3 4.5000000000000009 1.0000000180025095e-35 4.5000000000000009 4 5 1.5108766555786135 6 1.3025441169738772 7 2.9567737579345708 8 9 10 4.5000000000000009 11 12 13 14 15 16
decision_type=2 2 2 9 9 2 2 2 9 9 2 2 2 9 9 2 9 2 9 2 9 9 9 2 9 9 9 9 9 9
left_child=1 6 4 19 23 7 12 21 -7 27 16 14 -1 -12 -5 -11 -8 -10 -9 -4 -16 -3 -13 24 -2 -17 -14 -6 -20 -23
right_child=2 5 3 11 9 8 10 18 17 15 13 22 26 -15 20 25 -18 -19 28 -21 -22 29 -24 -25 -26 -27 -28 -29 -30 -31
leaf_value=-0.031441933624446396 0.0083491842001676593 0.010622586399316791 0.067306320726871496 0.09941455197334291 -0.0019938442455604668 0.043801729530096062 0.0035580657795071581 0.013974293567240243 0.0048314975202083613 -0.0023271597810089611 0.018608488105237488 0.24732782408595086 0.004172946475446227 -0.0073152660103514792 0.0014087623152881869 0.036684532541781667 -0.018563429228961471 0.020407561141997578 0.019464217763394121 0.18988617068529132 0.046140330731868753 0.010305605761706827 0.066370528101921095 0.064155522048473357 0.034715005964040757 0.015605908933095639 -0.022871143605560074 0.02986987099051476 0.00089861507713795419 -0.0094910877123475131
leaf_weight=237637 1255 4157 16050 3283 936 5665 5259 8279 15984 7656 4965 7951 3196 29887 1083 2157 81999 11183 1765 35584 15387 2014 3974 5833 13369 8222 92123 12821 22439 43477
leaf_count=237637 1255 4157 16050 3283 936 5665 5259 8279 15984 7656 4965 7951 3196 29887 1083 2157 81999 11183 1765 35584 15387 2014 3974 5833 13369 8222 92123 12821 22439 43477
internal_value=-0.000482893 -0.00632565 0.0240856 0.0303098 0.0141605 0.00180894 -0.00838069 -0.000654282 0.00797064 0.00940163 -0.00562828 0.0238466 -0.0093901 -0.00165409 0.0203041 0.00505444 -0.00721559 0.00567601 0.00352981 0.0342632 0.0180617 -0.00339181 0.0297323 0.0215403 0.0191419 0.00937982 -0.00738394 0.0150921 0.00147016 -0.00420394
internal_weight=705590 570029 135561 83312 52249 114963 455066 82131 32832 31792 122110 31678 332956 34852 19753 18035 87258 27167 32483 51634 16470 49648 11925 20457 14624 10379 95319 13757 24204 45491
internal_count=705590 570029 135561 83312 52249 114963 455066 82131 32832 31792 122110 31678 332956 34852 19753 18035 87258 27167 32483 51634 16470 49648 11925 20457 14624 10379 95319 13757 24204 45491
cat_boundaries=0 27 54 80 107 133 159 186 213 242 270 297 325 352 379 407 435 463
cat_threshold=2 0 64 77594944 16 2147483648 8388608 65536 2048 606081280 0 0 0 2147483648 0 262210 268435456 4 8396800 0 67108864 524288 0 1048576 268435584 1024 4 4718592 0 64 2222981376 0 64 8388608 65536 65536 274731012 8192 0 256 2181038080 525312 64 1024 4 16 0 67108864 0 0 2097152 268435584 0 12 524304 0 512 209715520 0 64 545259520 1 16842752 809500672 0 134217728 0 0 2 514 524289 0 17825808 0 0 0 134217728 2097152 128 1024 64 4608 335556736 2359296 16 2147483648 2147516480 0 0 1610612992 0 134217728 134217732 0 1048578 2 513 8388608 1048576 0 0 0 0 0 32768 1028 524288 16 64 640 67109120 0 268435456 536911872 0 81920 256 8192 134218752 786432 0 524288 0 545786880 0 1048592 0 0 134217728 0 4194304 32769 1028 10240 268435712 0 4194304 67244034 1 1073741860 67108864 1073741824 8392832 8388609 32 16384 0 0 268443652 2147483648 1048576 512 0 0 67108864 0 16384 0 4194304 2147483648 2147483648 0 67108864 562036736 16384 0 1048576 65552 8388608 0 33555488 0 41943040 524288 0 553648384 0 0 2097152 0 4194304 0 1073742848 32896 1077936128 318767104 524352 0 12288 209715456 16 0 8388608 0 0 272642304 8192 134217728 134217728 0 1026 66 8 32768 0 0 16 4194304 0 2097152 268468352 0 12 0 541065217 0 134234624 2148532224 1118208 8388608 0 0 134225920 0 67141636 0 262144 2097152 0 262144 2048 268697604 0 0 0 262144 0 0 65536 262176 1572864 2 4 96 0 69206272 536969216 0 142606336 67108868 16777216 536871104 0 134217728 134217728 0 524288 65538 536871936 0 16 0 16 4194304 0 2097152 0 1028 524288 1 524304 0 128 5242880 0 0 536870912 0 65536 4194324 0 536870912 4100 0 0 0 545259521 0 16 0 0 0 0 0 0 0 8 16777216 8519936 33816576 142606336 0 16777216 0 1024 0 0 0 6308864 260 32 196672 4096 1145044992 0 0 2147483664 512 4202496 0 0 0 0 1342177280 1048576 1108615168 4210688 0 16777216 8388608 134217728 8228 8228 0 4096 0 536870912 0 1107296258 16384 4194432 0 8388612 1073741828 0 0 1024 0 4194304 0 0 268437504 16 294912 268435968 0 16 0 0 2281701376 2121728 264 1073741824 0 0 0 8193 0 143130624 655360 1048592 0 0 0 134217732 131072 32768 2097156 538968064 256 0 1073741824 33554432 0 67108864 16779273 1075314688 524292 50176 65536 0 5 2176 1 276824192 0 0 264 0 16777216 0 1 0 0 64 0 2147483648 512 12582912 4 1 2097156 4194304 0 268435744 1049088 134217728 0 0 33554432 2048 176161280 1073741824 536871489 0 16779264 0 0 0 0 4194304 0 1073741824 0 1048576 131072 0 0 4194368 1140850704 537001984 32 268697856 0 0 64 64 134217728 0 1056 18432 524800 0 0 0 64 0 0 16 4202496 536870912 296960 1048648
is_linear=0
shrinkage=0.05


Tree=3
num_leaves=31
num_cat=9
split_feature=5 5 27 35 27 42 42 5 28 35 35 35 22 42 3 22 42 22 5 3 42 35 35 42 27 42 42 42 27 5
split_gain=38350.1 4286.58 2434.09 655.775 638.779 623.211 538.675 531.567 333.973 330.338 302.785 259.804 258.128 201.587 196.658 186.174 181.867 163.053 159.15 152.557 118.412 115.847 109.728 103.243 101.421 99.9051 97.1666 94.3569 88.2917 85.598
threshold=1.7154642939567568 1.1631804108619692 2.52177906036377 0.89581334590911876 1.3500000834465029 0 1 0.91453906893730175 0.9115000069141389 0.99982804059982311 0.97728472948074352 0.67103970050811779 4.5000000000000009 2 2.7282108068466191 4.5000000000000009 3 4.5000000000000009 0.76671874523162853 2.0487986803054814 4 1.1186563968658449 1.0695187449455263 5 1.9244822859764101 6 7 8 1.5375537276268008 1.3589218854904177
decision_type=2 2 2 2 2 9 9 2 2 2 2 2 2 9 2 2 9 2 2 2 9 2 2 9 2 9 9 9 2 2
left_child=1 3 5 11 9 19 14 15 21 20 27 -1 -9 -12 -4 -5 -10 -15 -13 -2 -3 25 -8 -14 -18 -7 -11 -6 -27 -19
right_child=2 4 6 7 10 8 22 12 16 26 13 18 23 17 -16 -17 24 29 -20 -21 -22 -23 -24 -25 -26 28 -28 -29 -30 -31
leaf_value=0.056191817753016952 0.032225081869587301 0.018268616362754255 0.074236778296530262 -0.030496684091165661 0.048055223232042046 0.055156566031277193 0.065887180991470826 -0.015554561889916657 -0.0085610220737755271 0.00095869870074093426 -0.0062443637764547011 -0.015736158119514589 0.0081347239837050393 0.0060660892783198535 0.1849194071263075 -0.021542986313859012 0.014875016947090636 0.010827245905809102 0.0056184031186625296 0.055445329365134244 0.0011604675370501306 0.00047360683977603073 0.022167487695813184 -0.0073809407878783519 0.028843166604638107 0.023298323814198375 -0.0087201736610382774 0.020617875497415672 0.046950174297997742 0.02518901135851629
leaf_weight=2661 10554 8988 12929 241450 4563 4909 5605 69351 2379 13025 6494 20550 8119 20612 42045 95934 9953 6006 10725 14917 7179 801 1937 19546 7910 3415 30410 4333 7759 9910
leaf_count=2661 10554 8988 12929 241450 4563 4909 5605 69351 2379 13025 6494 20550 8119 20612 42045 95934 9953 6006 10725 14917 7179 801 1937 19546 7910 3415 30410 4333 7759 9910
internal_value=-0.000580326 -0.00599734 0.0245255 -0.00809513 0.00281247 0.0175555 0.0315042 -0.00861807 0.0134091 -0.000719343 0.00686695 -0.00140113 -0.00535628 0.0051304 0.0332268 -0.009556 0.00908092 0.00657243 -0.00267737 0.0235838 0.00538177 0.0186053 0.0188766 -0.00127277 0.0108069 0.0195295 -0.00299032 0.0152636 0.0168507 0.0103757
internal_weight=704969 579856 125113 468336 111520 62597 62516 434400 37126 59602 51918 33936 97016 43022 54974 337384 20242 36528 31275 25471 16167 16884 7542 27665 17863 16083 43435 8896 11174 15916
internal_count=704969 579856 125113 468336 111520 62597 62516 434400 37126 59602 51918 33936 97016 43022 54974 337384 20242 36528 31275 25471 16167 16884 7542 27665 17863 16083 43435 8896 11174 15916
cat_boundaries=0 8 16 24 31 39 47 53 61 69
cat_threshold=17301508 2281701376 131072 2281701888 69210112 1216 2105472 32 17301638 2415919104 1074152704 2281702288 69210112 16777600 18874498 32 132288 537396224 268445836 67698723 33691650 1141374977 129 10 163904 5120 1107304452 9502754 16386 524288 553783296 131204 353370112 33554438 2281701410 35655681 344462784 67108868 192 2097284 16777216 1090798594 2147492372 606076961 2416969024 4110 130 0 268435456 9476 0 1 9568256 229892 152043522 82962 2282749952 338690088 67638784 67108864 224 131590 285212672 262148 2147615232 540016640 285226448 0 128
is_linear=0
shrinkage=0.05


Tree=4
num_leaves=31
num_cat=16
split_feature=5 5 37 27 27 35 5 27 35 37 22 35 37 37 36 37 37 29 36 37 37 22 37 36 36 36 37 27 36 23
split_gain=35474.1 3979.37 2561.94 679.288 645.953 598.888 473.802 468.339 325.796 318.373 280.046 264.02 262.222 255.819 235.958 180.795 178.706 155.661 183.551 153.798 148.379 147.135 144.858 140.834 126.453 116.996 111.812 109.228 103.175 101.271
threshold=1.7154642939567568 1.1306546926498415 0 2.9324276447296147 1.3500000834465029 0.88521882891654979 0.821314036846161 2.0443423986434941 0.99982804059982311 1 4.5000000000000009 0.99982804059982311 2 3 4 5 6 1.0000000180025095e-35 7 8 9 4.5000000000000009 10 11 12 13 14 0.81492412090301525 15 1.9999999403953554
decision_type=2 2 9 2 2 2 2 2 2 9 2 2 9 9 9 9 9 2 9 9 9 2 9 9 9 9 9 2 9 2
left_child=1 5 3 14 8 13 21 11 15 -6 26 -4 25 -1 -2 -3 -13 18 -14 -11 -12 -7 -10 -21 -18 -9 -8 -15 -24 -16
right_child=2 4 7 -5 9 6 10 12 22 19 20 16 17 27 29 -17 24 -19 -20 23 -22 -23 28 -25 -26 -27 -28 -29 -30 -31
leaf_value=0.044040635593666229 0.017569273295402532 0.021471173899467098 0.041665182127230804 0.18932362120315435 0.028967617596022333 -0.030972391126584266 0.0001074338301643718 0.086497406312972314 0.0072146162608824789 0.016850621028325997 0.01725037747548951 -0.0090028673157491693 0.045986677860096109 -0.014359389198850847 0.0447590144635737 0.0011130731207819155 0.030308484140355155 0.062882452949280854 0.014305851826816797 0.020035606038469711 -0.0078489105913596043 -0.02251854502451375 0.010671679998766637 0.0031507928102486732 0.014667947239205248 0.049727763842239515 -0.018345003334712239 0.0050715937596745647 -0.0088000409690476965 0.061638386942967777
leaf_weight=3884 1699 7140 7532 38825 11352 208422 4658 4615 5499 11416 3525 2536 2633 17674 10521 11261 2064 4052 5654 2558 35462 82672 1948 28912 15361 11317 93644 7915 42477 18820
leaf_count=3884 1699 7140 7532 38825 11352 208422 4658 4615 5499 11416 3525 2536 2633 17674 10521 11261 2064 4052 5654 2558 35462 82672 1948 28912 15361 11317 93644 7915 42477 18820
internal_value=-0.000668296 -0.00588244 0.0234215 0.0298019 0.0021194 -0.00802445 -0.00849877 0.0154191 -0.00111469 0.00619342 -0.00607737 0.0107746 0.0199407 -0.00113023 0.0242905 0.00457219 0.00776413 0.0144221 0.0105046 0.00421883 -0.00249147 -0.00964075 -0.00321082 0.00241336 0.0095657 0.0241893 -0.00749952 -0.0029458 -0.00415795 0.0253369
internal_weight=706048 580419 125629 69865 122563 457856 428383 55764 68325 54238 137289 27493 28271 29473 31040 18401 19961 12339 8287 42886 38987 291094 49924 31470 17425 15932 98302 25589 44425 29341
internal_count=706048 580419 125629 69865 122563 457856 428383 55764 68325 54238 137289 27493 28271 29473 31040 18401 19961 12339 8287 42886 38987 291094 49924 31470 17425 15932 98302 25589 44425 29341
cat_boundaries=0 27 54 80 107 136 164 191 218 245 272 298 326 354 381 409 437
cat_threshold=18 0 64 2225078592 0 2147483712 8388608 65536 2048 73404416 0 0 536870912 0 0 262208 268435456 4 8396800 0 67108864 524288 0 1048576 128 0 4 20 64 512 2357199168 65536 268435520 8388608 0 16859136 1346375936 1073741824 134217728 0 2147483648 0 2 536870912 0 1048592 0 0 0 0 0 128 4 4 4718592 0 4224 0 32784 0 536903680 0 65536 536871188 8192 671088640 4 2147483648 2 2 545261056 0 17825808 0 0 0 134217728 16 268468224 1024 16 67108928 0 264 65536 0 512 134283264 268435968 0 0 0 8 1344 269484032 0 2048 524288 16 0 32 0 0 16 8454160 3221291012 117440512 8192 131072 33554560 32768 0 256 285212672 1073774592 131072 0 65536 2097156 0 4128 32768 64 1140850688 32768 851968 0 0 0 0 524290 16778240 0 65536 1048576 2 64 67108864 0 2214592768 65536 16384 545259520 68157440 65536 0 8192 134217728 0 33554432 524288 65536 553648128 33792 1048592 2097152 16 4194304 0 2097152 32896 4 4 1 0 67248192 32 16777216 4194304 268435456 2147483648 0 16777216 0 2147483648 536903680 8 320 256 1048576 536870912 558080 0 8388608 0 4194304 8 0 67 3221225476 268435456 270336 65536 134219840 0 67109376 4202624 0 8196 0 4096 0 32 33554688 32768 1082146816 1152 570425344 1024 0 524288 0 64 0 0 1 131072 32 4718658 262144 5248 0 32784 0 536903680 16384 0 603979904 0 0 134217732 0 525312 64 8913408 1028 16777216 2048 0 0 0 0 268468224 1024 8 18 262144 512 738197504 0 64 536903680 4 16384 256 8192 134217728 524288 0 524288 0 545263104 32 16 2097160 0 134217728 134217728 4194304 16777344 0 4 0 131104 16 67109136 4194304 2147483712 25198656 4 0 538976320 0 134218784 134217728 41945088 1572864 2 256 0 0 0 0 0 0 0 1 1024 131584 4202496 0 33554432 8388608 131072 1073743904 0 1049088 4096 1026 32 68157440 0 33587264 1073741824 1073741825 163844 0 1048576 0 0 0 0 524288 69632 0 256 64 16384 4 16777216 8388608 0 1073741824 2144 0 12582912 8388608 536870912 0 0 16388 1154 41943552 0 0 2621440 262144 1073742848 0 17825792 0 4194304 0 603979776 0 268437776 2048 131072 131072 8388608 36 67242016 128 4352 67108864 0 32 0 0 0 2147484160 1049600 1049088 0 32 1140850752 0 0 0 4325376 2048 4194304 2147745824 268435456 67109136 553680896 16793664 536870976 0 65536 0 524288 33555456 1048576 33554432 524288 0 536870912 0 0 0 0 4194304 0 1090519040 32769 0 16777217 1 469893120 147456 0 0 1073741824 0 32 0 1074266112 4096 0 32 33570818 1024 8388612 16 1 0 1050674 0 16777280 0 64 0 268435456 0 0 1064960
is_linear=0
shrinkage=0.05


Tree=5
num_leaves=31
num_cat=15
split_feature=5 5 5 37 35 27 35 22 35 37 22 22 37 37 37 37 22 5 37 36 37 36 37 36 35 37 5 5 42 36
split_gain=32680 3717.28 2514.13 786.523 581.825 581.65 518.129 443.876 345.471 331.489 289.817 251.563 244.343 242.393 209.689 195.57 193.823 166.209 162.892 158.323 152.898 130.334 128.795 122.844 122.579 122.171 121.407 119.023 114.165 113.866
threshold=1.5598868131637575 2.5596423149108891 1.0337063074111941 0 0.96463149785995495 3.6039527654647832 0.90901944041252147 4.5000000000000009 1.0308319926261904 1 4.5000000000000009 4.5000000000000009 2 3 4 5 4.5000000000000009 0.74800831079483043 6 7 8 9 10 11 0.94350069761276256 12 1.3101791143417361 0.779106765985489 13 14
decision_type=2 2 2 9 2 2 2 2 2 9 2 2 9 9 9 9 2 2 9 9 9 9 9 9 2 9 2 2 9 9
left_child=2 3 6 16 15 9 12 13 11 -3 27 18 -1 -6 -9 -4 19 -12 -5 -2 -10 -20 -19 -11 -21 -13 -15 -8 -7 -16
right_child=1 5 4 8 7 28 10 14 20 23 17 25 -14 26 29 -17 -18 22 21 24 -22 -23 -24 -25 -26 -27 -28 -29 -30 -31
leaf_value=0.037601037431767174 0.0033000032632509281 0.072210683215327573 0.030803220581088211 0.023184711307129603 0.0065197363969068979 0.086766435832660652 -0.030824557463456883 0.026342653269282548 0.013991438647089072 0.015768322135573953 -0.023514719508611715 0.057189231893690511 -0.010789816661369989 -0.011905879165521705 0.02291895712095518 0.0084372334255417795 0.061035438852040547 0.010472299378442729 0.027330595384016412 0.054587838041625925 -0.0083714450277482342 0.0081047922600026908 -0.011641888521635092 0.059577078282527632 0.02712508177136258 0.026692042011842134 -0.0032293296055039503 -0.019365487512331463 0.21272355495757611 0.0011905480865012754
leaf_weight=3876 1510 20153 7190 13821 9820 941 184164 5340 6657 1353 67136 5734 33657 49719 1555 12681 8632 3707 2493 3313 5692 13058 37893 10510 16744 6424 24493 90496 30654 26026
leaf_count=3876 1510 20153 7190 13821 9820 941 184164 5340 6657 1353 67136 5734 33657 49719 1555 12681 8632 3707 2493 3313 5692 13058 37893 10510 16744 6424 24493 90496 30654 26026
internal_value=-0.000791666 0.0201218 -0.00632943 0.0132218 -0.00044144 0.0292415 -0.00824332 -0.00178542 0.00959478 0.0244901 -0.00879219 0.0117798 -0.00263661 -0.00371342 0.00313582 0.00746842 0.0196826 -0.00660723 0.00927553 0.0171533 0.00225405 0.00575199 -0.0041237 0.0177962 0.0183246 0.0178284 -0.00468992 -0.00965718 0.0340553 0.00137676
internal_weight=705442 147689 557753 84078 136824 63611 420929 116953 53879 32016 383396 41530 37533 84032 32921 19871 30199 108736 29372 21567 12349 15551 41600 11863 20057 12158 74212 274660 31595 27581
internal_count=705442 147689 557753 84078 136824 63611 420929 116953 53879 32016 383396 41530 37533 84032 32921 19871 30199 108736 29372 21567 12349 15551 41600 11863 20057 12158 74212 274660 31595 27581
cat_boundaries=0 27 54 81 108 135 163 190 218 245 273 301 330 357 365 393
cat_threshold=4194306 0 64 2222981376 16 2147483712 8421440 65536 65536 6295556 0 0 536870912 2147483648 1024 64 1280 4 16 0 67108864 524288 0 0 268435584 0 4 524288 0 4160 77594944 16 2147483648 8388608 65536 65536 538972432 0 0 4 0 0 262210 0 0 0 0 67108864 524288 0 1048576 268468352 1024 4 16 64 640 8 65568 0 0 201326592 268501504 0 0 0 0 524608 269484032 0 0 268959744 0 0 32 0 0 0 8454272 3238002692 654311424 524292 2147483680 4096 201326848 4227072 16448 134217728 5 16777216 603979776 0 0 134217728 8388608 524288 2 0 0 0 2048 0 0 0 2097152 1 1024 532492 524306 262144 1536 201326592 32768 64 536903680 0 16859136 541065476 1073741824 134217728 524292 0 524288 2 524800 0 16 8 0 0 134217728 0 0 1024 4 0 1073741888 4096 2227175680 65552 0 545259520 67108864 65536 0 0 32768 0 1032 2 0 553648128 33824 1048592 2097152 0 4194304 0 2097152 32896 4 0 1 524352 0 4096 2097152 32768 0 0 0 0 1409286416 33562624 134217728 134217732 33555456 524290 2 536871432 8388608 1048576 0 16 0 0 2097152 32768 1028 268435464 8912896 131072 1074003968 142639104 0 512 537133056 1024 0 0 0 2097152 536870912 0 0 6144 1077936128 2147483648 1073741824 2148532224 0 4202496 4 0 0 0 1073807360 1075839488 80 4608 4608 2101248 536870914 268435456 536871424 1 0 1073742160 8192 134217728 4 2048 1048578 0 520 32 1048576 8388608 0 0 0 16 32768 0 8 268697600 4194560 8192 16777216 8388608 128 1048576 0 0 0 8388608 536870912 100663296 33554432 8404992 4194432 537919489 0 16777216 524288 0 1077936192 1024 4325376 0 33554432 262144 4096 16 1074003968 268436992 201326592 262144 0 32768 32 536870912 264 8192 134217728 0 0 524288 0 545392128 32 16 0 0 134217728 134217728 4194304 25165825 0 0 1 4194304 16384 0 136331264 1073741824 0 34603008 262144 0 8192 66560 67108868 0 0 0 524864 0 2048 285474820 16 1048576 134221824 262144 0 0 81920 0 262152 2 524368 64 268440192 3145728 32768 268435456 2147483648 0 0 536871184 0 134219776 260 33554432 0 2 545260033 0 17825792 0 0 0 0 16 0 1028 268435456 0 0 8198 160 0 2621440 0 64 0 0 67108864 64 0 1 2080 33554432 2147483648 0 1024 4096 0 262144 64 294913 0 16908288 2148532224 2097152 16777216 1073742336 16 33554432 4096 0 540672 69206274
is_linear=0
shrinkage=0.05


Tree=6
num_leaves=31
num_cat=12
split_feature=5 5 37 5 27 35 35 35 35 27 3 36 37 30 37 37 30 37 30 35 30 35 37 36 37 23 37 37 27 37
split_gain=30170.6 3823.68 2170.69 726.878 710.433 536.591 400.175 375.732 365.602 331.877 291.251 240.259 223.531 214.619 198.02 181.876 176.464 151.814 144.82 132.803 126.725 125.807 124.661 124.252 110.34 109.071 108.743 108.567 104.575 102.432
threshold=1.7647651433944704 1.1973127722740176 0 0.88859146833419811 3.222434520721436 0.99982804059982311 1.0711578130722048 0.85972008109092724 0.96329206228256237 1.2394225597381594 2.2306289672851567 1 2 1.0000000180025095e-35 3 4 1.0000000180025095e-35 5 1.0000000180025095e-35 0.93000152707099926 1.0000000180025095e-35 0.99999991059303295 6 7 8 3.6677886247634892 9 10 2.6422220468521123 11
decision_type=2 2 9 2 2 2 2 2 2 2 2 9 9 2 9 9 2 9 2 2 2 2 9 9 9 2 9 9 2 9
left_child=1 3 4 7 11 14 10 15 17 26 20 -2 -11 -9 -3 -1 -10 -5 -14 -13 29 27 -8 -16 -18 -6 -7 -15 -12 -4
right_child=2 5 6 8 25 9 22 13 16 12 28 19 18 21 23 -17 24 -19 -20 -21 -22 -23 -24 -25 -26 -27 -28 -29 -30 -31
leaf_value=0.028336533549358358 0.015241069725183326 0.031542353933259736 0.0019132983862189647 0.022921138997721767 0.0945436327648502 0.0060957923696826292 0.021898613259735793 -0.026503360717617677 -0.014552331414388487 0.016578203443103647 0.039756231038105175 0.083205153186384981 -0.0018478470398722747 0.010954659682255164 0.031144583787210946 -0.010744732162409697 0.012547443172980181 -0.0004494358159180312 0.010343435922949718 0.04953488856293823 0.040590626131274038 -0.022932625082529957 -0.0017409163995996764 0.010674367903809346 -0.0076200216950747636 0.22519698013785894 -0.0083080395719645986 -0.014330901390150075 0.080566889674950612 0.020899605020438691
leaf_weight=3565 1644 9020 2599 4248 8855 5107 3560 211606 68577 9495 10898 4163 20717 2543 1648 14038 3110 15077 16773 28368 9637 92282 4934 18417 36639 24789 24999 27784 7334 12978
leaf_count=3565 1644 9020 2599 4248 8855 5107 3560 211606 68577 9495 10898 4163 20717 2543 1648 14038 3110 15077 16773 28368 9637 92282 4934 18417 36639 24789 24999 27784 7334 12978
internal_value=-0.000900192 -0.00557626 0.0219665 -0.00747745 0.0278588 0.00300913 0.0142644 -0.00865012 -0.00424543 0.000825799 0.0162077 0.0227839 0.00345183 -0.00902511 0.0087959 -0.00153019 -0.00537562 0.0020898 0.00171395 0.0237236 0.0127256 -0.00736043 0.00434079 0.006019 -0.00272484 0.0330213 -0.00327249 -0.00456632 0.0210223 0.00993629
internal_weight=705404 585645 119759 479469 67819 106176 51940 351818 127651 77091 43446 34175 46985 334215 29085 17603 108326 19325 37490 32531 25214 122609 8494 20065 39749 33644 30106 30327 18232 15577
internal_count=705404 585645 119759 479469 67819 106176 51940 351818 127651 77091 43446 34175 46985 334215 29085 17603 108326 19325 37490 32531 25214 122609 8494 20065 39749 33644 30106 30327 18232 15577
cat_boundaries=0 27 56 83 111 138 166 185 213 239 266 293 318
cat_threshold=4194322 0 64 77594944 0 2147483712 8388608 65536 2048 536875008 0 0 536870912 0 0 262208 268435456 4 8396800 0 67108864 524288 0 1048576 268435584 0 4 16785408 131080 33554560 32768 0 131072 33554432 1073741824 131072 0 65536 4 0 32 32768 1048640 1077936128 0 851968 0 0 0 0 524291 16778240 65536 65536 1048576 2 524290 0 268435456 201326912 32784 2147483712 32768 0 16793600 1415581824 0 134217728 524296 2147483648 0 66 8388608 0 0 0 0 0 134217728 0 0 1024 12 0 67108928 0 2222981376 65552 268435456 545260032 68157440 65536 1077936128 2147491840 134217728 0 2147483648 524288 0 536870912 0 1048592 2048 0 0 0 0 128 4 4 1 0 67108928 0 8 65536 0 516 2281701376 268443650 0 0 0 8 525632 269484032 0 16777216 4096 0 134217728 32 0 0 0 65552 3221225476 654319616 16 3221225536 4096 2155872512 65536 0 134217728 67174400 65536 0 2147483648 0 0 64 269484032 0 536872960 1024 1048592 2097152 0 4194304 0 0 8421376 4194308 268435461 1 64 4608 4736 0 2 0 536870912 0 65536 1075838992 8192 0 4 1024 1026 0 8389120 32 16 16 16384 0 0 75497984 0 8192 67108866 8454400 0 0 16793632 0 0 16384 278528 1049088 134349060 1048576 0 0 0 0 4194304 1073741824 134217728 2048 1054720 16 262144 268502528 201326592 4227072 64 553648132 0 16384 0 0 134217728 0 0 532480 0 9044480 0 8405008 8 0 0 134225920 4194304 8388608 1024 67108864 32 0 603979792 0 2147483712 75497472 1048580 0 270532676 0 134218752 134217728 41943040 1572864 2 264 0 0 0 0 1024 0 0 32769 1040 16777220 16 2214592512 640 20480 0 16 8200 2155872256 1073750016 320 0 671088640 262176 0 532736 0 8388608 0 9437184 0 0 4194304 0 4194304 16 0 8192 8388608 8704 335544832 0 4194306 1342177280 2147483648 16385 0 131072 2155872256 536872960 8 8388672 0 1048576 0 0 0 8392704 0 1024 134217728 12304 64
is_linear=0
shrinkage=0.05


Tree=7
num_leaves=31
num_cat=13
split_feature=5 5 4 27 37 35 37 30 35 37 37 35 27 37 37 30 35 27 4 37 37 37 37 35 23 37 35 37 37 30
split_gain=27741.3 3426.5 2264.13 714.648 711.747 485.144 356.214 348.022 311.999 301.242 289.374 257.925 217.555 210.18 186.01 182.225 179.409 175.048 148.615 140.175 131.898 128.677 118.693 116.137 100.377 98.0836 95.3325 94.7476 88.4027 81.5679
threshold=1.7396645545959475 1.0405713319778445 3.1554119586944585 1.3500000834465029 0 0.99999991059303295 1 1.0000000180025095e-35 0.96952912211418163 2 3 1.0329133272171023 0.81492412090301525 4 5 1.0000000180025095e-35 0.96828380227088939 0.76248472929000866 4.1912307739257821 6 7 8 9 0.90078967809677135 1.9999999403953554 10 0.81005272269248974 11 12 1.0000000180025095e-35
decision_type=2 2 2 2 9 2 9 2 2 9 9 2 2 9 9 2 2 2 2 9 9 9 9 2 2 9 2 9 9 2
left_child=1 5 4 9 23 10 18 11 20 -3 -1 21 26 -10 -9 -8 27 -7 -4 -15 -5 -6 -18 -2 -25 -14 -12 -11 -21 -30
right_child=2 3 6 8 7 17 15 14 13 16 12 -13 25 19 -16 -17 22 -19 -20 28 -22 -23 -24 24 -26 -27 -28 -29 29 -31
leaf_value=0.013440401133725084 0.07840930483800429 0.0094110158943443694 0.082366648876937662 0.047141865301616889 0.028254878869568414 -0.027227775848574488 0.060694712115720022 0.059308592764273388 0.019808954514318484 0.018960993882195687 -0.0034828440692789343 0.0018918337442311419 0.010612855163728752 0.010647512250062958 0.026309113412778674 0.34507187674318501 0.0013776797826260375 -0.017652905902929152 0.21736663934019448 -0.015585640928783019 0.015728294734936199 0.014818387469227298 -0.0092893289012553476 0.029154031466484168 0.04718107034459347 -0.0077148544757112527 -0.019154812792085009 -0.0012203359345900888 -0.0032991971166095703 0.0074283289301930707
leaf_weight=6872 3014 12564 14189 4584 13240 192327 7287 10937 9136 4023 6341 7945 3778 12107 8600 4065 11116 113643 18809 3463 5285 11038 62028 7783 15630 30243 70585 7107 13416 14588
leaf_count=6872 3014 12564 14189 4584 13240 192327 7287 10937 9136 4023 6341 7945 3778 12107 8600 4065 11116 113643 18809 3463 5285 11038 62028 7783 15630 30243 70585 7107 13416 14588
internal_value=-0.00100481 -0.00554876 0.0206217 0.000699968 0.0155025 -0.00789934 0.0296459 0.012085 0.00486437 -0.00199119 -0.00517304 0.00889438 -0.00578947 0.00333659 0.0173527 0.0219176 -0.00306786 -0.00894913 0.0322874 0.00188884 0.013023 0.0114533 -0.00396815 0.0221826 0.0209997 -0.00246054 -0.0072624 0.00284566 0.000129058 0.00106193
internal_weight=705743 583206 122537 159417 78187 423789 44350 51760 62579 96838 117819 32223 110947 52710 19537 11352 84274 305970 32998 43574 9869 24278 73144 26427 23413 34021 76926 11130 31467 28004
internal_count=705743 583206 122537 159417 78187 423789 44350 51760 62579 96838 117819 32223 110947 52710 19537 11352 84274 305970 32998 43574 9869 24278 73144 26427 23413 34021 76926 11130 31467 28004
cat_boundaries=0 27 54 82 109 136 161 188 216 243 270 297 324 351
cat_threshold=4194304 0 64 75497728 0 2147483712 8388608 65536 65536 71307264 0 0 256 2147483648 0 64 0 4 8388608 0 67108864 524288 0 2097152 128 0 4 2 0 192 81789248 0 2147483648 545259520 0 2048 538972176 0 0 536870912 0 0 262210 805306368 4 8396800 0 67108864 524288 0 1048576 268435584 0 4 64 131104 0 67109120 4194304 16384 25165888 1064960 0 2097152 0 134251520 134217728 33556480 1572864 2 256 32768 0 2099200 0 4194304 8192 2097152 32896 0 0 1 16 2147483648 0 0 536936448 0 0 2164326400 65536 0 0 0 0 832 524288 536870912 536870912 268435456 1048592 4 160 4194304 0 0 12648576 3221225476 570425348 4718612 131072 0 203424064 0 64 32768 16384 16859136 272634240 0 134217728 0 0 0 64 8913408 4 16 2048 0 0 0 0 0 1024 524292 524306 512 640 3407872 32784 0 536903680 0 0 538968340 8388608 134217728 4 33554432 0 0 8390145 0 17825808 0 0 0 134217728 16 268435456 2 0 12928 2147483648 32768 3221225472 536870914 65536 0 1679818772 1073741824 0 134217728 2147483648 524288 2 8 0 16793604 8388608 0 0 134217728 0 32896 0 8 80 67108928 4096 2222985472 65552 268435456 8388608 0 0 4 2147483648 0 0 2147484672 2 0 536870912 1024 1048592 0 16 1024 0 16 268468352 4 0 1 524352 0 12288 2154823680 32784 0 33344 0 0 20 8192 0 536870912 33555456 524288 2 536871936 32 1048592 0 16 0 0 0 268435456 1028 268435464 2 262144 268439552 8388608 32768 64 2147516418 65540 16842752 541073684 0 32 0 8388608 0 0 536870912 0 0 0 67108864 0 0 0 16842753 1024 8196 64 67108928 67112960 67125256 0 0 8200 67108864 8192 64 2147483648 134217728 262144 4096 8389632 0 0 536875008 0 6291456 0 4096 0 8 32784 4195328 83894272 0 0 0 2147483648 65536 0 536904192 67108864 65536 4 8192 536870912 4100 1352 0 65536 16777224 1056 1048596 0 16 1024 0 0 0 4 285212676 136577024 0 67108896 65544 0 0 68157440 1140850688 8192 32 0 33554432 0 328 0 1048576 16777248 32768 0 0 1056 0 2048 134217728 0 2151678016 34816
is_linear=0
shrinkage=0.05


Tree=8
num_leaves=31
num_cat=15
split_feature=6 3 6 27 3 37 35 30 37 37 37 37 27 37 30 37 36 30 37 35 36 36 35 36 11 35 36 37 36 30
split_gain=25180.8 3186.49 2268.9 825.847 549.292 486.453 480.232 369.315 349.502 317.057 256.403 224.319 203.552 192.413 175.366 159.983 153.643 137.876 137.572 129.547 121.89 121.852 121.763 107.411 106.786 101.813 99.1332 98.7449 98.1201 96.0811
threshold=1.5645493865013125 2.3999999761581425 1.0269842743873598 3.7510277032852177 1.5144214034080508 0 0.99982804059982311 1.0000000180025095e-35 1 2 3 4 0.81492412090301525 5 1.0000000180025095e-35 6 7 1.0000000180025095e-35 8 0.94199019670486461 9 10 1.0711578130722048 11 3.6285715103149419 0.99999991059303295 12 13 14 1.0000000180025095e-35
decision_type=2 2 2 2 2 9 2 2 9 9 9 9 2 9 2 9 9 2 9 2 9 9 2 9 2 2 9 9 9 2
left_child=2 4 6 8 13 16 9 15 -3 -1 17 -9 -11 -2 -8 23 -4 28 -16 -15 -13 -17 -10 -7 -5 -12 -27 -14 -6 -21
right_child=1 3 5 24 10 7 14 11 22 12 25 20 27 19 18 21 -18 -19 -20 29 -22 -23 -24 -25 -26 26 -28 -29 -30 -31
leaf_value=0.017296364043164838 -0.01223589268911919 0.063616177246286723 0.043214958485202716 0.11274287976393847 -0.0017743418258074546 0.018784855464659158 -0.024416846587778252 0.028381565175281332 0.047407041090703823 -0.017332997076331912 0.031774751419966295 0.019703461065433719 0.0092803619818554502 0.05551998202776845 0.0070038638818942789 0.0077527701227006699 0.012563751697577298 0.058156358130119636 -0.019295925431788093 0.0039237011585080087 -4.8819602772598451e-05 -0.0092888019794826193 0.021668113783337335 7.6791255878033714e-06 0.24149834552015748 0.029176275604604451 0.014187879644840163 -0.0079671965836521728 0.028836057271902728 0.021990864599781161
leaf_weight=6751 4414 21528 1360 10218 976 1538 193707 7394 16168 77884 6927 1915 4370 2430 2878 2815 14435 7732 107927 11469 35695 63460 3679 10416 17522 2495 20155 28052 12093 6912
leaf_count=6751 4414 21528 1360 10218 976 1538 193707 7394 16168 77884 6927 1915 4370 2430 2878 2815 14435 7732 107927 11469 35695 63460 3679 10416 17522 2495 20155 28052 12093 6912
internal_value=-0.00109105 0.0175031 -0.00589114 0.0252628 0.010409 -0.000352085 -0.00771785 -0.00141112 0.0207865 -0.00499592 0.0134247 0.00219753 -0.00563943 0.00438585 -0.00876416 -0.00348731 0.00790602 0.0176839 -0.00717752 0.00639528 0.000630632 -0.00444721 0.0159665 0.00183661 0.0319383 0.0104193 0.00879983 -0.00231086 0.0145591 0.00496342
internal_weight=705315 144718 560597 69115 75603 139028 421569 123233 41375 117057 50378 45004 110306 25225 304512 78229 15795 20801 110805 20811 37610 66275 19847 11954 27740 29577 22650 32422 13069 18381
internal_count=705315 144718 560597 69115 75603 139028 421569 123233 41375 117057 50378 45004 110306 25225 304512 78229 15795 20801 110805 20811 37610 66275 19847 11954 27740 29577 22650 32422 13069 18381
cat_boundaries=0 28 55 82 109 135 162 189 216 243 271 299 326 353 380 408
cat_threshold=64 0 268435456 209715472 98304 16448 8388672 0 0 538968064 0 134217728 134217736 33556480 524288 2 536871168 32768 0 2048 0 4194304 0 1075838976 128 0 524288 1 4194304 0 64 75497728 16 2147483712 8388608 65536 0 4352 0 0 0 2147483648 0 262208 536870912 0 0 0 67108864 524288 0 1048576 268435584 0 4 16 2147483712 65536 256 536936448 0 0 17825792 81920 0 1073741824 134217728 0 1073742400 524288 0 553648384 268435456 16 0 32 0 0 0 4259840 3221225476 838860804 16 0 64 75497728 16 2147483712 545259584 65536 65536 4329476 0 0 0 0 0 64 8914432 4 16 0 67108864 524288 0 0 128 0 4 4194320 67108928 1664 0 0 0 536903680 0 268517376 131328 8192 0 524288 0 8194 0 9044480 0 17842192 8 0 16384 134217728 0 8388608 1028 142606336 512 67108896 65536 131072 0 67108864 67108864 0 131072 2155872256 262144 0 8388681 256 1064960 0 32768 0 2056 1073741824 0 0 2105344 65 0 2048 589826 32 4096 2147483648 536870928 0 134217730 67108864 16777216 384 524288 0 0 0 1048578 65600 0 536870944 0 2097152 4194320 1024 0 16777216 32768 4195328 32780 536870912 0 1024 0 75628544 134217728 16448 19456 0 0 0 553910272 32 2212 9453568 16384 536936448 4097 1024 1 2147483648 0 0 0 0 536870912 2147483648 16 262144 268436096 4 16 0 0 528 536887296 131072 32768 0 0 33554432 1 0 545916672 0 8405008 0 0 0 135270400 1073741824 0 2097152 4 0 8192 0 64 0 0 74272 100696069 1048576 320 67108864 0 134217744 0 4 2097152 640 134381569 2148532224 0 0 0 0 0 268959744 0 16384 2097408 524288 0 0 75497472 67108992 0 8288 268697856 0 0 268435456 2097216 134217728 2097152 134218756 16400 524289 0 1048608 1 0 0 0 0 2415919104 545259520 0 1048576 512 134217728 16384 0 512 268435456 256 526464 1 0 0 0 70271042 0 32 264192 512 2155872288 1179652 0 0 9 32768 0 0 4194304 2048 0 268435456 2048 0 0 0 0 163904 0 4096 0 1073741824 4194304 34078720 1073758212 134218754 2189427200 263168 16777218 0 262176 4194816 0 0 0 2147483648 268730368 0 1073741824 512 67125248 0 131072 8196 0 1073750016 320 0 33587200 134479872 4352 8388608 8388608 0 4096 17825792 6291456 0 4194304 0 0 32784 0 83894272 76021760 0 262144 134217728 0 131072 2961178624 64 0 0 256 0 541065216 4128 0 0 1073741824 0 0 3221225472 0 4204032 16 2112 1073741824 536870912 268435456 1073741824
is_linear=0
shrinkage=0.05


Tree=9
num_leaves=31
num_cat=12
split_feature=5 4 4 5 37 35 5 37 22 30 35 22 35 35 37 30 37 37 30 37 22 35 23 22 37 37 37 37 42 37
split_gain=23353.6 3274.11 1843.55 626.729 591.445 491.832 424.557 328.547 322.542 297.459 266.504 255.119 219.369 206.022 195.964 177.541 170.536 160.208 159.456 154.393 148.484 139.711 129.94 123.568 121.493 119.291 110.17 98.1858 94.3441 90.3811
threshold=1.7895516157150271 1.0836020112037661 3.3831417560577397 1.3336477279663088 0 0.85972008109092724 0.79106521606445324 1 4.5000000000000009 1.0000000180025095e-35 0.99982804059982311 4.5000000000000009 1.0339734554290774 0.98437505960464489 2 1.0000000180025095e-35 3 4 1.0000000180025095e-35 5 4.5000000000000009 0.88897725939750682 4.8245189189910898 5.5000000000000009 6 7 8 9 10 11
decision_type=2 2 2 2 9 2 2 9 2 2 2 2 2 2 9 2 9 9 2 9 2 2 2 2 9 9 9 9 9 9
left_child=1 5 4 10 20 14 18 22 13 12 25 -8 26 -5 -1 -9 -11 -15 -7 -10 21 -2 -4 29 -13 -3 -6 -20 -17 -12
right_child=2 3 7 8 9 6 11 15 19 16 23 24 -14 17 -16 28 -18 -19 27 -21 -22 -23 -24 -25 -26 -27 -28 -29 -30 -31
leaf_value=0.038874673123842032 0.070835921749043698 0.019094806224119271 0.088362812883191838 0.018500013976640636 0.025988525578898938 -0.025168685082701481 -0.014876101724199493 0.058691739933240776 0.036260477049513164 0.059444348320548616 0.0036046067624833675 0.013065467335061021 0.0018408271273771593 0.010002138562236121 -0.0055543922036185855 0.42803254885527703 0.024115934448589851 -0.0014422831818300898 0.0029941421635420688 0.015914697608748946 0.064898104202456453 0.032149310860050927 0.26327834195569738 0.0046568754935913895 -0.0066752014106007092 0.0014357170996581626 0.015029612606619136 -0.019798050950485025 0.095485972969740582 -0.0098159046169579711
leaf_weight=3523 2070 5263 16063 9739 12254 175440 100776 6398 5003 10594 4128 4085 7586 9758 17533 2369 7650 29974 3351 14802 8599 19404 13006 8035 36100 17577 9825 97980 1155 45665
leaf_count=3523 2070 5263 16063 9739 12254 175440 100776 6398 5003 10594 4128 4085 7586 9758 17533 2369 7650 29974 3351 14802 8599 19404 13006 8035 36100 17577 9825 97980 1155 45665
internal_value=-0.00116509 -0.00521943 0.0192405 0.00115909 0.0148016 -0.00739911 -0.00777494 0.0281176 0.00464729 0.0113426 -0.00183652 -0.0055413 0.00825482 0.00248853 5.69882e-05 0.0201727 0.0163689 0.000890947 -0.00891253 0.0100393 0.0203011 0.0180827 0.0308111 -0.00364264 -0.00217271 0.00273631 0.010775 -0.0073332 0.0292057 -0.00457108
internal_weight=705705 588732 116973 149944 77982 438788 417732 38991 69276 47909 80668 140961 29665 49471 21056 9922 18244 39732 276771 19805 30073 21474 29069 57828 40185 22840 22079 101331 3524 49793
internal_count=705705 588732 116973 149944 77982 438788 417732 38991 69276 47909 80668 140961 29665 49471 21056 9922 18244 39732 276771 19805 30073 21474 29069 57828 40185 22840 22079 101331 3524 49793
cat_boundaries=0 27 54 82 108 136 163 188 216 243 270 275 302
cat_threshold=4194304 0 64 2222981376 32784 2147483712 8388672 65536 65536 4198404 0 0 256 0 524288 262208 0 0 8388608 0 67108864 524288 0 1048576 128 0 4 2 512 192 81789184 0 2147483648 8388608 0 2048 538972176 0 0 536870912 0 0 262210 268435456 4 8396800 0 67108864 524288 0 1048576 268435456 0 4 16 67108928 512 8 65536 0 512 201326592 268435968 0 2147483648 32768 8 1344 1048576 0 16777216 4096 16 0 32 0 0 0 16810000 2164260868 117440512 1 524304 8704 640 3145728 0 0 32768 0 0 606077200 0 671088640 4100 2181038080 0 0 8389121 8388608 17825808 0 0 0 134217728 16 268435456 1024 524288 0 4096 2348810496 0 1073741888 32768 16388 0 274739600 0 0 134217728 8388608 524288 66 256 4 0 0 67108864 2048 0 0 0 0 524300 1 16 131072 640 75497792 0 0 8421376 1 16842752 1342177536 1073741824 134219776 8 2147483648 0 66 545783808 0 16777232 0 0 0 134217728 0 268435584 0 4 16 262144 4608 67108864 0 64 536903684 65540 16384 8 8192 134217728 262144 0 524288 0 545918464 32 16777232 8 0 0 134217728 0 8388736 0 2147483712 0 2222981120 65536 0 8388608 67108865 65536 0 2147483648 33554432 134217728 72 524288 8388608 536870912 33792 1048592 136314880 0 4194304 0 2097152 0 4194308 285212676 1 524354 262144 4096 7340032 0 0 536903680 0 0 603980032 8192 0 4 33555456 0 2 536871936 8388644 1048592 0 16 0 0 2097152 268435456 1028 8200 16 262144 512 4 0 0 0 512 2121728 131160 1073774592 0 32 0 570426369 0 8912928 131072 9437184 0 0 0 134217732 1073872904 32768 0 2097152 524288 0 262144 0 1 2147483652 2147483648 268436992 67108880 8421376 2147483712 64 0 0 604110864 524288 134218752 134742272 4096 524288 2 0 0 2147483648 0 0 0 1048576 1075838976 1 0 16777216
is_linear=0
shrinkage=0.05


Tree=10
num_leaves=31
num_cat=13
split_feature=4 5 5 35 22 37 37 35 6 37 35 22 37 4 22 35 36 35 37 36 22 22 37 37 6 37 35 36 36 36
split_gain=21302.3 2470.88 2395.96 623.61 529.37 461.553 439.564 418.008 305.704 245.604 245.293 235.642 224.681 197.258 188.581 178.597 165.571 163.358 158.328 157.417 155.755 146.294 143.399 128.229 116.197 110.353 109.787 108.628 96.4183 96.1271
threshold=1.6796645522117617 0.97651061415672313 2.8585411310195927 1.0060362219810488 4.5000000000000009 0 1 0.99999991059303295 1.288197994232178 2 0.71344330906867992 4.5000000000000009 3 4.6186585426330575 4.5000000000000009 0.90389192104339611 4 0.97158312797546398 5 6 4.5000000000000009 4.5000000000000009 7 8 1.2556914687156679 9 0.88521882891654979 10 11 12
decision_type=2 2 2 2 2 9 9 2 2 9 2 2 9 2 2 2 9 2 9 9 2 2 9 9 2 9 2 9 9 9
left_child=1 7 3 5 8 19 13 10 18 -6 -1 16 28 -4 25 -10 -8 -11 -3 -2 -9 27 -16 -17 -19 -12 -21 -7 -5 -18
right_child=2 4 6 12 9 21 11 20 15 17 14 -13 -14 -15 22 23 29 24 -20 26 -22 -23 -24 -25 -26 -27 -28 -29 -30 -31
leaf_value=0.03102814925839599 0.0093369269805794915 0.0046167294724164037 0.071902751452290165 0.035542923745920621 0.029953497306335449 0.027844560855792778 0.099311174682251924 -0.022743298174778374 0.02709132377446806 0.022817239953018455 0.0034129327033231268 0.18637576881390622 -0.00056835277922417937 0.2522806007001977 0.015600706236608593 -0.017206165367845094 0.071076507507984291 -0.002321794793958254 -0.0095546967797536138 0.08111592688723801 -0.016631296769614935 0.036161034796742229 -0.0083537625398312672 0.0015149106989414685 0.0091693966599846414 -0.016427737222623653 0.038184267581713054 0.012746329993398621 0.014625414364096982 0.038176890415704948
leaf_weight=3503 1787 7061 16567 1236 6850 2783 3109 206882 3340 6975 3610 6733 12145 12413 3563 4680 3258 21697 69421 3675 79223 9283 29117 41135 15060 70178 19749 19742 10188 10438
leaf_count=3503 1787 7061 16567 1236 6850 2783 3109 206882 3340 6975 3610 6733 12145 12413 3563 4680 3258 21697 69421 3675 79223 9283 29117 41135 15060 70178 19749 19742 10188 10438
internal_value=-0.00126079 -0.00545118 0.0167559 0.0113403 -0.000525692 0.0141681 0.0250657 -0.00764258 -0.00226454 0.00379327 -0.00502253 0.019951 0.00449883 0.0292022 -0.00545088 0.000811956 0.0167909 0.00241181 -0.00424179 0.0192238 -0.00864964 0.0101512 -0.00228879 -1.90981e-06 0.00108106 -0.00685129 0.02032 0.00797689 0.00952777 0.0143868
internal_weight=705401 572295 133106 80588 176219 57019 52518 396076 125637 50582 109971 23538 23569 28980 106468 49155 16805 43732 76482 25211 286105 31808 32680 45815 36757 73788 23424 22525 11424 13696
internal_count=705401 572295 133106 80588 176219 57019 52518 396076 125637 50582 109971 23538 23569 28980 106468 49155 16805 43732 76482 25211 286105 31808 32680 45815 36757 73788 23424 22525 11424 13696
cat_boundaries=0 27 52 78 105 131 159 187 214 241 268 295 323 349
cat_threshold=4194304 64 64 2227175680 16 2147483712 8388608 65536 0 4198400 2147483648 0 0 33555456 524288 0 536870912 4 17825808 0 67108880 524288 0 2097152 128 4 268435460 0 0 64 2097472 0 0 8388608 0 2048 536875024 0 0 536870912 0 0 262208 268435456 4 8192 0 0 524288 0 1048576 268435456 524304 1140981760 640 67109184 32768 268435520 545259520 0 16859136 536870928 0 134217728 0 0 0 2 524801 0 16 2056 0 0 134217728 0 128 1024 2 512 4224 2225078528 0 0 545260032 0 65536 606077200 0 134217728 4 0 525314 2 8 32 16777232 0 0 0 0 0 32769 0 12 0 8388608 0 2 135304 0 1077936128 67108866 256 17825792 8388737 16777216 16384 262144 16384 402661376 0 8388608 0 4 0 67108928 1024 16384 2147483648 4096 65538 2147483680 0 67108864 536969216 16384 159383616 0 65536 0 524288 33792 134217728 41945088 1572864 0 553648384 0 0 0 128 4194304 0 2097152 32769 0 0 1 4 12 262144 0 4194304 0 2147745792 32768 131072 0 1024 2097152 1048576 0 33792 268437504 1140850688 262144 524328 2147483648 0 5267968 32768 65 0 0 0 8192 16 2214592512 640 67112960 65536 268435472 0 2155872256 8192 8 1 134217728 8650784 256 34078720 0 0 536870912 1048592 0 0 67108864 8192 4194304 32784 1024 4 10485760 512 67141664 64 131072 0 67109120 1048576 8 0 8388608 33554432 0 8388676 1073741824 1048576 0 536903680 16384 8 1024 65536 6144 0 64 4 268443648 0 0 1 0 536936480 268435456 2097152 68157440 16384 0 0 167772160 4 1207959808 268959744 536870912 553648384 0 0 0 262144 0 2097152 0 25198592 0 50339845 0 268435456 0 131072 67108864 0 131072 67108898 0 12582912 1 32 4194304 1107296256 1073758208 0 58722880 134479872 1090519042 0 32 0 0 4194304 0 4194304 2048 0 0 67108864 16777216 75694080 142606464 131104 2048 0 4096 64 1048576 16777216 33587202 16384 1024 512 1024 1024 0 0 0 262144 0 8192 163840 2048 67108864 1048578 33554442 2147614720 0 2164260864 65537 524320 2048 1342177920 4224 0 0 8 268437504 0 2 0 1052768 1048576 0 0 0 1 0 0 4325376
is_linear=0
shrinkage=0.05


Tree=11
num_leaves=31
num_cat=17
split_feature=4 27 4 37 27 27 27 37 27 37 22 29 29 37 36 37 29 37 37 36 36 37 36 37 37 36 27 36 37 22
split_gain=19335.3 2254.31 2225.81 627.664 585.836 517.374 374.414 271.262 258.232 203.562 164.817 162.627 156.416 185.37 149.61 146.438 127.218 124.032 117.889 110.65 110.254 100.626 94.324 93.6905 92.4115 90.1697 89.7142 83.2419 80.7737 80.3469
threshold=1.6567542552948 2.7750804424285893 1.0180479288101199 0 4.8749260902404794 1.2288133502006533 0.81492412090301525 1 1.5375537276268008 2 5.5000000000000009 1.0000000180025095e-35 1.0000000180025095e-35 3 4 5 1.0000000180025095e-35 6 7 8 9 10 11 12 13 14 1.8159753084182741 15 16 5.5000000000000009
decision_type=2 2 2 9 2 2 2 9 2 9 2 2 2 9 9 9 2 9 9 9 9 9 9 9 9 9 2 9 9 2
left_child=2 3 6 14 7 9 16 -3 18 -4 22 15 -8 -14 -2 -10 -1 -18 -5 -16 -17 -13 -7 -12 -19 -9 -21 -11 -24 -15
right_child=1 4 5 8 -6 10 12 25 11 27 23 21 13 29 19 20 17 24 -20 26 -22 -23 28 -25 -26 -27 -28 -29 -30 -31
leaf_value=-0.022775882867783571 0.056294279826115068 0.069092811263645512 0.0057875513754370835 0.0150695417346472 0.25350536246615302 0.017521716830609525 -0.014299089444681046 0.068387114324347742 -0.0022726469956918516 0.0058469122263819428 0.033810112378056381 0.053033678850906332 0.015684189832054996 -0.010703465091459675 0.0030636860883666963 0.036179272196533649 0.0067777060074072672 -0.0047898146385422285 -0.0022158220440003152 0.021248120872344935 0.015100644059504549 0.02308899008232855 -0.013345045581650006 0.011238988256441229 -0.017550891655736246 0.039180290687965649 0.037110120162026181 -0.007986463456100424 0.0032102590188791413 -0.00046016761906326201
leaf_weight=179723 3134 21469 11449 7782 16312 2530 84580 2503 4359 3090 4190 3166 4943 31812 1422 2307 3264 6807 10302 9001 15155 9720 3089 11254 91875 12555 16830 71525 48415 11063
leaf_count=179723 3134 21469 11449 7782 16312 2530 84580 2503 4359 3090 4190 3166 4943 31812 1422 2307 3264 6807 10302 9001 15155 9720 3089 11254 91875 12555 16830 71525 48415 11063
internal_value=-0.00133814 0.0155993 -0.00538265 0.0104687 0.0236755 -0.000283041 -0.00729829 0.0201561 0.00716853 -0.00287399 0.00292642 0.00969409 -0.00510521 -0.00281949 0.0161939 0.0070634 -0.00832912 -0.00691806 0.00232513 0.0149882 0.00910691 0.014148 0.00162441 0.00748139 -0.00723481 0.0149695 0.0157384 -0.00382625 0.00115986 -0.00387626
internal_weight=705626 136017 569609 83178 52839 155542 414067 36527 52791 86064 69478 34707 132398 47818 30387 21821 281669 101946 18084 27253 17462 12886 54034 15444 98682 15058 25831 74615 51504 42875
internal_count=705626 136017 569609 83178 52839 155542 414067 36527 52791 86064 69478 34707 132398 47818 30387 21821 281669 101946 18084 27253 17462 12886 54034 15444 98682 15058 25831 74615 51504 42875
cat_boundaries=0 27 54 81 109 137 164 191 219 247 275 301 327 354 381 405 433 459
cat_threshold=4194306 0 64 2225078528 16 2147483712 8421440 65536 0 543166464 0 0 0 2181038080 524288 64 536871936 4 0 0 67108864 524288 0 0 268435584 0 4 0 0 4160 75497728 0 0 8388608 0 65536 536875028 0 0 0 2147483648 0 262210 0 4 8388624 0 67108864 524288 0 1048576 268435584 0 4 64 32 0 67109120 8388608 16448 8388672 4 0 8388608 524288 167773184 134217728 41945088 524288 1073741826 256 536870912 0 2097152 0 4194304 0 4194304 32769 1073741824 16777220 16 67108928 67108864 16640 65536 0 8196 67108864 73732 0 2147483648 0 4 1344 0 0 16777216 5152 1048592 134217728 16 4096 0 0 16 4 83886080 1 524290 0 0 4194306 2147942400 0 4096 0 1073741824 16384 8405120 512 33792 0 0 1024 572522497 136318976 67239936 0 0 0 1 32 0 65536 0 2048 0 8704 67108864 5312512 65536 268435456 0 16384 65536 8216 1073750016 2048 0 72 1026 1048576 8388608 0 1048576 0 16 4196352 0 0 65 4 268435456 0 32 0 0 65536 2097152 2097156 1074790400 16896 0 0 134217728 520 768 0 0 687866112 0 0 0 32 4 8192 0 21037184 3221225484 536870912 8912976 4608 335544320 16 0 0 0 0 65536 256 0 134217728 134217728 8390656 1024 0 9 8388608 1048592 2048 16 4197376 0 2097152 32769 1028 0 1 25165824 0 1073741824 33792 134217730 0 262144 32832 131072 16 2 6291456 0 0 16 0 1279262720 0 1073741824 0 0 256 32772 2 1024 0 1073807424 1073741824 8388608 18 0 0 8388640 2151677952 1073741860 134217728 2 4096 0 32 33554432 268435712 1073758724 128 8389120 16384 0 256 4194304 67108864 0 0 0 4198400 32 256 0 576 67108864 0 536870912 268435456 0 0 0 0 0 0 4 0 0 0 0 32 1048592 0 0 0 0 0 0 4 131584 0 4 0 2162692 0 32 268435456 0 0 256 6291520 0 67108864 33554432 8394752 1073742336 256 17825792 134217728 0 0 0 2151677952 3221233664 1073745920 67633170 0 4736 67109120 0 64 8388608 65536 1090535424 536870932 0 134217728 0 0 0 0 524800 1024 9437200 0 0 0 134217728 0 128 1024 8204 0 67108864 0 0 0 268435456 537919488 2357198848 2 134217988 0 0 0 17472 268435584 0 0 2625536 1048576 134217728 262144 0 4104 4194304 32784 50331648 2105344 2148540416 2 133120 0 0 1 1610612740 67108864 1073742080 128 8396929 2097280 33554440 0 16384 8 128 135266368 0 16777236 0 0 0 16384 0 35667968 1073745920 96 1073741824 0 48 524289 32 0 0 131104 67109892 69207040 536870944 262144 1 524288 65584 1024 64 0 0 0 0 0 0 1048576 2359296 8192 67108864 524296 131072 0 67109124 32 8 262144 1052672 33554432 0 16704 1107296256 1048576 0 8 0 33554440 1056 65536 2048 268435456 0 536870976
is_linear=0
shrinkage=0.05


Tree=12
num_leaves=31
num_cat=12
split_feature=5 4 4 27 35 35 35 35 37 27 30 30 37 37 37 37 27 42 37 42 37 37 28 35 11 5 37 35 37 5
split_gain=17714.5 2690.73 1584.99 745.814 445.33 395.421 385.512 357.378 296.658 265.682 251.445 211.753 211.047 180 161.044 158.738 154.103 138.613 137.29 136.667 136.548 133.164 132.885 116.474 109.839 92.3881 84.1746 77.6346 76.8292 75.3099
threshold=1.5072591900825503 2.4490737915039067 0.92329025268554699 4.5860850811004648 0.99982804059982311 0.96202343702316295 1.0063279271125796 0.88521882891654979 0 1.023524343967438 1.0000000180025095e-35 1.0000000180025095e-35 1 2 3 4 1.0508095026016238 5 6 7 8 9 0.89535999298095714 0.94641631841659557 4.3714287281036386 0.66807889938354503 10 0.81763020157814037 11 0.68818849325180065
decision_type=2 2 2 2 2 2 2 2 9 2 2 2 9 9 9 9 2 9 9 9 9 9 2 2 2 2 9 2 9 2
left_child=2 5 7 6 13 18 12 15 -7 26 25 19 23 27 22 -1 -15 -12 -2 -10 -13 -11 -8 -3 -5 -9 -6 -4 -18 -19
right_child=1 3 4 24 9 8 14 10 11 21 17 20 -14 16 -16 -17 28 29 -20 -21 -22 -23 -24 -25 -26 -27 -28 -29 -30 -31
leaf_value=0.037664113963756324 0.047998117407764135 0.087244925921229899 0.091192118210042195 0.125970203451304 0.0018749316028796011 0.021063174123109964 0.066432520473192799 -0.023597253186902801 0.0087104713376661338 0.0093601548141121985 -0.0044619857155375536 0.031818430591265726 0.040786717606049606 -0.0033124787504346083 0.0013065606277605113 -0.0077654301940712324 0.016250372930354695 -0.020318991861560921 0.020680254279031453 -0.0014962950262101705 0.011395705853815153 -0.0035912471695624284 0.024544829646445221 0.055577607661841756 0.37038818078437286 -0.016011297597051628 -0.012250028207886147 0.016651188238295544 0.0036809208917090944 -0.011499549023130507
leaf_weight=2994 7960 4399 1176 8743 4286 19602 3073 116351 15200 8221 16457 6996 13979 21856 3291 22142 6917 64911 4479 19354 13422 60354 6159 19891 9976 101675 55618 5084 14289 46483
leaf_count=2994 7960 4399 1176 8743 4286 19602 3073 116351 15200 8221 16457 6996 13979 21856 3291 22142 6917 64911 4479 19354 13422 60354 6159 19891 9976 101675 55618 5084 14289 46483
internal_value=-0.0013574 0.01348 -0.00558909 0.0208146 -0.00170759 0.00762047 0.0176698 -0.00744921 0.00624371 -0.003258 -0.00786755 0.00435771 0.0201617 0.00233106 0.0100537 -0.00169272 0.00117765 -0.00610696 0.0158732 0.00197294 0.00839537 -0.00113287 0.0134318 0.0229898 0.0293463 -0.00889993 -0.00569068 0.0102456 0.00421441 -0.0067396
internal_weight=705338 156524 548814 69511 177801 87013 50792 371013 74574 128479 345877 54972 38269 49322 12523 25136 43062 127851 12439 34554 20418 68575 9232 24290 18719 218026 59904 6260 21206 111394
internal_count=705338 156524 548814 69511 177801 87013 50792 371013 74574 128479 345877 54972 38269 49322 12523 25136 43062 127851 12439 34554 20418 68575 9232 24290 18719 218026 59904 6260 21206 111394
cat_boundaries=0 27 54 82 109 137 145 172 180 205 231 259 286
cat_threshold=4718592 0 64 75497728 32768 64 8421440 65536 0 272633860 0 0 671088640 2147483648 525312 66 1792 4 0 0 67108864 524288 0 4096 0 0 4 2 512 64 75497728 16 2147483712 8388608 65536 0 4112 0 0 0 0 0 262146 536870912 32772 16 0 0 524288 0 1048576 268468352 4 4 4194304 2147483712 69632 8388608 65536 0 142614530 67174400 65536 0 2147483648 134217728 0 320 1572864 0 536870912 536870912 1048592 0 0 4194304 0 0 0 1073741828 822607872 1 80 8704 67108928 77594880 0 0 545259520 0 65536 538972436 8388608 0 4 1024 0 2 0 32 17825808 0 0 0 0 0 32768 0 12 16 67108928 512 8 65568 268435456 2097152 134217728 268435968 0 1 0 8 524608 269484032 0 16777216 536870912 0 8388608 32 0 0 0 25165824 2164326404 83886080 1 6832256 34619392 1141178384 8388756 677413248 2415919136 2059 128 2 64 4096 2222981376 16 2147483648 545260032 0 0 20 0 2048 0 33555456 0 0 536871424 1056 17825808 0 16 1024 0 0 268468352 4 268435456 131078 150994944 1073874208 132497 68222976 93393104 16785408 96 16 131072 268436096 1310720 16 1073741824 0 16385 65536 539099408 1073741824 671088640 12 33554432 0 0 8388609 0 25165840 0 0 16384 134217728 16 128 524310 32 268435968 201326928 4227072 64 32768 65536 16777216 536870912 0 134217728 134217736 2049 0 66 8388608 0 16 2048 0 0 134217728 2097152 0 1024 2148007936 2147483648 268435968 603979792 8425472 64 16777280 0 0 0 0 134218784 0 41943040 524296 0 32 0 0 0 4194304 0 0 4194304 65665 1073742848 16777220 1 65616 67108864 1536 2214596864 536870912 268435456 536870912 0 16384 260 0 0 0 1032 0 0 17301504 33792 16777216 134217728 0 134217728 8 0 32896 4194304 8197
is_linear=0
shrinkage=0.05


Tree=13
num_leaves=31
num_cat=14
split_feature=5 11 11 27 27 35 35 37 37 22 27 35 37 37 29 37 37 27 37 37 36 37 36 35 37 35 35 35 36 36
split_gain=15982.7 2374.89 1507.27 612.517 500.042 386.194 381.656 301.313 278.824 246.597 199.058 191.114 176.012 167.836 153.781 154.664 138.07 130.542 128.31 127.027 123.502 122.542 119.548 116.138 108.389 107.466 101.033 99.5104 97.1355 90.7634
threshold=1.5072591900825503 2.1428571939468388 0.75714293122291576 5.2557716369628915 1.8159753084182741 0.92101219296455394 0.99982804059982311 0 1 4.5000000000000009 0.76248472929000866 0.81005272269248974 2 3 1.0000000180025095e-35 4 5 0.67100501060485851 6 7 8 9 10 0.99999991059303295 11 0.96952912211418163 1.0143323540687563 1.0199413299560549 12 13
decision_type=2 2 2 2 2 2 2 9 9 2 2 2 9 9 2 9 9 2 9 9 9 9 9 2 9 2 2 2 9 9
left_child=2 4 6 8 12 24 11 20 -3 16 -8 19 29 -13 15 -9 -7 -15 -11 -1 -6 -12 -10 -14 -4 -22 -24 28 -18 -2
right_child=1 3 5 -5 7 9 10 14 22 18 21 13 23 17 -16 -17 27 -19 -20 -21 25 -23 26 -25 -26 -27 -28 -29 -30 -31
leaf_value=0.071377288716678741 0.036462603643243517 0.062123206519833329 0.043987856626028048 0.2893923394216984 0.076245421712402839 0.0053041033876622956 -0.021245103461527276 -0.004656101462846801 0.060797332360207124 0.021466610886245033 0.002488408807387388 0.0077434259321150119 0.01496212895462517 -0.016506196562702198 0.030512023614649355 0.016511059409818733 0.0085308273669972273 -0.0080864172374004346 0.00095190663042116208 -0.00074910055518777612 0.066142164942084788 -0.014155385392898413 0.039684490468748918 0.0012755282149721548 0.0091794654389120468 0.029127409231461267 0.025519401339572451 -0.014258498631734834 -0.0053519784894816682 0.015145746911893722
leaf_weight=1408 1336 20470 3321 12792 3006 8006 187078 4744 3462 5062 4781 4999 9079 51288 10256 15300 2808 46014 31947 9207 3564 103365 13907 25666 7794 14179 6619 21187 60881 12143
leaf_count=1408 1336 20470 3321 12792 3006 8006 187078 4744 3462 5062 4781 4999 9079 51288 10256 15300 2808 46014 31947 9207 3564 103365 13907 25666 7794 14179 6619 21187 60881 12143
internal_value=-0.00143943 0.012655 -0.00545678 0.0207651 0.00797779 -0.00100013 -0.00699648 0.0114268 0.0179902 -0.0017656 -0.00794208 -0.00452412 0.00432659 -0.00518673 0.00823793 0.00569219 -0.00314078 -0.00564544 0.00168569 0.00186158 0.0160712 -0.00623434 0.0143068 0.00244238 0.00794463 0.0144594 0.012839 -0.00373261 -0.00274553 0.00917439
internal_weight=705669 156523 549146 57250 99273 141006 408140 51049 44458 129891 295224 112916 48224 102301 30300 20044 92882 97302 37009 10615 20749 108146 23988 34745 11115 17743 20526 84876 63689 13479
internal_count=705669 156523 549146 57250 99273 141006 408140 51049 44458 129891 295224 112916 48224 102301 30300 20044 92882 97302 37009 10615 20749 108146 23988 34745 11115 17743 20526 84876 63689 13479
cat_boundaries=0 27 54 81 109 137 164 187 215 243 271 297 325 348 375
cat_threshold=4194384 64 512 67109120 32768 2415919168 8421376 65536 67584 4198404 0 134217728 0 2147483648 0 0 545260032 0 16777232 0 67108864 524288 134217728 0 268435584 0 4 0 0 64 320 0 0 8388608 65536 0 538972164 0 0 0 0 0 262146 536870912 4 0 0 0 524288 0 1048576 268435584 0 4 4718592 4096 64 2222981376 0 16448 8388608 65536 0 541069696 0 134217728 134217728 2181038080 524288 66 1288 0 0 0 16 0 0 0 128 4 4 16 0 0 75497472 536870912 0 0 2164260864 16384 0 1073741824 671089664 4 1073741824 524288 536870912 553648128 268435488 2147483648 4096 262272 4 134225920 0 4194304 0 8196 1 8388612 8704 67109024 4263936 0 0 0 0 0 8 8388608 0 0 33554504 1026 1048576 0 32768 1048576 0 16 16384 0 12288 65 4 268443648 1 2148073474 2147483680 0 67108880 32768 2147500096 16777282 1048581 16777216 603979776 524288 0 134217728 8388608 524288 65538 0 0 0 2048 0 0 8192 0 32768 0 524288 18 0 67072 67108864 0 64 553680896 1048577 0 541065472 8192 134217728 524544 2048 532480 2 545784320 0 16777232 0 0 134217728 134217728 0 64 0 8 0 268435456 0 0 268435458 0 1048576 32768 0 524608 1048576 0 16777216 0 16777216 1073741824 32 0 0 0 16 2147483648 117440512 1 3 8388610 0 0 16842888 65536 4194336 131104 128 1048608 8388736 16777216 0 2 16384 1024 0 8388608 0 16785408 32 67108864 1024 32 0 4096 0 2304 19 262144 268435968 272 0 0 0 32 536887296 2147483648 0 134218752 135266304 0 0 0 680132608 0 16400 8 0 0 135266304 20971520 8388608 0 16777220 1 1048586 0 2147614720 1 10555392 6291457 1074266144 0 256 16777344 8388737 2097152 0 262144 0 0 2097152 1048640 0 0 0 1073741888 0 0 2147483648 4096 16 2214592576 0 2222981376 65552 0 512 68157440 0 0 2147483648 0 0 1088 0 0 0 0 17825808 1210056704 0 0 8 16 0 1073741828 285212672 1 134480384 136314880 0 128 75497472 536870912 34 269221890 32 0 0 96 5242944 0 545259520 16783360 8388608 0 0 524288 4194304 65537 16 536871040 16384 32768 0 67240000 142614528 16384 0 512 0 134217856 536870912 1024 0 0 16777216 570490880 2097152 1049602 1 256 1 262656 0 0 33554432 16777216
is_linear=0
shrinkage=0.05


Tree=14
num_leaves=31
num_cat=10
split_feature=6 4 4 24 35 3 22 37 27 22 37 35 28 35 37 37 37 22 4 5 35 35 37 37 37 37 35 37 22 35
split_gain=14373.1 2108.49 1603.13 534.593 421.155 351.735 334.773 303.297 249.804 233.697 220.58 183.5 163.891 163.877 159.095 146.817 144.091 137.344 131.169 127.693 119.929 111.027 103.924 99.7552 91.9436 88.5266 85.5429 83.0663 82.7355 80.9046
threshold=1.5282970666885378 2.6375552415847783 0.92329025268554699 5.4743139743804941 0.99982804059982311 1.6333332657814028 4.5000000000000009 0 1.0581581592559817 4.5000000000000009 1 0.74277594685554515 0.99850001931190502 0.90901944041252147 2 3 4 5.5000000000000009 6.213503599166871 0.67453378438949596 1.0007660984992983 0.94199019670486461 5 6 7 8 0.93192240595817577 9 4.5000000000000009 0.80002030730247509
decision_type=2 2 2 2 2 2 2 9 2 2 9 2 2 2 9 9 9 2 2 2 2 2 9 9 9 9 2 9 2 2
left_child=2 5 6 7 10 14 11 26 23 13 29 24 15 -7 -2 -8 -10 25 -5 -13 -9 -16 -15 -6 -1 -12 -3 -11 -23 -4
right_child=1 3 4 18 8 9 12 20 16 27 17 19 -14 22 21 -17 -18 -19 -20 -21 -22 28 -24 -25 -26 -27 -28 -29 -30 -31
leaf_value=0.18655829599262985 -0.010585778503522037 0.079890669756556343 0.12179922361231631 0.10861257942827454 0.0023209371805509305 0.04239920689938273 0.014178526598786746 0.04846261287237752 0.010513099548280941 0.047028639989304982 0.0072943374816762333 -0.021115037616354738 -0.015675055987217881 0.017928917152932267 0.039206683755309175 -0.0079874669963348691 -0.002812266477499931 0.015670373452193707 0.6929810820735689 -0.014046521232979104 0.02988299378365188 0.0034866742173563755 0.0090134866728695789 -0.010902047517055591 0.00298796854801493 -0.0031699489268851577 0.058817501354579686 0.025600542180283993 0.018965877474305178 0.016053534711012622
leaf_weight=306 5327 2465 877 7742 5478 3205 3862 14620 7762 7555 9527 143788 53586 12917 3179 48477 58230 6454 5661 117803 10035 18734 23248 61722 2668 26485 20124 8256 7379 7866
leaf_count=306 5327 2465 877 7742 5478 3205 3862 14620 7762 7555 9527 143788 53586 12917 3179 48477 58230 6454 5661 117803 10035 18734 23248 61722 2668 26485 20124 8256 7379 7866
internal_value=-0.00150782 0.0121996 -0.00522433 0.0194023 -0.00141491 0.00733511 -0.00712035 0.0169013 -0.00289655 0.00981366 0.00243873 -0.00807138 -0.00474494 0.00775126 0.00338424 -0.00275482 -0.000711439 0.00094816 0.0282164 -0.00821179 0.0130448 0.00482886 0.00679056 -0.00504234 0.00427731 -0.000255463 0.0210946 0.0149483 0.00375613 0.00966558
internal_weight=705338 150447 554891 60647 184401 89800 370490 47244 133192 55181 51209 264565 105925 39370 34619 52339 65992 42466 13403 261591 24655 29292 36165 67200 2974 36012 22589 15811 26113 8743
internal_count=705338 150447 554891 60647 184401 89800 370490 47244 133192 55181 51209 264565 105925 39370 34619 52339 65992 42466 13403 261591 24655 29292 36165 67200 2974 36012 22589 15811 26113 8743
cat_boundaries=0 27 55 82 109 132 159 187 213 240 267
cat_threshold=0 0 64 8388864 0 64 545259520 65536 0 536875008 0 0 0 0 0 262146 536870912 4 0 0 0 524288 134217728 1048576 268468352 0 4 4194304 2147483712 65536 67109120 0 0 134225922 67174400 65536 268435456 2147483648 134217728 0 33554504 1572864 0 536872960 536870912 1048576 2048 0 4194304 0 0 16 1073741828 268435460 1 209715200 4608 67141664 16777216 131072 0 67108864 67108864 0 131072 8388608 0 0 41943113 256 1064960 0 32768 0 2056 1073741824 0 0 8192 65 0 268437504 16 67108864 4608 8392704 65536 134217728 0 2147483648 24576 8 32768 671088640 8388608 256 34086913 0 25690624 4096 1048592 0 0 67108864 0 4194304 128 0 2097152 18 32 269484544 201326864 0 16448 32768 65536 268435456 807403520 0 134217728 134217992 33554432 0 66 1280 32 0 2056 0 0 134217728 0 0 64 67113216 16 64 545260032 65536 0 71438596 0 0 536870912 1024 524288 64 1024 36 0 0 67108864 524288 0 2097152 268468224 1024 12 2147483648 0 512 67108880 32768 16908352 25165888 65536 0 8388608 524288 134218784 134217728 41945088 524296 0 131360 0 2147483648 0 0 0 0 1077936128 1 0 16777216 1 0 64 0 0 0 0 0 0 2 0 0 0 0 64 1048576 0 0 0 0 0 32 0 0 0 0 2147483648 65602 0 67112960 2147483656 16842752 0 545260032 2148532225 0 0 0 536903680 134217728 1024 268435456 0 1024 1056 0 2097152 0 0 0 4194304 8421504 4195328 17301504 4194320 0 512 67371264 32784 2147483712 8388608 65536 65536 536875268 0 0 256 2147483648 0 2 8389120 8388608 17825808 0 67108864 524288 0 0 268435584 0 4
is_linear=0
shrinkage=0.05


Tree=15
num_leaves=31
num_cat=11
split_feature=5 5 5 35 37 37 22 22 35 35 35 37 37 35 22 22 35 37 37 22 22 37 37 3 11 3 37 37 3 37
split_gain=13077 2126.14 1268.16 493.056 455.628 397.072 387.091 348.626 298.712 184.881 183.428 169.673 159.282 152.939 144.807 136.777 129.833 125.836 115.556 114.835 112.919 109.139 107.503 106.459 98.9493 97.1717 89.8185 89.6477 89.1742 85.0075
threshold=1.458082973957062 2.9367743730545048 0.87405154109001171 1.0067355632781985 0 1 4.5000000000000009 4.5000000000000009 0.99999991059303295 0.99999991059303295 0.96329206228256237 2 3 0.8655003309249879 4.5000000000000009 4.5000000000000009 0.90389192104339611 4 5 4.5000000000000009 5.5000000000000009 6 7 1.6484186649322512 3.2142858505249028 7.855290651321412 8 9 2.0487986803054814 10
decision_type=2 2 2 2 9 9 2 2 2 2 2 9 9 2 2 2 2 9 9 2 2 9 9 2 2 2 9 9 2 9
left_child=2 3 8 5 25 13 9 16 12 18 -8 -5 -1 -2 23 -10 -6 -12 -4 -14 28 -11 -18 -7 -9 -3 -13 -21 -15 -17
right_child=1 4 6 11 7 14 10 24 15 21 17 26 19 20 -16 29 22 -19 -20 27 -22 -23 -24 -25 -26 -27 -28 -29 -30 -31
leaf_value=0.010094752130451357 0.074417572932729797 0.088332094727092525 0.01391498906035098 0.012923363191623445 0.083730786661159837 0.0024486381574444827 0.019014287998497026 0.078554462827521127 -0.019232289299588801 0.0019416841020279631 0.017105735912375998 -0.020376563822112639 -0.013538981175154364 0.013909461317260542 0.024901923154171435 0.0061946767775914128 0.044407718201760218 -0.0013895632427822907 -0.002860515175072101 0.012520608556448421 0.052115418322474738 -0.0093218597495921991 0.033479654019504257 0.012552829060225713 0.16657590879877421 0.92330609756522719 0.0010187665148501501 -0.0077730312574966322 0.027811053061240855 -0.01458330169386648
leaf_weight=5547 4014 7662 5206 12555 1541 14712 8973 5910 179175 7417 5389 3689 62452 10813 14681 2475 16049 42012 31974 3297 4112 95918 10768 21283 5451 2819 16190 24399 12354 66267
leaf_count=5547 4014 7662 5206 12555 1541 14712 8973 5910 179175 7417 5389 3689 62452 10813 14681 2475 16049 42012 31974 3297 4112 95918 10768 21283 5451 2819 16190 24399 12354 66267
internal_value=-0.00156416 0.0107747 -0.00532184 0.00701035 0.0193532 0.00907512 -0.00212231 0.0168893 -0.00715514 -0.00352656 0.00137783 0.00179205 -0.0047822 0.0135043 0.00633594 -0.00807107 0.0139277 0.000136861 -0.000502945 -0.00528788 0.0121669 -0.00461444 0.0131157 0.00463003 0.0242948 0.0286444 -0.00108283 -0.00260859 0.0108107 -0.00617481
internal_weight=705104 164603 540501 114403 50200 81969 196889 39719 343612 140515 56374 32434 95695 31293 50676 247917 28358 47401 37180 90148 27279 103335 26817 35995 11361 10481 19879 27696 23167 68742
internal_count=705104 164603 540501 114403 50200 81969 196889 39719 343612 140515 56374 32434 95695 31293 50676 247917 28358 47401 37180 90148 27279 103335 26817 35995 11361 10481 19879 27696 23167 68742
cat_boundaries=0 25 52 79 106 132 160 188 215 242 269 296
cat_threshold=0 0 0 256 0 0 0 0 2048 536875008 0 0 536870912 0 0 262144 268435456 4 8192 0 0 0 0 1048576 268435456 0 64 64 75497728 16 2147483712 8388672 65536 0 71307268 2147483648 0 0 33555456 524288 0 536872448 4 1048592 0 16 524288 0 0 128 4 268443652 18 4096 128 2225078528 2 0 545259520 0 65568 1616904448 8388608 134217728 4 0 1024 65536 8 32 16777232 0 0 4194304 0 0 32768 0 8 16 2147483648 1 4096 536870912 0 2097152 2165309440 16384 0 1073741824 134217728 0 1073742656 524288 0 16777472 268435456 0 0 262304 0 2097152 0 4194432 3221225484 536879104 80 262144 67072 201326592 4096 64 536870916 65537 268451840 536871168 0 134217728 528384 2048 524288 0 537526272 0 16400 8 0 0 134217728 0 8388608 1024 0 2147483712 67178496 8388608 536903680 2147483648 142606848 67174400 65536 0 0 32768 8 64 270008320 65536 536870912 536870912 1048576 2097152 0 4194304 0 0 0 4 285212676 1 2148007942 2147483680 268435456 67108944 0 131136 16810050 524288 0 603979776 524288 1024 134217728 8390656 524288 2 0 32 0 0 128 0 0 16777216 1 1024 0 1 524290 512 64 69206080 0 0 545259584 0 0 2097172 8388608 536870912 0 33554432 0 66 536870912 0 8388608 0 67108864 524288 0 0 128 1024 4 67108864 64 32 0 0 0 0 1048576 8704 0 2149056512 570425344 786432 328 0 1048576 536870912 537427968 8 0 48 0 8 0 0 3221225476 268445696 2048 67108928 5632 0 65536 0 8196 142606336 1073750016 72 1048576 536870912 8650784 0 33554432 1 0 135168 537919488 0 0 0 8192 4194304 32784 1024 67108864 16 262144 268435456 0 16 268435456 16908288 16 541065280 12 4096 0 34078720 0 1025 0 9061376 16 2560 0 0 0 134221824 131072 0 2097152 4
is_linear=0
shrinkage=0.05


Tree=16
num_leaves=31
num_cat=13
split_feature=4 4 27 27 27 3 4 35 35 37 37 37 35 35 35 35 37 35 37 37 37 37 30 36 37 37 30 35 36 36
split_gain=11862.6 1742.42 1487.66 615.879 356.397 349.666 312.07 299.551 181.996 181.511 177.811 175.61 168.01 159.686 158.085 140.66 138.352 128.47 115.119 110.625 104.008 100.951 95.4451 92.8089 91.5258 90.7878 84.6753 82.4294 81.6619 77.9235
threshold=1.5605258941650393 3.6698857545852666 0.9706791639328004 1.8159753084182741 7.757441759109498 1.0375656485557558 0.73563429713249218 0.95601966977119457 0.91871085762977611 0 1 2 0.94788587093353283 0.90663462877273571 0.83895519375801098 0.97565940022468578 3 1.1186563968658449 4 5 6 7 1.0000000180025095e-35 8 9 10 1.0000000180025095e-35 1.0234034657478335 11 12
decision_type=2 2 2 2 2 2 2 2 2 9 9 9 2 2 2 2 9 2 9 9 9 9 2 9 9 9 2 2 9 9
left_child=2 3 6 10 9 14 13 -5 -7 -3 23 28 21 20 -4 -12 -14 26 -10 -16 -1 -8 -15 -2 -17 -21 -13 -20 -9 -26
right_child=1 4 5 7 -6 8 12 11 18 -11 15 17 16 22 19 24 -18 -19 27 25 -22 -23 -24 -25 29 -27 -28 -29 -30 -31
leaf_value=0.019232115793338958 0.04329447425882476 0.076874990989532377 0.023929316069466713 0.057482235841505039 0.72702458747151189 0.021492576165820957 0.014145977240868926 0.046323703235600228 0.0097271020435586667 0.05711378811363195 0.020768357882163337 0.012769567059260845 0.0012057488690976254 -0.018815126439446373 0.0070208379960031908 -0.022356917338606265 -0.011317009917641141 -0.0019799994139235834 0.0010816188022187423 -0.019833420064930066 -0.011937696981535784 -0.0041711383757199296 -0.016031387307253672 0.013200976423455883 0.018000674483647585 -0.0069237679831554051 0.029706979802737534 -0.0085204770791281748 0.028651860599806567 0.00091368621524195732
leaf_weight=2638 1372 16071 3197 9159 5010 6690 3394 2455 11485 12170 6375 18886 8220 139745 4888 2378 121147 3926 52118 8699 19207 15348 73419 11466 1694 72762 16083 12221 18087 24920
leaf_count=2638 1372 16071 3197 9159 5010 6690 3394 2455 11485 12170 6375 18886 8220 139745 4888 2378 121147 3926 52118 8699 19207 15348 73419 11466 1694 72762 16083 12221 18087 24920
internal_value=-0.00157101 0.0109025 -0.00494232 0.00802758 0.0210006 -0.00108014 -0.00667684 0.0110712 0.00126795 0.018819 0.00369638 0.00977384 -0.00487923 -0.00780972 -0.00324383 0.00186451 -0.0055202 0.00779089 0.000570392 -0.00364809 -0.0037381 -0.000454836 -0.00822696 0.00873414 0.0003863 -0.00408622 0.00875572 -0.000253108 0.0135175 0.00122723
internal_weight=705230 150052 555178 116801 33251 172060 383118 68596 82514 28241 48205 59437 148109 235009 89546 35367 129367 38895 75824 86349 21845 18742 213164 12838 28992 81461 34969 64339 20542 26614
internal_count=705230 150052 555178 116801 33251 172060 383118 68596 82514 28241 48205 59437 148109 235009 89546 35367 129367 38895 75824 86349 21845 18742 213164 12838 28992 81461 34969 64339 20542 26614
cat_boundaries=0 27 54 81 109 136 161 188 215 243 270 297 325 353
cat_threshold=2 0 192 256 0 0 8388608 0 0 2101248 0 0 536870912 0 0 262210 536870912 4 0 0 67108864 524288 0 1048576 268435456 0 4 13107264 0 268435520 2222981376 0 64 8388672 16384 0 538968320 8388608 0 134217728 2189426688 524290 66 536872192 8388612 0 0 0 0 0 0 0 0 4 4194368 0 64 67109184 32768 64 8421440 65536 65536 608178436 0 0 260 0 524288 0 8388608 0 8388608 0 67108864 524288 0 3145728 32768 0 4 0 262144 268435456 67108864 553680896 8388608 32832 65569 16 0 262144 134218784 134217728 8388608 524416 0 512 0 0 0 128 0 1 4194304 4194305 262144 33554432 1 82 0 1536 201326592 536870912 147456 536903680 16384 16777216 1073742084 0 134217728 134217736 0 532480 64 545259520 0 2147483664 2048 0 0 134217728 0 0 1024 524292 20 0 0 134217984 134217728 131072 8192 67588 16384 536871168 0 134217728 1048576 2048 524288 0 537395200 32 18448 4325384 0 134217792 135266304 0 32896 65536 67108928 0 8 32 0 4 2281701376 512 0 1 4194304 262152 4928 301989888 0 16777216 0 0 0 32 134217728 33554432 0 0 3238002692 620756992 0 2147483712 0 0 545329152 0 4 68157440 65536 4 2147483648 134217728 8 33554496 269484032 0 16777216 0 1048576 2097152 0 4194304 8192 0 32848 65540 318767108 128 16 0 0 75628608 8192 16384 0 1073741824 262148 142606336 536871424 32 0 0 258 536936448 0 2 1 256 32768 512 0 524288 37847040 2147483648 4096 0 64 0 4160 0 0 4 134217729 514 0 1572864 132096 262144 321 0 1048576 16777216 557056 8388608 135266304 1073741856 0 2048 0 8388672 2164260868 33554432 8388608 8192 604012576 0 384 0 101056512 134217728 0 0 2 0 0 16728 272 1048704 0 2134016 0 0 1073741872 0 0 0 0 1073741828 268435456 3 67108864 2048 4194308 17104896 8454208 0 32 0 4096 75497472 16777792 0 1073741824 131072 1280 0 8388608 0 67108864 0 0 1 16 4194304 0 2048 536873216 4096 0 2048 0 0 138412032 33554496 805306400 134217728 142610432 0 67108960 0 100663296 33570816 128 8388673 4096 4195328 268435488 1 0 0 0 2097152 0 0 16384
is_linear=0
shrinkage=0.05


Tree=17
num_leaves=31
num_cat=14
split_feature=5 4 6 27 37 22 35 35 35 37 35 37 30 37 37 22 22 30 37 37 37 37 22 11 41 37 42 22 37 37
split_gain=10749 1960.72 1010.94 559.611 341.506 340.315 319.124 300.722 215.689 196.838 172.063 171.426 152.905 152.666 145.161 142.484 140.392 126.219 124.294 115.701 114.326 113.575 106.802 102.591 98.5889 97.916 92.066 84.2377 81.5157 80.9862
threshold=1.3855630755424502 2.4490737915039067 0.86152121424674999 6.4587111473083505 0 5.5000000000000009 0.99999991059303295 0.99999991059303295 0.92101219296455394 1 1.1245278716087344 2 1.0000000180025095e-35 3 4 4.5000000000000009 4.5000000000000009 1.0000000180025095e-35 5 6 7 8 4.5000000000000009 0.8285714089870454 9 10 11 4.5000000000000009 12 13
decision_type=2 2 2 2 9 2 2 2 2 9 2 9 2 9 9 2 2 2 9 9 9 9 2 2 9 9 9 2 9 9
left_child=2 6 7 4 22 8 14 11 21 -8 12 -1 -6 -10 27 20 -9 26 -7 -5 -11 -4 -3 -15 -14 -19 -13 -2 -17 -18
right_child=1 3 5 19 10 18 9 16 13 15 -12 17 24 23 -16 28 29 25 -20 -21 -22 -23 -24 -25 -26 -27 -28 -29 -30 -31
leaf_value=0.01227458630644522 0.021475770961262297 0.046788537020630426 0.020193441130697421 0.84485436166849304 0.024652279821235801 0.022598226887156486 0.014881488441379195 -0.017613123537103936 0.0032580230777298326 0.0066659970443563093 -0.00055131759907200983 -0.0025051907797944946 0.28946706221343155 -0.010061458271886845 0.012756737245760354 0.025600899296644178 0.0057347127957021495 0.012652382325486034 0.0027126751479749772 0.16278574798837006 -0.002464096516887801 -0.00087755189151749184 0.080997203429447148 -0.0044769195593722779 0.045591822763579259 -0.0080252474916418515 -0.014348415077443971 0.055869142965187059 0.0082711051159323427 -0.013381059742287316
leaf_weight=5054 9437 19934 4562 2701 21410 4582 15942 174311 10779 13920 3311 7832 1343 78592 18173 4209 2656 4020 22696 5274 30546 8921 6980 60859 8834 29773 47768 4066 12971 64080
leaf_count=5054 9437 19934 4562 2701 21410 4582 15942 174311 10779 13920 3311 7832 1343 78592 18173 4209 2656 4020 22696 5274 30546 8921 6980 60859 8834 29773 47768 4066 12971 64080
internal_value=-0.00159673 0.00898601 -0.00519579 0.0155329 0.0139243 -0.00229192 0.00480437 -0.00684891 -0.00315344 0.00307776 0.0106484 -0.00445735 0.0117881 -0.00369714 0.00903337 0.00179582 -0.00778595 -0.00496356 0.00287859 0.0279981 0.000301909 0.00290437 0.0181606 -0.00414011 0.0168341 -0.00255408 -0.00642884 0.0129616 0.00566323 -0.00583559
internal_weight=705536 179051 526485 69787 61812 190991 109264 335494 163713 77588 34898 94447 31587 150230 31676 61646 241047 89393 27278 7975 44466 13483 26914 139451 10177 33793 55600 13503 17180 66736
internal_count=705536 179051 526485 69787 61812 190991 109264 335494 163713 77588 34898 94447 31587 150230 31676 61646 241047 89393 27278 7975 44466 13483 26914 139451 10177 33793 55600 13503 17180 66736
cat_boundaries=0 27 54 81 109 136 163 185 213 241 244 271 279 304 331
cat_threshold=0 0 64 256 16 64 545259584 65536 0 536875008 0 0 0 0 0 262144 536870912 4 0 0 0 524288 134217728 1048576 268435456 0 4 524288 262144 64 2357199104 32768 16448 32832 65540 0 809504896 0 0 536870912 0 1024 2 8389896 4 0 0 67108864 524288 0 4096 0 0 4 16 2147483712 1 0 536936480 0 2097152 1048576 16384 0 1073745920 134217728 0 64 524288 536870912 25166080 0 0 0 262176 4 0 0 4259840 3238002688 855646208 70 2147483680 268435984 67108864 0 16448 16777282 589824 0 603979776 524288 0 134217736 2048 524288 0 536870912 0 2147483648 0 0 0 8192 1073745920 16777216 4194304 32768 1 4194370 67108928 67113024 2214596864 65536 2147483648 8389120 0 65536 16 0 0 0 33554432 524288 66 536871424 32 17825808 0 0 0 0 16 2 4 268435456 82 262144 512 2214592768 0 64 2147483652 0 24576 264 0 134217728 266240 0 8192 0 656896 1024 16777232 2097152 0 0 134217728 0 8421504 0 8192 0 0 0 0 0 0 0 0 2048 0 0 0 0 0 0 0 268435456 0 8192 0 0 524288 16 4096 12288 2097152 16 1073741824 2290089984 0 0 2105620 33554432 0 134221824 8390656 524288 0 512 32 4 0 16 2048 0 2097152 32768 1024 8 1 64 64 67108864 2214596608 536936448 0 545260036 67108864 268500992 0 2147483648 33554432 0 1344 0 0 0 1056 1048580 2097152 0 4194304 0 16 8388736 4194308 0 1 128 0 16384 0 67108864 1536 4096 0 268435472 4 2281701376 1073750016 64 1048576 0 8912896 0 33562624 1 0 131072 26214400 0 0 67108864 8192 4194304 16 1028 67108864 134250505 184747456 2483027968 67633186 71307265 1600 67150336 32 12582930 67239936 268436096 262208 536870912 0 8388608 16384 16842752 260 8192 134219776 268 2147483648 0 64 1 0 25165840 0 0 0 134217728 0 268435456 17 262144 268435968 0 0 268435456 16908288 0 536870912 76 0 134217728 34078720 0 536880129 0 8930304 16 1073744384 0 0 0 1052672 131072 0 0 18874368
is_linear=0
shrinkage=0.05


Tree=18
num_leaves=31
num_cat=17
split_feature=6 5 6 36 0 35 28 22 35 22 22 37 22 37 37 37 22 36 22 37 37 37 37 37 36 37 37 36 42 36
split_gain=9649.99 1504.27 1252.07 424.045 423.014 352.568 287.274 274.502 218.437 197.093 183.06 171.378 166.82 165.106 159.952 147.055 145.395 131.859 119.006 118.073 116.117 114.572 102.454 101.214 96.3995 95.7464 94.2198 85.7696 84.7955 84.7197
threshold=1.4932915568351748 3.3835936784744267 0.86998808383941661 0 1.8000001311302187 0.99982804059982311 0.99850001931190502 4.5000000000000009 0.97051784396171581 5.5000000000000009 4.5000000000000009 1 5.5000000000000009 2 3 4 4.5000000000000009 5 4.5000000000000009 6 7 8 9 10 11 12 13 14 15 16
decision_type=2 2 2 9 2 2 2 2 2 2 2 9 2 9 9 9 2 9 2 9 9 9 9 9 9 9 9 9 9 9
left_child=2 4 6 -3 13 11 10 17 -6 14 15 -4 21 -2 29 -1 27 -5 24 -20 -12 -10 -16 -11 -13 -18 -17 -15 -8 -7
right_child=1 3 5 7 8 9 28 -9 12 23 20 18 -14 16 22 26 25 -19 19 -21 -22 -23 -24 -25 -26 -27 -28 -29 -30 -31
leaf_value=0.0072789345583107014 -0.01218561426876752 0.5842471425856175 0.017881913529533121 0.070003671094515871 0.042300373742341281 0.017377752159875127 -0.011732466168155842 0.11412034998553425 0.022143358532063086 0.018353049583475962 0.012854267630331552 0.015894725289403621 0.040688902764062562 0.020432275834232533 -0.0001889880319318027 -0.018970648015974392 0.039049013078897021 0.039104948763613173 0.022280488394734944 0.0019551346321421636 -0.0071664824926446664 0.010536435798630001 -0.0087066789062208664 6.9738896249232912e-05 -0.0033114009114217444 0.012019118273165576 -0.01186003423430141 0.0037768295463760817 -0.017704596750212419 0.00052894672158632636
leaf_weight=3995 4253 4842 8801 3973 10459 1369 31562 9641 11353 3242 3298 1703 6877 2036 13753 15585 5259 20282 5129 9281 46253 30300 105681 17923 31086 10185 95853 36709 144659 10472
leaf_count=3995 4253 4842 8801 3973 10459 1369 31562 9641 11353 3242 3298 1703 6877 2036 13753 15585 5259 20282 5129 9281 46253 30300 105681 17923 31086 10185 95853 36709 144659 10472
internal_value=-0.00165203 0.00931605 -0.00476836 0.0178599 0.00649748 -0.00171511 -0.00663357 0.0158655 0.00948445 -0.00296147 -0.0051341 0.00167765 0.00807164 0.00348245 -0.00368337 -0.00622531 0.00422671 0.0130323 0.000482154 0.00426931 -0.00259197 0.00688019 -0.0042327 0.00151599 -0.00118214 0.00832956 -0.00656287 0.0025922 -0.00803738 0.00185939
internal_weight=705814 156169 549645 38738 117431 208440 341205 33896 58989 152440 164984 56000 48530 58442 131275 115433 54189 24255 47199 14410 49551 41653 119434 21165 32789 15444 111438 38745 176221 11841
internal_count=705814 156169 549645 38738 117431 208440 341205 33896 58989 152440 164984 56000 48530 58442 131275 115433 54189 24255 47199 14410 49551 41653 119434 21165 32789 15444 111438 38745 176221 11841
cat_boundaries=0 28 54 81 109 136 164 191 217 244 271 297 325 351 378 404 412 440
cat_threshold=32 2148794368 1042 0 528488 0 4194560 8192 0 0 0 0 33554432 0 0 65536 65536 8192 196864 1028 4096 4 512 2 0 0 2050 1073741828 4194368 1073741888 67108864 67108864 0 0 142614528 67108865 65536 0 0 0 0 33554760 1572864 8388608 536870912 536870912 1048576 2048 128 4198400 8192 0 16 2147483652 209715200 0 67141664 16 4325376 0 67108864 67108864 0 0 524288 262144 524288 73 256 1064960 32 557056 0 2048 1073742848 1024 0 8192 64 0 2048 16 2147483680 268435456 67108880 32768 16448 16777280 589824 0 538976256 524288 0 134219016 33556480 524288 2 256 0 0 2048 67108864 0 0 0 0 1024 32768 1 16 0 1 0 553713696 0 2097152 76546048 2179584 0 4096 32 1048576 262720 524288 65536 536871168 0 0 131072 32 0 2097152 0 0 3221291008 16777217 1245186 612368384 0 0 644 2281710080 131072 2050 1073873028 67108864 128 0 134217728 0 0 0 0 1048576 0 0 256 0 1025 0 16 4160 0 524288 16 67108864 1053184 2147488000 65536 0 536903680 0 1073750016 268 2147491840 671088640 0 0 33554432 0 512 1024 16777232 2097152 16 134217728 0 16 32896 0 4 16 1140850752 1536 67108864 8454144 402653184 0 2147483648 536895488 0 0 134217728 8388608 4096 524288 1 25690112 16 1048576 0 0 67108864 1056768 4194304 16 1074003968 0 262144 64 256 0 64 536903744 65536 0 67112964 8388608 134217728 0 2155873280 524288 0 1024 8388640 0 0 67108864 524288 134217728 1048576 32768 0 12 524354 262144 4624 2147483904 4259840 0 8421376 36 0 272630016 0 134218752 0 0 1048576 65536 0 0 2147483648 8 0 2048 8192 0 16809985 4194320 8 67633152 4096 70272 2214592768 0 64 32772 65536 16384 0 0 134217728 1310728 2147483648 8192 0 9044992 32 16400 0 0 0 134217728 0 8388608 1024 65536 138412032 6144 0 75497472 8961 8256 33554432 0 1048576 0 16777216 0 8388608 536870912 294912 524928 2048 0 0 0 1049601 131088 0 0 0 34816 33554432 524304 67108864 512 68157696 536903696 0 545259520 81920 16842752 536871172 1073741824 2048 256 0 1024 0 8389121 0 9437200 0 0 0 134217728 0 268435456 4 9437184 268443648 1610661888 2 131328 0 1476673800 66048 0 0 2 0 0 0 16 1048576 0 0 16781824 268435456 20971520 134217728 0 0 268435456 0 65536 1048576 301989888 0 4194306 0 128 1179648 32 134217728 4096 8388609 96 32 0 33571328 262272 16777216 4352 0 134218000 16777216 64 0 4194304 0 4096 4751364 1142554624 1174405136 2147484240 1078984705 286523392 131329 226 805306368 0 5248 4194304 2097216 0 1065312 3072 1073741824 4096 0 536870912 0 67141632 1048576 16384 0 2147483648 17302528 524288 0 0 64 131072 524288 32768 0 4096
is_linear=0
shrinkage=0.05


Tree=19
num_leaves=31
num_cat=12
split_feature=5 5 5 35 3 22 22 35 22 3 36 35 35 35 35 35 37 22 35 36 35 37 36 36 37 37 37 36 37 37
split_gain=8709.76 1382.59 1068.03 447.462 395.759 351.369 272.599 236.436 214.502 184.16 157.382 157.37 151.775 150.543 131.774 128.731 125.532 116.572 107.818 106.749 103.989 101.353 97.9144 93.7239 92.045 88.7343 86.7359 86.4284 84.1129 83.698
threshold=1.458082973957062 3.2596467733383183 0.79987695813179027 0.87452495098114025 1.9333334565162661 4.5000000000000009 4.5000000000000009 0.99999991059303295 4.5000000000000009 0.96666666865348827 0 1.0207095742225649 0.97650590538978588 1.0067355632781985 0.67103970050811779 0.80002030730247509 1 4.5000000000000009 1.0030090212821963 2 0.83300098776817333 3 4 5 6 7 8 9 10 11
decision_type=2 2 2 2 2 2 2 2 2 2 9 2 2 2 2 2 9 2 2 9 2 9 9 9 9 9 9 9 9 9
left_child=2 4 7 -3 11 9 10 14 13 -4 -5 15 25 20 -1 -2 -14 -9 26 -18 -6 -16 -22 -23 -10 -7 -11 -12 -17 -8
right_child=1 3 5 6 8 12 29 17 24 18 27 -13 16 -15 21 28 19 -19 -20 -21 22 23 -24 -25 -26 -27 -28 -29 -30 -31
leaf_value=0.033611571658882754 0.085179521225521221 0.69860375422922483 -0.0099325822189189738 0.074053733380091177 0.059658690104792814 0.026866468697141863 0.18395672948215758 -0.016347244879662028 0.047890367964406516 0.010182037868979305 -0.0039812275477166814 -0.0027520432484942517 0.017243948811838661 0.0035242848197828526 -0.019308487229015642 0.017404941085434052 0.016237330864897405 -0.012387117686213846 -0.0080521199057691211 -0.0029713934242861506 0.035660082050408361 0.0089341672527904845 0.014063590646123149 -0.0092466465665110419 0.024321752765428448 0.0059891352080090332 -0.0021352663467972127 0.037820366097094965 0.0052655225970583532 0.070727333575791612
leaf_weight=1792 1174 3590 80585 3276 1525 4275 4321 155385 9413 4691 1358 15385 4853 10835 9363 10156 1974 59571 29158 48852 2421 2176 27543 69951 7440 9230 58622 22501 37130 6548
leaf_count=1792 1174 3590 80585 3276 1525 4275 4321 155385 9413 4691 1358 15385 4853 10835 9363 10156 1974 59571 29158 48852 2421 2176 27543 69951 7440 9230 58622 22501 37130 6548
internal_value=-0.00167683 0.00839251 -0.00474371 0.016273 0.00572799 -0.00227748 0.0146783 -0.00674685 0.00867362 -0.00348151 0.0119974 0.00299764 0.000734263 0.00677377 -0.00448501 0.00439632 -0.000419136 -0.00762315 -0.00195884 -0.0011532 0.00852294 -0.00477998 0.00787419 -0.00414258 0.0134441 0.00548923 -0.000800178 0.0105703 0.00399 0.0213696
internal_weight=705094 164616 540478 41594 123022 242240 38004 298238 59177 173056 27135 63845 69184 42324 83282 48460 55679 214956 92471 50826 31489 81490 29964 72127 16853 13505 63313 23859 47286 10869
internal_count=705094 164616 540478 41594 123022 242240 38004 298238 59177 173056 27135 63845 69184 42324 83282 48460 55679 214956 92471 50826 31489 81490 29964 72127 16853 13505 63313 23859 47286 10869
cat_boundaries=0 26 51 79 106 133 161 188 215 242 271 293 315
cat_threshold=196610 545275904 0 0 524484 2281710080 131072 536879104 1073741956 67110016 8388608 8256 134217728 0 0 134217728 0 0 0 0 256 0 1024 0 16 4096 4194322 266240 268436992 201326592 0 268435520 536903680 1 16384 536870912 0 134217728 524552 0 1074266112 0 658432 0 16400 8 0 0 134217728 0 8388608 1074266113 142614528 0 64 0 1 1056 33587200 524320 16704 0 4096 0 0 516 1 0 32768 0 2097152 0 1073741824 16 2 0 4096 33554464 2097158 9568256 268444160 1073774592 2 4195584 0 1476657152 0 32 0 0 67584 0 16 16 1064960 0 0 4104 524288 2048 65538 4096 0 268435456 0 268435456 138 16384 0 1077936128 262144 65537 4194304 32 0 0 8388608 16777280 2080 1024 16384 1024 536870916 2101252 66 75497488 1073741824 0 0 0 0 0 1050624 33 37748736 134283264 0 33280 0 1073741828 0 67109392 268443648 0 536870912 0 2147746048 0 268443648 1612709888 134217728 268435456 0 4194305 0 0 131072 0 0 16 270336 16 512 576 2214592768 32768 2147483712 8388672 0 65536 4352 0 134217728 536871172 2147483648 0 64 545259520 0 9437200 0 0 524288 0 0 268435584 4 4 16 1140850752 640 67174656 65536 0 32772 67108864 0 260 2147483648 536872960 0 1024 0 0 536870912 0 17825808 2097152 16 134217728 0 16 32896 0 4 65540 2147483712 0 16 536870912 16384 134217728 2148532224 0 0 524288 33587200 12 8389704 268959744 65536 536870912 0 0 136314880 0 4194304 0 0 16 1028 285212676 768 1024 0 112 4194338 67108864 0 32808 0 0 0 1073741832 0 4112 33554432 17301504 536870944 4096 268435460 67117056 0 136 0 0 0 16384 0 0 2 4194320 67108864 64 134217984 0 16384 32768 81920 0 4372 33554432 0 536870912 0 525314 66 25167368 4 1048592 1073741824 0 526336 16 0 0 0 0 0 0 0 0 4096 0 0 0 0 0 0 0 0 0 0 0 524288
is_linear=0
shrinkage=0.05


Tree=20
num_leaves=31
num_cat=15
split_feature=5 5 5 37 30 35 37 35 35 35 25 35 27 37 37 37 37 35 30 37 37 30 37 27 37 37 37 37 37 37
split_gain=7833.32 1335.33 893.868 604.809 313.152 312.308 217.454 206.219 196.041 189.438 184.828 160.167 158.405 135.187 111.648 111.447 109.212 108.004 98.3405 92.0643 91.8745 90.3227 107.215 88.6698 86.766 84.7542 79.0175 77.7938 76.8715 75.121
threshold=1.3855630755424502 2.1438688039779668 0.75935301184654247 0 1.0000000180025095e-35 0.99982804059982311 1 0.99999991059303295 0.99999997019767772 1.0077742934226992 11.218502521514894 0.81005272269248974 1.0581581592559817 2 3 4 5 0.67103970050811779 1.0000000180025095e-35 6 7 1.0000000180025095e-35 8 0.9706791639328004 9 10 11 12 13 14
decision_type=2 2 2 9 2 2 9 2 2 2 2 2 2 9 9 9 9 2 2 9 9 2 9 2 9 9 9 9 9 9
left_child=2 8 7 10 9 11 -6 16 14 24 -3 -4 20 -10 -2 -13 -1 -18 -9 -14 -7 22 -15 -17 -5 -8 -19 -22 -23 -20
right_child=1 3 5 4 6 12 25 18 13 -11 -12 15 19 21 -16 23 17 26 29 -21 27 28 -24 -25 -26 -27 -28 -29 -30 -31
leaf_value=-0.018075455518607297 0.024367959177594531 0.072928016221829511 0.025749743538927561 0.031117704340481913 0.16438718351057832 0.0021377441462833934 0.046655319745213621 -0.015725309491439642 -0.02009646116668903 0.0069744058621541765 0.80149934166424797 0.010412117600152704 -0.016884357968066983 0.0091820720792432694 0.0083768738171051127 -0.0054777217109929334 0.03549292622736655 0.0074963293020514415 0.0047909065605402368 -0.0023899801639484853 -0.0019118656097857401 0.02699615074136338 -0.0011715883939107912 0.0015410162535383631 0.016732103812656624 0.022651120435554228 -0.0093966359864092741 -0.010062597756849034 0.0072348031268947652 -0.01411148956435705
leaf_weight=9616 11887 6722 5160 19189 5549 5483 15876 124069 2881 12242 2140 7771 4730 8972 17121 30098 1501 3158 2195 64846 10687 3600 30096 26391 17318 7143 61593 101045 18214 68408
leaf_count=9616 11887 6722 5160 19189 5549 5483 15876 124069 2881 12242 2140 7771 4730 8972 17121 30098 1501 3158 2195 64846 10687 3600 30096 26391 17318 7143 61593 101045 18214 68408
internal_value=-0.00170364 0.00733427 -0.00477404 0.0118155 0.0103926 -0.00265752 0.0145507 -0.00677846 0.00317135 0.00795769 0.0241885 0.00020599 -0.00372172 0.00162102 0.00657899 -0.000474627 -0.00456708 -0.00384226 -0.00764025 -0.00183178 -0.00484352 0.00212217 0.000683406 -0.00124712 0.00976259 0.0123887 -0.00415026 -0.00515334 0.00469975 -0.00615032
internal_weight=705701 178950 526751 86179 77317 256211 28568 270540 92771 48749 8862 69420 186791 63763 29008 64260 75868 66252 194672 69576 117215 60882 39068 56489 36507 23019 64751 111732 21814 70603
internal_count=705701 178950 526751 86179 77317 256211 28568 270540 92771 48749 8862 69420 186791 63763 29008 64260 75868 66252 194672 69576 117215 60882 39068 56489 36507 23019 64751 111732 21814 70603
cat_boundaries=0 19 43 70 97 124 151 178 205 232 259 286 313 341 366 393
cat_threshold=0 0 0 0 0 64 0 65536 2048 4096 0 0 0 0 0 0 268435456 0 8192 16 0 0 256 0 0 0 0 0 536870912 0 0 0 0 0 0 0 0 8388608 0 0 524288 0 1048576 0 64 1056 0 0 0 0 68157440 8704 0 1572864 0 262144 328 0 0 536872992 537427968 0 0 32 0 2048 4194304 8388608 3225419844 301989888 524352 67108928 0 2214596864 0 0 8389120 1048576 65536 536870916 0 536870912 0 1024 524288 0 554173952 32 1048596 0 0 4194304 0 16 32768 4 268435460 4194322 3221225472 0 0 553713664 16384 134217728 67108864 65536 268435460 0 33555456 134217728 0 524288 8388608 536871936 268436480 1048592 4 0 4194304 8192 0 8388624 0 4 9568257 268444160 1073774592 0 4195584 0 1208238080 0 32 0 2 65536 0 16 16 1064960 0 0 4108 0 3072 2 0 0 268435456 0 268435584 0 8192 67108896 20482 0 0 104857600 0 2 0 0 37748736 0 16704 33554688 1048576 16777216 2129920 0 33554432 48 0 16777216 268435456 0 4 2097280 0 4096 268435474 67108880 36864 16777280 16810048 0 0 8388608 0 134218784 0 41943040 524288 0 536873216 0 2147483648 0 4194432 0 0 1094713344 4194305 0 2097152 6 266240 12352 2222981120 0 16448 0 4 0 272633984 0 0 536870912 2048 1026 2 8 36 2147483648 0 67108880 1024 0 0 268435456 0 12 2 0 4160 14680320 16 2147483648 64 0 0 24 0 536870912 536870912 0 524288 262146 536870912 36 1048592 0 0 0 0 1048592 268435584 4 4 0 8192 64 70254656 32768 2147483648 545259520 0 65536 69206292 0 0 256 2155872256 524288 262208 536870912 0 16777232 0 67108864 0 134217728 16 268435584 4 4 16 2147487744 513 0 536870912 0 0 2173698048 2121728 64 1073745921 134217728 0 1073742592 8912896 536870912 8388864 2097152 0 0 262144 4100 0 0 0 0 536870913 2156396608 0 576 0 0 8519680 8388608 33751040 65536 64 0 0 134217740 0 0 66 9044480 256 0 0 0 2052 1 0 128 0 16777220 1 4194320 0 512 2348810304 32768 0 32768 81921 16842752 538980352 1073750016 134217728 524296 0 1024 512 0 4 25165840 0 0 0 134217728 0 2 16 0 512 65536 134217732 0 0 262672 536870912 12 16814080 196608 0 0 1025 0 8406016 16 2560 147456 0 0 134221824 1090519040 0 0 2097156
is_linear=0
shrinkage=0.05


Tree=21
num_leaves=31
num_cat=16
split_feature=5 27 11 27 3 35 35 35 35 42 35 5 35 36 36 37 37 36 36 37 37 37 27 37 36 37 36 36 27 36
split_gain=7087.41 1364.86 725.938 629.795 290.934 252.548 220.379 198.37 194.097 164.099 152.374 148.648 133.906 127.06 123.696 117.812 112.929 112.195 109.754 107.207 95.7439 95.5187 93.5096 87.2061 79.9265 79.2437 77.4683 76.83 73.2694 73.1558
threshold=1.3210382461547854 2.1127775907516484 0.68571421504020702 12.693529129028322 3.5672265291213994 0.99999991059303295 0.92101219296455394 0.96571087837219249 0.98289045691490184 0 1.0480814576148989 0.62703013420104992 0.67103970050811779 1 2 3 4 5 6 7 8 9 1.0581581592559817 10 11 12 13 14 0.58318218588829052 15
decision_type=2 2 2 2 2 2 2 2 2 9 2 2 2 9 9 9 9 9 9 9 9 9 2 9 9 9 9 9 2 9
left_child=2 8 5 4 7 12 24 -3 14 17 21 -7 -1 -6 -2 -9 -14 -10 -11 -13 -18 -8 29 -16 -4 -20 -17 -24 -22 -23
right_child=1 3 6 -5 13 11 10 15 9 18 -12 19 16 -15 23 26 20 -19 25 -21 28 22 27 -25 -26 -27 -28 -29 -30 -31
leaf_value=0.033255674457397702 0.041737003753746262 0.051722855280265191 0.030193709455989228 0.73435537815159213 0.093239914595093287 -0.016593899124166919 0.0073338467751878772 0.028787323314959049 0.028004957032782885 0.013468758144014381 -0.012373366037179274 0.0018122591220070651 0.0080687772941034023 0.047051327731904596 0.022056737676724076 0.027728671662563292 -0.020026836006641381 0.0065229360192846537 -0.013802487517431065 -0.011257696490087565 -0.011929014060965982 0.0065303208276703776 0.015955379340308985 0.005723413194384009 0.0070653193758322269 -0.00039125367084459351 0.010728975499705185 -0.0012295350352083013 -0.0055508087308465959 -0.0057515575802676638
leaf_weight=2110 1611 8278 1098 2638 4019 117671 6358 13860 1900 3331 23939 5233 4660 26061 9050 2968 8097 33482 4566 133774 35961 2007 1537 10465 11438 40678 29935 46015 48155 64639
leaf_count=2110 1611 8278 1098 2638 4019 117671 6358 13860 1900 3331 23939 5233 4660 26061 9050 2968 8097 33482 4566 133774 35961 2007 1537 10465 11438 40678 29935 46015 48155 64639
internal_value=-0.00169421 0.0064769 -0.00476767 0.0110798 0.0103338 -0.00601783 -0.00193615 0.00817262 0.00263277 0.0015548 -0.00248787 -0.00684522 -0.00387222 0.0142881 0.0069165 0.00690943 -0.00414366 0.00414418 -0.000332143 -0.00573807 -0.00452716 -0.00176431 -0.00209638 0.00580572 0.00442291 -0.000977793 0.00527473 -0.000402709 -0.00402606 -0.0033051
internal_weight=705534 192842 512692 87759 85121 355661 157031 55041 105083 83957 144495 256678 98983 30080 21126 46763 96873 35382 48575 139007 92213 120556 114198 19515 12536 45244 32903 47552 84116 66646
internal_count=705534 192842 512692 87759 85121 355661 157031 55041 105083 83957 144495 256678 98983 30080 21126 46763 96873 35382 48575 139007 92213 120556 114198 19515 12536 45244 32903 47552 84116 66646
cat_boundaries=0 8 34 61 88 116 144 172 200 227 254 282 310 337 364 392 420
cat_threshold=16777222 2282749954 394498 2281703048 606142472 16777280 69214336 224 1245186 545275906 0 0 524492 2281709568 131072 536879106 1073872900 75497472 0 8192 134217728 0 0 0 0 0 0 1024 256 0 512 0 16 4096 264192 0 0 0 0 8388608 16928 2 513 262144 0 544 71303200 0 8404992 512 2097152 1 4194304 1187857 1073741824 134217728 393216 0 8192 0 2048 4194320 67108864 4672 320 32768 64 536870976 65537 65536 608178180 1073741824 134217728 0 0 524288 2 8389120 0 8388608 0 0 524288 0 1048592 32768 0 4 16 0 0 0 536936480 0 0 2231369728 2113536 0 1082130432 134217728 262144 1073742592 268959744 536870912 553648384 805306400 0 0 0 4100 0 0 16 0 8196 1 1 0 0 2 8388616 4202624 147456 16 1207960064 4 0 524288 32 0 33554432 1024 570425344 262144 0 524288 32 4096 512 0 4096 69632 1048576 67110912 134217728 4210688 0 16777216 10485760 0 96 8224 1074790400 4161 1 536870912 0 0 16896 0 262688 2147483648 64 134217728 1 1048580 0 4 270532608 0 0 67108864 268435472 262144 268435472 67108880 0 0 0 131104 0 0 32768 134743072 134217728 0 67108864 0 537526784 32 16384 0 4194304 4 134217728 1094713344 0 2097152 2097156 1 9437184 268443648 1073774592 0 4195328 0 1510227968 0 32 0 0 65536 0 16 16 1064960 0 32768 4616 0 20973568 2 4096 0 268435456 0 268435584 0 2147483648 0 0 553943040 131072 536870916 1572865 2097154 537002240 524288 0 134217736 4096 524288 65538 536870912 0 16384 0 0 4194304 8200 4194304 4194305 0 8192 64 67108864 67108864 2214592784 536870928 2147483648 8389120 0 0 1073741840 2147483648 536870912 0 2181038080 524288 0 536871936 1056 17825808 0 16 0 0 0 268468224 4 268435456 1 262144 0 0 0 75497472 6272 134225920 1179648 0 0 0 0 134219776 8421380 537395328 512 268500992 7168 0 16384 0 1 0 0 0 131072 262144 536879104 0 0 1056 0 131072 0 67108864 67108864 8704 0 2148532224 570425344 262144 328 256 1048576 2080 536903680 0 0 1073743008 0 4104 0 4194304 3221225472 301989888 8209 0 8 16384 67108864 2147483776 4 83886080 32 256 8437888 2097664 33554432 16384 16384 8 0 134217728 512 0 4194304 67117121 0 16777216 0 0 16777216 0 2097666 0 192 0 64 0 310378496 1048608 256 0 134217728 134217728 0 536870912 2048 524288 134217729 0 2097156 512 16777728 16384 100663296 0 4100 32768 3145728 1073741824 528 0 16384 67633152 0 0 0 0 3162112 0 8 5242880 532480 0 2164260864 4352 2147483648 0 525312 2147484160 265 0 33554432 66560 0 0 1076887552
is_linear=0
shrinkage=0.05


Tree=22
num_leaves=31
num_cat=16
split_feature=6 0 4 37 37 27 35 30 35 30 30 37 37 37 11 37 37 37 37 28 37 37 35 30 37 37 35 37 41 37
split_gain=6483.55 1250.63 759.599 525.484 301.578 299.811 286.02 217.69 186.165 171.304 168.183 146.08 133.321 128.181 108.242 106.358 104.875 97.9987 92.0988 91.7206 97.3141 91.4003 88.8448 81.827 78.4274 77.994 70.7722 73.5963 68.9892 65.5832
threshold=1.3490244746208193 2.9844410419464116 0.72336733341217052 0 1 1.7250000834465029 1.0215496420860293 1.0000000180025095e-35 0.99999991059303295 1.0000000180025095e-35 1.0000000180025095e-35 2 3 4 0.82857146859169017 5 6 7 8 0.99850001931190502 9 10 0.61867865920066845 1.0000000180025095e-35 11 12 0.96329206228256237 13 14 15
decision_type=2 2 2 9 9 2 2 2 2 2 2 9 9 9 2 9 9 9 9 2 9 9 2 2 9 9 2 9 9 9
left_child=2 5 9 -3 -4 17 7 14 21 22 13 -9 -10 -5 25 -13 -12 -2 -14 20 -11 23 -1 -7 -16 -6 -19 -28 -24 -8
right_child=1 3 4 10 6 8 29 11 12 19 16 15 18 -15 24 -17 -18 26 -20 -21 -22 -23 28 -25 -26 -27 27 -29 -30 -31
leaf_value=0.070970636120575789 -0.014658402396569259 0.67602143645348522 0.0044655362519322893 0.048042913325851581 0.0023424135320975537 0.021294113416834588 0.0023843279766570416 0.017421794693052394 -0.010270775929691424 0.016961250280953046 0.1260059126554722 0.0087057365420967255 0.021161434441791561 0.021568031222726259 0.0064303199125740791 -0.0027984196333197321 0.046572361015179468 0.013207811654626695 0.0086612488264145027 -0.013368986222242897 -0.0086785488049555999 0.013155224306319331 -0.011458975540963912 0.056368730222867258 -0.0034652802422409203 -0.0083938106786905671 -0.0056964850603142443 0.0032724715717615846 -0.014846051417431666 -0.013587681750042782
leaf_weight=511 3822 2623 25297 7831 5037 6314 2569 5153 3687 2334 6036 10728 10297 22130 4679 52924 10530 7963 39169 50372 41997 9398 42914 6257 31045 77498 8036 40412 116223 51716
leaf_count=511 3822 2623 25297 7831 5037 6314 2569 5153 3687 2334 6036 10728 10297 22130 4679 52924 10530 7963 39169 50372 41997 9398 42914 6257 31045 77498 8036 40412 116223 51716
internal_value=-0.00168515 0.00636937 -0.00453757 0.0132006 -0.00267292 0.00388873 -0.00321724 -0.00229011 0.00599583 -0.00649233 0.0119636 -5.39561e-05 0.00439548 0.00973024 -0.00359113 -0.000709989 0.0160092 0.00126071 0.00507862 -0.00480748 -0.00314868 0.00986743 -0.00749175 0.012658 -0.00129181 -0.00458633 0.00178587 0.00106813 -0.00755861 -0.00641256
internal_weight=705502 184505 520997 49150 266646 135355 241349 187064 75122 254351 46527 68805 53153 29961 118259 63652 16566 60233 49466 94703 44331 21969 159648 12571 35724 82535 56411 48448 159137 54285
internal_count=705502 184505 520997 49150 266646 135355 241349 187064 75122 254351 46527 68805 53153 29961 118259 63652 16566 60233 49466 94703 44331 21969 159648 12571 35724 82535 56411 48448 159137 54285
cat_boundaries=0 19 47 74 101 128 155 182 209 236 263 290 317 344 372 375 402
cat_threshold=0 0 0 0 0 64 0 0 2048 0 0 0 0 0 0 0 805306368 0 8192 2147483728 0 268435456 67109136 16879616 268451840 8421440 0 0 0 0 134218752 0 41945088 524288 0 536871168 0 2147483648 8 0 4194304 0 4194304 32768 262144 16777216 1 0 3292528704 512 0 262144 131072 536879104 0 90112 0 8192 32768 262144 0 0 0 655872 0 25182208 0 0 134217728 134225920 0 8388624 1028 268435457 134217728 0 67108896 65544 0 0 2147483648 67108864 32 0 0 0 134217728 41943113 256 1064960 536870912 32768 0 2048 16 16384 8 2105344 65 4 268445696 0 0 0 256 0 0 64 0 0 4096 0 0 536870912 0 524288 262144 0 4 0 0 67108864 0 134217728 0 268435456 4 4 4196352 262144 1026 0 0 0 4 2147483648 0 8528136 1048576 536870912 524296 256 8192 65536 8389632 536937472 1050640 1073741824 0 0 0 0 1 16777216 4 16 0 0 256 0 0 0 0 0 4096 0 0 0 0 0 0 0 0 0 0 0 524288 0 0 0 0 4 136380416 64 67141664 72 131072 0 67108864 1048576 0 32 1048576 0 524288 69 1073742080 1064960 0 557056 0 67108872 1073742848 0 4096 0 64 2147483648 2048 4194308 0 576 134218048 32768 64 536870976 81921 0 608178176 0 134217728 536870912 2147483648 0 0 8389632 0 8388608 0 67108864 524288 134217728 0 32768 0 4 16 1140850688 1024 0 0 134217728 8 3229614080 536895488 0 0 4194304 524320 4096 34078721 0 25165824 131072 1048576 4194304 262144 67108864 0 4194304 0 8 69214208 18 67109440 576 68157696 16 2147483648 545260032 0 65536 536875284 0 0 0 0 524288 64 512 1024 1048592 0 0 524288 0 16 0 4 532480 65538 2147483744 0 2147483648 0 0 134217728 68157440 0 262144 524288 32768 134217992 72 0 8454144 512 32768 0 1277165572 1024 0 8192 0 0 1028 268468224 0 3221225536 0 0 536870912 64 1 2223505408 0 0 0 33554464 134217732 0 268439552 1610678272 16777216 32 0 131072 0 0 8 1075838976 16777216 1048576 35659780 12582916 512 1048704 4722704 0 268435456 0 67108864 8 67108864 33562624 536872960 8 1288 0 0 0 536871936 2147483648 0 0 4195328 8 0 268435456 4 268435456 1 2411865705 278295553 401674 0 4608 67109376 2147483648 4194306 0 1158676480 32 0 16384 0 0 0 0 68157568 2112 8389632 32 0 0 4194304 4 1048576 2097152 4259905 4194368 32768
is_linear=0
shrinkage=0.05


Tree=23
num_leaves=31
num_cat=14
split_feature=6 5 3 27 3 22 22 22 37 35 35 37 22 22 37 6 35 36 36 36 5 37 35 37 36 36 37 36 36 37
split_gain=5842.89 1147.26 727.059 428.12 387.96 298.73 213.351 206.455 183.508 173.79 158.426 146.518 146.315 132.704 129.434 122.408 116.095 113.37 112.054 93.3679 92.9045 90.8466 87.922 87.257 86.3005 82.8382 81.7216 83.1281 74.4837 72.4108
threshold=1.3490244746208193 3.8482166528701787 0.76666668057441723 12.693529129028322 1.7666848897933962 5.5000000000000009 4.5000000000000009 5.5000000000000009 0 1.0030090212821963 0.93000152707099926 1 4.5000000000000009 4.5000000000000009 2 0.90356659889221203 0.61867865920066845 3 4 5 0.59703126549720775 6 1.0731105804443362 7 8 9 10 11 12 13
decision_type=2 2 2 2 2 2 2 2 9 2 2 9 2 2 9 2 2 9 9 9 2 9 2 9 9 9 9 9 9 9
left_child=2 4 6 12 11 8 16 10 18 15 -6 -2 17 25 -7 -10 -1 -3 -4 -12 -18 -15 -21 -8 -16 -13 -17 -28 -25 -9
right_child=1 3 5 -5 7 14 23 29 9 -11 19 13 -14 21 24 26 20 -19 -20 22 -22 -23 -24 28 -26 -27 27 -29 -30 -31
leaf_value=0.080738525668797759 -0.014099542378065372 0.072767073940977881 0.018582962942663449 0.66883646112739292 0.033490906666174568 0.021870366469949498 -0.017221670872681089 0.047179451739844107 -0.0071388627168319689 -0.010149864881255017 0.026584126359205908 0.014535823704305449 0.097166285728952723 0.035056066230597087 0.020873833989382251 0.0067301163789516422 -0.016198293938708936 0.033637346417580496 0.0012654297090131607 0.0105859906641957 -0.010875089133133982 0.0077265569723620033 -0.001561646181397225 0.011314749383592291 0.00032226018395375701 0.00045261242809997997 0.010244808883750867 -0.0032676130496041844 -0.0081019723475920773 0.02455117899246162
leaf_weight=644 5788 2896 1768 2630 7354 4737 7579 6777 55522 58749 3261 2568 7414 4502 1394 7898 91294 17295 12284 52242 116984 14450 7441 1796 26698 44695 2517 57088 74584 4985
leaf_count=644 5788 2896 1768 2630 7354 4737 7579 6777 55522 58749 3261 2568 7414 4502 1394 7898 91294 17295 12284 52242 116984 14450 7441 1796 26698 44695 2517 57088 74584 4985
internal_value=-0.00170893 0.00594374 -0.00441321 0.0148486 0.00419606 -0.00230034 -0.00606272 0.00654635 -0.00304031 -0.00346577 0.00552035 0.00151745 0.0130112 0.00218438 0.00211354 -0.00239756 -0.00691822 0.0108044 0.00246391 0.00470887 -0.00698378 0.00571941 0.00425608 -0.00393387 0.000821976 0.000767233 -0.000967165 -0.00160045 -0.00342449 0.0126775
internal_weight=705834 184298 521536 30235 154063 228655 292881 82060 195826 181774 70298 72003 27605 66215 32829 123025 208922 20191 14052 62944 208278 18952 59683 83959 28092 47263 67503 59605 76380 11762
internal_count=705834 184298 521536 30235 154063 228655 292881 82060 195826 181774 70298 72003 27605 66215 32829 123025 208922 20191 14052 62944 208278 18952 59683 83959 28092 47263 67503 59605 76380 11762
cat_boundaries=0 28 55 82 108 136 164 190 217 245 272 299 327 355 382
cat_threshold=2 2147483648 268435456 67108880 16810016 16384 8388672 0 0 0 524288 134217728 134217728 41945088 524288 0 536871168 32 2147483648 0 0 0 8192 1073741824 4292608 1074003968 16777216 1 144703488 0 67141664 0 131072 0 67108864 68157440 0 32 9961472 0 524288 8388681 1073742080 1064960 0 524288 0 0 1024 0 4096 0 64 2147483648 268437504 80 4096 1049088 67109120 8392704 268435456 8192 0 16384 264 0 134218768 1835016 0 8192 0 536870912 1040 16384 0 0 0 134217728 4194304 144 1024 268435456 1048576 545275904 132096 0 524484 2281701889 4325408 8192 1073872896 67109888 0 0 134217728 0 0 2 0 0 0 1024 256 1073741824 1536 16384 0 4096 536870912 0 5120 1078001664 64 2048 1073741824 536872960 512 0 0 541065216 32 32784 32 128 536871424 12288 1028 0 0 0 64 0 589824 536870912 0 12288 536936456 335544320 0 2147483650 17039360 65552 131200 4112 0 4096 75513984 18882592 0 33570816 65536 134217728 0 0 2097152 0 0 67108864 0 0 0 0 1048576 2048 67633170 67108864 512 320 0 268435456 25198592 65537 16842752 1610613060 0 2048 0 0 1024 0 8912896 0 9437200 1073741824 0 0 134217728 0 0 4 134217732 8397312 8 2 128 65536 167772160 0 32 0 0 0 0 8388624 16 269484034 0 1073741824 0 0 8399872 2 33554944 268435460 268435456 34603008 512 1 0 65536 0 0 16908288 3104 33554432 131105 0 0 2147483648 1048608 0 0 1 0 131074 2147483648 2097152 1 280 0 2 134217728 64 19398688 2097152 1179648 0 0 1 2097152 256 4194304 262176 0 4097 131072 536870976 67109888 2 8404992 1073807360 553648128 67113216 16777280 0 0 64 8 0 0 4096 1024 65600 64 0 0 536936448 131072 671096836 68157440 65536 4 0 33554432 264 1088 0 65536 16777216 0 1048576 69206016 0 4194304 0 136314880 0 1044 268443648 2147483650 134217728 0 32 0 1024 8288 268697600 32 0 32768 32 67108864 0 538968064 0 65696 2097152 16842752 1024 64 65537 0 33554448 2147483648 0 32768 538968064 1 0 0 0 1073741824 0 2097664 0 0 16640 2 134217728 8392704 262144 0 0 16 134758402 0 2147483648 32768 2162688 0 0 150994960 1073741825 67109249 2097152 16 512 4160 80740608 16 2147483712 8388608 0 65536 536875264 0 0 0 2181038080 0 66 545259520 0 25165840 0 67108864 524288 0 16 268435456 0 4
is_linear=0
shrinkage=0.05


Tree=24
num_leaves=31
num_cat=16
split_feature=5 5 5 27 27 22 35 35 35 11 37 36 35 37 22 37 37 37 36 36 36 37 36 22 36 37 36 36 37 35
split_gain=5365.86 1080 649.95 422.358 403.284 297.017 225.305 202.797 140.601 132.37 125.647 116.97 116.29 117.779 107.088 105.498 103.604 99.7678 91.6547 89.3761 88.8612 84.4875 85.6931 83.996 83.477 82.1251 81.7617 79.5401 74.9454 74.4937
threshold=1.3101791143417361 3.8482166528701787 0.70547533035278331 12.693529129028322 1.7482046484947207 5.5000000000000009 0.96463149785995495 0.92101219296455394 0.99982804059982311 0.80000004172325145 0 1 0.79101082682609569 2 4.5000000000000009 3 4 5 6 7 8 9 10 4.5000000000000009 11 12 13 14 15 1.0308319926261904
decision_type=2 2 2 2 2 2 2 2 2 2 9 9 2 9 2 9 9 9 9 9 9 9 9 2 9 9 9 9 9 2
left_child=2 4 8 11 12 7 19 16 21 17 27 -3 -2 -14 -13 -7 -4 -9 -15 -6 -12 -1 -23 -10 -17 -19 -11 -8 -22 -20
right_child=1 3 5 -5 6 15 10 9 23 26 20 14 13 18 -16 24 -18 25 29 -21 28 22 -24 -25 -26 -27 -28 -29 -30 -31
leaf_value=-0.017258123820259645 0.06218589866407407 0.079382179622705648 0.020831956587859385 0.61623734761234417 0.066108543573425063 0.016773456511679063 0.039894510925728599 0.0017553300436995213 -0.013628915693113209 0.0076296282147562903 0.02401579833903883 0.032301509445741131 -0.019878052143216474 0.0184345220865717 0.083218107800781871 0.01982298504197216 -0.00048534093657069959 -0.0015977665155073096 0.0030564616554936115 0.031752700461980102 -0.0070770992356276319 0.013084131171947004 -0.008404159986771631 -0.011274773864055843 -0.00051613350897384842 -0.0092602838883319334 -0.003993059335812274 0.017436166647147817 0.0082413740514414077 -0.0042989371145797928
leaf_weight=8220 1090 4131 3671 2590 1663 4727 2727 6522 119512 2444 3280 17106 3221 3104 6330 1482 16513 11600 55860 11186 4115 1736 54830 45823 33900 130915 68550 19615 44949 14253
leaf_count=8220 1090 4131 3671 2590 1663 4727 2727 6522 119512 2444 3280 17106 3221 3104 6330 1482 16513 11600 55860 11186 4115 1736 54830 45823 33900 130915 68550 19615 44949 14253
internal_value=-0.00169678 0.00535342 -0.00439314 0.0140539 0.00376377 -0.0027766 0.00608964 -0.00344164 -0.00636233 -0.00388165 0.00503736 0.0122393 0.00113764 0.000906278 0.0108543 0.00120637 0.00135497 -0.00472807 0.00131831 0.0122053 0.00369497 -0.00438784 -0.00369717 -0.007136 0.000267708 -0.00500461 -0.00210473 0.00817675 0.00316047 0.00094529
internal_weight=705665 195220 510445 30157 165063 280324 87535 240215 230121 220031 74686 27567 77528 76438 23436 40109 20184 149037 73217 12849 52344 64786 56566 165335 35382 142515 70994 22342 49064 70113
internal_count=705665 195220 510445 30157 165063 280324 87535 240215 230121 220031 74686 27567 77528 76438 23436 40109 20184 149037 73217 12849 52344 64786 56566 165335 35382 142515 70994 22342 49064 70113
cat_boundaries=0 27 53 80 107 134 162 190 218 246 273 301 329 356 384 412 439
cat_threshold=4194320 0 64 201326912 0 64 536870976 65536 0 872419396 0 134217728 0 0 524288 262208 8913920 0 25165824 0 67108864 524288 134217728 1048576 32768 0 4 131074 545275904 1024 33554432 524492 2285895680 4325408 536881154 1073872896 67108864 0 0 0 2048 0 0 0 0 0 1024 256 0 512 16384 16 4096 0 64 0 0 0 0 0 0 8706 0 1572864 0 262144 328 256 1048576 0 537395208 8 0 1073743008 0 8 0 12582912 3223322688 838862848 80 266240 4608 603980032 4096 0 0 65536 16384 264 0 134218768 266240 0 8192 0 537397248 0 16 2097152 0 134217728 8192 4194304 8388736 4194304 268435456 0 2147483712 67108864 2214592520 536940544 0 516 67108864 268500992 64 2147483648 33554432 0 1344 269484032 0 536870912 0 1048576 0 0 0 0 16 8388624 4259844 50331648 2147483668 0 268435472 67108880 16777216 16777216 0 32 16 0 0 1024 134225924 33558528 524288 0 537135104 512 2147500048 0 4194432 0 0 1077936128 0 2097152 4 1 0 1024 32768 16777728 10502144 541065220 16384 34 1073742080 0 0 536870976 4195360 33554432 0 0 545325568 0 1024 0 1 32768 1024 16777216 8192 0 0 16384 65536 16384 0 0 2147483648 8388609 103809024 2080 1073741953 0 16777216 0 32 256 0 9216 572522497 4096 5242880 25165828 0 0 0 0 8192 0 2048 4096 65544 301989888 0 2147483648 2097152 2147483776 0 25165824 67108896 4352 16512 2097152 0 16384 180736 10 0 0 512 2097152 4194304 67117056 16 0 0 0 2048 256 9437185 268444160 32768 65536 4194560 131072 1207959552 0 32 0 0 268500994 0 16 16 1064960 4194304 32768 4100 0 3072 2 2048 0 268435456 0 268435584 32 33554432 134219776 524288 1049088 0 1073750016 262144 8389120 8192 1073741824 0 32 2147748112 0 268443648 545259584 134217728 0 0 4194304 0 2148532224 131072 0 0 0 262144 1073742337 0 65536 0 67108864 16777224 2097152 33554432 0 2113856 0 2147483648 0 0 0 512 33556496 0 0 2149580800 4194304 2147483656 0 32768 524800 147456 2097153 2228224 524352 262144 128 8396800 536875008 268435520 537952257 196608 0 272 0 134217728 0 0 0 65600 8912896 32 0 0 0 4194304 1 2097152 1 32800 2097160 8192 512 8388608 4194432 524288 0 0 0 544 1048576 0 2228256 0 9216 536870912 16777216 512 2147483648 16777216 4195332 268435968 1114113 0 33554432 2147483648 0 0 537923584 512 0 0 4194306 262144 8454144 536871040 4112 0 528384 75497472 16785472 8192 262144 0 1280 536870912 8388608 0 0 262144 0 17 2064 0 4198400 0 536872960 0 64 67108896 65536 0 0 67108864 67108864 32 131072 2155872256 0 134217728 33556552 0 1048576 0 32768 0 136321024 16 2048 0 2105344 65 2147483652 268445696
is_linear=0
shrinkage=0.05


Tree=25
num_leaves=31
num_cat=13
split_feature=6 4 4 27 3 22 35 35 22 35 42 22 35 42 36 36 35 42 22 35 42 22 36 42 36 36 11 36 36 36
split_gain=4887.43 954.816 690.467 437.313 298.019 271.17 194.64 162.81 145.895 145.086 152.855 140.238 131.035 115.114 114.3 113.447 109.232 103.072 99.5087 98.8456 95.83 95.3049 88.8873 84.0595 81.8208 75.2884 74.527 83.0559 72.5416 67.3545
threshold=1.3490244746208193 3.6698857545852666 0.72336733341217052 12.693529129028322 1.9085051417350771 5.5000000000000009 0.99999991059303295 0.84455612301826488 5.5000000000000009 0.80002030730247509 0 4.5000000000000009 0.74277594685554515 1 2 3 1.0564551353454592 4 4.5000000000000009 0.90901944041252147 5 4.5000000000000009 6 7 8 9 0.8571428954601289 10 11 12
decision_type=2 2 2 2 2 2 2 2 2 2 9 2 2 9 9 9 2 9 2 2 9 2 9 9 9 9 2 9 9 9
left_child=2 4 7 14 9 6 12 -1 19 -2 -11 -9 -4 15 -3 -8 26 22 25 -6 -7 -16 -14 -13 -22 -12 -15 -28 -21 -20
right_child=1 3 5 -5 8 20 13 11 -10 10 18 23 17 16 21 -17 -18 -19 29 28 24 -23 -24 -25 -26 -27 27 -29 -30 -31
leaf_value=-0.00040410741170026357 0.067165527579131315 0.077055736918734352 0.057199567955893274 0.60730155311533285 0.032776589250923908 0.011718748092698468 0.011613243111841698 -0.012273946286955835 0.036356208789112367 -0.0083961464138929461 0.01449288730160685 -0.0014319093069141476 0.020914594510390697 -0.0077024542683733592 0.029149278748366127 -0.0029207636637600624 -0.014192154792556875 -0.0040757034475810252 0.033916724005131529 0.023008180654300173 0.018468162739499416 0.076284672311222226 0.0019418642025236855 -0.010584894664085298 -0.00097480453115017518 0.00098314740588003875 0.0125175112938406 -0.0035400539186805054 0.0090786713003569112 0.010039790924995396
leaf_weight=11570 1640 4688 1728 2626 5194 9954 1625 173411 9679 11083 2454 12659 1544 80186 18969 28692 28246 41988 1073 3189 1365 6949 16675 56401 26865 47838 1733 26264 49858 18860
leaf_count=11570 1640 4688 1728 2626 5194 9954 1625 173411 9679 11083 2454 12659 1544 80186 18969 28692 28246 41988 1073 3189 1365 6949 16675 56401 26865 47838 1733 26264 49858 18860
internal_value=-0.00165917 0.00534353 -0.00413409 0.0130157 0.0036535 -0.00235797 -0.00300926 -0.00599984 0.0061093 0.00164258 0.00134548 -0.00627634 -0.000615757 -0.00389827 0.0113348 -0.00110995 -0.00451746 -0.00100547 0.00220667 0.00516444 0.00154249 0.0100206 0.00213453 -0.00437077 5.39995e-05 0.00102201 -0.00379481 -0.00157377 0.00451973 0.00519652
internal_weight=705006 184100 520906 33232 150868 266865 228681 254041 67920 82948 81308 242471 61935 166746 30606 30317 136429 60207 70225 58241 38184 25918 18219 69060 28230 50292 108183 27997 53047 19933
internal_count=705006 184100 520906 33232 150868 266865 228681 254041 67920 82948 81308 242471 61935 166746 30606 30317 136429 60207 70225 58241 38184 25918 18219 69060 28230 50292 108183 27997 53047 19933
cat_boundaries=0 8 16 42 69 77 85 113 121 149 177 205 233 261
cat_threshold=230401 1024 268445708 67960874 33685506 201851905 1183745 10 32844 3305242626 344064 2151677952 71303424 345510912 201330692 224 131072 612384770 0 268435456 524996 2281709568 131104 12290 1073872896 67108992 0 0 134217728 0 0 0 0 1048576 0 1049600 256 0 512 0 16 4096 570425344 131328 65536 272629760 0 134217728 268435456 4096 524288 16777216 64 536870912 2 32768 2162688 0 0 2048 0 8192 0 8 262656 2 273227776 0 262208 16388 855638016 268435470 2218786818 102760739 268437248 67239940 226 81924 555220992 1107624960 2147483668 1950613665 2416968960 8 130 536870912 33554432 0 1073741824 8388608 2048 1073750016 536872960 768 0 536870928 536870944 1048608 8423440 8912896 0 66048 14336 2097152 16 0 0 0 0 0 0 0 12288 81920 51921408 1074038912 2281702020 2082471937 2147745792 2055 2 5 0 67584 0 2 8192 2048 33554944 2048 2097152 0 0 32 0 0 512 33554448 524290 1024 2097152 0 768 8 0 526336 131136 18874402 2097152 1180160 2129920 32768 0 0 16384 0 0 0 4097 1 538968128 4195328 2 41959936 1073744000 536871424 67109120 0 134217728 0 0 8 2048 0 32768 0 2048 0 1073741824 4352 4194304 655360 0 8388896 67110912 0 4096 268697600 262176 0 525312 32 0 0 0 32 524304 512 0 0 33554432 1024 0 32768 68161600 24 33570816 2048 2147483650 67371008 0 1073741856 0 0 4096 75513856 18874368 32 0 196608 134218754 0 8404992 0 68157440 16384 64 0 0 0 0 1048576 67110912 0 8192 67174528 8388608 0 4096 524288 1073741828 67109376 256 0 0 4096 0 163840 1024 1048576 0 1115136 8192 4194304 536870912 0 2064 1073741824 138412032 0 256
is_linear=0
shrinkage=0.05


Tree=26
num_leaves=31
num_cat=18
split_feature=4 4 27 27 36 28 28 35 37 37 35 37 37 37 37 22 37 22 28 37 36 37 36 37 37 36 36 36 35 36
split_gain=4454.72 871.466 648.551 435.64 347.707 229.16 192.669 166.331 138.424 133.482 127.449 130.406 119.905 111.057 110.938 104.597 97.5553 93.7045 91.5275 91.0087 89.0353 85.2858 91.5794 84.8828 84.6711 84.6934 84.1667 84.1039 82.164 79.2508
threshold=1.3399407863616946 4.8858752250671396 0.76248472929000866 2.1127775907516484 0 0.99950000643730175 0.99850001931190502 1.0308319926261904 1 2 1.0110728144645693 3 4 5 6 5.5000000000000009 7 4.5000000000000009 0.90021380782127391 8 9 10 11 12 13 14 15 16 0.7614157795906068 17
decision_type=2 2 2 2 9 2 2 2 9 9 2 9 9 9 9 2 9 2 2 9 9 9 9 9 9 9 9 9 2 9
left_child=2 3 6 7 -3 8 14 13 -4 -7 11 27 -9 20 -1 21 -16 -6 23 -17 -2 -10 -23 -12 -11 -26 -15 -5 -18 -13
right_child=1 4 5 10 17 9 -8 12 15 24 18 29 -14 26 16 19 28 -19 -20 -21 -22 22 -24 -25 25 -27 -28 -29 -30 -31
leaf_value=0.0079025704025008307 0.044599181679041054 0.58922142190121662 0.019055227433634202 0.00072461471032119753 0.040245847930945544 0.0029042763479047219 -0.012098750772457324 0.0085945236812286774 -0.014138806966313403 -0.017981480928084811 0.056323125216710491 0.037340105382614557 -0.0081215986070706011 0.016619055827479676 -0.015250987814830414 0.019230807340864402 0.010340682851995782 0.13219801379574087 -0.00040885067884121056 0.0012276940013772331 0.011813227354658796 0.0099535666106952969 -0.002957851134840356 0.0017815175857069376 0.0060090875691131834 -0.0070364232135631038 0.0027627816784694392 0.036662907320105131 -0.0077609926580488988 0.015046894812027657
leaf_weight=3393 1838 2240 5188 1571 10205 9661 142986 6363 4743 7254 2340 2544 16624 3198 12321 3890 3436 4092 9500 20896 12661 3239 81895 1907 2764 99139 63793 16261 113311 35891
leaf_count=3393 1838 2240 5188 1571 10205 9661 142986 6363 4743 7254 2340 2544 16624 3198 12321 3890 3436 4092 9500 20896 12661 3239 81895 1907 2764 99139 63793 16261 113311 35891
internal_value=-0.00165072 0.00486889 -0.0040732 0.00382919 0.0158385 -0.00216539 -0.00572626 0.00178399 -0.000622747 -0.00372142 0.00688103 0.00793546 -0.00197222 0.00284357 -0.00435229 -0.000984421 -0.00458673 0.0129359 0.00256492 0.00189111 0.00680996 -0.00177755 -0.00141318 0.00866584 -0.00421976 -0.00384724 0.00198371 0.0114723 -0.00413922 0.00628967
internal_weight=705144 191028 514116 174491 16537 238669 275447 104477 119851 118818 70014 56267 22987 81490 132461 114663 129068 14297 13747 24786 14499 89877 85134 4247 109157 101903 66991 17832 116747 38435
internal_count=705144 191028 514116 174491 16537 238669 275447 104477 119851 118818 70014 56267 22987 81490 132461 114663 129068 14297 13747 24786 14499 89877 85134 4247 109157 101903 66991 17832 116747 38435
cat_boundaries=0 28 55 83 110 137 164 191 218 245 268 295 323 348 375 403 430 457 485
cat_threshold=32 2148794368 18 0 32 0 0 0 0 0 0 0 167772160 0 0 65536 65536 0 256 1024 4096 0 0 2 0 0 2 1073741828 16 1073741920 0 16384 0 0 8192 2147483648 24592 268435472 0 0 0 0 537395200 0 553650176 805830656 1048592 4 128 4096 1048576 0 8388624 2147483648 524288 524288 262144 268443648 2147483648 32768 147520 1 65536 16777216 805306368 0 134218752 1074794764 2048 1 0 132096 32 16384 2048 0 0 0 0 0 33792 0 1 4194306 64 512 320 16 64 536871488 65536 0 608178452 0 0 0 0 524288 262146 545260032 4 1048592 0 0 0 0 1048576 0 4 4 80 2147487744 1024 2222981120 2 268435456 8388608 0 0 1344274692 0 134250496 4 33556480 0 65536 1032 32 2147483648 8388608 0 0 0 4194304 4227073 0 16777216 64 64 67108928 2214592768 0 16448 64 16384 0 134217728 2147483648 32768 536870912 41943104 268959744 65600 536871168 4 1048576 0 16 4194304 0 0 0 1073741828 268443648 2147483648 0 0 0 553910306 0 2097152 83886080 2163200 0 131072 134217728 0 3221225984 524288 536870912 553648896 0 0 0 32 0 33562752 4194304 4259840 2147483648 1 142868480 268444160 1610645504 2 4194560 0 1241513984 0 36 0 0 0 0 16 18 1064960 4194304 8 4616 268959744 0 0 1048576 0 268435456 0 128 0 0 0 605098240 0 0 67108864 65536 1073741824 2147516684 2147483648 671088640 262144 2147483648 8192 0 524800 1024 0 268435456 0 4194304 0 16 192 0 67117060 0 16400 0 0 8388608 142614528 8405056 2 1073742336 2883584 8388608 67108864 67110944 16 8388608 512 2162688 0 68158466 8208 0 0 262144 142606336 0 1610645504 536870912 4195328 4194304 67371016 512 1048576 32768 1073741826 0 32 8192 272 1064960 0 0 512 268435456 1074003968 0 0 268435456 536870912 1073741888 128 32 544 0 0 1073807360 268435968 16448 1310720 128 2147483648 0 0 0 0 134217728 262656 805831168 0 0 527364 0 65536 0 131072 8 4096 49152 538968064 16 512 67108864 2097152 536870912 0 8388608 0 65536 536870936 0 0 0 0 0 0 0 0 1048576 0 0 0 0 0 32896 0 32768 1140850725 128 262144 0 33554432 2684354560 0 0 0 0 0 80 4194304 1049088 0 32768 1048576 1208483840 1056 0 0 134217728 0 1091567620 335544960 268435456 2097152 0 4 1082130432 1 268435488 4096 0 147456 2 0 0 1024 32 16780292 2097152 32 1048576 0 262144 1048584 18432 0 524802 0 4096 10 0 134218752 0 8388608 0 0 8192 308 0 4 268435456 32 3104 2 16384 128 4 402919680 4194304 16777472 32 0 32 33554432 2097152 4096 1048576 256 0 4096 16777216 4194304 262148 0 0 272629824 16384 131072 512 1088 4194304 67912704 67108864 65600 69206016 2147483648 0 1048576 16384 0 553648192 0 0 4 65536 0 64 2449473537 0 64 35651584 2048 512 16777216 8437760 67108864 8 0 0 0 8388609 1048640 1073807360 11534336 0 1 0 524288 2147483648 64 0 256
is_linear=0
shrinkage=0.05


Tree=27
num_leaves=31
num_cat=17
split_feature=4 11 28 27 22 22 37 22 37 42 37 28 37 22 36 37 36 37 37 28 3 36 28 36 36 36 36 36 37 28
split_gain=4069.77 754.206 723.098 475.177 209.784 209.223 174.774 129.577 122.268 114.951 112.013 105.62 101.298 100.573 99.5269 97.4596 93.4428 93.3898 93.1512 94.5743 91.63 88.0496 85.1382 84.0438 83.4139 80.2262 78.6398 72.4233 70.4577 88.8215
threshold=1.4768838286399844 0.62857148051261913 0.50099998712539684 2.1127775907516484 4.5000000000000009 4.5000000000000009 0 4.5000000000000009 1 2 3 0.99950000643730175 4 5.5000000000000009 5 6 7 8 9 0.99649998545646679 12.884857177734377 10 0.99850001931190502 11 12 13 14 15 16 0.90950000286102306
decision_type=2 2 2 2 2 2 9 2 9 9 9 2 9 2 9 9 9 9 9 2 2 9 2 9 9 9 9 9 9 2
left_child=1 4 20 12 8 10 7 16 -1 -7 -3 24 -4 14 -8 -6 -5 -13 -10 -20 -2 -14 23 -17 -12 -19 -11 -9 -23 -30
right_child=2 5 3 6 15 9 13 27 18 26 11 17 21 -15 -16 22 -18 25 19 -21 -22 28 -24 -25 -26 -27 -28 -29 29 -31
leaf_value=0.00048189820571607479 0.065542578380273261 -0.013388063942258693 -0.021508207869266081 0.056414339374348033 0.012429236298393966 0.0099591479079680426 0.032596503829969863 0.011344514365199199 -0.015929175006640935 0.014598696652018316 0.011700824738029626 -0.015106052077068173 0.020291066962912829 0.030499492097027538 0.0097384211879878446 0.017839178994852434 0.023635057553501704 0.0070727974263599426 -0.0085155512506216169 -0.01164871937291715 0.56940824471179541 0.010377016660126604 -0.0098436630307299055 -0.0049714000377405311 -0.0019528522101696034 -0.0052252324407801275 -0.001024288413726754 0.089502008216327561 0.0066555158205728361 -0.0010847425242245274
leaf_weight=7323 1380 6634 2162 2831 2709 15058 4635 1030 16440 1768 3173 7498 3500 11165 37715 1254 15637 2144 94365 114776 1973 16177 46489 42663 73835 60458 44778 8320 25716 31052
leaf_count=7323 1380 6634 2162 2831 2709 15058 4635 1030 16440 1768 3173 7498 3500 11165 37715 1254 15637 2144 94365 114776 1973 16177 46489 42663 73835 60458 44778 8320 25716 31052
internal_value=-0.00163416 -0.00372107 0.00528456 0.00480271 -0.00523783 -0.00142479 0.00748196 0.0106984 -0.0060398 0.00103725 -0.00241133 -0.00212413 0.00203049 0.00580676 0.00469469 -0.00323186 0.00827332 -0.00352848 -0.00624607 -0.00596032 0.028261 0.00233255 -0.00351178 -0.00193343 -0.000846005 -0.00289517 -0.0001917 0.0154983 0.00195991 0.00112982
internal_weight=704658 541365 163293 159940 326019 215346 81333 27818 232904 61604 153742 147108 78607 53515 42350 93115 18468 70100 225581 209141 3353 76445 90406 43917 77008 62602 46546 9350 72945 56768
internal_count=704658 541365 163293 159940 326019 215346 81333 27818 232904 61604 153742 147108 78607 53515 42350 93115 18468 70100 225581 209141 3353 76445 90406 43917 77008 62602 46546 9350 72945 56768
cat_boundaries=0 27 55 63 90 117 139 166 194 221 248 276 303 331 359 387 415 442
cat_threshold=4194320 64 576 256 0 64 536870976 0 2048 536875264 0 134217728 0 0 524288 0 268435456 4 0 0 0 0 134217728 1048576 0 0 4 524304 0 268435456 20 553648128 0 0 327680 0 0 0 33686528 134225924 16384 532480 536870912 536871168 268435488 16 0 128 0 0 1073741824 4194304 2097184 12 1 67125248 856686592 33817600 2151686676 543424545 2617246976 6 130 134217728 0 537395200 33570816 0 0 302383104 0 0 2097184 1048578 0 2147483648 256 1107296256 1048576 0 69648 536870912 33554432 32 134217728 16777216 268435456 536870912 0 603979904 0 64 32 4160 0 0 0 134217728 8704 32 0 131072 262144 256 33554688 1048576 0 537395200 8388608 101711872 1073741984 0 2048 0 0 2166358080 838862848 65536 0 132096 4210689 65540 2281701504 0 2050 1073742464 8392704 8405136 0 0 256 0 0 8388737 1048576 0 4 0 8257 16 262144 1664 0 48 268435456 16777216 2147483652 1073766400 8192 0 0 524288 0 536880128 0 134873088 268435456 0 0 65536 0 134217728 1090650112 0 2097152 2097152 1310720 603996160 0 2 2164260928 2281701888 1048576 536879104 4 67110016 0 16777216 134225920 0 0 0 0 0 0 0 256 1073745920 1537 16384 16 4096 0 2048 4096 96 67108992 1114112 262144 0 32768 2147483648 8192 0 0 2048 8912896 1088 268435456 512 0 525312 1048576 1074266112 1024 135168 0 134217728 41943040 16777220 268435456 0 0 536903713 65536 262144 65552 134250496 0 100 2147491840 0 0 512 16 272 0 0 131072 4227584 268435457 16777216 134217762 0 0 268435456 0 65664 4096 16384 0 2 32 134217728 147968 50 1073741824 262144 134217760 537395232 32 0 41959424 0 65536 135168 0 256 0 32768 0 0 0 4096 1048576 67112960 0 0 1275068416 0 1073741824 0 0 0 0 16640 1140981760 150994976 2097184 2064 1610612736 1073741825 536870912 134234116 1024 2097152 0 0 512 0 2048 1 1 2283077632 516 0 0 0 0 1048640 264192 544 16384 8388608 4194304 71303168 0 0 262272 65568 12288 524288 524288 64 4097 0 0 0 0 0 134217728 131072 2097152 1073741824 67108928 268435456 128 288 67108864 16 131072 0 131136 0 4718592 536871456 2048 769 0 16779264 131072 0 1048576 262144 0 268435456 8 0 8 1073742081 536870944 0 0 0 131080 0 32774 1073744384 0 0 16384 0 0 512 65 0 524290 16777216 0 0 0 64 32768 529424 16384 100663296 258 512 37748736 53248 16777248 4259840 144 0 64 32 16896 0 16777728 0 4194304 278528 4194304 66560 2097152 64 0 16384 4224 0 32 0 0 0 10240 0 0 269484112 2216689920 16 16448 64 16384 0 270532864 4096 32768 671088640 33570816 525312 64 1024 36 0 4096 0 0 0 0 1 4 4
is_linear=0
shrinkage=0.05


Tree=28
num_leaves=31
num_cat=15
split_feature=6 3 3 37 22 22 37 22 42 22 35 22 37 37 37 11 37 35 29 37 42 37 35 37 37 22 32 42 37 37
split_gain=3745.45 791.555 538.779 510.244 199.213 186.805 174.894 162.15 151.218 150.1 137.917 128.126 100.019 97.5825 95.7458 88.2063 84.7986 82.8889 77.2889 76.2846 71.9065 71.5068 70.381 68.5403 67.8134 67.3479 67.1517 58.9044 56.3478 55.2141
threshold=1.288197994232178 2.6015038490295415 0.71812099218368541 0 5.5000000000000009 4.5000000000000009 1 4.5000000000000009 2 4.5000000000000009 1.0030090212821963 1.5000000000000002 3 4 5 0.70000004768371593 6 0.81005272269248974 1.0000000180025095e-35 7 8 9 0.97565940022468578 10 11 1.5000000000000002 23.394999504089359 12 13 14
decision_type=2 2 2 9 2 2 9 2 9 2 2 2 9 9 9 2 9 2 2 9 9 9 2 9 9 2 2 9 9 9
left_child=2 5 9 -3 8 11 22 13 -4 17 15 16 -13 -5 -6 -10 -2 21 23 26 -11 -1 -7 -18 -19 -15 -9 -26 -22 -17
right_child=1 3 4 7 14 6 -8 19 10 20 -12 12 -14 25 -16 29 18 24 -20 -21 28 -23 -24 -25 27 -27 -28 -29 -30 -31
leaf_value=0.10190780751385119 0.014125284098003496 0.50161413383594167 0.00083606360825295165 0.032497045947664838 0.018061905039475152 0.058760924123465723 0.0067277771099829853 0.18018230261936999 -0.0060502226720846779 -0.013445759811538199 -0.0088093596702625513 -0.011383001912988928 0.00025449004900389427 0.023427206026155979 0.00046072339331720835 0.0060462394067760106 0.0076611384174164578 -0.018218923571026138 0.0096390492182101967 0.037915371276416587 0.0083750911092746634 -0.0038671045700374718 0.021010560762920124 -0.0027836058217619365 -0.013792609148226288 0.0087094390060579504 0.070800677744129792 -0.009730380037706543 -0.0064317660246581481 -0.0021622923432268017
leaf_weight=358 6440 2455 30132 10686 5055 2967 28339 2021 64184 13189 57839 6103 52280 12765 29401 5694 6477 11092 12064 13222 2499 4665 7671 13918 33284 19174 1747 139877 59820 49177
leaf_count=358 6440 2455 30132 10686 5055 2967 28339 2021 64184 13189 57839 6103 52280 12765 29401 5694 6477 11092 12064 13222 2499 4665 7671 13918 33284 19174 1747 139877 59820 49177
internal_value=-0.00159409 0.00423026 -0.00387577 0.00891036 -0.00216775 0.00209829 0.00502303 0.00798498 -0.00275363 -0.00543346 -0.00331124 0.000926421 -0.000554732 0.00633973 0.00135241 -0.00233829 0.00314942 -0.00618538 0.00210694 0.0121167 -0.00354858 0.000151771 0.0104869 0.00023105 -0.00635814 0.00495031 0.0184176 -0.00611394 -0.00283712 -0.000866334
internal_weight=704595 198329 506266 62070 241482 136259 38977 59615 207026 264784 176894 97282 58383 42625 34456 119055 38899 189276 32459 16990 75508 5023 10638 20395 184253 31939 3768 173161 62319 54871
internal_count=704595 198329 506266 62070 241482 136259 38977 59615 207026 264784 176894 97282 58383 42625 34456 119055 38899 189276 32459 16990 75508 5023 10638 20395 184253 31939 3768 173161 62319 54871
cat_boundaries=0 19 42 50 77 104 131 159 183 191 217 244 271 278 305 332
cat_threshold=0 0 0 0 0 64 0 0 2048 0 0 0 0 0 0 0 268435456 0 8192 4718608 67239936 512 67109184 32768 0 8421376 16384 65536 805318924 0 2048 0 0 0 64 8389632 0 26230800 0 0 524288 134217728 33092 16912418 344578 2151677952 4194561 344983040 201331204 130 134217728 512 68190240 2164260872 0 0 83886336 1048576 0 0 8192 2048 0 8388928 1073742080 1064960 0 558080 0 4096 1073741824 1024 6144 0 64 0 2048 2 0 0 0 16 268435456 536870976 65536 0 2101248 8388608 0 536870912 8388608 524288 0 536870912 4 0 0 67108864 0 134217728 1048576 268468352 4 4 262224 4096 512 603980032 0 268435456 8192 0 81920 264 0 134218768 1835016 0 0 0 8388608 1024 0 0 0 0 134217728 4194304 8421520 0 4 2118 64 8768 2214592768 16 0 32834 65536 0 268439552 0 134217728 0 1024 524288 2 1536 32 0 0 67108864 1024 0 0 32768 0 524296 1 16 0 0 0 0 0 0 0 0 4096 0 0 0 0 0 0 536870912 0 16777216 0 0 0 0 1048576 1810 138413056 8406024 2392064 397332 67633793 137404544 8 0 64 0 8 0 0 0 0 2 0 0 0 0 64 1048576 0 0 0 0 0 32 0 0 0 0 2147483648 524288 0 4096 144969728 4194304 1073741888 671089152 0 0 1615069184 2147483648 262144 536871168 0 0 0 0 1028 0 8390656 0 4718592 0 8192 0 1024 4 0 1073750080 32801 33619968 262144 65536 134381568 0 36 0 0 0 0 0 18 0 0 131072 4227584 1 16777216 67108864 512 0 65536 1073741828 335609984 537217282 576 16835584 34095104 264194 3355983875 2436890624 16 262144 1152 16777216 0 0 537010176 2147485696 1073758208 33554440 1 131072 8912896 0 1025 0 802816 0 2048 16384 0 0 4 8 8421376 0 2097152 2147549184 8192 4096 0 65536 0 4 67108864 8192 131072 1048576 33587200 262144 2155872328 1048576 8454144 512 0 1048576 10485760 0 0 8192 0 8388608 20 285212677
is_linear=0
shrinkage=0.05


Tree=29
num_leaves=31
num_cat=19
split_feature=11 35 27 4 37 28 35 22 28 37 22 35 36 37 37 37 22 37 37 36 37 36 36 36 36 37 36 37 36 36
split_gain=3391 748.617 579.836 483.029 258.311 193.71 177.797 167.432 148.424 127.997 124.083 115.849 114.753 106.608 106.482 95.0707 92.1938 92.0788 91.9396 85.9686 84.6604 83.6087 81.9751 77.954 73.6956 72.0994 67.7279 66.8111 66.6277 66.4571
threshold=1.0400000214576723 0.74277594685554515 0.7134494185447694 2.5687874555587773 0 0.99950000643730175 1.0023766160011294 4.5000000000000009 0.99850001931190502 1 5.5000000000000009 0.81763020157814037 2 3 4 5 5.5000000000000009 6 7 8 9 10 11 12 13 14 15 16 17 18
decision_type=2 2 2 2 9 2 2 2 2 9 2 2 9 9 9 9 2 9 9 9 9 9 9 9 9 9 9 9 9 9
left_child=2 15 8 6 23 11 10 12 9 -1 21 -6 -5 -7 -13 -2 24 -8 -15 -18 -9 -3 -19 -4 -16 -10 -11 -12 -27 -20
right_child=1 3 4 7 5 13 17 20 25 26 27 14 -14 18 16 -17 19 22 29 -21 -22 -23 -24 -25 -26 28 -28 -29 -30 -31
leaf_value=0.0075915810270611285 0.52128467705393988 0.020734545350547154 -0.0080779743114328933 0.050001051363633267 0.015590769864654207 0.002218289307413507 -0.013802197681448936 0.1286467658104867 -0.018571046633684647 0.0049934773796787603 0.036388269792283982 -0.014470710806461465 0.014961969735011051 -0.0010402478361303342 0.0086005394022352754 0.065509979193190196 0.023494823476938199 0.015737224508479985 0.0036742653732279116 0.0019802008247087502 0.035710385592352005 0.0039110270582813468 -0.0007108901288826353 0.011245910087351641 -0.0034074989756790299 0.0030299606864729878 -0.0079227385924652647 0.011427519492498085 -0.010443869865334271 -0.0085337362086468117
leaf_weight=4455 1994 2959 1910 3203 6494 9620 5033 4452 11416 2086 4514 6410 39054 15371 2594 1696 1265 1951 3000 22712 12559 67013 33397 14623 89868 2285 112766 7563 115513 97691
leaf_count=4455 1994 2959 1910 3203 6494 9620 5033 4452 11416 2086 4514 6410 39054 15371 2594 1696 1265 1951 3000 22712 12559 67013 33397 14623 89868 2285 112766 7563 115513 97691
internal_value=-0.00155455 0.0042516 -0.00362423 0.00379873 -0.00202709 -0.00241971 0.00200501 0.00750392 -0.00536939 -0.00409769 0.00334171 -0.00106141 0.00581754 -0.00381774 -0.00140547 0.0265443 -0.00105957 -0.000711022 -0.00423677 0.00170312 0.0116925 0.00253383 0.000190899 0.0040279 -0.00177612 -0.00654355 -0.00442005 0.00802182 -0.00617376 -0.00478677
internal_weight=705467 185388 520079 181698 271558 255025 122430 59268 248521 119307 82049 129343 42257 125682 122849 3690 116439 40381 116062 23977 17011 69972 35348 16533 92462 129214 114852 12077 117798 100691
internal_count=705467 185388 520079 181698 271558 255025 122430 59268 248521 119307 82049 129343 42257 125682 122849 3690 116439 40381 116062 23977 17011 69972 35348 16533 92462 129214 114852 12077 117798 100691
cat_boundaries=0 28 55 83 109 136 162 189 215 243 267 295 320 344 372 399 427 454 482 510
cat_threshold=4194320 262208 268435456 67108880 16777216 16384 8396800 4 0 2097408 0 134217728 0 6144 537395200 0 536871168 32 16384 8 0 0 135266304 1073741832 0 0 5 1 4 0 0 0 553910304 0 2097152 8388608 2162688 0 135168 134217728 1048576 64 2621440 536936448 16777472 2097152 0 0 262144 0 33562752 4194304 16777216 2164326400 4 1114136 67125250 0 33554434 16777412 2147484160 0 4096 131712 128 8404992 0 134217728 0 0 134217728 538968064 0 0 0 0 0 512 16384 16 4160 0 8192 524288 4096 9216 0 32784 0 1048576 65568 1610612736 8192 0 525312 1074794504 0 1 64 134145 0 4 16384 4194304 0 1 0 128 4228096 142606336 0 32776 0 4194304 65536 268451840 134348928 32 0 2 268976128 0 8193 273 1064960 0 0 0 0 262144 0 0 0 0 1090520132 805306496 0 64 0 0 0 0 0 0 2048 0 0 0 0 64 0 0 0 0 0 0 0 0 0 0 0 4 67108864 1073741888 32 0 0 0 0 68157440 8192 0 2147483648 570425344 0 328 0 1048576 553648640 32768 0 134217728 4194304 134221825 2048 134217728 0 2151678980 838860800 128 0 66064 2281701376 536936450 285343808 536870912 1 1048576 536870912 16777216 16384 4 0 0 0 0 0 2164261392 0 100728832 2048 8196 16777216 0 16 33554433 0 2162688 64 0 16777224 1073758208 8192 0 268443904 0 67584 1048592 2147500032 0 1 0 36864 131072 2097152 4194304 0 16 16777216 524288 536870912 2097152 2097152 16 512 4096 0 0 0 0 0 0 4096 0 0 0 0 0 0 268435456 0 8388608 0 0 0 0 1048576 0 0 1028 129 0 0 155648 2 1073742336 8388608 0 536871424 4194336 33554432 1107312640 67174400 8390656 142606464 64 2097152 0 32768 0 0 0 0 1050624 4096 0 268437504 0 16777216 131584 4194304 33620000 0 134217728 524289 32 32 8388608 33554432 16928 1154 0 131072 1048576 0 0 1074176 0 17825792 1073741824 0 0 2147483648 2147483648 0 148 262144 1048576 4096 256 0 0 50331648 0 0 67117056 9437248 16777216 128 768 0 67145984 268570628 528384 32 512 67108864 6291488 0 0 0 1024 128 0 536936448 32 8388672 134217728 3145728 294912 0 8193 268435456 525572 268435456 65536 0 2181038080 0 4096 0 536870976 4100 1073750080 32 33619976 393216 4194320 134512640 0 36 0 0 2048 0 0 16 1048576 0 0 4194304 0 1040 67108866 33554433 134217728 0 1048576 335544320 2147484736 37748736 65536 2147483648 0 0 0 528384 0 0 8256 1073741824 8388611 1024 134217744 1073741824 1024 2281701376 0 0 32768 8 512 133120 16384 67108865 4096 134217728 67633170 0 0 4194560 32768 64 8388608 0 0 536875292 0 134219776 0 33554432 0 1048640 8912896 1024 17825808 1073741824 0 0 134217728 0 268468224 4 4 8704 0 0 2097152 1024 256 17056 0 1073741824 8192 0 0 25174016 32768 0 32768 0 0 0 0 4096 2162692 4259840 1179648 134218752 66048 1 369098752 1073741828 32768 0 33554432 1342177280 129 268435456 0 75497505 147456 0 33554496 0 0 537133056 4 260 0 1048576 4096 262144 768 0 0 524288 64 8388608 6
is_linear=0
shrinkage=0.05


Tree=30
num_leaves=31
num_cat=19
split_feature=3 5 5 36 27 35 35 35 27 35 28 42 36 36 28 36 36 42 42 36 42 42 42 42 36 36 42 42 36 36
split_gain=3098.36 726.275 457.883 358.66 287.111 221.754 172.615 152.832 119.452 95.3188 94.1041 126.997 94.3723 89.0647 88.3396 88.1887 85.2397 83.2717 80.2091 79.3033 79.0262 77.4006 74.5875 69.7783 66.6139 63.9019 60.4618 58.2684 58.868 56.3813
threshold=1.2566279172897341 3.8482166528701787 0.65031421184539806 0 1.5375537276268008 1.0199413299560549 0.81763020157814037 0.80002030730247509 1.0581581592559817 1.0308319926261904 0.92170321941375744 1 2 3 0.99850001931190502 4 5 6 7 8 9 10 11 12 13 14 15 16 17 18
decision_type=2 2 2 9 2 2 2 2 2 2 2 9 9 9 2 9 9 9 9 9 9 9 9 9 9 9 9 9 9 9
left_child=2 4 14 -3 9 6 -4 -6 18 19 12 16 -9 -13 20 -5 -12 -10 -8 -2 -1 -7 -11 -14 -22 -19 -16 28 -20 -29
right_child=1 3 5 15 7 21 8 10 17 22 11 13 23 -15 26 -17 -18 25 27 -21 24 -23 -24 -25 -26 -27 -28 29 -30 -31
leaf_value=-0.01189633829394608 0.017099952098792115 0.48721034188288348 0.018488918707292887 0.072345813803561754 0.05872013812316286 -0.00076450261694060995 -0.0085724125188585722 0.044249779167013448 -0.0073555264528237354 0.0053054592454725939 0.027478101970944725 0.016277547090461666 0.018647525657318458 -0.002068369581746843 -0.015241363893528101 0.033291534582828033 0.0085408382504655218 0.014542602010114071 0.012469511469652174 0.0010853827775804791 0.0091755137669142211 -0.010260305574365376 -0.0089881423902126445 0.0069940025264929378 -0.0071425658687572953 0.00011308095170901034 -0.010248151370885049 0.0066465888428216104 -0.00076751448803703696 -0.0047099253549468872
leaf_weight=20913 2513 1794 6652 4559 2143 7893 19899 2037 11848 3835 3143 2767 20114 22814 21607 23808 27417 1825 1250 63235 1466 57353 14194 21065 60801 59608 79262 2258 14948 122761
leaf_count=20913 2513 1794 6652 4559 2143 7893 19899 2037 11848 3835 3143 2767 20114 22814 21607 23808 27417 1825 1250 63235 1466 57353 14194 21065 60801 59608 79262 2258 14948 122761
internal_value=-0.00151282 0.00348509 -0.00370872 0.0106802 0.00231375 -0.00252431 -0.00182436 0.00410193 -0.00204977 0.000147264 0.00381688 0.00246674 0.00557072 -0.000133342 -0.00567977 0.00929637 0.00464165 -0.000376116 -0.002811 0.00103043 -0.00447338 -0.0051102 -0.00307335 0.00504643 -0.00357811 0.000364356 -0.00667456 -0.00239161 0.000430316 -0.00275724
internal_weight=705782 215438 490344 30161 185277 306295 241049 101500 234397 83777 99357 56141 43216 25581 184049 28367 30560 73281 161116 65748 83180 65246 18029 41179 62267 61433 100869 141217 16198 125019
internal_count=705782 215438 490344 30161 185277 306295 241049 101500 234397 83777 99357 56141 43216 25581 184049 28367 30560 73281 161116 65748 83180 65246 18029 41179 62267 61433 100869 141217 16198 125019
cat_boundaries=0 28 36 61 89 115 143 151 158 186 194 202 210 218 246 272 279 286 314 342
cat_threshold=32 2148810752 0 0 68 0 0 0 0 0 0 0 0 0 0 65536 65536 0 256 1024 4096 0 0 2 0 0 2 1073741828 17367040 202375170 147714 2291140224 604045321 2164260864 2105378 224 65552 16 64 2164260866 0 16777217 0 0 1073742464 0 1 0 32 301990912 0 1024 2451570688 16448 67108864 8519680 0 4104 16 524288 1 0 301991936 0 4194304 2097152 0 268435552 0 0 4096 128 538968064 0 268435456 512 134545408 0 268436480 2147486208 524288 4194560 67174464 0 0 1075838976 0 0 67109120 1048578 545259522 18 0 524328 2281709569 4325376 10242 131072 0 8388608 0 33570816 0 0 134218752 0 0 0 0 256 1073741824 512 16384 16 4198400 1 2 2048 0 17170432 536871424 536870912 6160 0 0 75497472 16785472 8192 262144 65536 1160 33685504 8388608 0 1048592 0 0 1 16 0 4096 0 2048 67108931 66048 536881156 819200 1076123648 1623744513 2684356608 9 2304 896 539648 8683584 2315258502 3892314130 2165342208 536870912 134218752 0 32 8388740 1024 24576 268435458 524288 134479872 0 32 32 557060 0 278532 65537 0 16777216 524288 0 32768 32 0 0 0 0 1052672 1794 469762048 16384 2148795392 147596 3355992210 2176843904 1 2113548 2174222336 34013184 2148532224 6291744 92279808 1619001476 224 580 84410368 851968 2147483648 2097152 276829696 4 192 16842758 285212672 1074144544 2147484052 65536 269484480 0 66 603979776 33570816 1073743872 0 512 0 16384 8650752 32768 67108864 8192 0 32 35072 0 0 64 134217732 0 0 0 8 8388608 133120 4210688 0 0 12544 512 8192 8388608 0 67108864 0 0 41943040 544 256 0 2281701376 0 2097152 134250500 67108864 524288 134217728 1073807392 2097156 512 10486272 16 33554432 16777216 64 149570 335548480 21495814 34357504 4112 3221749761 406892552 6340616 2734686240 335609906 2214592516 1077969153 269485568 67108868 512 67108868 268435456 4194304 1 16842752 1073807368 10240 0 268435456 0 0 1048576 33595392 512 0 0 336076800 536870912 8192 0 4096 1 64 0 131072 4096 8192 8388608 32800 134217728 67108864 0 256 0 524288 0 0 134217760 0 527360 268435456 0 268435520 8390656 536903680 1073741824 1024 0 16653 0 33554432 589824 0 16384 1048576
is_linear=0
shrinkage=0.05


Tree=31
num_leaves=31
num_cat=15
split_feature=11 35 5 0 37 22 35 37 22 37 30 37 35 5 42 22 37 35 35 37 42 42 35 37 42 37 22 37 37 37
split_gain=2829.44 687.049 466.762 440.099 246.935 211.119 167.599 162.201 147.602 131.128 129.019 199.696 112.182 106.733 104.72 97.0209 86.0266 88.4352 85.0693 82.1832 74.4323 72.8993 71.2294 68.9814 65.4495 63.5406 56.9079 56.6343 55.1658 54.3551
threshold=0.971428543329239 0.79101082682609569 0.62703013420104992 2.50000011920929 0 4.5000000000000009 1.0925666093826296 1 5.5000000000000009 2 1.0000000180025095e-35 3 1.0119994282722475 4.4370880126953134 4 1.5000000000000002 5 0.93340539932250988 0.7614157795906068 6 7 8 0.90901944041252147 9 10 11 4.5000000000000009 12 13 14
decision_type=2 2 2 2 9 2 2 9 2 9 2 9 2 2 9 2 9 2 2 9 9 9 2 9 9 9 2 9 9 9
left_child=2 7 16 6 -4 9 10 -2 13 -6 15 -12 18 -5 -7 21 -1 25 -11 -16 -20 -3 -21 -14 -24 -18 27 -19 -22 -17
right_child=1 3 4 8 5 14 -8 -9 -10 12 11 -13 23 -15 19 29 17 26 20 22 28 -23 24 -25 -26 -27 -28 -29 -30 -31
leaf_value=-0.015279507562892099 0.47937309062736233 -0.0012411419102385524 0.0055742621290083838 0.010355520423360643 0.00050279970038175634 0.0059937242061493205 -0.0079512352861520093 0.055932989926535864 0.054345455492645814 0.022159205446011257 0.045501278048641437 0.0058818894239656364 0.00062844972365764119 0.035714264310599431 0.0089867232360989792 -0.011429670354653865 0.01089930433106566 -0.0010259288532975433 -0.0095700199754635406 0.0090911606835631931 -0.012642254684436234 0.0067651209291239717 -0.012081044641439566 -0.010717725893754687 -0.0032125671287438042 -0.006748896418221329 -0.0081844653107000127 -0.010774206185445223 -0.004460693772395519 -0.00031683225744557621
leaf_weight=17147 1947 10494 18848 36867 19307 17104 12971 3263 8703 2200 5965 40329 3956 15234 5230 4739 2552 3702 16299 5575 6332 24598 9498 50201 52675 18387 36099 87601 127117 39742
leaf_count=17147 1947 10494 18848 36867 19307 17104 12971 3263 8703 2200 5965 40329 3956 15234 5230 4739 2552 3702 16299 5575 6332 24598 9498 50201 52675 18387 36099 87601 127117 39742
internal_value=-0.00150844 0.00344052 -0.00353675 0.00297268 -0.00246177 -0.00279385 0.00141909 0.0213635 0.00652002 -0.00361159 0.00197677 0.00407549 -0.00398059 0.00551298 -0.000747921 0.000755743 -0.00570854 -0.00531953 -0.00328433 -0.00157318 -0.00342774 0.00272134 -0.00203958 -0.00593472 -0.00252537 -0.00230838 -0.00581482 -0.00647932 -0.00303733 -0.000794984
internal_weight=704682 204852 499830 199642 334342 315494 138838 5210 60804 225412 125867 46294 206105 52101 90082 79573 165488 148341 151948 72978 149748 35092 67748 54157 62173 20939 127402 91303 133449 44481
internal_count=704682 204852 499830 199642 334342 315494 138838 5210 60804 225412 125867 46294 206105 52101 90082 79573 165488 148341 151948 72978 149748 35092 67748 54157 62173 20939 127402 91303 133449 44481
cat_boundaries=0 28 47 74 100 108 135 161 169 176 203 211 238 265 290 318
cat_threshold=4718608 0 268435472 67108864 36880 16924672 8388672 0 0 0 0 134218784 134217728 2048 524288 0 536871168 256 0 8 0 4194304 0 1073741824 65552 262144 268435460 1 0 64 0 0 0 0 0 0 2048 0 0 0 0 64 0 0 0 0 1048576 2415919172 0 0 16 553713664 0 1048577 8585220 0 256 0 0 0 2181038080 67108864 67584 16384 8389120 2147483648 0 0 2048 0 6291456 32768 32 2097160 16 131072 512 64 4227072 0 536870912 16385 65536 805437440 0 134217728 4104 0 0 0 8913928 32768 8388624 0 0 524288 134217728 0 0 536870916 6307968 570425346 1174405136 8388628 1616936993 2282751232 131087 128 134217732 8704 32800 16777218 262144 4259840 134250496 0 36 0 0 0 0 33554448 16 1048576 4194304 32768 2147483652 524288 4196352 2 33556480 0 268435456 0 268435584 0 4198464 1152 134217728 0 268435472 16809984 0 65536 35651840 0 16 528416 0 537927680 0 657408 0 2064 0 0 0 1056768 131072 8388672 2097152 67374080 16896 4096 1115947040 136317574 3892314128 3272613896 256 640 940572672 34349184 68173856 805326850 3634429952 553783296 2097152 4608 8192 2147483648 4194306 268435456 67108864 32 32 270942208 0 278528 0 1 0 134217728 1032 32 16 4096 0 0 4 0 193 4194320 512 198672 67072 2164277294 360514 33567236 524865 1052800 8 32 2147483648 67108864 0 8519680 0 4 134742016 8704 0 131072 0 262152 541504 276824064 65536 16777216 16 0 1048576 262176 0 8 0 0 3221225472 620756992 0 0 516 16 8388608 538968064 1 524288 6291472 76 0 16384 134225920 134299648 524296 0 0 1074266128 0 4194304 0 0 0 1073741824 34816 33554448 16 0 4096 4 16842752 128 0 268697864 0 32 33554432 5244929 524288 544 16 129 1048576 0 528384 4227072 1048704 33554432 0 16777216 0 64 16 67117632 67109504 17367104 131072 0 1048576 0 8 0 2155876352 2048 524288 64 1073741824 1048576 0 8 0 4096 0 134217728 1 4194304 64 0 2048 1
is_linear=0
shrinkage=0.05


Tree=32
num_leaves=31
num_cat=21
split_feature=6 35 4 5 28 30 37 37 37 37 30 37 30 37 37 36 37 36 36 36 30 37 37 36 36 36 37 36 36 36
split_gain=2591.27 619.81 433.265 419.459 217.432 142.612 171.718 140.471 136.97 136.917 119.846 156.23 114.401 134.624 110.07 108.089 107.886 92.2323 90.8064 87.094 83.7248 82.8339 84.4936 82.667 81.1125 78.2377 76.7372 74.3185 74.152 73.4703
threshold=1.2333750128746035 0.61867865920066845 2.1259223222732548 0.6337794065475465 0.99950000643730175 1.0000000180025095e-35 0 1 2 3 1.0000000180025095e-35 4 1.0000000180025095e-35 5 6 7 8 9 10 11 1.0000000180025095e-35 12 13 14 15 16 17 18 19 20
decision_type=2 2 2 2 2 2 9 9 9 9 2 9 2 9 9 9 9 9 9 9 2 9 9 9 9 9 9 9 9 9
left_child=3 15 7 20 8 9 -7 -3 -5 29 14 -12 18 -14 -10 -2 -6 -13 -9 -16 28 -18 -23 -8 -11 -15 -20 -24 -1 -4
right_child=1 2 5 4 16 6 23 12 10 24 11 17 13 25 19 -17 21 -19 26 -21 -22 22 27 -25 -26 -27 -28 -29 -30 -31
leaf_value=0.00467848067646772 0.10558798167560789 -0.012120126003203426 0.043780839158704468 0.015495800217072581 -0.017885029701264626 0.21856105082617394 0.054321737802049921 0.013577547616954833 0.0042489640948490505 0.026977073547220745 0.0165742924311739 0.016242524648263916 0.024908666220139541 0.021125893309646843 0.0072977081084733891 0.46384779165629697 0.0021592684360074387 -0.0016154115042434803 -0.0083619970811703286 -0.004986812674067898 -0.0080141245997451104 -0.00093796193792183022 0.0045873298157909168 0.020540393089557886 0.0041335391597265179 0.0031132235073594084 0.00064805149456936828 -0.0071401278971899018 -0.010253951684167173 0.016492954955276768
leaf_weight=1862 857 6656 2716 4914 7937 3258 2408 3539 8960 3340 6602 2010 7649 1935 3212 1894 8135 52843 8526 89379 62899 18110 2800 25665 33401 33180 62285 117768 106448 14728
leaf_count=1862 857 6656 2716 4914 7937 3258 2408 3539 8960 3340 6602 2010 7649 1935 3212 1894 8135 52843 8526 89379 62899 18110 2800 25665 33401 33180 62285 117768 106448 14728
internal_value=-0.0014671 0.00315621 0.00284621 -0.00345203 -0.00239059 0.0055831 0.0082683 0.000955191 -0.00114459 0.00403033 -0.00139265 0.000350047 0.00135688 0.00341751 -0.00244739 0.0267306 -0.00374263 -0.000525162 0.00017182 -0.0029593 -0.00545244 -0.00343481 -0.00372254 0.0069982 0.00229613 0.00210563 -0.000219388 -0.00420098 -0.00629507 0.00767688
internal_weight=705916 212037 209286 493879 322670 85516 31331 123770 167920 54185 163006 61455 117114 42764 101551 2751 154750 54853 74350 92591 171209 146813 138678 28073 36741 35115 70811 120568 108310 17444
internal_count=705916 212037 209286 493879 322670 85516 31331 123770 167920 54185 163006 61455 117114 42764 101551 2751 154750 54853 74350 92591 171209 146813 138678 28073 36741 35115 70811 120568 108310 17444
cat_boundaries=0 17 44 71 98 125 148 174 196 223 248 273 301 329 355 383 409 437 464 492 520 548
cat_threshold=16 0 0 0 0 64 0 0 0 0 0 0 0 8388608 0 0 268435456 134217729 64 67108896 536870928 131072 0 67108864 1048576 0 32 4096 0 0 8388673 256 1064960 0 557064 0 0 1073741824 134217728 6144 134217728 64 3225419840 268435456 2 64 65536 0 262146 147456 2097152 2147483648 0 0 1073741824 134217728 0 33554432 524288 0 536871168 268435712 0 131076 128 4194304 134225920 0 12582928 2147745792 268443652 66 0 64 8388864 16 64 536871488 65536 2048 536875012 0 134217728 536870912 1024 524288 262144 268959744 36 0 0 67108864 0 134217728 1048592 268435456 0 4 16 1140850688 1536 16384 0 0 536879108 0 90112 0 8192 536871952 8650752 0 0 8388608 786432 1024 25165840 0 0 134217728 2048 4194304 0 16777220 67108865 71303184 67239936 1536 2214592576 4227072 0 536903680 16385 65544 537010432 1073741824 0 0 0 0 0 8389632 0 26230800 0 0 0 134217728 0 32 0 0 536936448 0 9437184 1142030336 2097152 0 2147487744 33554432 134217736 2147483712 268439552 67584 2048 0 1048608 2097152 32 4096 33554560 0 32768 1073741824 0 0 18 0 32 0 0 0 0 0 0 0 0 0 0 0 33554432 0 65536 1024 4096 4 4112 1073741888 1048576 0 0 0 8 537919488 8704 2147483648 0 2048 0 320 16 1049088 0 0 65536 134742016 1040 0 0 671088640 0 17825804 872415360 1 0 65536 66 512 8 1073758208 2148564992 131104 268435456 524288 65568 32 0 0 1073742337 2048 134758400 1 2097152 2147483648 16 0 35651584 16 1048576 0 32768 2147483648 2293760 256 64 67371042 0 262144 8388609 0 71304192 0 8404992 264194 545260033 0 0 134217732 0 4096 0 2147483648 8192 2147483649 544 0 306184192 0 16777216 64 1572880 32 1179648 0 0 4196356 0 0 0 0 16781312 0 525312 1342177280 513 0 2048 0 512 16896 135266304 0 4096 268435984 16 32768 285360128 64 65568 1048578 0 0 525312 1048584 8388608 0 0 133376 32 16384 8 0 0 0 1073741824 128 4195328 16777216 1 71827456 4456448 4096 2147483648 65536 1073741888 1048576 16 0 268435456 4096 134348800 8196 2147483648 4096 0 262144 0 2147483652 0 65536 2112 134217732 0 16 2129936 2 0 1024 0 1081346 134348864 537001984 8523778 131072 8389632 32 0 0 0 0 0 0 135266304 512 1048576 16384 67108928 528 16778240 1073741824 2048 0 67108864 2147680256 268435456 131072 4194304 655364 134217728 0 50 640 4096 8388608 32 0 0 536870912 128 1 335544320 16777216 16 1073741824 1 0 4210688 8192 4096 0 8192 67108868 2097152 2097152 16777216 0 32768 512 524288 294912 4096 134217728 32 32768 2147484672 32 260 2147550208 16777216 0 0 0 0 1073741824 138412032 0 67109123 8650768 67117568 0 593984 0 0 16777216 0 268435464 0 1082130432 537397248 1835016 4 1073741824 0 2080 0 16384 8 0 18432 0 0 0 0 2064 0 172032 0 2129920 268435456 0 268435456 512 32 2147500032 0 2097152 64 8 134217728 50332676 0 1048576 0 0 0 2147483916 262144 1048576 134218752 2048 0 12 67108864 0 0 16 1024 0 16384 1610616832 128 0 545259520 0 0 0 65600 16777344 16 0 0 134222080 262144 0 2155873280 0 16 0 524289 470024224 1310720 746602498 2048 4194304 0 2147484160 33570816 0 128 67108864 0 0 134225920 33816576 2097152 0 536870912 9437312 0 0 0 4096 0 0 16 4160 0 526336
is_linear=0
shrinkage=0.05


Tree=33
num_leaves=31
num_cat=19
split_feature=6 4 4 36 0 28 42 30 42 42 28 42 30 36 36 36 36 30 36 36 42 36 36 18 36 36 30 42 36 42
split_gain=2383.41 572.995 394.617 323.369 242.653 202.247 126.229 109.32 109.285 107.023 102.367 98.5922 95.3094 88.4678 80.2399 79.6583 78.3989 77.1843 93.0672 83.3667 75.321 72.5878 72.0704 70.6086 79.5097 68.4756 64.6561 105.03 67.2542 64.2077
threshold=1.2333750128746035 4.8858752250671396 0.62018403410911571 0 1.8000001311302187 0.99950000643730175 1 1.0000000180025095e-35 2 3 0.99950000643730175 4 1.0000000180025095e-35 5 6 7 8 1.0000000180025095e-35 9 10 11 12 13 0.96542859077453624 14 15 1.0000000180025095e-35 16 17 18
decision_type=2 2 2 9 2 2 9 2 9 9 2 9 2 9 9 9 9 2 9 9 9 9 9 2 9 9 2 9 9 9
left_child=2 4 12 -3 10 7 13 9 -9 -4 22 -12 -1 -7 -11 -5 -10 18 -6 -19 21 -16 -2 -8 -25 -14 28 -28 -24 -20
right_child=1 3 5 15 17 6 23 8 16 14 11 -13 25 -15 20 -17 -18 19 29 -21 -22 -23 26 24 -26 -27 27 -29 -30 -31
leaf_value=-0.0097900753606415016 0.022854125738212733 0.49838998688183178 -0.0099862638020607047 0.092424250490880724 0.023665107284376513 0.0097445615752509776 -0.011755766015008468 0.012663910601464247 0.019789576045019838 0.010149868695338172 -0.01019428516669656 0.00013823469083977248 0.0089048881996245614 -0.0027241284952605849 0.019007557220061803 0.03727284489945637 -0.00097932610405019336 0.053237755178826118 -0.0014395726492419658 0.016711969271598123 -0.0037107944524250426 0.00055605131182455696 0.013588174203674419 0.005052966981334262 -0.0061374026349277468 -0.007981926145611563 0.044230930305160496 0.0049463838681257782 -0.00039215778798182835 0.0077534492416461214
leaf_weight=111775 1795 1318 11400 3393 3366 2189 29776 8098 1218 2758 10206 39883 1750 35556 1502 11860 52267 1969 11696 30490 75035 13297 2157 2344 79164 65513 3806 17298 31176 41694
leaf_count=111775 1795 1318 11400 3393 3366 2189 29776 8098 1218 2758 10206 39883 1750 35556 1502 11860 52267 1969 11696 30490 75035 13297 2157 2344 79164 65513 3806 17298 31176 41694
internal_value=-0.00147122 0.00296152 -0.00337587 0.0118883 0.00220495 -0.0023094 -0.00364566 -0.00110667 0.000562849 -0.00209533 0.000591482 -0.00105236 -0.00524983 -0.00114584 -0.00153181 0.00980985 -0.000257262 0.00412776 0.00301549 0.00607247 -0.00179003 0.00146945 0.00205573 -0.00449301 -0.0037321 -0.0037626 0.00172894 0.00389481 0.000358118 0.0025051
internal_weight=705749 212107 493642 16571 195536 314604 149029 165575 61583 103992 106321 50089 179038 37745 92592 15253 53485 89215 56756 32459 89834 14799 56232 111284 81508 67263 54437 21104 33333 53390
internal_count=705749 212107 493642 16571 195536 314604 149029 165575 61583 103992 106321 50089 179038 37745 92592 15253 53485 89215 56756 32459 89834 14799 56232 111284 81508 67263 54437 21104 33333 53390
cat_boundaries=0 28 36 44 52 60 87 115 141 169 197 225 233 259 287 315 342 350 376 384
cat_threshold=32 2148794368 0 0 0 0 0 0 0 0 0 0 0 0 0 65536 65536 0 256 0 0 0 0 2 0 0 2 1073741828 69828868 3424124928 67125248 2147483648 71303209 26218560 134221824 224 6307968 570953730 33816966 37756944 570425346 3489660928 131087 130 2424848 1064960 268288 1073742144 671252608 2298609672 3264219147 8 131456 5120 1342447622 262194 302123010 1342832768 17829889 10 537133570 131076 0 0 0 0 1024 0 1073743872 0 0 0 0 819329 537395461 16384 0 1056768 0 0 0 8 262144 64 4784128 1048576 262144 2684355586 516 16384 32 0 512 1073807364 34603008 512 0 536870944 524296 4 2048 0 128 0 2147491840 268435456 0 0 12 0 655360 0 8392704 0 134217728 1048576 612384770 1026 0 44 2285895680 4325376 8194 512 128 0 0 167772160 256 0 8192 0 134217728 0 1024 4096 64 512 16384 0 4198400 0 0 2048 2 134217728 0 16384 2147483648 524288 272629760 0 0 4128 0 0 513 0 16384 8192 16384 2181038080 1073824016 0 69238784 524304 0 41943040 1048576 65536 268435458 0 1077936256 0 2147549712 0 32 1073873024 75505664 8388608 18874368 8192 0 0 0 2097153 1048704 16777218 25165824 1073741824 0 0 2147483648 0 0 0 2048 0 0 1028 4 17891328 131136 0 8388608 268435458 0 0 536870912 0 256 0 1028 128 167804928 0 10485760 262144 67108864 268435472 0 1073741824 4261952 0 67108864 4194312 16781314 268518930 2147483682 106955042 268436480 69214980 34 262160 67108864 65536 1073807360 41943040 16777344 8192 536872960 131072 16777216 0 4194304 4194304 32772 1056768 0 1024 1 263172 1050624 0 0 1 0 0 131072 2 0 64 2147483650 2147483776 0 4325376 10 512 262144 0 0 288 33554432 1207992320 256 2147483776 134217728 4195328 4 0 1073741824 0 2099216 0 0 2048 4096 1073872896 8192 256 0 268435522 512 270534656 64 32 0 0 0 1 8200 134217736 2164261892 0 0 512 0 0 256 0 1048576 4096 2048 1075838976 12 1 8192 16 2166423552 0 67108864 0 0 3221225472 8192 2 536870912 0 262208 0 1073741824 8388608 167772160 131072 524288 163840 0 524352 65536 150997008 0 67108865 0 269484032 262404 0 805306368 16 0 128 1048576 0 0 32768 512 272630144 16432 270336 128 540673 8388609 0 67108864 2 268435584 262144 554172416 0 0 134217744 0 134217728 0 2151677952 0 32768 131712 269484032 38019072 8668205 806354952 76025872 553652226 130
is_linear=0
shrinkage=0.05


Tree=34
num_leaves=31
num_cat=20
split_feature=27 37 0 6 35 28 37 28 22 37 0 37 37 22 37 36 36 42 36 37 36 36 37 36 37 37 22 36 36 37
split_gain=2178.19 537.954 393.815 380.216 161.454 138.236 117.311 117.002 116.312 116.199 110.66 108.285 98.9345 95.199 84.0756 83.2654 77.8092 72.4482 71.9749 69.9257 69.2472 69.0392 66.8281 65.1191 65.0971 64.158 63.9657 63.0331 59.6707 57.7527
threshold=1.2707331180572512 0 2.1000000238418584 0.71868103742599498 1.0347376465797427 0.99850001931190502 1 0.99950000643730175 4.5000000000000009 2 0.94496741890907299 3 4 1.5000000000000002 5 6 7 8 9 10 11 12 13 14 15 16 5.5000000000000009 17 18 19
decision_type=2 9 2 2 2 2 9 2 2 9 2 9 9 2 9 9 9 9 9 9 9 9 9 9 9 9 2 9 9 9
left_child=3 -2 7 5 10 6 -1 14 13 -9 17 -10 -6 28 -3 -8 -12 -5 -13 -16 -11 -15 -7 -21 -17 -18 -19 -14 -4 -22
right_child=1 2 8 4 12 22 15 9 11 20 16 18 27 21 19 24 25 26 -20 23 29 -23 -24 -25 -26 -27 -28 -29 -30 -31
leaf_value=0.010640246080540539 0.45058297151601168 0.018253755891857681 0.041235262734879048 -0.0076820251020246104 0.0044330873384105518 -0.00076640705792479233 0.007284087729079714 -0.015614439667773107 0.098232705731706421 0.012191070247943921 0.010502962712257133 0.045349175033084332 0.006858270394762854 0.024117915458523393 -0.010260770051432952 -0.012231477742754078 0.012337052577503393 -0.003659717107345395 0.01741513783090878 0.020687992134768924 0.0079323501352237986 0.0047195783599779384 -0.0098244360978440182 0.0035023376457197332 -0.0060441528353602589 -0.00092594330450517382 0.0028619507781794287 -0.0097731323887645053 0.01520174257179392 -0.0017180711268870109
leaf_weight=3442 1660 7953 2248 18790 4004 5258 2300 4713 5126 2579 3344 1901 1366 2536 3088 7824 3941 100558 18137 2787 5269 31825 114666 55481 94386 79932 12948 39956 20773 47410
leaf_count=3442 1660 7953 2248 18790 4004 5258 2300 4713 5126 2579 3344 1901 1366 2536 3088 7824 3941 100558 18137 2787 5269 31825 114666 55481 94386 79932 12948 39956 20773 47410
internal_value=-0.00141923 0.00279935 0.00257616 -0.00324708 -0.00195868 -0.00474445 -0.00344641 0.000853567 0.00527427 -0.000763481 -0.00139769 0.00810848 -0.00467547 0.00403125 0.00225274 -0.00374542 -1.50485e-05 -0.0023092 0.00643798 0.00162465 -0.000119868 0.00236417 -0.00591286 0.00201359 -0.00395736 -0.000313677 -0.00183254 -0.00540186 0.00651931 -0.000512194
internal_weight=706201 213486 211826 492715 264839 227876 107952 129280 82546 59971 219513 25164 45326 57382 69309 104510 87217 132296 20038 61356 55258 34361 119924 58268 102210 83873 113506 41322 23021 52679
internal_count=706201 213486 211826 492715 264839 227876 107952 129280 82546 59971 219513 25164 45326 57382 69309 104510 87217 132296 20038 61356 55258 34361 119924 58268 102210 83873 113506 41322 23021 52679
cat_boundaries=0 9 36 63 87 114 141 168 196 203 231 258 286 314 342 369 394 421 450 476 501
cat_threshold=0 0 0 0 0 0 0 0 2048 16 0 1 0 16777248 536870912 0 25165824 2097664 0 0 134217728 262144 134234624 537395200 67108864 16777472 2097152 0 0 262176 131076 8192 4194304 0 3808428032 8 67110912 64 67108896 0 0 2097152 67109120 67108864 8192 0 0 0 0 1344 524288 1048704 553648128 2129920 2148532224 0 33840 4096 8 134217728 268435456 16 268435456 16 0 0 0 0 64 0 0 0 67112960 0 0 0 0 0 0 536870912 0 8208 0 0 0 0 1048576 16 4096 268436992 2222981120 2 268435456 0 32 8 16384 0 134217728 536576 33816576 1049728 0 8397056 32 2147483648 0 4194304 0 0 0 4194368 4194304 2097152 4194304 67109440 576 67633152 536870912 0 66 589824 16384 536875008 2147483648 0 0 256 525312 0 536871936 1056 1048580 2048 0 0 1050624 0 0 0 532481 536870912 33554432 1073743872 2151677954 576 0 0 266240 16 0 8256 1073741824 0 33024 536870912 1090519040 8392704 4 0 0 1 0 9437697 2048 0 64 262144 536870912 134217744 0 32 1082130560 1024 16384 0 544 0 32 32 64 8192 8388608 16777220 65536 0 16777250 1073741824 2147483712 8 264192 2048 0 0 32768 537919488 134284546 4352 16792576 8650752 33568768 1744978480 2449512448 2 0 1024 4 68780036 138543168 536870912 4098 0 25165856 16778240 0 16777216 256 0 1024 0 8192 0 11534336 0 67108864 0 0 0 1073741824 0 67108864 0 2147487744 32768 33554448 0 0 0 1209008128 1048576 64 524288 33816576 8 16384 33554688 1048576 0 32768 0 0 1024 1 12288 809500672 16777217 1090520064 33554432 1 0 8388864 0 44302336 0 32 4096 2147483648 67108864 268435456 262144 134217728 268435456 36 128 8388608 0 0 268435456 1074003968 0 8 2048 268435472 38976 4 256 65536 8388610 2 4194305 16777216 134217728 131072 16 1073741824 0 16384 16810016 0 256 0 134218758 33556481 67108864 16777216 0 256 1088 0 0 8192 4096 0 10240 0 32768 1024 262164 8388608 2097152 0 262160 0 134217732 16777216 66561 34078720 16384 0 16384 134480896 524336 0 0 65536 0 4096 1090519040 128 32768 0 1 1048577 0 4 0 2097152 128 0 268435457 67109376 0 32 0 1048864 0 9453568 294912 536871040 135169 4194304 0 4194305 0 0 100663296 16777216 4194304 67110912 142606336 4203008 536907776 8194 4194432 196608 1073741824 0 32 134217728 0 536870912 0 17 18 1064960 4194304 0 37376 0 4196352 0 0 0 268435456 0 2147483648 67108880 0 4096 16384 293601280 2148532224 0 538968064 0 0 0 33554432 1572864 65538 553648129 805306368 2147483648 2099200 0 4194304 1 1073741824 4194305 4 268435456 69632 16384 32 65600 1342177792 131074 0 537395200 0 180224 65544 0 5120 0 16896 4194304 0 2147483648 0 0 0 2281701380 134217728 0 0 536870912 0 131072 2 1310722 67108866 139264 0 83886208 16847376 34603008 8192 640 8388640 8388608 0 134234112 262144 1048576 134217728 0 128 0 1048576 0 0 0 0 0 4096 4194308 0 512 134217728 536870912 1073741824 8388612 1073741857 0 268447744 0 134217728 537919752 2048 1024 65536 512 36 8388608 8 67108864 134742016 134217728 0 8388608
is_linear=0
shrinkage=0.05


Tree=35
num_leaves=31
num_cat=19
split_feature=3 37 6 4 22 22 29 37 22 36 37 37 37 37 36 36 6 30 37 31 37 37 36 36 17 36 37 36 36 37
split_gain=2006.37 503.681 376.349 347.261 177.52 143.535 113.844 156.833 111.628 92.8778 89.5668 89.1928 126.389 80.296 77.0654 76.1222 75.4522 71.0105 69.7617 67.0334 66.6979 66.396 65.1763 63.7365 62.9316 60.381 58.1012 57.1288 56.4232 54.8417
threshold=1.2292567491531374 0 2.1562322378158574 0.57142862677574169 5.5000000000000009 5.5000000000000009 1.0000000180025095e-35 1 5.5000000000000009 2 3 4 5 6 7 8 1.0780656337738039 1.0000000180025095e-35 9 3.0408500432968144 10 11 12 13 1.0000000180025095e-35 14 15 16 17 18
decision_type=2 9 2 2 2 2 2 9 2 9 9 9 9 9 9 9 2 2 9 2 9 9 9 9 2 9 9 9 9 9
left_child=3 27 8 17 6 9 11 -8 13 -4 -9 -5 -13 15 -6 -3 -15 -1 -10 -7 -19 -16 -11 -18 -14 -12 -26 -2 -20 -24
right_child=1 2 5 4 14 19 7 10 18 22 25 12 24 16 21 -17 23 20 28 -21 -22 -23 29 -25 26 -27 -28 -29 -30 -31
leaf_value=-0.0099026147378682271 0.11537176651320902 0.034603941239479047 0.041478878066679381 0.0026561915671688141 0.017476592622633191 0.051916322248087246 0.0133523205542998 -0.0096564988949523704 -0.0074687140053199463 -0.01059502558048005 0.0088654010189934736 -0.00056374787785457567 -0.0055274219053683023 -0.0047205712494889978 0.01351081884971703 0.004609931291855174 0.013508648753529036 0.007521953169993132 0.033505083481438519 0.011566658480740439 -0.0081669270152078411 -0.00090030631476812348 0.01970069462991968 0.00024385127631264825 0.00011332224216949322 -0.0026768352993756378 -0.010422134232152592 0.47703043503127546 0.011080640153269473 0.008740705667619619
leaf_weight=89696 474 1751 4554 7825 2049 8960 5254 8305 2180 1952 2358 23311 107397 25260 3662 12253 3335 1840 1224 2552 52486 42514 14201 78480 3618 91640 40333 1174 16778 47961
leaf_count=89696 474 1751 4554 7825 2049 8960 5254 8305 2180 1952 2358 23311 107397 25260 3662 12253 3335 1840 1224 2552 52486 42514 14201 78480 3618 91640 40333 1174 16778 47961
internal_value=-0.00141181 0.00250902 0.00230315 -0.00322545 -0.00234999 0.00503922 -0.00281705 -0.00152673 0.00075029 0.00417292 -0.00195953 -0.00357755 -0.0038114 0.000176433 0.000459037 0.00373528 -0.00028937 -0.00528162 0.00419289 0.0102059 -0.0038549 3.68069e-05 0.0036807 0.000448109 -0.00433935 -0.00151927 -0.00593346 0.0299578 0.00521429 0.00396354
internal_weight=705377 223089 221441 482288 338266 80180 290041 107557 141261 68668 102303 182484 174659 121079 48225 14004 107075 144022 20182 11512 54326 46176 64114 81815 151348 93998 43951 1648 18002 62162
internal_count=705377 223089 221441 482288 338266 80180 290041 107557 141261 68668 102303 182484 174659 121079 48225 14004 107075 144022 20182 11512 54326 46176 64114 81815 151348 93998 43951 1648 18002 62162
cat_boundaries=0 9 36 64 91 119 145 172 199 227 255 281 306 335 362 390 415 435 463 490
cat_threshold=0 0 0 0 0 0 0 0 2048 4 96 65536 16384 65538 0 2097156 2214592512 0 134217728 0 0 8 33561856 0 0 1024 268435488 1048576 134217732 0 0 8 16 8388672 2147745796 8192 65536 75513856 131074 37748736 76 134217728 131072 2 1073872896 1024 8388609 0 16384 0 65536 402653190 536870912 128 256 0 4096 0 0 0 16 4096 0 2048 135266304 268435456 805339136 0 1152 0 268714240 656 536870920 32768 4098 268959746 0 0 257 1048576 0 0 2097664 1048704 0 0 0 4 0 0 128 4194320 32768 285213200 16 553680896 0 65 81956 1048576 805306368 0 1024 0 0 524288 536870976 131072 0 16384 0 0 2048 0 1073741824 0 32800 524288 1 0 0 0 2216689664 0 1073741824 8389120 262145 0 4194880 4096 134283264 8448 2147745792 67108872 0 8388608 48 4 8388608 67108864 4194304 0 4096 16 1104 68 2147749888 268435456 67108864 0 16448 134217792 524292 0 1073876992 0 0 134217728 41943040 1572864 64 256 0 2147483648 0 0 0 0 0 4259841 1073741828 17301504 5 134217728 67108864 0 32768 655368 2097664 9453568 67239936 16384 0 0 8388608 262144 0 2147484160 0 33554434 262144 0 4194304 1073741840 0 16400 524288 536870912 524320 4194304 16384 0 0 1149435904 73728 1048576 0 512 24576 8388672 67108864 32 0 8388608 0 536871424 4462592 1026 32 0 32768 0 0 532480 32768 0 4096 0 64 8192 8 2 0 16777216 0 0 0 33554432 570425344 0 1352 0 0 16777216 8388608 2147483648 235929600 1072 67585 4096 2105344 0 64 16 1 16 0 1049088 128 1024 131088 0 34081296 64 134225928 16777216 196608 524288 16384 33554433 67109120 8667136 0 1048576 4194304 0 0 0 0 0 16777216 524304 4456448 1664 771751952 8454144 131080 16785408 0 16384 8200 1073741824 134217728 1052672 0 0 65536 524288 0 16 0 0 134217792 134217728 0 16 0 4194305 0 0 0 1048580 8388608 32768 134217793 0 65538 4 2112 1048576 0 524288 4456448 2097152 327684 32 536870912 0 0 16777282 0 0 262176 0 2 1342177280 2 0 16777216 69206656 0 40992 18 0 4128 0 1073741824 4195328 33554432 16388 2099200 8454145 2097152 285212676 0 0 0 0 0 0 65536 1048576 2684354562 0 0 272760832 0 512 0 33554432 1048576 2415919136 1082130432 0 536870928 1024 0 1073741824 32 0 8198 268435456 524352 73736 0 33554432 0 0 4 134217792 69206016 4096 13312 0 4194306 150994944 67108864 0 40 67125268 8192 16384 4100 1 1048704 65536 0 268500992 16 0 0 0 0 6291456 192 0 0 16 0 32 0 0 0 0 0 0 0 0 0 0 0 65536 0 0 1024 16777216 16785408 0 0 192 0 64 0 134218240 524292 0 536870912 0 262144 512 1049088 1310736 131072 1024 2097152 4194560 264 16 0 4194304 4160 2048 4096 2 0 0 320 536870928 0 536903744 0 0 603984132 0 536870912 4096 1024 0 262144 268435456 36 0 0 0 0 134217728 1048576 268435456 0 4
is_linear=0
shrinkage=0.05


Tree=36
num_leaves=31
num_cat=17
split_feature=11 35 6 4 24 37 35 35 22 22 35 22 36 36 37 37 36 37 35 36 37 36 22 37 36 36 37 37 36 36
split_gain=1811.27 522.089 326.676 326.599 197.203 181.121 175.795 156.921 148.505 114.131 104.82 98.5327 83.3951 79.335 78.9254 78.6958 78.3497 77.7665 76.786 75.5198 74.0633 72.4881 71.25 67.7412 67.5753 65.6565 65.2715 64.7863 63.5379 61.3669
threshold=0.90000006556510936 0.80002030730247509 2.5119159221649174 0.58639669418334972 18.74082183837891 0 1.0413567423820498 1.0676534771919253 5.5000000000000009 4.5000000000000009 0.84455612301826488 5.5000000000000009 1 2 3 4 5 6 0.99999991059303295 7 8 9 1.5000000000000002 10 11 12 13 14 15 16
decision_type=2 2 2 2 2 9 2 2 2 2 2 2 9 9 9 9 9 9 2 9 9 9 2 9 9 9 9 9 9 9
left_child=3 4 7 18 27 16 8 11 10 13 20 12 -3 -4 -9 -12 -5 -8 25 -11 -7 -10 24 -17 -14 -1 -24 -2 -13 -15
right_child=1 2 9 5 -6 6 17 14 21 19 15 28 22 29 -16 23 -18 -19 -20 -21 -22 -23 26 -25 -26 -27 -28 -29 -30 -31
leaf_value=0.0064038027071865013 0.1411323631933652 0.01337295599883166 0.037135318796836757 0.017583670289187 0.44231961457365704 0.026390165164697544 0.0022513528680833147 0.0058734467618661778 0.017020575587526478 0.10134828238507249 0.0014469966290003744 0.033854779660661527 0.014434994785512901 -0.014861791711690275 -0.0096273429286668662 -0.00021023868118481284 0.00223146966644025 -0.0098285560902410304 -0.0092044833508176192 0.030913250515713787 -0.00015577875362546013 0.00088979980662627634 0.0095726689185351606 -0.0048669433257002882 0.0028757940004211918 -0.0067801676009775465 -0.0013611473153272186 0.036503422416242194 0.009175861578129758 0.010519160932985751
leaf_weight=1682 904 5349 3343 2204 1273 2466 3566 3822 1450 1702 12807 1429 2427 1782 16890 19451 15980 43126 111191 15128 5824 36242 7282 180226 36240 42346 69550 3895 19091 37045
leaf_count=1682 904 5349 3343 2204 1273 2466 3566 3822 1450 1702 12807 1429 2427 1782 16890 19451 15980 43126 111191 15128 5824 36242 7282 180226 36240 42346 69550 3895 19091 37045
internal_value=-0.00137692 0.00229977 0.00190247 -0.00312209 0.0167627 -0.00221707 -0.00250591 0.000742838 -0.0019959 0.00508805 -0.00249111 0.00133834 0.00079438 0.00369863 -0.00332159 -0.00270631 0.00262984 -0.00532949 -0.00500733 0.00856901 0.00302436 0.000904677 0.000511319 -0.00294991 0.00226188 -0.00323991 -0.000369633 0.0121172 0.00454169 0.00305918
internal_weight=705713 227152 221080 478561 6072 323342 305158 162080 258466 59000 220774 141368 120848 42170 20712 212484 18184 46692 155219 16830 8290 37692 115499 199677 38667 44028 76832 4799 20520 38827
internal_count=705713 227152 221080 478561 6072 323342 305158 162080 258466 59000 220774 141368 120848 42170 20712 212484 18184 46692 155219 16830 8290 37692 115499 199677 38667 44028 76832 4799 20520 38827
cat_boundaries=0 28 56 84 111 138 166 192 220 247 274 301 329 357 384 410 438 467
cat_threshold=524304 262144 268436032 67108880 16781312 16448 8392704 4 0 8388608 0 134218752 134225920 2048 524288 0 537002240 0 0 8 0 0 0 1077936128 65536 262144 4 1 2 16384 0 4194432 1076101120 128 16384 10 1073742336 4096 32 544 4194304 268443648 16384 128 512 262144 16777216 524288 1073741824 32768 0 0 0 69632 1048576 4096 65536 75497730 131072 4194306 16777220 134218256 131200 12290 128 67108864 8388609 0 0 2048 0 134217728 0 75497472 0 0 0 0 0 2147500032 16 4160 0 8192 16 2147495936 4608 2225602560 2 268435456 545259520 0 0 1344291136 0 134217728 524292 0 1048576 65536 256 32 0 0 0 0 0 0 4194305 0 2048 0 1073741824 0 0 536870912 0 1 196608 0 256 2147491840 33554448 262156 4096 268439552 536936512 25165824 131072 32 131072 128 0 8192 2097152 0 16777248 9 268435968 8388608 1024 272629760 1048704 0 1073741824 6192 0 1310752 0 0 2 262148 0 16778240 0 12288 0 131072 4194304 8 1 0 524288 0 262144 10240 2097216 4608 73728 0 4194306 285212672 67108864 32 1048576 268435460 4096 65536 528384 0 1152 2048 0 288 536887312 0 0 4 1048576 0 0 4227136 2 16 132096 0 33280 2147622913 553648160 8388610 268435456 8388608 0 524288 16384 256 0 134217736 0 49152 1024 0 0 0 268435456 16384 0 6144 0 67108864 64 64 67108864 8 65536 0 516 67108864 0 0 2148532224 0 262152 33555776 269484032 0 0 0 0 167772160 0 4096 0 0 16777232 3225419780 50331648 512 0 67584 64 0 131080 0 1064960 0 16640 0 0 16 17039360 32 2147483648 16 2 1 2097152 4194304 260 8388624 16777232 524288 536870912 2097155 0 2147483648 16777232 4 18 0 536870912 2155872256 0 4325384 0 0 1048576 2147500036 67109888 0 790016 48 4 524288 0 4196352 0 0 32784 0 536870912 268435456 0 0 0 100663296 2147483648 1048608 262272 0 8912896 8421376 18874432 16384 33556482 8388608 67108864 64 2147483648 0 1209008128 0 65536 0 4194304 2105344 0 0 67108928 32 35651584 1207959552 2151677952 1209008128 0 152584 536875008 0 2214596608 0 536870912 0 2147483648 0 268435456 0 16 0 0 33 1073741824 1536 16 0 0 0 1 0 32 0 0 536870912 16384 536870976 1064961 0 537002240 1073741824 0 536875008 8388608 524288 65536 537396736 32772 1048576 0 0 0 134221824 0 0 536870996 268435457 0 64 0 0 0 0 0 0 0 0 0 0 0 64 0 0 0 0 1048576 0 0 0 0 0 0 4 0 536870912 0 0 0 0 16384 0 513 516 1024 536870912 33570848 33554432 0 0 269485056 0 1024 2097152 256 16384 262144 16777216 1077936128 4198464 526336 1052672 512 1025 0 134217776 34 0 0 32776 33 32 66624 4 1074003968 4112 0 0 0 0 1074003972 67108864 1048576 8 0 553648128 0 2147483648 0 2048 2
is_linear=0
shrinkage=0.05


Tree=37
num_leaves=31
num_cat=17
split_feature=11 35 6 6 23 35 35 22 28 22 36 22 36 36 36 42 36 35 42 22 36 42 36 42 36 42 36 36 42 36
split_gain=1635.78 484.389 310.312 265.682 203.061 149.987 128.093 114.922 110.971 100.834 87.9606 87.6849 85.9194 84.1349 83.0633 78.4253 73.9377 72.5675 72.0449 69.3138 78.3531 68.4871 67.6859 67.4419 63.3222 62.4229 62.2376 61.9303 60.9028 66.9127
threshold=0.8571428954601289 0.80002030730247509 2.5119159221649174 0.69554200768470775 19.21418380737305 1.0711578130722048 1.0339734554290774 5.5000000000000009 0.99850001931190502 5.5000000000000009 0 5.5000000000000009 1 2 3 4 5 0.61867865920066845 6 1.5000000000000002 7 8 9 10 11 12 13 14 15 16
decision_type=2 2 2 2 2 2 2 2 2 2 9 2 9 9 9 9 9 2 9 2 9 9 9 9 9 9 9 9 9 9
left_child=3 4 5 8 -2 11 7 10 15 14 -5 12 -3 -9 -4 -1 -17 -12 -15 20 -14 -8 -13 27 -7 -10 -16 -19 29 -25
right_child=1 2 9 6 -6 24 21 13 25 -11 17 22 19 18 26 16 -18 23 -20 -21 -22 -23 -24 28 -26 -27 -28 -29 -30 -31
leaf_value=-0.0081798232921920008 0.047631387686087497 0.011816090589587082 0.042654172196300681 0.0067284793340678245 0.43124512799500164 0.012979575207005274 0.00024601639613630599 0.02145793282904394 -0.004339713585452586 0.047364528554736808 0.098340449297718915 0.032704893185174555 0.015251057823377337 0.0080496797631793432 -0.014981182190571386 0.01080384541853683 -0.0043353896647762751 0.01695378584144714 -0.0016576933970917059 -0.00083110662032255262 0.0023511446142033378 -0.0092302027908539204 0.0079846485652873677 0.010140427392650232 -0.007601777430638829 -0.0093334506046526215 0.011556746623743687 -0.00058178716631795415 -0.0049544620846591397 -0.0023999361903171371
leaf_weight=27061 5148 6205 3785 4340 1243 1116 6320 1314 16554 8508 508 1461 2432 10208 1813 1568 69998 1704 19494 85121 40525 33694 21307 2024 20782 93795 45244 20346 104229 47971
leaf_count=27061 5148 6205 3785 4340 1243 1116 6320 1314 16554 8508 508 1461 2432 10208 1813 1568 69998 1704 19494 85121 40525 33694 21307 2024 20782 93795 45244 20346 104229 47971
internal_value=-0.00132708 0.00197729 0.00161294 -0.00308048 0.0155605 0.000573833 -0.00198788 -0.00149843 -0.00439881 0.00474592 -0.00198001 0.00111436 0.000627867 0.0013138 0.0039027 -0.00318 -0.00231185 -0.00215266 0.000763134 0.000349171 0.00198653 -0.00458266 0.00398349 -0.0022072 -0.00330266 -0.00548811 0.00332684 0.000379629 -0.00257691 -0.00114161
internal_weight=705818 244690 238299 461128 6391 178949 252152 212138 208976 59350 181122 157051 134283 31016 50842 98627 71566 176782 29702 128078 42957 40014 22768 176274 21898 110349 47057 22050 154224 49995
internal_count=705818 244690 238299 461128 6391 178949 252152 212138 208976 59350 181122 157051 134283 31016 50842 98627 71566 176782 29702 128078 42957 40014 22768 176274 21898 110349 47057 22050 154224 49995
cat_boundaries=0 25 53 80 108 116 144 152 180 188 216 224 252 260 289 317 325 353
cat_threshold=513 163872 0 2129920 8388608 0 0 33554432 33 278528 65540 16777216 65 0 0 16779264 256 0 0 133121 64 8 0 32896 589832 0 16384 4352 4194304 1141112832 192 8192 2 1073742592 4096 32 541065216 4194304 33554432 134234112 0 8389120 0 16777280 524288 0 32768 0 0 8192 65536 1048576 4096 1024 536870912 67584 0 32768 131073 73728 512 0 0 67108864 0 16 262144 0 2147484160 33554432 167804930 1 134217728 4194304 4 0 16777216 526336 1073872896 1 1114112 75497474 0 2147549184 524356 134283776 131104 12290 0 0 8388608 0 16384 2048 0 134217732 1 8388608 0 0 256 1073741824 512 2147483648 0 4096 0 536879104 1538 268435456 581632 1311744 2244748 3892850818 2173698048 9 32 0 1207959552 2147483648 0 0 16424 1073745920 0 134217728 64 1073741824 32 34832 536870912 1073741824 1082130496 532484 0 0 0 0 512 0 16384 0 32768 270624 2052 268976128 1074003968 2249335428 876625921 2416972864 9 130 268435458 0 0 16 33554432 2147483648 33570816 262144 0 9043968 8388608 1092616768 16388 0 8388640 67584 0 2147745792 0 1073741824 0 512 0 4194304 0 4096 4 64 67125260 17825792 637804544 2283012096 608174112 832570368 1619001472 224 0 536870912 128 0 0 0 0 33554436 512 68 262144 536870912 32 32768 0 512 269484032 256 1024 2097152 4194560 16384 262144 16777216 1077936128 4160 526336 2101248 71483408 2701197442 268730370 2218795088 73400320 269485056 67108868 160 4106 0 67108864 16777216 0 135424 0 671088648 32 1 150994944 1048832 8388608 0 512 0 1040 0 786432 1048576 0 1036 16384 1050624 0 536870912 0 16384 4816901 1900544 3221225600 2147485184 1410343045 262144 2305 177 512 1 4096 32 32 0 0 64 33 32 536870912 131084 262144 33554448 0 540672 0 0 3238268932 67108864 536870912 0 0 557842432 0 2147483648 65536 0 2 2684355584 0 134217728 65600 129 16777217 0 527360 0 1048608 67108864 4 2 4227072 67108864 1026 0 8393728 0 67108864 4194304 0 0 16777216 0 0 5120 2048 2621636 402653184 545390592 1049222 3490709545 18939968 276824064 66 536936480 0 67112960 0 0 4259840 1073741840 134221824 0 2097152 0 33554432 2048 256 16777216 268435968 32 0 1026 0 2147745792 64 262145 256 2151677952 0 131072 2097160
is_linear=0
shrinkage=0.05


Tree=38
num_leaves=31
num_cat=21
split_feature=3 25 3 37 29 37 22 37 36 42 36 30 37 36 42 37 22 36 36 36 36 36 36 36 36 36 24 36 29 37
split_gain=1518.07 447.372 305.331 267.02 172.845 186.922 146.658 123.029 101.754 98.3905 97.8566 90.8575 129.633 86.3689 83.0123 82.3487 71.9588 68.8875 67.7139 64.5609 62.4806 62.2964 59.3818 58.7859 58.2812 57.1347 57.0404 54.5908 54.1875 91.5429
threshold=1.2292567491531374 18.139724731445316 0.59146174788475048 0 1.0000000180025095e-35 1 4.5000000000000009 2 3 4 5 1.0000000180025095e-35 6 7 8 9 4.5000000000000009 10 11 12 13 14 15 16 17 18 18.74082183837891 19 1.0000000180025095e-35 20
decision_type=2 2 2 9 2 9 2 9 9 9 9 2 9 9 9 9 2 9 9 9 9 9 9 9 9 9 2 9 2 9
left_child=2 3 15 8 7 10 14 -5 -2 -8 -6 13 -13 -10 23 -1 -17 -9 -14 -11 -15 -12 -18 -4 -7 -16 -3 -21 -27 -30
right_child=1 26 6 4 5 24 9 17 11 19 21 12 18 20 25 16 22 -19 -20 27 -22 -23 -24 -25 -26 28 -28 -29 29 -31
leaf_value=-0.013230067473051922 0.055313466724882292 0.18976056691914955 0.011471015392548812 -0.018274307486615331 0.051093159967115435 0.014494430898358047 0.0062370106614374312 0.0090068243362061273 -0.014853822905485904 0.012763509182046285 -0.006290130688069751 0.15628030778085111 -0.0096241622047687717 0.024698416674911072 0.0027547304405302927 -0.0074306192634213206 0.011396159927884932 -0.00097686676368122227 0.020682259332169429 -0.010908354701276666 0.0070452537129536254 0.018230967260569626 -0.0053826668278412239 -0.0010647282700019301 0.00134379664534392 -0.0054765131011509319 0.43364141559219682 -0.0016005197910676783 0.0091923735188561319 -0.003585250068872857
leaf_weight=13597 3934 550 1439 4342 1979 3921 17424 5863 1947 2133 1677 3528 1665 3051 4788 124963 1461 78094 15841 2342 32594 13334 48635 30391 49297 111170 1151 62269 4090 58456
leaf_count=13597 3934 550 1439 4342 1979 3921 17424 5863 1947 2133 1677 3528 1665 3051 4788 124963 1461 78094 15841 2342 32594 13334 48635 30391 49297 111170 1151 62269 4090 58456
internal_value=-0.00128515 0.00212956 -0.00285957 0.00193295 0.000840993 0.00269267 -0.00185355 -0.000631229 0.00469866 -8.97005e-05 0.00725693 0.00417441 0.00680651 0.00270263 -0.00255937 -0.00443 -0.00413799 -0.00020618 0.00503368 -0.000963224 0.00326277 0.00586889 -0.00253708 -0.000206495 0.00123382 -0.00297874 0.027666 -0.00124629 -0.00312732 -0.00195013
internal_weight=705926 222768 483158 221067 158507 70208 294502 88299 62560 84168 16990 58626 21034 37592 210334 188656 175059 83957 17506 66744 35645 15011 50096 31830 53218 178504 1701 64611 173716 62546
internal_count=705926 222768 483158 221067 158507 70208 294502 88299 62560 84168 16990 58626 21034 37592 210334 188656 175059 83957 17506 66744 35645 15011 50096 31830 53218 178504 1701 64611 173716 62546
cat_boundaries=0 27 54 81 109 117 145 168 197 205 232 260 286 313 341 365 393 418 446 472 500 527
cat_threshold=16 2147745792 64 2097408 0 16448 142606400 0 2048 538972160 0 0 536870912 41943040 524288 0 805306656 36 8192 0 0 524288 134217728 1048576 4194304 0 16777220 0 1140851296 67108864 2218786816 536936464 2147483648 536870916 67108864 0 16 0 0 0 17664 1048576 8388608 1024 1024 1048592 134217728 0 0 8 4194304 0 4 268443648 0 64 67108898 16384 0 2097152 33554432 1048576 8192 0 16777216 0 262144 320 33554432 1048576 0 2654208 0 1207959552 16 4097 8 134217728 8388608 2148532228 335544320 1310722 1064962 0 65536 12 2281701376 1196064 8192 0 67108864 1 0 0 256 0 134225920 536870912 128 256 0 0 32768 512 0 16 4128 2 1073741824 82176 839909376 1107558400 2151678484 1616904193 2885681408 6159 128 2 0 0 4194304 1140981760 8193 9961472 264194 268435456 532480 8388608 67108864 0 8429568 8388608 1024 2097152 0 0 8192 0 1073741824 1280 0 8192 0 262144 4096 16 0 0 0 0 0 0 0 2048 0 0 0 0 33554432 0 0 0 0 8192 0 0 0 134217728 8192 1024 128 64 0 0 262144 1074823168 0 0 65538 1028 0 0 16384 4096 0 0 268763136 2181038080 0 256 268435520 524288 17844224 16384 0 1048577 2 21004300 3238395906 2147811362 2216690304 4194560 25166848 67109028 34 8388612 8192 32800 65536 262144 4259840 0 0 36 0 0 0 0 33816592 274 1048576 0 131080 3221225472 1 2048 1026 512 0 65536 1048576 268435584 1073872896 4194304 64 0 77594624 2147483648 0 32 6400 4096 0 0 33554432 262144 268435968 132 268435456 268435456 2 0 21233664 320 0 2048 268959744 4096 0 256 0 8 32768 1174414336 4194304 16 0 1310720 32 512 0 8200 68 33816576 278528 71335936 0 0 0 2064 32 4608 0 2 0 2147483652 0 8704 67108864 0 0 16908328 0 163840 0 16384 64 16384 4128 256 0 513 262144 16396 0 0 34603008 1073742084 0 0 17302528 0 41943072 512 8388608 0 1107296258 128 70272 256 4096 0 0 75513856 18874432 0 33849344 0 0 2147483649 6144 1048576 0 0 0 0 0 2149580800 0 0 537401344 256 2151677992 4112 0 0 576 0 524288 0 544 0 33554432 1140850688 4194308 66048 1073752064 0 2164260864 1610612772 67108864 0 0 0 64 1 0 131088 0 1073741826 2 1073741824 0 2147483648 65794 67108864 0 262144 262144 1073741824 0 8388608 134217728 1 136314880 131072 2162688 604504064 32 16777216 16 67108992 16384 33882112 0 16384 270598145 4096 16384 1073750016 536870912 512 32768 0 0 0 34816 16384 512 0 2048 1028 131076 64 134217737 1 524288 8 34603136 256 1028 128 16 12583936 1073742404 1026 128 0 0 0 67108864 4 8404992 35651584 0 4096 0 0 0 16384 0 536870912 1073741824 4194304 2048 135266304 0 32800 0 67108864 0 128 32 786432 0 0 36 16801792 8321 1024 0 16777218 256 4096 1075316736 256 0 520 0 131072 1048584 33619968 131072 269484032 0 32768 0 262208 0 268435712 33570818 0 8388612 768 8196 0 0 0 0 0 268439632 0 1073759232 16777216 0 536870912 0 2097152 2147483656 1073741825 32 32 67174400 0 8650752 0 0 2222981120 0 142606352 0 134217728 8 2147483968 0 0 0 32 1048576 402784256 0 64 33554568 0 8388672 2147483652 268435968
is_linear=0
shrinkage=0.05


Tree=39
num_leaves=31
num_cat=15
split_feature=3 25 5 5 35 22 35 35 5 42 36 35 11 42 36 22 36 36 36 36 36 42 41 36 42 42 11 35 36 22
split_gain=1383.49 450.689 274.264 241.018 172.561 128.118 101.827 97.3932 84.6243 83.9888 83.8364 82.7479 80.9562 73.592 70.1871 70.1499 65.3076 63.3224 62.9543 60.8818 56.0386 55.5433 52.7864 53.6344 52.0017 51.0458 50.1861 49.9878 49.6042 48.7648
threshold=1.2292567491531374 18.139724731445316 0.57939380407333385 2.031805276870728 1.0199413299560549 5.5000000000000009 0.67103970050811779 0.96463149785995495 4.4370880126953134 0 1 1.0607719421386721 0.62857142090797435 2 3 5.5000000000000009 4 5 6 7 8 9 10 11 12 13 15.185714244842531 0.92101219296455394 14 1.5000000000000002
decision_type=2 2 2 2 2 2 2 2 2 9 9 2 2 9 9 2 9 9 9 9 9 9 9 9 9 9 2 2 9 2
left_child=2 3 22 11 5 6 -4 10 17 -6 -5 15 19 -13 -7 20 -10 -9 -14 -8 -2 -16 27 -24 -20 -11 -3 -1 -17 -22
right_child=1 26 4 7 9 14 12 8 16 25 -12 13 18 -15 21 28 -18 -19 24 -21 29 -23 23 -25 -26 -27 -28 -29 -30 -31
leaf_value=0.0014759289598944279 0.011364248714931607 0.21530690509218176 0.062997253736270853 0.066219197612958344 -0.00083460213376179433 0.016132805640647115 0.0049801757930109554 0.030357050717695646 -0.013153864393485194 -0.013381858018248941 0.024231920460259987 0.006959853660144389 0.006494677327045742 -0.0080591067955750797 0.007359016241157746 0.032318947911487553 0.030487105551413141 0.0045451552989412836 -0.005514574272773372 -0.0046289014139890674 0.0027944708167076727 -0.00077864786092927962 0.0046935981939449705 -0.0090323672578169478 -0.0013202240041033098 -0.0066151471883572014 0.41392651266689601 -0.006140601550392766 0.0079416884198236087 -0.001021344180101455
leaf_weight=5800 3139 772 1457 1549 13027 1771 2573 2866 1531 11886 11398 3029 3243 14198 10431 1012 15952 57845 13506 121177 31386 29339 1445 77733 98317 49559 948 41511 15256 62028
leaf_count=5800 3139 772 1457 1549 13027 1771 2573 2866 1531 11886 11398 3029 3243 14198 10431 1012 15952 57845 13506 121177 31386 29339 1445 77733 98317 49559 948 41511 15256 62028
internal_value=-0.00126204 0.00199604 -0.00276637 0.00179772 -0.00205628 -0.00149061 -0.00193389 0.00376926 0.0031041 -0.00419682 0.00778595 0.000415997 -0.0020143 -0.00281156 0.00107331 0.000908843 0.00616921 0.00222135 -0.0010596 -0.002902 0.000397058 0.000637867 -0.00476648 -0.00555664 -0.0012589 -0.00496961 0.027484 -0.00344211 0.00394616 0.000175809
internal_weight=705684 222909 482775 221189 356286 281814 240273 91141 78194 74472 12947 130048 238816 17227 41541 112821 17483 60711 115066 123750 96553 39770 126489 79178 111823 61445 1720 47311 16268 93414
internal_count=705684 222909 482775 221189 356286 281814 240273 91141 78194 74472 12947 130048 238816 17227 41541 112821 17483 60711 115066 123750 96553 39770 126489 79178 111823 61445 1720 47311 16268 93414
cat_boundaries=0 8 36 44 71 99 127 153 181 209 217 220 248 256 264 292
cat_threshold=65548 17301504 100991488 2148532352 541065504 92292130 545259908 224 0 0 0 4194816 4 8388609 1048576 2050 1073741952 0 0 0 32768 268731394 0 134226944 572522496 67108864 67108864 8388608 0 0 0 16386 8192 4194336 2 4096 582 68161536 65536 2147483648 538972160 77600274 2281701380 160 5 536870912 2048 64 67108864 524296 2097152 33570880 4325376 0 0 1048576 524288 2156134400 0 512 1024 33554438 1 2097152 0 272 0 16 524288 0 786432 8388612 33554432 0 2147483744 0 8388736 0 201359424 2 512 536870912 536887296 1111523328 0 16384 16777288 0 16 8388608 256 0 0 268435456 0 0 1073741824 1048576 8192 66048 8404994 64 2147483648 16777216 128 16384 8392704 131072 1048576 67108993 0 8192 262400 2162688 0 0 1065088 512 0 0 32768 0 16 0 2048 0 67119104 262144 8192 256 71303168 0 1024 0 268435456 544 16384 67371008 0 0 8388616 0 16777216 256 134217856 1073741824 4195328 2147483716 1130496 2 33554432 65544 4096 268435456 0 805306368 2149580800 0 0 1207959552 4096 2176 262144 0 81920 2048 268437504 8 268435456 4160 32768 0 134217728 65 512 0 1048576 16384 513 16384 33554436 268436480 4194304 0 32 1073741952 0 8256 2 524802 262144 0 4194344 1056 8192 8404992 128 8454656 8388608 0 0 0 0 32 0 2105344 0 2048 1052672 294912 815267840 1078198272 2291139204 1614807169 269485128 11 128 2389321764 278291624 500610 0 256 4 0 0 0 16896 538968193 32768 2214592512 8388624 4194304 0 0 1074790404 1074921608 0 0 134218752 16 288 0 1048576 0 134217728 0 67108864 67371008 557569 8454656 537409536 1074036736 262146 3904913410 2148704264 1 131328 574624000 276824212 8503394 1073758232 1573385 5242880 9 16777216 0 67584 0 65536 0 96 32768 512 524288 262144 536870912 0 33554432 268435456 1057280 33554464 131072 0 0 4194304 4194312 0 0 4194304 135168 2048 69210112
is_linear=0
shrinkage=0.05


Tree=40
num_leaves=31
num_cat=17
split_feature=6 26 0 3 3 35 22 37 37 37 23 35 35 37 36 37 37 35 36 36 30 36 37 37 36 37 36 36 22 37
split_gain=1267.51 422.726 251.363 214.538 129.926 119.163 90.6953 87.0306 86.281 85.35 82.218 81.211 78.9417 84.5 76.2801 74.5133 71.5985 69.1629 65.4816 65.4699 63.7276 78.7236 60.5596 60.4648 59.8587 59.3458 59.3263 59.1753 58.9974 58.3822
threshold=1.1067987084388735 16.820131301879886 1.4000445008277895 0.59146174788475048 4.00000023841858 1.0413567423820498 5.5000000000000009 0 1 2 19.21418380737305 0.9747353494167329 0.80002030730247509 3 4 5 6 0.83895519375801098 7 8 1.0000000180025095e-35 9 10 11 12 13 14 15 4.5000000000000009 16
decision_type=2 2 2 2 2 2 2 9 9 9 2 2 2 9 9 9 9 2 9 9 2 9 9 9 9 9 9 9 2 9
left_child=3 2 8 16 11 6 9 -7 -2 -5 -3 19 -10 -14 -11 -16 -1 22 -8 -4 26 -22 -18 -19 -9 -13 -15 -6 -25 -23
right_child=1 10 4 5 27 7 18 24 12 14 -12 25 13 20 15 -17 17 23 -20 -21 21 29 -24 28 -26 -27 -28 -29 -30 -31
leaf_value=-0.012631359717607466 -0.012601874399612162 0.13599721695345554 0.0353253153547664 0.00829466932412159 0.053723556224725161 0.0048845640779146358 0.018418742244919652 0.0061978909281861037 0.039734904756652402 0.0045504791412071871 0.39913169059647835 0.011016693160852298 -0.0084286583763340979 0.009553819088236843 0.0017174820279020815 -0.0036167447718899225 0.023525232789991603 -0.011560151949425404 0.00085951269272870339 0.011393080188390718 0.032025475564565489 0.020731203381757397 -0.0034905754543730462 -0.006413938628039623 -0.0085883802027585717 0.0018304541352008208 -0.0018749207788409938 0.021600126642454389 -0.0041787253154979458 0.0012869924149804647
leaf_weight=10871 5090 656 1828 5771 3131 3223 1387 1631 1739 5877 1207 16825 10001 2422 14635 170684 1566 14376 32262 20130 1260 3554 5603 107480 36264 82877 51445 22250 42978 26871
leaf_count=10871 5090 656 1828 5771 3131 3223 1387 1631 1739 5877 1207 16825 10001 2422 14635 170684 1566 14376 32262 20130 1260 3554 5603 107480 36264 82877 51445 22250 42978 26871
internal_value=-0.00119001 0.00165976 0.00148247 -0.00276523 0.00280694 -0.00187416 -0.00143203 -0.00435383 -0.000419747 -0.00184186 0.0253822 0.00212804 -8.7356e-05 -0.000279554 -0.00202268 -0.0022006 -0.00408927 -0.00383973 0.000966939 0.00488069 0.000229071 0.00200838 0.000967573 -0.00404905 -0.00502394 0.00152177 -0.000817508 0.00606089 -0.0037521 0.00149782
internal_weight=705894 251286 249423 454608 147041 271734 230616 41118 102382 196967 1863 121660 97292 95553 191196 185319 182874 172003 33649 21958 85552 31685 7169 164834 37895 99702 53867 25381 150458 30425
internal_count=705894 251286 249423 454608 147041 271734 230616 41118 102382 196967 1863 121660 97292 95553 191196 185319 182874 172003 33649 21958 85552 31685 7169 164834 37895 99702 53867 25381 150458 30425
cat_boundaries=0 26 53 81 107 135 162 189 216 241 269 296 323 348 375 402 430 457
cat_threshold=2097152 12800 268444160 2214592512 2 285212672 0 25165856 0 134234112 0 134218752 532484 33554432 524416 0 256 32 0 0 0 0 0 4194304 4259904 32768 0 2147483648 67109152 0 0 0 33554432 135266304 8192 0 1048576 524288 0 16385 8448 1048576 16777216 557064 2147483648 33554432 1073742880 134217728 2048 0 0 3238002688 268435584 0 64 16777216 0 553648128 64 0 32 2097152 0 2147483648 33554448 0 41947136 268963840 0 536873472 268435456 0 0 128 4194304 0 1073741824 16 1074003972 855638016 1 142606337 12864 268435456 0 0 0 68157440 262144 0 16416 1082130432 0 0 8388928 0 16384 32 536870912 8 4 144 4096 16777224 0 8388672 68 536870912 32 536870912 0 0 20971520 1073741824 4096 0 0 0 4 8388612 6144 1 16777216 2097152 4 16777216 1074266112 68 82184 512 1048576 1114120 0 33554432 1048576 2147483648 2147483648 268435520 0 134221824 16384 0 1638400 0 0 0 33792 134479884 0 0 65536 8519680 0 16432 524288 16 0 8192 4194304 16809985 2097152 8193 4 8192 32800 33619968 262144 4259840 4096 0 32 512 0 2 0 262160 274 1048576 0 131080 3221225472 129 8390656 1024 0 0 65536 1310720 268435456 5 134225920 67584 64 2 150994944 512 33702400 2048 8448 8 0 32 1351680 0 1 0 0 0 0 0 1073742080 0 0 16 1073741824 262144 2048 0 0 4194304 8388610 8192 1048608 16777216 1073741825 0 0 67108864 32 41986 8388608 9216 572522497 0 68157440 17825792 0 134217792 1024 0 8192 0 0 128 2097152 4224 268435456 8832 2147516418 512 0 262144 536870914 0 0 524288 0 0 0 65536 0 4325376 4210688 80 34816 1073742848 65600 0 68157440 134217792 1073741888 67108864 8 65536 0 4 524288 512 0 0 0 0 1856 8388608 0 16777216 536870912 0 1207959552 32 0 0 0 0 2151677952 67117056 142606336 576 67108865 0 256 0 134217728 0 268435456 0 0 32768 0 533824 0 0 4194304 33554688 0 268959744 16 67112966 0 4194304 268435456 1073741828 637534208 2 0 32 0 512 16859136 0 1610612736 2048 573440 134217728 2164260864 8388609 576 0 4194433 1024 4198400 524290 2147483648 0 0 0 8192 134742016 16 32 269549568 0 4194304 16448 2147483712 1048580 0 536883200 0 0 134221824 8388608 524288 65536 1032 40 0 2048 67108864 65536 0 3145728 1 0 4 514 256 0 2147483648 65536 2147483648 16432 262144 0 266240 8192 64 0 33554432 134250528 264192 513 266240 64 0 64 0 0 2148532224 0 536875008 2048 2147614720 8404994 0 65536 12 2281701376 131072 8194 128 67108864 0 0 16384 0 0 134225922 0 134217856 0 0 256 1073741888 528 16384 0 6144 2 8192 16 67371008 1536 2281701376 163840 0 2 16389 285212672 537001988 0 0 524288 2048 0 0 131585 4 16 8 0 16384 134217728 0 0 536870912 8208
is_linear=0
shrinkage=0.05


Tree=41
num_leaves=31
num_cat=18
split_feature=11 35 0 3 35 36 35 30 37 22 36 35 37 37 22 36 37 37 36 37 37 37 37 37 36 36 22 37 36 35
split_gain=1153.77 404.373 240.951 209.265 131.013 127.284 116.944 109.356 176.718 118.35 89.464 86.4927 78.719 78.5178 76.0681 75.5786 74.4332 73.261 70.8564 66.4463 65.9081 65.8909 64.813 60.6855 58.6684 57.9117 57.4136 56.6326 55.7416 53.3492
threshold=0.82857146859169017 0.71344330906867992 3.2049038410186772 0.5264345407485963 1.1047241091728213 0 1.0012609362602236 1.0000000180025095e-35 1 1.5000000000000002 2 0.84455612301826488 3 4 5.5000000000000009 5 6 7 8 9 10 11 12 13 14 15 2.5000000000000004 16 17 0.71344330906867992
decision_type=2 2 2 2 2 9 2 2 9 2 9 2 9 9 2 9 9 9 9 9 9 9 9 9 9 9 2 9 9 2
left_child=3 5 4 22 7 -2 11 9 26 10 -3 16 -13 -6 21 -10 -5 -14 -8 -20 -12 -4 -1 -19 -11 -22 -9 -21 -17 -24
right_child=1 2 14 6 13 -7 18 8 15 24 20 12 17 -15 -16 28 -18 23 19 27 25 -23 29 -25 -26 -27 -28 -29 -30 -31
leaf_value=-0.012310279885037013 0.37917510606665455 0.015106645966676692 0.027555360806642962 0.023122445780989778 0.0060947218106258251 0.073194065900120897 0.0055322335975729392 0.135093744590258 0.022020596559603246 0.0096482342482741464 0.010344145806630088 0.0059423719301887612 0.0028519183854358674 -0.010997167847885831 0.048725157144686129 -0.011034327636744223 0.0013076085021180462 0.0009863080877105441 0.0030228024395315082 0.00042655653770429794 -0.011105112633047799 0.0088485823015834967 0.018481369721422548 -0.003487583381992565 -0.0025690438171232623 0.0016115027837813934 0.028131489566363712 -0.0059400843709592217 0.0030024438836534274 -0.00652389091882879
leaf_weight=11026 1035 2905 8297 2802 3393 2637 2744 858 2453 2623 7256 7289 14660 13263 5805 1829 7663 18286 4118 7697 1463 26514 1721 149126 66471 43101 8070 91782 58766 130417
leaf_count=11026 1035 2905 8297 2802 3393 2637 2744 858 2453 2623 7256 7289 14660 13263 5805 1829 7663 18286 4118 7697 1463 26514 1721 149126 66471 43101 8070 91782 58766 130417
internal_value=-0.00116238 0.0015115 0.00127243 -0.00269019 0.000597841 0.0179826 -0.00195232 0.000959992 0.00250983 5.90575e-05 0.00179599 -0.00123945 -0.001484 -0.00365912 0.00480095 0.0015763 0.00318531 -0.00168797 -0.00329186 -0.00350178 0.00131581 0.00391711 -0.00426815 -0.00198479 -0.00131667 0.000595625 0.00908938 -0.00375955 0.00122698 -0.00395973
internal_weight=706070 256739 253067 449331 212451 3672 306167 195795 71976 123819 54725 199826 189361 16656 40616 63048 10465 182072 106341 103597 51820 34811 143164 167412 69094 44564 8928 99479 60595 132138
internal_count=706070 256739 253067 449331 212451 3672 306167 195795 71976 123819 54725 199826 189361 16656 40616 63048 10465 182072 106341 103597 51820 34811 143164 167412 69094 44564 8928 99479 60595 132138
cat_boundaries=0 28 55 83 111 136 164 191 218 246 274 301 328 355 382 409 438 463 491
cat_threshold=32 2148794368 0 0 0 0 0 0 0 0 0 0 33554432 0 0 65536 0 0 0 0 0 0 0 0 0 0 2 1073741828 4194320 67239936 1536 64 536870912 0 536870912 16385 65536 537010240 1073745920 134217728 0 0 0 0 525824 32768 25165840 0 0 0 134217736 0 0 4 268443648 268697602 0 0 2151677952 67108864 128 5242880 128 0 8392704 8388608 2097152 8192 4194304 32 67110912 276824064 2147483648 0 1073741824 1073741824 1048577 4194304 2151677952 0 0 4 134221824 0 0 17825792 8388608 150994944 0 8396800 2147483652 0 0 0 167772160 8 8392704 268959744 0 553779200 131072 16416 8 128 0 8192 1077936128 4194304 262144 4 1 2064 2147495936 268440128 2149580800 2 268435456 545259520 32 65536 1342193664 33554432 134217728 0 33554432 0 66048 8388608 0 0 2097152 0 65536 2048 8192 65537 33554432 0 67108876 2 2147483648 0 0 2147516416 1073742336 0 67371008 536870976 16416 32 32768 4160 0 134742016 0 524288 4194304 0 1048592 33554432 0 1048576 0 69210368 68 64 67108864 8 65536 0 1049092 67633152 8192 0 2147483648 32768 8 320 269484032 0 0 536870912 0 201326592 0 4096 0 0 16777232 3225420800 50339840 524304 2147483648 268435472 16 536875008 64 0 8388608 1073766416 8388872 2147483648 1040 134479876 134217728 0 65536 524288 32 536870912 0 0 0 0 0 144 0 2097160 2147484160 8388608 536936449 16809984 0 0 268435456 2147483648 2048 16384 64 0 8388609 0 0 17039361 0 2 524288 133120 268566528 8 16384 8192 0 0 1107296328 8192 2 266240 16896 0 16777234 16777216 0 32 1114128 268435712 32768 525312 8452 0 0 0 0 32 16400 0 0 0 0 0 67600 4227072 2097160 1 2050 0 1057856 2281701632 4096 0 2281734144 0 0 277090308 4096 0 0 33555456 524288 2 0 0 0 2097152 0 4194304 1 0 32768 4195332 524288 66 262144 0 0 16 64 536870912 0 2048 536875008 8388608 0 536870912 0 524288 0 805306368 0 0 0 0 4194304 134217728 0 268435456 4 268435460 4 8704 32801 65536 262400 4194304 0 0 32 512 0 2 0 42205200 258 1048576 0 163848 2151677952 1 2048 1024 0 0 65536 1074003968 268435456 65536 0 4608 71319552 8388608 16777216 17825792 1074855936 65536 4 0 536870944 524288 0 0 0 8652800 16 2148532224 4 16 67108864 0 2097168 0 16777216 8193 131072 268443904 8392960 268435456 788488 0 2048 524290 0 0 0 8 1024 33556480 16777216 262274 16777729 0 16781312 0 0 36864 0 2147483648 0 0 1073741824 0 1 0 1024 268435456 16777216 536870912 33554432 2097160 0 16384 32768 1073741824 4096 1048576 0 16 67108864 393216 32 1081344 277094400 64 67141632 262144 0 1073741888 2 2 2097232 0 0 67371024 134221824 805306368 1 0 0 4194304 524288 134496256 0 2147483649 738197632 64 134217728 65544 32768 0 4194304 0 0 4194304 8388674 262144 4259840 16384 1032 4194304 16 0 0 0 128 1 8 0 6145 16777216 2048 65 0 524288 134220288 0 0 1077936128 4198400 0 0 134217728 268435968
is_linear=0
shrinkage=0.05


Tree=42
num_leaves=31
num_cat=21
split_feature=27 37 27 0 28 28 37 37 36 37 42 37 37 36 37 28 36 42 36 28 36 36 42 36 36 22 36 36 22 37
split_gain=1079.61 362.783 272.142 188.538 132.214 107.757 109.096 95.7576 86.2534 86.1187 81.0072 78.7743 77.2498 75.1305 73.0374 81.0136 71.9616 66.5769 66.3326 65.862 80.263 64.9431 62.4177 60.436 59.9648 59.5904 60.3027 58.4742 57.6633 86.2955
threshold=1.2707331180572512 0 0.60715317726135265 3.00000011920929 0.99950000643730175 0.99950000643730175 1 2 3 4 5 6 7 8 9 0.57150000333786022 10 11 12 0.78749999403953563 13 14 15 16 17 4.5000000000000009 18 19 4.5000000000000009 20
decision_type=2 9 2 2 2 2 9 9 9 9 9 9 9 9 9 2 9 9 9 2 9 9 9 9 9 2 9 9 2 9
left_child=2 8 12 5 9 11 -7 -6 -2 -4 23 -3 -1 -5 -11 -16 -14 -8 -12 20 -18 -17 -21 -9 -13 -15 -27 -23 -26 -30
right_child=1 3 4 13 7 6 17 10 -10 14 18 24 16 25 15 21 19 -19 -20 22 -22 27 -24 -25 28 26 -28 -29 29 -31
leaf_value=-0.011208960333589396 0.076573628403362376 -0.0097478935651265156 0.012866218478112625 0.044793100859361057 -0.013249765255309671 -0.01465340327727745 0.0034893349645454376 0.008502946087452402 0.34734756490516755 -0.009884314907438985 0.0043234528760772222 0.023050453830595875 0.0058882315481811392 0.0082980616625137008 0.016561698036448344 0.0073965907861044764 0.01806283570087731 -0.0021948569188825289 -0.0047794232262026812 -0.0020784057720891701 -0.0032595028146995553 -0.0094110760715682036 -0.0067972729862410533 -0.00092460728085834725 0.0019488255465298977 0.08751071436876999 0.023347586354551211 -0.0010829573277667884 0.027633786847781727 0.0051200652311529093
leaf_weight=10890 782 3366 4002 4180 5587 4488 27863 2009 1156 5319 3359 2622 2687 29054 3360 4156 1142 42474 110312 15879 19128 2842 130564 32177 50120 1657 10639 139060 8544 26088
leaf_count=10890 782 3366 4002 4180 5587 4488 27863 2009 1156 5319 3359 2622 2687 29054 3360 4156 1142 42474 110312 15879 19128 2842 130564 32177 50120 1657 10639 139060 8544 26088
internal_value=-0.00114063 0.00183322 -0.00242706 0.00163478 -0.00153383 0.000851247 -0.000553451 -0.0025804 0.0233068 -0.000522159 -0.00233697 0.00200957 -0.00397371 0.00448431 -0.000709621 -0.00050442 -0.0037105 -7.05422e-05 -0.00297881 -0.00384145 -0.00117039 -0.00068106 -0.00421142 -0.000202503 0.00229874 0.00383513 0.00675368 -0.000861619 0.00206753 0.0036367
internal_weight=705506 213033 492473 211095 312183 165565 74825 153444 1938 158739 147857 90740 180290 45530 154737 149418 169400 70337 113671 166713 20270 146058 146443 34186 87374 41350 12296 141902 84752 34632
internal_count=705506 213033 492473 211095 312183 165565 74825 153444 1938 158739 147857 90740 180290 45530 154737 149418 169400 70337 113671 166713 20270 146058 146443 34186 87374 41350 12296 141902 84752 34632
cat_boundaries=0 17 44 71 95 121 129 155 180 206 234 262 270 298 326 354 362 390 418 446 474 501
cat_threshold=0 64 0 0 0 0 0 0 2048 0 0 0 0 0 0 0 268435456 67110912 0 67108896 8388608 0 10485760 67109120 67108864 8192 0 0 0 0 1288 524288 1048704 553648128 557056 1048576 0 33840 69632 8 134217728 0 4 268435456 16 1073741888 67108897 65544 262144 0 8 0 8192 0 0 2048 262144 73744 2 1048576 0 8388608 0 168296449 1024 0 0 0 8388608 1074790404 335544448 0 0 16 0 32 0 0 8192 128 0 0 0 0 0 0 0 65536 0 0 1024 0 0 0 2 2 32 0 16384 65538 16400 8192 3221225472 2105344 268435456 0 134217760 0 4096 537395200 536870912 134217984 268435456 2147483648 4 0 4194304 128 8 4194560 2147483648 98309 1217789952 67125504 2348811784 2097193 76615680 1 176 0 2147487744 32768 33554432 2 0 4194304 135266304 1048576 0 1576960 262144 8 16384 33554688 1310720 0 0 0 1048576 1024 1 4098 809500672 16777217 1090520064 134217732 8256 33056 33619968 0 4194304 671097088 0 36 0 0 2 0 8388624 274 0 0 33554440 4194304 524288 8390656 0 1048577 8192 256 65536 67125250 8192 65536 524424 134283264 33554432 8388610 1073742336 128 0 0 0 0 0 402654208 0 67108992 0 0 4096 64 528 0 2147491840 71680 142753792 8192 32768 0 0 65536 1073758208 134349440 16418 67108864 0 268451840 0 1207959552 1 1048576 4194304 65536 2097672 0 262144 0 0 0 0 64 128 1 1536 0 65540 69206016 0 256 16384 0 32 131072 134217728 0 8388612 32768 0 0 2097168 0 512 134227984 1 0 0 2048 16400 67108865 1 268435720 17301508 135266304 149504 135341576 71368713 2231369792 10498050 224 1140850688 131072 0 2129920 1342177296 4194305 268435456 0 0 131072 2048 536887296 524289 268435456 0 16777220 0 4096 4194304 0 1310720 1048584 8404992 0 268439552 0 1 8 536870928 0 1073741824 301989889 0 553650176 33554434 5120 0 16809984 0 0 2 1074003968 2281701568 128 0 4100 0 0 0 1073741824 33 0 4194304 0 0 8192 2281701408 1056 0 2151677952 0 0 32 524288 0 278528 1073741824 16777216 64 2048 0 2 65568 8196 268436480 524288 268435520 0 8388608 0 532480 0 33792 1064960 4718593 151191936 66192 516 1409286401 25427968 536871180 465 1310722 8192 8392704 8192 8388610 0 0 262144 1073741824 0 67108864 655360 0 9438208 524288 1048576 2048 537395200 2064 134217728 2147483648 0 576 0 65536 0 1073741824 8192 268435456 0 64 150994946 0 16777344 64 83886080 1073741824 528384 32 524288 4194304 16640 1082130432 0 268435584 2097216 0 0 1073741824 16777216 0 100663296 16384 9437184 0 4096 524290 0 1026 0 4610 139265 536870944 4096 2 92275712 0 524288 16384 2304 0 8192 0 16384 1280 1056768 0 0 1024 16384 0 4194304 0 67108864 268435456 1114120 0 0 0 0 0 0 2147483648 0 0 8396801 16384 0 4194312 69730320 0 0 0 67108864 51202 2147516416 1048832 8192 5122 0 1048579 32768 4194320 67240448 68158016 67112960 0 268435456 536870914 67174400 81920 16 0 0 262144 2147483648 2 0 524288 1024 1048592 0 0 0 2048 16 0 0 8196
is_linear=0
shrinkage=0.05


Tree=43
num_leaves=31
num_cat=18
split_feature=27 37 27 4 28 22 37 37 35 37 37 9 37 37 28 37 31 32 37 37 37 22 37 37 37 37 42 37 42 28
split_gain=972.395 360.94 217.764 206.863 124.569 96.9495 90.9623 86.7501 82.4147 90.1221 82.2029 75.0714 70.7797 68.4505 65.3996 63.995 63.1896 90.6071 62.9994 61.6237 61.275 60.4433 55.4544 52.5432 51.7549 49.601 49.392 48.3315 48.0427 48.8457
threshold=1.105135500431061 0 0.51451224088668834 1.8938751220703127 0.99850001931190502 5.5000000000000009 1 2 0.90078967809677135 3 4 24.813255310058597 5 6 0.57150000333786022 7 3.0408500432968144 22.175000190734867 8 9 10 1.5000000000000002 11 12 13 14 15 16 17 0.74050000309944164
decision_type=2 9 2 2 2 2 9 9 2 9 9 2 9 9 2 9 2 2 9 9 9 2 9 9 9 9 9 9 9 2
left_child=2 11 19 8 7 12 -6 -4 18 -10 -8 -2 -5 -9 -15 -11 17 23 -3 -1 -12 -14 -21 -7 -16 -22 -17 -19 -24 -30
right_child=1 3 4 5 6 16 10 13 9 15 20 -13 21 14 24 26 -18 27 -20 22 25 -23 28 -25 -26 -27 -28 -29 29 -31
leaf_value=-0.012497533746029544 0.093553118364415516 0.027931873647539442 0.013066818902908565 0.015901652409709754 -0.01326364847987249 0.12861221096066916 -0.011006640172847616 -0.0099171855431357779 -0.013240766690498588 -0.0084737652591827355 0.0020685445769942803 0.33087247402983255 0.0088280483078784222 0.012598804386457564 0.0046759431845740055 0.0043101714917146653 0.0024333776263763874 0.035100971355333715 0.0037270850820340985 0.0052585534215623952 0.00057489742056712203 0.00050998293746929997 -0.0019012310744109156 0.039655302004268748 -0.0018970232962462225 -0.004173242399761995 -0.00039545290895423026 0.0020198960857052473 -0.0017343583593238234 -0.0073444525882640447
leaf_weight=7413 766 3752 3675 26800 4964 957 9003 5762 3736 6626 7983 1115 20355 3556 7509 19333 3474 4968 6887 2129 12273 40959 10824 2396 142428 128511 117588 3112 8831 87970
leaf_count=7413 766 3752 3675 26800 4964 957 9003 5762 3736 6626 7983 1115 20355 3556 7509 19333 3474 4968 6887 2129 12273 40959 10824 2396 142428 128511 117588 3112 8831 87970
internal_value=-0.00110534 0.00130391 -0.00253524 0.00114604 -0.00187017 0.00288907 -0.00284865 -0.000892863 9.02338e-06 -0.000297979 -0.00263831 0.0230642 0.00225813 -0.00106826 -0.00086716 -9.81311e-05 0.00661809 0.00841241 0.00425869 -0.00438377 -0.00235712 0.00132042 -0.00408441 0.0153213 -0.00102617 -0.00259881 0.000134282 0.00554387 -0.00424266 -0.00459615
internal_weight=705655 262824 442831 260943 325664 103021 162734 162930 157922 147283 157770 1881 88114 159255 153493 143547 14907 11433 10639 117167 148767 61314 109754 3353 149937 140784 136921 8080 107625 96801
internal_count=705655 262824 442831 260943 325664 103021 162734 162930 157922 147283 157770 1881 88114 159255 153493 143547 14907 11433 10639 117167 148767 61314 109754 3353 149937 140784 136921 8080 107625 96801
cat_boundaries=0 9 36 62 89 116 143 170 197 224 251 279 307 333 361 387 395 422 430
cat_threshold=0 64 0 0 0 0 0 0 2048 16 8388672 33 33619968 393216 2281701376 40960 0 8192 0 0 0 262144 0 2 1048576 0 1107427328 1610612736 168296448 1024 0 0 0 8388608 1074790400 335544448 2 1073741824 65536 16384 0 16384 8192 1090519040 2097168 0 8192 134217776 0 512 524416 0 536871168 268435456 0 0 32 4194304 134225920 8 12583168 2684354560 0 268435456 32 16384 8388864 2097152 33554432 134219776 1048578 2147483648 0 49152 0 1065216 33554688 128 0 36864 0 268435456 33840 0 16777216 0 0 1073741828 268435584 65537 0 68157440 1048584 0 0 402915336 1048576 2097152 0 1073741824 2048 0 1073750336 16 536870912 0 8388864 65536 131072 8396816 4096 0 536870912 256 4 536870912 18 0 0 0 536870912 64 536870976 65536 0 1677856772 0 0 0 8389632 524288 0 268960768 32 1056768 0 67108864 16384 134217728 4096 268435456 0 8196 142606336 8192 32768 0 128 536936448 33554432 144 32 16384 8650752 269041664 0 134217729 1 1048576 4202496 65544 2097152 0 2048 0 0 0 268435456 1073741888 128 135168 2147483648 67109130 0 128 0 71434240 100663296 0 0 2 524288 33554432 64 268435456 1048576 16777216 2097160 2147483648 0 0 4096 0 406847492 0 16777216 604045312 2128 67108864 67108864 2215641088 536936448 2147483648 512 67108864 0 16 2147483648 0 0 3136 33554432 0 0 536870944 1048596 136314880 0 1024 0 16 32768 4 16785408 134217732 576 49184 65536 128 4194304 8192 0 32 0 0 2 0 8388624 134218000 256 0 524296 4194304 1048705 71305216 2 1048576 0 256 0 65536 2097152 4096 285212688 2147483664 0 131136 64 33554468 1114112 2097152 0 1024 8192 0 0 0 147457 16 512 0 0 0 0 1090519040 2192 4195360 0 1 0 0 0 128 32 0 0 131089 0 134217728 0 0 262144 1073758720 536870912 134283264 134217728 1073741856 16 131072 270464 2048 134217728 1073741824 16777216 1090584576 2097156 1 16 0 0 2097152 0 0 0 0 0 4096 0 0 0 0 0 64 0 0 0 0 0 524288 0 0 0 4 4100 4128 0 0 16842786 0 10485761 2222981120 65536 268435456 4096 0 0 256 402653184 536870913 0 1024 1048576 0 0 0 34603136 0 80 0 65537 1 268959744 0 1540 64 16 16777216 545259520 66048 536870912 272629828 0 134365184 1074266120 0 8192 0 264192 32 0 0 67108864 0 4 0 0 2097168 16392 2165309954 17040544 2151687172 541067304 2148008002 278925312 128 82 0 64 75497728 0 2147483648 8388608 0 0 4198660 0 134217728 0 33555456 524288 2 0 0 17825808 0 67108864 4194304 0 0 0 0 268435468 20971520 21364768 2214658048 1073742357 1409294337 553648192 604013060 390
is_linear=0
shrinkage=0.05


Tree=44
num_leaves=31
num_cat=19
split_feature=0 1 27 27 35 35 37 30 11 37 36 35 36 36 35 36 37 37 36 37 30 37 36 36 37 37 36 36 36 37
split_gain=908.448 335.553 214.837 202.81 125.778 108.429 89.2666 100.36 88.8213 88.2347 82.9001 80.6522 70.414 68.1929 60.7692 60.1108 59.4091 59.219 58.9451 58.6302 58.1068 99.6031 64.8734 64.6023 58.7071 58.0965 56.8987 55.2236 54.416 50.7959
threshold=1.0925190448760989 18.214126586914066 1.7250000834465029 0.51451224088668834 1.059252977371216 0.81763020157814037 0 1.0000000180025095e-35 0.50071430206298839 1 2 0.94641631841659557 3 4 1.0030090212821963 5 6 7 8 9 1.0000000180025095e-35 10 11 12 13 14 15 16 17 18
decision_type=2 2 2 2 2 2 9 2 2 9 9 2 9 9 2 9 9 9 9 9 2 9 9 9 9 9 9 9 9 9
left_child=3 2 13 15 5 9 7 10 17 -5 -4 18 -9 -2 16 -1 -15 -7 -8 -6 22 -22 -10 -23 -24 -16 -3 -13 -25 -17
right_child=1 26 6 4 19 8 11 12 20 -11 -12 27 -14 14 25 29 -18 -19 -20 -21 21 23 24 28 -26 -27 -28 -29 -30 -31
leaf_value=0.0051007744893531159 0.0081330803855279351 0.32630534881657192 0.030897035967707154 0.046086820462855282 0.0044047260094097294 -0.012303121505053725 0.050860189205292561 0.1879617806313838 0.0055244132886626334 0.0022870297960425612 0.0024210967271496744 0.019833582222780224 0.044919537693923144 0.011455951640746247 0.0049312662590813884 -0.011566291027909138 3.3726013081392118e-05 -0.004010812197738761 0.015164175211930742 -0.0086677386462082721 0.0137899098978536 0.011423358184431798 -0.010208690838641414 -0.01029172998075252 -0.0024029497240637288 -0.0036839155465259732 0.088630984513819705 0.0029634074262442581 -0.00068587305606984119 -0.0063571040523051018
leaf_weight=1689 6554 999 2288 2310 2464 5095 1492 1365 4011 5737 9878 4589 7321 6684 4456 6778 93544 95706 8872 32802 5024 2172 4610 2914 105952 42369 579 75932 62933 97621
leaf_count=1689 6554 999 2288 2310 2464 5095 1492 1365 4011 5737 9878 4589 7321 6684 4456 6778 93544 95706 8872 32802 5024 2172 4610 2914 105952 42369 579 75932 62933 97621
internal_value=-0.00107188 0.00122723 0.00109047 -0.00247357 -0.00186499 -0.00152919 0.00275857 0.00570867 -0.00168891 0.00419514 0.00278006 0.00208081 0.00981639 -0.000122959 -0.000345513 -0.00437651 0.0003492 -0.00288598 0.00623251 -0.00468781 -0.00104575 5.63017e-05 -0.00174832 -0.000445943 -0.00197494 -0.00183258 0.0242084 0.00154663 -0.000726373 -0.0045277
internal_weight=704740 266922 265344 437818 331730 296464 111737 20852 288417 8047 12166 90885 8686 153607 147053 106088 100228 100801 10364 35266 187616 73043 114573 68019 110562 46825 1578 80521 65847 104399
internal_count=704740 266922 265344 437818 331730 296464 111737 20852 288417 8047 12166 90885 8686 153607 147053 106088 100228 100801 10364 35266 187616 73043 114573 68019 110562 46825 1578 80521 65847 104399
cat_boundaries=0 27 54 82 110 138 166 193 220 246 272 299 327 354 381 408 436 462 490 515
cat_threshold=4194324 64 512 2147483648 536870912 1073741888 2684387392 65536 1073743872 543166464 0 134217728 0 8388608 0 0 277349376 1024 8192 0 0 0 134217728 0 0 0 532480 0 67108928 67108864 8 65536 268435456 516 0 2 0 1048576 32768 0 1088 0 0 0 0 16777216 1275068416 0 4096 0 0 0 4 83886080 1048576 201342978 2048 4259840 576 512 524544 266272 0 67109888 0 64 0 262144 2097152 0 0 128 131072 1049600 256 4096 0 4194304 16 4096 0 537395200 536870912 16384 3 64 2 0 16777248 0 131074 0 0 524288 16384 256 1048576 402661376 0 16384 1024 256 266240 8 528 18432 4096 4200448 0 67108864 0 1024 0 285212704 1140850688 0 16384 268437504 0 262144 96 262144 32 32768 512 1073741828 256 4096 16777216 0 1 81920 0 0 2105344 69632 1048576 536891392 268435456 0 0 67174400 134218816 256 16384 1073741824 0 2147549184 16384 0 8454144 0 65537 0 16777216 0 64 526352 5 2097152 0 6144 134234128 0 16777232 67108864 0 64 269484032 0 536870912 268451840 64 2148532224 0 1073745920 0 33554432 4096 41943040 524288 0 553779744 0 1048576 134219776 128 0 0 1077936128 16 4 822083584 8388608 8256 33 0 263168 65536 0 1048576 0 512 262144 268500992 0 1073742400 130 269484032 0 1073774600 1073741824 0 8396800 4096 0 0 0 1073741828 335544448 264192 0 67108864 4194304 0 8912897 1143996448 34 1073741952 0 0 0 32768 32770 8388608 1024 572522496 4096 68157440 0 0 0 0 0 8192 32 16 4096 268436480 67108864 1282 285212672 8404992 32 1048612 64 8192 138412032 528388 65536 1048576 0 8650752 32 16777216 268435456 0 0 0 4194304 0 32768 16 0 1554 0 0 0 536879108 18432 536879104 537002240 1073741825 134217728 0 8388608 0 134217728 131072 0 16793616 0 0 134217728 134225920 0 25165824 0 65537 1310816 512 4096 0 1 384 64 8 0 131072 1073741824 1090519040 8415232 0 0 0 512 2147483776 0 2048 0 16777217 0 0 8 4096 1073758208 167772168 513 0 67108864 2097160 0 8 8192 2147483650 1073742336 16384 67108864 16384 4096 2147483648 0 512 0 16785412 131073 2621440 0 2097424 0 83886080 1048576 0 67108864 135528464 0 67108865 33554432 262272 268435464 0 0 0 33570816 1090519040 0 32 1056768 257 0 134217728 0 2097664 4194304 33554464 134217728 134217728 131072 25165824 0 268435456 2097154 4096 0 2222981136 0 0 75497472 32 0 268582912 0 1024 134217728 2048 0 64 296 40 2147483648 0 4195328 0 0 4194304 4194368 16 18907136 32 2148794368 0 0 0 0 0 0 0 0 0 0 33554432 0 0 65536 0 0 0 0 0 0 0 0 0 0 2 1073741828 8194 8388608 67174400 268435456 52428928 134217728 0 8388612 0 9441280 128 64 1048584 268435712 33280 2 130 0 0 0 0 64 1048576 0 1073741824 64 16842752 1048576 0 32 4194304 262144 262144 256 0 2 8388676 8 8192 0 0 20480 0 1056 528392 65792 17408 0 4096 9216 2147745792 2097152 0 65536 134217732 1073750592 114720 33619970 0 4194304 0 0 32 8192 0 2 0 8388624 16 0 0 524288 4194304 1048577 67110912 2 1052672 0 258
is_linear=0
shrinkage=0.05


Tree=45
num_leaves=31
num_cat=21
split_feature=11 35 5 36 5 35 35 42 42 0 42 36 36 36 36 36 36 36 36 36 36 36 36 42 36 36 35 36 36 32
split_gain=825.097 311.887 200.882 169.658 159.821 142.638 98.7549 92.2099 89.2732 79.6842 65.0316 63.0878 61.2524 61.017 58.3573 57.0955 53.869 52.9495 49.147 48.3687 48.2389 48.0244 47.9571 46.265 49.5059 45.411 48.371 45.0116 44.9869 42.691
threshold=0.72928571701049816 0.80002030730247509 3.5214376449584965 0 0.52753975987434398 1.0750283598899844 1.0178888440132143 1 2 1.2112553119659426 3 4 5 6 7 8 9 10 11 12 13 14 15 16 17 18 0.71344330906867992 19 20 23.365000724792484
decision_type=2 2 2 9 2 2 2 9 9 2 9 9 9 9 9 9 9 9 9 9 9 9 9 9 9 9 2 9 9 2
left_child=4 3 5 -2 17 9 8 28 12 22 19 -12 -6 -10 -4 -15 -11 -1 -14 -8 -16 -17 -3 -23 -25 -19 -27 -24 -7 -22
right_child=1 2 14 -5 6 7 10 -9 13 16 11 -13 18 15 20 21 -18 25 -20 -21 29 23 27 24 -26 26 -28 -29 -30 -31
leaf_value=0.0048680702304881368 0.2631362638579523 0.0072351370453481922 0.045362278849223531 0.030476379589180924 0.015431611166207155 0.026246306229149054 0.01171409490072995 -0.0077981054216817508 0.005121715715879111 0.014592031984980767 0.0052827385726708642 -0.0067772292115775516 -0.0091748626935905814 -0.0096969921305461865 -0.013741578528373533 0.0029822835815039861 0.0023132820872772022 -0.012139210210219681 0.0017990810690244607 -0.0012565351778696583 0.021586856219439451 -0.005797160034876481 -0.009880876627115287 0.0036785892493324938 -0.0028311899516367035 0.022732926853707015 -0.0069089159362421774 -0.00075575685301485515 0.0020736391099484774 0.0059959042300847367
leaf_weight=1772 1456 3656 3648 5863 1754 925 932 25471 3990 4602 1953 54101 2008 4170 1564 6622 126168 4325 22300 7607 17732 21097 2261 6780 179883 1028 80361 98313 3478 10117
leaf_count=1772 1456 3656 3648 5863 1754 925 932 25471 3990 4602 1953 54101 2008 4170 1564 6622 126168 4325 22300 7607 17732 21097 2261 6780 179883 1028 80361 98313 3478 10117
internal_value=-0.00106697 0.000891468 0.000640951 0.0110878 -0.00255897 0.000182256 -0.00203118 -0.00307197 -0.00157861 0.000595955 -0.00377299 -0.00439178 0.00118993 -0.00190281 0.00431576 -0.00201475 0.00141794 -0.00444838 0.000536617 0.00029386 0.00357149 -0.00190176 -0.000435331 -0.00203541 -0.00178433 -0.00462496 -0.00435826 -0.000640006 0.00360501 0.00405196
internal_weight=705937 305254 297935 7319 400683 264874 313197 29874 248604 235000 64593 56054 26062 222542 33061 218552 130770 87486 24308 8539 29413 214382 104230 207760 186663 85714 81389 100574 4403 27849
internal_count=705937 305254 297935 7319 400683 264874 313197 29874 248604 235000 64593 56054 26062 222542 33061 218552 130770 87486 24308 8539 29413 214382 104230 207760 186663 85714 81389 100574 4403 27849
cat_boundaries=0 28 36 44 52 81 108 136 164 192 220 243 271 299 328 355 383 391 418 445 474 502
cat_threshold=32 2148794368 0 0 0 142606336 0 0 268435456 0 0 67108864 33554432 4 0 66048 2097152 0 1048576 8192 0 0 0 0 8192 0 2 1073741828 16777798 4096 327680 2147483648 807473152 1084232194 151003172 160 4767748 570425346 335807010 2216689668 71303425 269485056 67109380 134 2359301 18350080 33886720 2215641088 607125504 29377538 142606724 160 16781312 0 32 0 0 0 0 2147483649 0 16416 64 0 12582916 268435456 0 42991616 0 2147483648 268435456 659456 135266304 2147553280 0 0 4718592 1 64 67117056 2 0 256 16384 0 134217856 0 8192 11264 524416 268697600 536936448 262144 2 67110912 0 262146 0 1024 0 0 4194304 8 0 4096 1074274304 6291457 4096 1 0 268435456 0 0 16777216 1476395008 35127296 1 65536 256 16384 65 5120 16 536871424 2147483648 0 65536 32768 0 8 8388608 0 0 134742528 16400 36 131072 8404994 0 65536 67633676 134283265 32 8396802 0 75497472 0 0 16384 0 8388608 402661376 0 67108992 0 0 256 1073741824 0 0 16 4160 0 8192 134217728 65536 32770 268439552 0 0 262144 0 3145728 134217730 131072 0 268435458 16777216 4096 134221824 0 4194304 29360128 4341760 16779264 0 0 2147491840 0 16388 0 2147483648 2147487744 17408 4 2151677952 67108864 0 0 0 1073742848 0 32 537133120 8224 268435456 512 2048 545259520 64 0 8388608 1073741824 32768 278528 2147485696 0 8454144 0 4096 0 4194304 524288 16777216 5122 1024 512 2101248 8388608 2483027984 8 0 1056 0 1073741828 2056 16777240 0 136315904 0 256 536870912 1048576 16384 67584 262272 0 4194308 0 33816832 256 0 0 2415919112 8 1073741824 0 32768 2684354816 67108864 32 524288 12584192 0 67108865 524288 0 0 524288 0 512 65536 256 67108864 8192 0 0 278528 1074004000 0 16777216 8 524352 8388610 135266304 0 536936449 0 0 0 8192 131072 4096 64 16384 0 2147614728 0 8 2155872513 33554432 4096 32 4194336 0 0 32768 32 33312 1073741824 1073741832 67108864 4224 33554432 4227584 32 0 268435460 16 0 0 262144 0 0 0 0 2048 2 536870912 40960 0 2 16 131328 0 262144 3072 0 0 16777216 42467328 2048 524288 0 2097488 0 0 134217728 33587201 1073742592 0 1179648 0 65537 2 514 512 0 20971520 132 2048 0 268435458 16896 64 67108864 0 139460608 8200 0 1024 0 0 16777216 4194304 2147483648 65536 0 34078720 0 69632 8388612 4096 17039378 4608 16815104 8683584 134224404 134758450 2182086912 264 1088 0 4 0 0 4232 0 16 0 262144 1073750176 1073741824 2048 32768 150994944 268443648 570954752 134221824 2560 0 0 2097152 0 0 65536 0 32 2147500032 512 131072 0 33 1048576 1073807360 0 2147500288 524288 1073741824 0 0 8194 0 4096 262272 0 4 1140850688 609222656 1090519040 2 0 512 16384 512 0 0 0 0 536870912 0 262144 65536 524292 2 0 2147483648 73728 0 3221233672 2097156 128 0 0 32768 16384 0 8392704 5120 16384 2156396544 4416 16384 1 65536 0 67108864 16384 0 0 64 16777232 8388608 32769 17472 537919488 117440512 262144 1048576 8388608 16 1 17563648 0 0 1024 2048 1048577 0 65568 0 16384
is_linear=0
shrinkage=0.05


Tree=46
num_leaves=31
num_cat=18
split_feature=27 4 26 4 28 37 37 35 42 37 37 30 37 37 37 42 28 42 37 37 22 37 37 37 22 37 37 22 37 30
split_gain=768.047 300.533 168.387 166.415 130.719 184.379 159.468 122.774 85.8122 81.1937 78.0995 73.6673 70.8631 68.5371 65.3391 61.9146 61.0263 56.8148 56.2788 66.6954 55.0707 55.0474 50.0226 47.4758 47.394 46.0256 44.9323 43.353 59.0716 50.651
threshold=1.0581581592559817 4.8858752250671396 16.820131301879886 0.52121308445930492 0.91275000572204601 0 1 1.0030090212821963 2 3 4 1.0000000180025095e-35 5 6 7 8 0.57150000333786022 9 10 11 4.5000000000000009 12 13 14 5.5000000000000009 15 16 1.5000000000000002 17 1.0000000180025095e-35
decision_type=2 2 2 2 2 9 9 2 9 9 9 2 9 9 9 9 2 9 9 9 2 9 9 9 2 9 9 2 9 2
left_child=3 4 20 21 5 11 -6 9 -8 -5 -9 12 -2 -7 -12 -16 -15 -11 -10 -20 -3 -1 -18 -19 27 -26 -23 28 -25 -30
right_child=1 2 -4 7 6 13 8 10 18 17 14 -13 -14 16 15 -17 22 23 19 -21 -22 26 -24 24 25 -27 -28 -29 29 -31
leaf_value=-0.011185269353926343 -0.013675901686617975 0.017569936169013246 0.2628802671685187 0.0086026204237631531 -0.013852479808400542 -0.0078524716302443894 -0.0062228919127173543 0.0033870290812576618 0.010553976536415034 0.001031506173871788 0.0011052725340364277 0.044830722663306448 0.015429239583864496 0.026562886294380618 -0.0024217924200041346 -0.0062884292767081684 -0.0083760165354450859 -0.009559236250409409 0.0046644742542444554 -0.0008209338024486424 0.068486937313032348 0.0041331638859467444 0.0027250399822796537 0.0064102895147474309 0.013186099218315067 -4.6334847779899715e-05 -0.0060199920739410842 -0.0033997950863780477 -0.0017057641020508107 0.015668640802380614
leaf_weight=7821 2315 10946 1696 6416 7302 5254 13549 5119 8639 30159 7677 7955 6100 3537 23136 71873 4831 4333 32893 94146 4046 2361 76283 3175 2302 16425 92688 103638 47555 1351
leaf_count=7821 2315 10946 1696 6416 7302 5254 13549 5119 8639 30159 7677 7955 6100 3537 23136 71873 4831 4333 32893 94146 4046 2361 76283 3175 2302 16425 92688 103638 47555 1351
internal_value=-0.00102011 0.00101666 0.00752292 -0.00235632 0.000603489 0.00195682 -0.000315355 -0.00179876 3.79427e-05 -0.00110922 -0.00317619 0.00683566 0.00357801 0.00106752 -0.00347649 -0.00383511 0.00141164 -0.00127938 0.000416946 0.00015122 0.00583272 -0.00410781 0.00113142 -0.00161803 -0.00148934 0.000887041 -0.00377459 -0.00177522 -0.000598335 -0.00102776
internal_weight=705521 279492 16688 426029 262804 106275 156529 323159 149227 215354 107805 16370 8415 89905 102686 95009 84651 208938 135678 127039 14992 102870 81114 178779 174446 18727 95049 155719 52081 48906
internal_count=705521 279492 16688 426029 262804 106275 156529 323159 149227 215354 107805 16370 8415 89905 102686 95009 84651 208938 135678 127039 14992 102870 81114 178779 174446 18727 95049 155719 52081 48906
cat_boundaries=0 27 54 62 89 117 130 157 184 192 199 225 252 279 306 329 356 383 411
cat_threshold=4194322 67109440 67108928 2097152 536936464 0 536879172 2214592512 0 536870928 0 0 262144 256 0 262144 536880128 536870944 1048592 0 0 0 0 0 0 0 532480 4096 0 67109154 16384 0 0 33554432 0 8192 0 0 16384 262144 16640 0 1048704 16777216 36864 1048576 1207959552 1200 0 16777228 134217728 0 16777220 268435456 201459712 536887296 285483008 67895299 1107431552 4219010 3238133764 9 4194304 2147483648 16777216 4 32 16384 8388672 1048576 0 8388608 1 134217760 8 41943040 277348352 0 536870912 268435456 0 0 262272 0 0 4194304 65536 1073741860 905969664 2 4096 16384 67371008 16781312 4194304 8388608 32 1048592 147712 32768 1024 134742016 0 0 2048 134217728 0 0 0 4194304 0 4 4194304 2128 32768 2097168 1 16 67108864 0 0 0 0 0 0 0 0 0 0 262144 1048576 2147495936 32768 4096 131328 0 256 1209008128 1048576 0 0 262144 0 16384 256 1048576 0 32768 8 33554432 4195328 0 4096 1024 1 1090520064 538970120 2097216 0 268435968 0 0 268435456 67108864 50331649 2097152 268435456 4096 278528 8388608 0 4719744 65536 256 312 32768 0 0 0 0 0 65536 4194320 8 262209 2176909312 105189632 67109504 1879048192 20975618 536871172 224 6455364 591527938 67174432 2216690214 1080033280 17827328 67109376 4 0 8192 134217728 131072 147456 16777284 0 16384 12288 16777216 134218752 4096 33554432 537396224 134234112 132352 4 0 2056 0 134217728 0 1179648 0 4194304 524288 262144 66112 0 0 268435520 536870912 81952 0 471859264 0 4194304 537919488 262144 0 65538 262144 65568 16779264 0 67108864 524288 134217728 0 8388608 0 4 4 8704 33 33619968 2 4259840 134221824 0 1056800 0 0 2 0 33816576 2 1048576 0 33587208 0 268435461 2048 0 1 0 65536 1074003968 268435456 0 0 536870912 537722880 8388608 1077936128 272629760 0 4210698 64 1572864 0 1074270208 33555520 4096 0 0 0 2097152 0 0 1024 8192 4202496 0 4 268435457 134217728 0 32769 65536 0 65536 268435456 134217760 2147483680 24576 1073743872 589825 8192 1048592 2 268435456 4194304 0 1077968896 1048584 16777216 32 512 8652800 4194304 1024 4096 65664 268435456 17039360 1610614784 1610678272 2147614976 4096 134144 0 0 0 0 8 16 8388608 1073741824 0 0 4104 0 0 0 2097156 128 2097152 1048576 262272 0 0 0 50462736 81936 8524 16781312 0 524288 16384 524288 0 278528 268435456 0 4194304 0 0 0 1073741832 0 24 1 0 0 1064960 8194 65552 4194368 512 0 0 64 524288 0 33554692 24576 67112960 2 8 0 0 2097156 32 4194304 8 0 16777346 1048576 520 1
is_linear=0
shrinkage=0.05


Tree=47
num_leaves=31
num_cat=16
split_feature=0 1 4 5 35 22 28 37 22 35 42 36 22 36 22 37 42 37 36 36 36 36 32 31 37 37 37 37 36 32
split_gain=713.078 274.011 168.16 165.727 117.43 90.7544 77.4598 74.7066 73.3415 73.101 83.7566 67.7128 65.8187 65.3913 64.4759 60.2987 59.6008 58.0141 57.9839 57.9556 56.5747 55.8797 54.255 67.8337 66.1214 64.5368 53.2584 53.1624 51.8016 51.2427
threshold=1.0389444231987002 18.214126586914066 2.2534967660903935 0.53571751713752758 1.0660022497177126 5.5000000000000009 0.99950000643730175 0 4.5000000000000009 0.74277594685554515 1 2 5.5000000000000009 3 1.5000000000000002 4 5 6 7 8 9 10 23.244999885559086 3.0408500432968144 11 12 13 14 15 20.494999885559086
decision_type=2 2 2 2 2 2 2 9 2 2 9 9 2 9 2 9 9 9 9 9 9 9 2 2 9 9 9 9 9 2
left_child=3 2 6 26 5 9 12 -8 14 10 -5 -10 21 -9 20 -6 -11 -14 -7 -3 -4 -2 23 25 -24 -20 -1 -18 -13 -30
right_child=1 19 8 4 15 18 7 13 11 16 -12 28 17 -15 -16 -17 27 -19 22 -21 -22 -23 24 -25 -26 -27 -28 -29 29 -31
leaf_value=-0.011432935259389336 0.013038273988382563 0.32754219890078429 0.035506854222653227 0.18461837756849264 0.0032042205225786382 0.014882105055556606 -0.011905543463533556 0.0082904902104378505 0.090455075895418277 -0.00012190634615699137 0.0081931520554202279 -0.010431597044356389 0.022564242213295779 -0.0014499807299442156 0.0013540042606309255 -0.0081108389248727882 -0.010469149333784653 0.0044448069144931912 0.015582578434944006 0.081120825668130725 0.009575621651685318 0.00032694894838219415 0.0096417861601403709 -0.0071822863288288743 -0.0044011317892947988 0.0034773504871414953 -0.0058362551847301108 -0.0029383720731156167 0.055492592370413513 0.018122417123989192
leaf_weight=6954 3454 911 1778 431 2677 1507 3856 3917 1420 38855 2437 1399 4786 80842 32812 32900 5083 11692 3064 670 20084 89698 2447 4080 18581 14437 82328 214012 1321 17808
leaf_count=6954 3454 911 1778 431 2677 1507 3856 3917 1420 38855 2437 1399 4786 80842 32812 32900 5083 11692 3064 670 20084 89698 2447 4080 18581 14437 82328 214012 1321 17808
internal_value=-0.000993657 0.000987343 0.000867917 -0.00226786 -0.0017651 -0.00144793 9.90562e-05 -0.00100024 0.00285717 -0.00180269 0.00613454 0.00529865 0.000987631 -0.000689955 0.001877 -0.00448346 -0.00189096 0.00390042 0.00064941 0.0217367 0.00398047 0.000472341 0.000307074 0.00206827 -0.00150031 0.00342175 -0.00418529 -0.00221097 0.00455962 0.00523968
internal_weight=706241 276448 274867 429793 340511 304934 198245 88615 76622 260818 2868 21948 109630 84759 54674 35577 257950 16478 44116 1581 21862 93152 42609 21581 21028 17501 89282 219095 20528 19129
internal_count=706241 276448 274867 429793 340511 304934 198245 88615 76622 260818 2868 21948 109630 84759 54674 35577 257950 16478 44116 1581 21862 93152 42609 21581 21028 17501 89282 219095 20528 19129
cat_boundaries=0 27 32 60 86 113 121 148 176 204 232 260 287 314 341 368 396
cat_threshold=4096 1073741888 33 34603008 0 131072 32768 0 8192 0 0 0 0 1280 33554432 537919488 536879104 561152 1114112 0 1040 4096 33554432 671088640 0 2164260864 335544320 0 0 2 589856 2050 0 0 2 0 786434 139265 0 134221824 2 9216 1024 537395200 0 256 0 134217728 0 16384 512 9216 4096 67108864 16 16384 16 4200448 0 67108864 131072 0 0 16384 1084227584 0 0 32768 1073741824 536870912 96 262208 0 268468224 536870912 16777220 8913408 0 1048578 0 262144 0 18432 2048 270532608 6168 0 4128 0 67108864 1282 268500992 8388608 32 65536 268435712 12288 138412032 528388 66048 128 67108864 8388608 544 16 0 0 4 2048 0 0 32768 2048 4718604 587268098 101007538 2220884608 256 1310720 67108864 226 16 0 1053184 71307520 4096 0 8421376 0 65536 260 2147483648 134219776 262144 2147483648 33554432 0 545260544 1024 16 8388608 0 0 8 4194320 128 0 268443648 4 0 591872 64 0 8192 0 1065024 524288 4 8 16777216 16 2147491840 0 2147484160 0 2 1 2097152 4194304 0 528 67108880 134218752 65536 524289 4 32 2148794368 0 0 0 0 0 0 0 0 0 0 33554432 0 0 65536 0 0 0 0 0 0 0 0 0 0 2 4 1384448 67108864 139264 2147549184 34603140 69760 67109888 8192 128 16777216 8388608 0 134217736 268697600 0 0 538968064 128 0 0 0 0 16 0 0 0 0 8192 1024 272 0 2147483680 0 8192 1074790400 2214592512 512 294912 8224 4259848 4211712 0 142606336 32768 0 262144 2 17301508 0 0 0 0 8192 65536 0 4096 80 262144 512 16 4096 268435464 12 0 1073766408 0 8388608 0 4096 0 16 0 524800 0 25165840 0 0 64 134217728 134217744 570425344 4194304 4 2883584 268435456 537919616 2214613248 144 1073741824 16777216 16 32 268 0 134217728 1048576 0 0 65536 0 1024 0 1073741824 65552 0 4096 0 0 4 2097152 134348800 8704 32 33554432 2 4259840 0 0 269484064 0 0 2082 0 33554448 2 1048576 4194304 32776 0 129 67110912 4096 33554432 8192 0 0 268435472 134217728 4194304 1 65536 263168 65536 0 2560 96 16384 1073741824 589826 0 65536 8388992 0 0 4096 1077936128 1048577 32 38 0 0 0 1073741824 67108992 8388608 268500992 0 33554432 4194304 16 2097664 0 0 512 16384 16777224 4 0 263168 71335936 0 6144 2701262912 0 1073741824 640 0 0 0 2147483648 0 536879104
is_linear=0
shrinkage=0.05


Tree=48
num_leaves=31
num_cat=18
split_feature=11 4 36 35 4 37 37 22 22 36 37 35 37 37 36 36 28 37 37 36 22 36 32 36 22 36 35 36 37 36
split_gain=672.407 263.492 165.609 152.404 119.934 119.448 106.388 90.4472 94.5626 90.6096 87.6831 83.444 77.2451 72.6095 72.2942 67.5137 66.3723 95.3614 68.7914 66.8814 65.1255 65.1879 62.4314 60.1464 58.6575 58.34 57.8401 56.9349 53.7147 52.878
threshold=0.6857142746448518 4.8858752250671396 0 1.0004566311836245 0.47141268849372869 1 2 5.5000000000000009 1.5000000000000002 3 4 1.0178888440132143 5 6 7 8 0.99950000643730175 9 10 11 5.5000000000000009 12 21.185000419616703 13 4.5000000000000009 14 0.67103970050811779 15 16 17
decision_type=2 2 9 2 2 9 9 2 2 9 9 2 9 9 9 9 2 9 9 9 2 9 2 9 2 9 2 9 9 9
left_child=4 3 -3 5 -1 -2 -5 8 9 -7 -6 15 -9 -11 -8 -12 17 29 -18 -19 26 -22 -14 -10 -4 -24 -17 -20 -25 -16
right_child=1 2 24 6 10 7 14 12 23 13 11 -13 22 -15 16 20 18 19 27 -21 21 -23 25 28 -26 -27 -28 -29 -30 -31
leaf_value=-0.0063191917728530889 0.026550882468192434 0.28713178599266181 0.015715744749172957 -0.014505942768841228 0.003788420358741074 0.016481567072128469 0.010636018605087838 0.025088816320862052 0.0091063990985295416 0.010298271204913369 0.0047638613567169037 -0.0053874860421434627 0.019781338265325667 0.0012787933704404176 0.030557512913699372 0.045099975009965647 0.0055981879118554238 0.014479145427748219 0.0056385833463324271 -0.0014043170734215238 0.018522527311402172 -0.00038707578436001093 0.020892042522286405 0.0058831081124948951 0.079337396776717431 0.00039011915359556115 -0.0031186858302758068 -0.0047153439609433027 -0.0015023943087824011 0.0082999816808645571
leaf_weight=74241 6486 1008 11080 5196 9534 3229 3392 7181 3954 9853 5309 58178 3329 42318 891 1031 5129 1713 3147 39673 1463 31367 1087 10904 4446 17274 186938 54739 95658 5916
leaf_count=74241 6486 1008 11080 5196 9534 3229 3392 7181 3954 9853 5309 58178 3329 42318 891 1031 5129 1713 3147 39673 1463 31367 1087 10904 4446 17274 186938 54739 95658 5916
internal_value=-0.000958528 0.000653021 0.00680829 0.000336025 -0.00243672 0.00117644 -0.00107599 0.000953873 0.000504469 0.00219039 -0.00198301 -0.00214116 0.00353673 0.00168569 -0.000758217 -0.0017067 -0.000977801 0.00041888 -0.00204611 -0.000483731 -0.00184067 0.000213975 0.00204484 -0.000340672 0.00551747 0.00090336 -0.00219962 -0.0025377 -0.000565575 0.00589799
internal_weight=705664 337603 16534 321069 368061 201273 119796 194787 165916 55400 293820 284286 28871 52171 114600 226108 111208 48193 63015 41386 220799 32830 21690 110516 15526 18361 187969 57886 106562 6807
internal_count=705664 337603 16534 321069 368061 201273 119796 194787 165916 55400 293820 284286 28871 52171 114600 226108 111208 48193 63015 41386 220799 32830 21690 110516 15526 18361 187969 57886 106562 6807
cat_boundaries=0 28 55 82 108 136 163 191 217 245 272 299 322 348 376 404 432 459 485
cat_threshold=32 2148794368 0 0 8 0 0 0 0 0 0 0 0 0 0 73728 0 0 0 0 0 0 0 0 0 0 2 4 0 3221225536 0 0 537133056 0 8260 1048576 0 0 0 32768 536870912 4160 524288 262144 536871936 536870912 0 2048 0 0 8 1048576 8388608 4 839385089 12587008 64 32 16384 0 0 2097152 536870912 512 2147483648 2147483648 0 0 256 256 1073741824 553648128 524288 0 524288 0 0 16777216 536870912 536870912 2164261892 872423553 1318912 0 8192 4194432 67108864 4224 67108872 262144 129 0 8388608 555745280 33554432 8388608 262400 2048 8391168 1 0 0 1073741824 0 0 4194304 0 6144 0 262144 144 16 16777248 16777224 8392704 2147549184 16 0 0 134218752 4 0 524288 536936448 537001984 48 16384 8 0 0 0 1094713344 65536 262144 4 1 4456464 0 1118720 4194624 0 64 8388608 0 1073741832 69210380 2147483648 2048 1048576 2147483648 0 0 8388608 0 16 1207959552 0 0 134217728 0 128 0 8192 2097220 0 536879168 256 0 0 2147516928 67108864 0 4116 2147483648 0 1074790404 33554432 0 65538 0 4 0 142606336 0 4194304 1 134217728 268468224 1024 8192 1 33624065 32 1 16777216 2155872768 0 0 67110912 1073743872 1048576 0 4194304 0 0 512 128 8192 24 0 0 0 16640 1130496 17825792 268436480 67141632 0 0 805308416 2097152 0 16777216 0 35131408 128 268697600 384 16384 8388672 263168 8 512 64 0 66048 134217728 1 0 8388608 0 0 513 16384 4 2097154 8736 67113472 69730304 32784 0 277872640 0 0 543162368 8388608 134217728 4 0 525314 0 1024 32 0 0 1024 4210688 0 0 1 0 8 2097154 67112960 512 0 541065218 16384 605028352 16388 0 809521152 0 0 4096 33554432 0 65536 0 32 8 0 0 2048 33554432 8192 0 541065232 16777216 2148532224 0 131104 65568 16777216 2 1627389952 1024 4194304 1 1 0 0 41943040 9453632 1073774592 32 49152 67108864 1048576 0 0 64 4 134242304 8454144 65536 2048 8396808 4 8388608 4194304 0 2 553648192 0 152 536870912 0 524304 2 0 0 4194304 128 16 16384 0 64 1073742336 1024 4356 306184192 134746112 2048 8192 0 8704 0 32 16777216 0 8 2097152 0 18432 67108864 0 524288 4194304 1140850688 2 524288 0 2048 0 262144 512 536870912 1024 0 524288 131072 268451904 33554432 134217729 17825792 268697600 32 33554432 2147483652 0 262144 262144 2097152 0 2097152 128 0 0 0 532480 1073745920 0 69206272 16384 0 0 0 67239944 65540 4192 32768 16 0 1073741824 131072 0 272896000 131104 16793600 4 2 1048576 67108864 0 1024 134217728 2228224 2097152 0 16384 2048 0 32 1536 8 0 0 536870912 67125248 16777216 2147619072 1572864 33554432 134217736 8388616 1048576 8388608 131584 4 9437184 0 1024 2048 0 4096 0 2147483648 16777220 4 0 1024 0 65536 134217728 8978496 8388624 268435456 36864 8389632 32768 67108864 256 1073758208 8 128 2147485696 1026 0 0 4096 0 0 0 4325408
is_linear=0
shrinkage=0.05


Tree=49
num_leaves=31
num_cat=22
split_feature=27 11 27 6 35 28 42 42 36 36 36 30 36 36 36 36 36 36 36 36 28 36 36 36 42 36 36 36 36 36
split_gain=596.637 243.273 151.777 140.848 100.881 100.068 87.3429 77.2111 75.4845 67.8169 66.4982 64.8643 82.1887 64.4559 64.1247 63.2353 61.5817 58.0274 56.0666 55.8578 53.3087 68.6906 54.5492 53.235 53.0348 52.9533 52.0726 50.8013 49.3839 49.1309
threshold=1.105135500431061 15.185714244842531 0.50981712341308605 3.4734656810760502 0.90901944041252147 0.99850001931190502 0 1 2 3 4 1.0000000180025095e-35 5 6 7 8 9 10 11 12 0.99950000643730175 13 14 15 16 17 18 19 20 21
decision_type=2 2 2 2 2 2 9 9 9 9 9 2 9 9 9 9 9 9 9 9 2 9 9 9 9 9 9 9 9 9
left_child=2 3 14 4 8 13 -7 -6 -2 -8 -5 15 -13 -4 -1 -12 -11 -9 -10 -19 22 -22 -21 -16 -23 -15 -18 -24 -27 -26
right_child=1 -3 5 10 7 6 9 17 18 16 11 12 -14 25 23 -17 26 19 -20 20 21 24 27 -25 29 28 -28 -29 -30 -31
leaf_value=0.0066114492038308603 0.036921246797626366 0.22508680786856577 0.0079641749046226781 -0.01124054539116557 -0.0076974747689670239 -0.010282418852854504 -0.010232260246557438 -0.0099753419203788395 -0.010454103564076994 0.0053045481723729615 -0.016771700090121695 0.19327234268706092 0.030557200877670755 0.0049695902876667145 -0.010708461164011883 0.012960431184875576 0.0027085386617775598 0.009929085071274886 0.011301243566753933 0.014665697985908688 -0.012390058028064123 -0.0053159879336678768 -0.0099755026879333551 -0.0051229280674467709 0.010605681984587757 -0.0089071194316352915 -0.0031317132002639581 0.0019668671299710341 -0.0012021536016298879 -9.8849801874462137e-05
leaf_weight=1808 1385 1211 4155 2145 9052 7835 3559 2399 1210 3543 2472 1487 10400 6161 4446 18353 6068 4952 14955 3693 2381 15975 2720 108340 2812 3649 143149 92971 149836 72303
leaf_count=1808 1385 1211 4155 2145 9052 7835 3559 2399 1210 3543 2472 1487 10400 6161 4446 18353 6068 4952 14955 3693 2381 15975 2720 108340 2812 3649 143149 92971 149836 72303
internal_value=-0.000917052 0.000969655 -0.00203776 0.000866133 0.000411359 -0.00149041 -0.00236286 0.000105969 0.00405248 -0.00210412 0.00382516 0.00438377 0.00733197 -0.000616064 -0.00360421 0.00270275 -0.00194474 0.000310288 0.00308404 0.000404223 0.000269423 -0.000587743 0.00107562 -0.00375387 -0.000367998 -0.000776195 -0.00209956 0.000844941 -0.000958738 0.000188517
internal_weight=705425 262876 442549 261665 226808 327955 164154 209258 17550 156319 34857 32712 11887 163801 114594 20825 152760 200206 16165 197807 192855 93471 99384 112786 91090 159646 149217 95691 153485 75115
internal_count=705425 262876 442549 261665 226808 327955 164154 209258 17550 156319 34857 32712 11887 163801 114594 20825 152760 200206 16165 197807 192855 93471 99384 112786 91090 159646 149217 95691 153485 75115
cat_boundaries=0 8 16 41 69 98 126 154 182 209 237 265 292 320 349 376 403 410 436 464 492 520 548
cat_threshold=150544 541069504 294916 8404992 8192 805962259 4231180 260 67240192 87360 32788 100696098 3254814848 4211201 2151678468 1 131072 0 0 8388608 1073741824 524417 8388640 1048576 128 67108896 272 0 32 256 268435456 0 570425344 268964864 1048576 8388608 256 0 1024 288 8192 128 65536 1075839008 269488128 0 8 0 268435585 1048576 134217728 0 0 268468224 0 2147516418 0 0 4194560 8192 131328 4194304 0 258 536936448 0 0 0 262145 8388864 1024 2147483648 32 4194304 2097152 0 33280 0 512 73728 520 1073774592 128 0 67665920 2228224 0 4 0 0 640 0 33554434 4194304 2147483680 0 0 2 0 16 1024 0 2 1 16777248 8192 268435970 0 0 537395200 16384 2304 8388608 419438592 0 49152 1280 0 4096 68 0 16384 0 4196352 0 67108864 1024 256 268500992 2415919104 0 268435456 16384 524304 512 24576 65536 16777216 2048 0 0 0 65584 2147491844 1073741824 540672 0 260 8388608 0 285212672 0 0 1052672 268435456 0 0 65536 134217792 256 0 0 16 327680 16384 0 8519680 2147516480 134217729 0 4096 0 0 526352 5 0 0 0 134234128 1 150995008 536870912 536871040 16 8388608 80 34 131072 17301504 67108872 2 0 0 16384 37748736 0 33554432 16777288 0 32784 65536 131072 262144 4 268435456 16384 4096 1073741824 1048576 1140850689 2105360 4 2105344 0 4194304 268435488 0 0 4194304 14 0 524289 1024 67108864 0 72 0 0 0 512 256 0 1048576 272630784 8388609 4096 8 0 1048576 0 2148014080 134217728 1048576 0 0 266240 33554450 0 8 0 1 4194312 0 4194312 0 134217728 17408 5120 0 2147483648 4224 262144 0 134352896 512 16 0 288 0 131072 256 4224 67108932 0 513 0 32768 0 2048 1024 2099200 32768 2147483648 537001984 33 512 140 0 65 268435456 0 16777216 268435457 0 64 0 2097152 4259840 0 8388616 0 128 0 64 32768 285212672 0 0 16384 32896 0 8388608 4 18890752 131088 33554432 1342179328 71680 67108864 128 8390656 0 0 0 4096 16778752 16385 134283264 4259840 4227072 0 0 67109120 65536 1140854784 4096 4112 4456448 4 0 0 0 4194304 0 0 512 64 2097152 2 1048578 0 0 32 0 16777216 64 167772160 512 524288 8388640 18432 4198408 33554432 0 8651776 2097280 136314881 0 2621440 0 0 0 67108864 8192 0 35667968 2147483648 512 128 0 129 1276149760 67174400 64 2147483904 1024 2 4194304 67108864 524290 256 4104 0 0 0 33554434 1048576 0 0 0 268435968 2147483664 128 2754 536870912 1363484682 9199744 4098 1342709778 537006080 2147549698 0 1 131104 0 134217736 1073807392 2048 525312 0 0 536870944 0 8390656 0 16777218 1024 0 268566528 0 2415919680 0 512 0 524296 1073741824 537919488 0 0 0 8388609 536870912 256 0 0 268435584 0 270336 0 4097 2097157 16785408 256 1052672 1048576 0 2148532224 0 280576 256 2147483648 512 1 268435460 4194304 16384 268435456 4 4194304 2147483648 262168 524288 0 0 16 2097152 3 8 33554432 8352 0 0 131080 268468224 0 2147483904 0 536903712 0 0 2147483649 1342177280 268451840 196616 0 0 16640 0 262144 0 4096 2 1 9 0 0 2056 67112960 8 8 0 33554432 134234112 0 71307264 8192 16385 0 512 2147516416 131328 2 0 16 1107296272 0 8 4198400 1073741824 32 67371008 16777216 0 24 516 65672 131076 0 0 134217728 1048576 8 0 2064 134217728 64 0 67108864
is_linear=0
shrinkage=0.05


Tree=50
num_leaves=31
num_cat=23
split_feature=11 25 35 37 5 37 37 36 35 36 36 28 37 37 37 37 36 36 37 8 42 36 36 42 36 36 37 36 36 36
split_gain=546.893 224.548 147.654 166.056 137.368 98.2283 94.7752 92.8808 89.3519 75.6702 68.3133 64.0303 138.175 75.0394 62.7479 60.8501 60.5787 59.6419 58.6719 57.244 59.9142 54.3362 53.9434 53.912 53.1359 52.9201 52.8897 52.721 49.9993 49.3002
threshold=0.77142855525016796 18.139724731445316 1.0034700632095339 0 0.52346548438072216 1 2 3 1.0339734554290774 4 5 0.8980313539505006 6 7 8 9 10 11 12 0.69778850674629223 13 14 15 16 17 18 19 20 21 22
decision_type=2 2 2 9 2 9 9 9 2 9 9 2 9 9 9 9 9 9 9 2 9 9 9 9 9 9 9 9 9 9
left_child=4 2 3 7 18 -4 29 -2 15 -5 -7 12 -12 -13 -10 -8 -9 -15 -1 20 -17 -21 -3 -11 -16 -25 -20 -22 -29 -6
right_child=1 22 5 9 6 10 8 16 14 23 11 13 -14 17 24 19 -18 -19 26 21 27 -23 -24 25 -26 -27 -28 28 -30 -31
leaf_value=-0.010717231161160294 0.073470468479824108 0.30100624558612132 -0.013955607850894537 0.012083609715683341 0.015638291943866661 0.011486831164303452 0.0027242252091296939 -0.010193637105746077 0.0023146251070642445 -0.0032822597751829274 0.023702854046231216 -0.009939615167797523 -0.0014822030355584161 0.0093349645397238223 0.0046520606604096406 -0.0047036809410512031 0.016070698495861697 -0.0022557071070558655 0.0055494377366392678 0.011664386869955513 0.0059289980650846733 -0.0083028053399394671 0.11065971561562266 -0.010201451680074643 -0.0064056901370623644 0.0018001294097447274 -0.0053513951361063017 -0.007503744583916146 -0.0014542172522899967 0.0018168763192529067
leaf_weight=6764 2366 879 5399 7938 1840 2583 13747 1890 4091 14089 5447 9463 14043 2657 1741 23745 22056 45871 2247 1401 4318 27143 849 1942 44185 149938 75555 3716 195282 12726
leaf_count=6764 2366 879 5399 7938 1840 2583 13747 1890 4091 14089 5447 9463 14043 2657 1741 23745 22056 45871 2247 1401 4318 27143 849 1942 44185 149938 75555 3716 195282 12726
internal_value=-0.000904769 0.000774588 0.00066586 0.00140851 -0.00205808 -0.00107399 -0.00160222 0.0051096 -0.00178209 0.000848173 -0.000633156 -0.000900254 0.00157893 -0.00173364 -0.00372291 -0.00142174 0.00417101 -0.000938421 -0.00385818 -0.001596 -0.00133075 -0.00370643 0.0187392 0.000619879 -0.00425093 0.000894391 -0.00346825 -0.00105298 -0.00117168 0.00234102
internal_weight=705911 287410 285682 200219 418501 85463 333935 26312 319369 173907 80064 77481 19490 57991 50017 269352 23946 48528 84566 255605 227061 28544 1728 165969 45926 151880 77802 203316 198998 14566
internal_count=705911 287410 285682 200219 418501 85463 333935 26312 319369 173907 80064 77481 19490 57991 50017 269352 23946 48528 84566 255605 227061 28544 1728 165969 45926 151880 77802 203316 198998 14566
cat_boundaries=0 27 54 82 110 138 166 191 216 242 267 294 320 347 355 383 411 419 447 474 501 529 557 585
cat_threshold=16 64 32 0 537133056 16384 68 1048576 2048 2147487744 4096 0 536870912 64 524288 65536 805307392 4 1048592 0 0 0 134217736 1048576 8388608 4 268967936 8388609 64 0 0 16777216 1073741824 4194304 0 512 0 3221225472 4194304 536870912 264 256 1074790400 553648128 524288 0 524288 0 4097 16777216 134217728 0 2164261892 872423424 524304 262144 268435456 16 16781312 16777280 4096 32 3145728 256 0 134218752 134217728 0 0 536870912 536873216 32 16384 8 8192 0 0 1073741824 65552 262144 2097156 1 0 2 64 2151677952 1073872898 12582913 0 2281703424 1073741952 8192 0 0 16384 256 0 135266816 545259520 67110912 1048576 8192 0 134217728 262144 0 8192 4096 0 4096 2 0 1024 272629888 67108864 64 0 2 256 8392704 0 16777216 1048576 268435460 256 0 8390656 138412096 0 25690112 4194304 4210688 0 0 0 71680 0 1052672 196608 32 8388608 16777216 3238002692 0 268435456 2048 0 0 32 1048576 0 33554440 544 130 16384 0 0 0 262144 1066240 16400 16777216 1024 32768 0 536887296 2064 2147484192 67109376 2149580802 0 0 9437184 0 0 606076944 0 0 134217728 0 1024 0 8 0 1048576 67108864 1024 0 0 0 128 4210688 1073741856 67108896 12603410 262144 0 0 67108864 8192 32 0 33554432 0 64 0 0 262144 536907776 9453568 134217728 48 134217728 0 0 276824064 2097216 67112960 512 67108864 4194306 268435456 1073905664 16777216 0 402653188 0 262144 536576 262144 1049600 0 0 512 2684354560 0 0 0 0 4194304 64 4227072 0 64 1049216 4194308 536936448 0 545259520 1073741825 0 8 8192 33554464 262152 4100 336068608 65536 150994944 256 0 2228224 262272 0 0 0 4194304 8388608 4327424 128 32 0 64 32768 32768 0 16 268435520 0 4 0 16 64 0 0 805570560 2147614720 268599296 67133440 0 16777216 135268352 0 64 2 301991936 0 69206016 8585224 4259968 0 4096 1140981776 0 128 1077936128 0 268730368 268435456 33792 0 0 0 0 0 0 0 1048576 268435456 131072 8519680 8704 32 50331648 262144 4194304 134221824 0 269484064 0 0 34 0 33554448 2 1048576 4195328 32776 0 524289 2048 4096 2099201 0 0 0 268435456 150995978 262144 8945664 8650816 134221973 1208483858 2743107840 272 32 0 1207959552 0 8388608 536870912 0 540672 2 0 553648128 2181040130 65536 128 0 8388608 2 8388608 65536 0 33 832 0 0 524288 4203040 32768 536870912 32 2147745792 0 0 0 0 0 0 0 0 0 0 33554432 0 0 73728 0 0 0 0 0 0 0 0 0 0 2 1073741828 34048 66560 34088960 68452353 4589570 1488986112 2173698180 8 4096 262144 131104 0 1073741824 4194304 0 2684354561 0 0 8388681 16908288 536870912 576 65536 142606338 1088 0 1152 0 134217728 2147483648 0 0 4194304 0 64 8448 536870912 0 0 132096 0 0 0 16384 33554436 2 0 0 65536 69632 8 4 4194304 8 128 33280 268437504 805306368 1073762304 4096 0 0 131417 2147549184 12582912 67108864 0 8389664 0 1 34081280 16 0 1 1 1311744 16384 41943040 335609856 0 524288 0 4 0 36 0 0 0 8 536870912 536870912 32768 32 2097154 0 285212672 134217760 33587200 0 16384 8448 0 8390657 266240 16777216 16777728 0 4096 0 32768 0 2097156 8388608 0 65536 2049 0 4 0 327680 33587200 4096 0 0 262144 0 3146240 0 131072 0 268435584 16777216 2080 4096 67174400 4194304 16777472 4325376 0 32768 2048 8192 0 2147500032 1048584 33619968 0 0 0 4194304 128 33570816 0 1073753120 33 262208 0 64 2 4227076 2 16777218 0 10240 0 196608 0 8 64 4096 0 0 393280 2048
is_linear=0
shrinkage=0.05


Tree=51
num_leaves=31
num_cat=20
split_feature=0 23 27 37 28 25 42 22 22 36 37 37 36 30 37 36 37 36 32 42 37 36 36 36 36 37 36 36 36 22
split_gain=516.811 202.712 131.167 128.032 93.3837 92.138 88.0253 73.4164 81.8603 72.7659 71.4795 70.0633 66.3558 64.7199 86.7318 67.7197 64.4341 61.8705 57.9586 76.698 67.2327 55.9741 55.9193 55.5155 53.2578 52.2033 51.7818 51.3613 50.8059 48.763
threshold=1.0706797242164614 19.21418380737305 0.50981712341308605 0 0.99950000643730175 0.87031567096710216 1 5.5000000000000009 1.5000000000000002 2 3 4 5 1.0000000180025095e-35 6 7 8 9 21.605000495910648 10 11 12 13 14 15 16 17 18 19 5.5000000000000009
decision_type=2 2 2 9 2 2 9 2 2 9 9 9 9 2 9 9 9 9 2 9 9 9 9 9 9 9 9 9 9 2
left_child=2 3 21 9 10 22 -6 8 17 -2 -4 -8 -9 15 -15 -11 -12 -7 19 -14 -20 -1 -5 -13 -18 -25 -10 -3 -27 -26
right_child=1 27 4 5 6 7 11 12 26 13 16 23 18 14 -16 -17 24 -19 20 -21 -22 -23 -24 25 29 28 -28 -29 -30 -31
leaf_value=0.0065109454454945689 0.0423046392130191 0.36839443233454716 -0.0091604026968260706 0.0079174036020255353 -0.010214029060397225 0.016102861498841037 0.0020620655103686324 0.028324995696590541 0.0094784026815507606 0.02015534900631526 0.010315721317528052 -0.0093507841200230809 0.032029741755524317 0.13910921692568451 0.0083594045203943309 -0.00041114289774619729 0.0073585686156600778 0.0031813996170465793 0.019520326551451042 0.0020404136473324785 -0.0006008035298253223 -0.005015045559625184 -0.0022040097021461176 -0.0091384978126491569 -0.0017299371387678342 0.0042843202528940845 -0.00094604788654161225 0.1096546672434226 -0.0029192160124770802 0.0023828139000156307
leaf_weight=1558 3363 573 6271 2231 10146 2933 11446 1839 4158 2333 4866 3782 3536 3114 6069 14759 4301 45950 4379 3069 14802 101852 63640 6027 120905 3320 92865 996 134999 25548
leaf_count=1558 3363 573 6271 2231 10146 2933 11446 1839 4158 2333 4866 3782 3536 3114 6069 14759 4301 45950 4379 3069 14802 101852 63640 6027 120905 3320 92865 996 134999 25548
internal_value=-0.000879815 0.000835843 -0.00194706 0.000731301 -0.00146221 0.000347412 -0.00228169 0.00095177 0.00050426 0.00383065 -0.000603103 -0.00199408 0.00331526 0.0029412 0.00632758 0.00112327 -0.000391953 0.00217275 0.00265632 0.00669656 0.00126616 -0.0035018 -0.00124465 -0.00228535 -0.000574901 -0.00212823 -0.000336386 0.01875 -0.00192935 -0.000736102
internal_weight=705630 270609 435021 269040 331611 239402 169720 173531 145906 29638 161891 159574 27625 26275 9183 17092 155620 48883 25786 6605 19181 103410 65871 148128 150754 144346 97023 1569 138319 146453
internal_count=705630 270609 435021 269040 331611 239402 169720 173531 145906 29638 161891 159574 27625 26275 9183 17092 155620 48883 25786 6605 19181 103410 65871 148128 150754 144346 97023 1569 138319 146453
cat_boundaries=0 26 34 62 89 117 144 163 188 215 243 250 277 305 333 361 388 414 442 470 498
cat_threshold=16 2147483648 64 134217728 536875008 16448 64 0 2099200 4096 0 0 536870912 8388608 524288 0 805306656 268435464 2147492352 0 65536 0 0 1074794496 4259841 262144 150544 4198592 285474838 8929280 8192 805830675 138416140 256 0 536887304 0 2147483648 512 1 0 12288 1073742336 0 64 262144 134242336 35072 0 134225920 536870912 12288 1048832 0 0 0 32 0 16 135168 0 4096 142606336 2147491840 0 16 0 65536 1375731712 131200 32 262144 262144 606208 0 134217729 257 1048576 4194304 65536 2097664 0 262144 0 0 0 0 1073741888 805306496 2097280 0 1040 2147483792 16 131072 0 33619968 0 541069312 32768 656384 1048588 0 1056768 0 8650752 48 0 0 0 0 0 1073741824 128 4227072 0 1 2 545259520 8 0 128 20971520 0 8388608 1 16777224 262176 64 16416 262144 8388608 1048576 268435456 0 0 2105344 0 0 16 0 1077936128 4198464 2099200 16 0 0 0 0 0 0 0 2048 0 0 0 0 0 0 0 256 8 8192 4 201326592 0 33554432 64 134230544 16640 536870912 0 135168 8388608 6291456 0 33816704 0 0 512 2176 0 1048576 67109120 4096 0 2148532224 2147549184 4098 1073741888 64 0 17039360 134234112 8193 2172649472 0 268435456 0 0 0 0 403177472 536870912 536870912 268435456 1048576 131072 0 0 34603136 8 8388608 2684354560 524289 1318913 65540 0 4194304 100663296 128 67109888 262144 131072 8388608 8388640 16777216 134217732 32769 0 0 8388608 2097152 0 131072 513 0 0 4194304 0 2048 0 671092736 524294 2231369728 1073882116 2147631876 270549000 1581440 16777216 66 4096 512 16777280 98304 268435456 2 65537 65536 2097416 8192 0 0 2147483648 0 2 8389632 4 1048592 2097152 0 0 134217728 0 64 0 268435468 268435456 0 0 67174400 134217792 0 0 0 0 2147811328 16384 0 8388608 2147483712 142671873 0 4096 0 0 526848 1 2097152 4096 2048 134234128 0 16777232 536887296 4096 134217728 0 32 0 67108864 0 0 2080 0 262176 16793608 67108869 1 8 0 32 8192 805306368 524288 2147483712 1280 0 131072 525312 545259528 0 32 2147500160 134283264 1075838976 268439552 4194304 1024 1 0 1024 33554432 131072 65536 536870912 0 2147516416 67584 0 256 0 4194304 4194304 0 258 536871936 2097152 8388608 0 65537 1048579 256 65536 4098 0 402653192 0 0 524800 16384 8192 554188800 64 0 0 0 65536 134221824 4259840 524288 1073741824 0 131584 33554432 17301504 0 16384 4096 0 68157440 65536 262144 134217728 262152 0 8192 0 2048 2048 262144 272 16 512 0 1115820032 1073741824 170000385 0 4 0 536870912 256 16777216 131072 0 1284 16777248 1073741824 134217728 80 8421376 16 0 0 64 1049600 8192 0 1073741826 1 64 1048576 131072 1048576 1073741824 524288 0 8192 32768 9437184 1310720 0 2147483648 0 0 0 0 0 0 0 0 0 0 33554432 0 0 65536 0 0 0 0 0 0 0 0 0 0 2 4 1 40960 0 2097152 1082131472 536870912 160 64 0 0 14 536870912 1 0 67108868 16777216 8388612 0 2048 134217728 512 2097152 0 0 65536 67585 0 67108872
is_linear=0
shrinkage=0.05


Tree=52
num_leaves=31
num_cat=22
split_feature=11 35 0 36 42 28 36 4 35 42 36 36 36 30 42 36 36 42 36 36 36 36 42 36 36 42 35 36 36 42
split_gain=455.692 220.378 142.288 115.12 85.2479 79.2981 78.6351 77.9591 75.6989 75.3051 64.4361 60.2067 54.7937 53.6449 82.384 74.4849 73.7299 54.8191 51.5486 50.6751 50.4318 50.3181 48.4984 48.091 46.8674 46.1379 45.251 43.9379 43.0717 42.2365
threshold=0.62857142090797435 0.79101082682609569 1.2112553119659426 0 1 0.99649998545646679 2 4.1912307739257821 1.0626534819602969 3 4 5 6 1.0000000180025095e-35 7 8 9 10 11 12 13 14 15 16 17 18 0.61867865920066845 19 20 21
decision_type=2 2 2 9 9 2 9 2 2 9 9 9 9 2 9 9 9 9 9 9 9 9 9 9 9 9 2 9 9 9
left_child=4 3 8 -2 18 6 -6 13 20 23 -11 -12 -9 15 -15 -4 -16 -17 -1 -18 -3 -8 -5 -7 -23 -10 -26 -13 -19 -21
right_child=1 2 7 22 5 9 21 12 25 10 11 27 -14 14 16 17 19 28 -20 29 -22 24 -24 -25 26 -27 -28 -29 -30 -31
leaf_value=0.0026217239628360867 0.19101020995609039 0.0067772191157919465 0.010658269876737035 0.054150677038815334 0.011951406511608626 0.0032702098394932172 -0.0080043293160152792 -0.015498655482786906 -0.011527521032476363 -0.0092966310727595428 0.0060683159557354373 0.0029100093782776673 0.020125348139928636 0.074643785449831579 0.025195390222987047 -0.0057290052652087201 -0.012235539598834812 -0.010448900321395727 -0.0065346313202855819 -0.0030086857713970462 -0.00092752759765674098 0.0062566666293597754 0.012340726871965278 -0.0087688650991680113 0.065938895266260164 -0.0030157324625085385 -0.0018473913702658315 -0.0031821143045707963 0.0004913653973155907 0.0048320662881498307
leaf_weight=2690 1361 4120 5482 1393 2201 1548 3241 1677 7985 4145 2389 5117 20454 2227 2018 11834 1813 1765 42106 9429 152799 2933 4946 18164 598 16118 115930 122964 90166 46124
leaf_count=2690 1361 4120 5482 1393 2201 1548 3241 1677 7985 4145 2389 5117 20454 2227 2018 11834 1813 1765 42106 9429 152799 2933 4946 18164 598 16118 115930 122964 90166 46124
internal_value=-0.000868895 0.0003017 0.000129307 0.0086742 -0.00224788 -0.0019228 -0.000986257 0.00107383 -0.000877651 -0.0026809 -0.00225764 -0.00206218 0.00386601 0.000712137 0.00189188 4.67972e-05 0.00153632 -0.000253551 -0.00427277 0.00120475 -0.000476915 -0.00115452 0.00580512 -0.0055671 -0.000987365 -0.00348645 -0.00114468 -0.00220906 0.000158932 0.00147375
internal_weight=705737 381711 374011 7700 324026 279230 124903 192989 181022 154327 134615 130470 22131 170858 61611 109247 59384 103765 44796 57366 156919 122702 6339 19712 119461 24103 116528 128081 91931 55553
internal_count=705737 381711 374011 7700 324026 279230 124903 192989 181022 154327 134615 130470 22131 170858 61611 109247 59384 103765 44796 57366 156919 122702 6339 19712 119461 24103 116528 128081 91931 55553
cat_boundaries=0 28 36 64 72 100 128 156 164 192 220 228 256 284 311 339 345 373 401 409 437 465 473
cat_threshold=262176 2147745792 0 0 0 142606336 0 0 128 0 0 67108864 33554432 8192 0 65536 0 268442624 1048576 8192 0 0 0 0 8192 0 2 1073741828 536890642 4096 32772 9175104 274432 134766675 2202013698 256 8389634 0 134283264 268566560 0 0 16384 0 0 32 1073741824 0 2144 2048 536870912 268435456 64 134217728 65536 2048 1 65536 8389120 135168 0 8388608 32768 266496 134348872 838877248 298647562 1073758211 16 872546816 134217740 4 16384 65536 2097408 268439552 0 67108864 67584 0 1442816 0 0 8 128 524288 32800 64 2147483648 4194576 1083179008 2 0 0 16 0 520 0 2147483648 1 268435456 139264 268435456 2097152 1073741824 0 134218144 0 32 268959744 0 0 0 262144 35651584 16777216 0 131072 0 524288 1049088 2097152 0 0 17664 1 1073741857 67108868 545259520 16 0 36 2080 0 0 67141640 0 1081856 0 18882688 1107296256 16384 144 525632 0 32 67108864 0 16777216 1 0 33554432 0 0 0 8 65536 0 262144 8192 4259840 0 2 128 1048576 0 0 4194304 8519680 144 32768 262144 1073741952 1048576 8388640 18874368 0 33554432 0 2176 513 536871104 16777216 0 1073741824 4096 0 2147483648 0 8388616 4096 2048 33554433 0 2052 16793604 0 0 0 16777216 8704 0 16777216 0 0 8224 33280 4096 0 32768 0 2097152 4194304 67158272 80 32768 1073741824 65536 8 2097409 2176 8404992 306454656 109101056 4589568 3292659712 2172653571 129 18432 0 0 2048 135488 256 134218240 0 1026 0 16 1572864 4194304 1024 8388612 1196032 2147483648 0 0 16 1073774720 2147483648 0 16384 0 65536 33554432 67108864 64 65536 0 131104 4194304 1073741840 32768 0 0 2097280 1 9 536870980 2048 262208 67108864 155189312 0 0 512 0 0 4194304 4194304 0 2147483652 65536 512 513 768 0 0 4 2 0 268435464 512 16448 0 16384 4194304 1024 0 0 0 8192 0 4194304 2148007940 21053696 134217730 33554432 17301504 4096 8388612 131072 9504768 32768 0 32 0 0 0 0 0 2147483648 33554433 268435456 540672 2056 536870912 4 0 4096 289423360 0 0 0 2147549184 268436480 2147500032 0 2214625792 0 268435456 33685514 32 16384 1024 1024 0 0 268435968 1311232 2097152 69632 37748738 1 8200 64 32 4 33280 33554432 0 8 2097152 0 268500992 0 513 1073741824 0 0 0 2 67108864 32 0 536879168 0 33554432 67108864 134217728 4096 0 256 67108928 65536 8388608 1073742080 0 8192 536870912 1028 8388608 0 0 536871176 0 0 16793600 513 16384 268443648 134350848 536952832 268992646 33555234 100663306 1769992 4194305 8 0 0 135168 0 16 541065472 2097664 32 2 0 262148 16384 50331648 67108864 8 0 50331648 0 655360 135266304 262272 520 0 0 4194304 544 131072 268435456 8388608 2 524288 134217728 0 0 0 0 327688 4194304 16777218 134217728 16 4096 0 536875008 4096 0 73728 32 0 8192 268566592 603979776 1024 1074790400 2097153 1 131584 525312 160 68125730 33691648 3233357824 16781440 40
is_linear=0
shrinkage=0.05


Tree=53
num_leaves=31
num_cat=21
split_feature=0 5 36 22 28 22 41 36 36 41 36 31 31 41 36 22 36 41 36 36 36 36 22 36 36 36 36 36 36 36
split_gain=427.371 180.031 115.123 103.695 98.22 88.3845 75.0506 74.3967 60.2025 58.7216 53.6725 53.4473 76.5083 81.3532 64.4299 52.9632 62.9308 51.5622 61.9317 52.3558 51.0248 49.4189 47.3763 46.7341 46.4509 45.4905 45.1033 44.9667 44.9409 42.4292
threshold=0.89999613165855419 4.4370880126953134 0 5.5000000000000009 0.99850001931190502 1.5000000000000002 1 2 3 4 5 3.0408500432968144 2.388049960136414 6 7 4.5000000000000009 8 9 10 11 12 13 4.5000000000000009 14 15 16 17 18 19 20
decision_type=2 2 9 2 2 2 9 9 9 9 9 2 2 9 9 2 9 9 9 9 9 9 2 9 9 9 9 9 9 9
left_child=4 3 -3 5 17 7 -6 -2 -8 23 -5 12 14 -14 -12 21 -17 18 -1 -19 -11 -7 -4 -9 -23 -10 -20 -16 -21 -24
right_child=1 2 22 10 6 15 8 9 25 20 11 -13 13 -15 27 16 -18 19 26 28 -22 24 29 -25 -26 -27 -28 -29 -30 -31
leaf_value=0.0082793752776925307 0.01157110080129185 0.20266020150461816 0.010722946716520616 0.025042812994497496 -0.010543969231481695 -0.0093932679770542347 -0.0094024225199043996 -0.0075352931036823893 0.0039932667657492042 0.0093233292834589282 0.023225585851430065 -0.0026174785159217315 0.028697481181893761 0.0034773449331166996 -0.011851717874815823 0.020736094347974729 0.00050214978508652532 0.0087994014619557047 -0.0099939091690520523 -0.006798972018929649 -0.0031618956640953378 0.0053876772533560605 0.1545578074609246 0.0027848587439461172 -0.0021610703099909758 -0.0034773723304720953 -0.0029622549061985581 0.0036202409553232062 -0.00056785421349299229 0.034685858159110697
leaf_weight=1797 4750 1082 14888 2050 10711 3100 5195 1402 3517 1610 1300 9832 3694 2689 1266 1362 43771 2446 3028 3138 21400 4937 1147 61186 127651 173537 73733 24247 90432 4837
leaf_count=1797 4750 1082 14888 2050 10711 3100 5195 1402 3517 1610 1300 9832 3694 2689 1266 1362 43771 2446 3028 3138 21400 4937 1147 61186 127651 173537 73733 24247 90432 4837
internal_value=-0.000834005 0.000448659 0.00482692 0.000144704 -0.0020143 -0.000224444 -0.00279176 0.00105258 -0.00255219 0.000714002 0.00236529 0.00198657 0.00294605 0.00786537 0.00177473 -0.000862519 0.000621206 -0.00115495 -0.00210484 -0.000377498 -0.00144542 -0.00135604 0.00399368 0.00150801 -0.00120966 -0.00239615 -0.00232002 0.00121797 -0.000566621 0.00775272
internal_weight=705735 338201 21954 316247 367534 271169 192960 90348 182249 85598 45078 43028 33196 6383 26813 180821 45133 174574 78558 96016 23010 135688 20872 62588 132588 177054 76761 25513 93570 5984
internal_count=705735 338201 21954 316247 367534 271169 192960 90348 182249 85598 45078 43028 33196 6383 26813 180821 45133 174574 78558 96016 23010 135688 20872 62588 132588 177054 76761 25513 93570 5984
cat_boundaries=0 28 31 59 87 90 117 120 148 176 179 207 235 261 289 317 344 372 401 429 457 485
cat_threshold=262176 2147745794 1024 0 8 0 0 0 0 0 0 0 0 0 0 134283264 0 0 0 0 0 0 0 0 0 0 2 4 13735142 9619488 1024 2148794369 0 0 2147483648 100728832 0 16384 262144 0 4096 8388640 0 532480 268468224 2359296 8 8389122 2149584896 0 1073741824 1073741824 0 0 2048 0 4096 0 671088640 2147483648 2285961728 2097408 268439552 4194336 67108928 0 0 1024 0 1073872896 272629760 1073741824 8192 0 4160 0 4194560 1082130432 0 0 1073741824 258 536870912 0 0 0 64 3141534016 388366339 131517 2147483648 134218752 2048 0 67108864 75497472 134217792 8388608 0 16777220 262144 64 0 268697632 512 0 1024 0 0 2097152 0 9 0 16777216 1073741824 1077936192 18890752 838861056 69468224 147600 512 536870912 67108864 0 4 524288 536936960 167772178 262144 0 128 0 16 2147483652 268451840 4096 393216 0 0 8388608 0 512 0 16 524288 536875008 2048 268 1073741824 16 0 16384 0 0 1073750016 2147618816 8192 0 0 268435456 256 0 0 64 0 131072 65536 2097152 1048576 1142972416 0 67633152 1342177280 9437184 41943040 1048576 805933959 1631174722 265767 66 0 536870912 2 33024 268436096 8 17 2 2147483648 32 0 2048 1024 0 4194824 805306368 4 16 524304 0 67108864 524288 0 0 0 17039362 1 545521664 4194816 9216 0 0 65536 64 0 640 1048832 738205696 2147500032 8 2048 512 0 41943056 0 0 2048 1 0 0 33554432 526336 0 0 4096 4260352 0 0 0 8388608 129 32 0 0 32776 0 1090535424 104857600 262144 0 8192 67108864 268435488 17825794 1572864 0 134217728 0 4210688 0 1073741824 256 8 524288 0 0 0 1 128 262144 34 32770 0 0 65536 0 0 131074 0 138412032 33620484 0 0 2415935488 32768 16896 0 77660420 32768 0 0 0 0 2048 8 0 0 2147749896 1024 0 402653184 2147483648 0 4096 96 4096 67108864 8448 16384 2048 8192 163844 32770 263168 0 1207959552 514 0 8224 4160 16777216 2228224 536870916 0 0 1073741824 16384 36 20971776 1 0 0 1073741824 1073742144 128 16777280 256 268435968 1024 0 131072 0 2056 1048576 0 2236416 268439552 0 0 0 67108864 0 0 273154048 12 0 8388608 0 1073741829 16777216 256 0 0 0 262144 2097664 0 0 17408 196609 1073758209 335544332 0 512 0 33619968 0 524288 0 1026 2097408 536903682 537395200 8200 0 0 8 528512 2 262176 16777216 1161822208 0 0 0 2105344 0 0 0 32768 2 1048576 268435456 0 0 536870912 2099216 33558528 278528 128 0 8388608 16777729 2147491844 4096 33554432 43008 142606336 0 268435456 0 0 128 0 0 0 0 64 262656 2048 65536 0 0 4 0 0 65536 2 33554448 2147483680 1 8208 524288 2152728576 620756992 0 0 256 268436481 0 0 67108864 0 0 2148024320 2 2147516928 2 0 18 0 524418 134217729 32 0 514 128 0 524288 35667968 2048 0 8192 8454144 0 1280 0 4096 0 512 16386 0 4194304 0 1140850688
is_linear=0
shrinkage=0.05


Tree=54
num_leaves=31
num_cat=20
split_feature=27 37 27 30 37 35 37 37 42 29 37 37 37 28 37 37 37 37 37 37 32 37 22 31 37 37 37 23 37 37
split_gain=385.021 164.937 117.052 93.4024 97.3962 88.2596 77.6856 75.5901 72.4293 71.6403 92.6597 90.7395 76.4122 67.18 61.8214 55.3687 54.3631 49.4905 47.0898 45.9094 42.1234 93.0356 79.4898 102.656 96.964 63.133 61.563 40.5468 38.0436 37.7298
threshold=1.105135500431061 0 0.50178477168083202 1.0000000180025095e-35 1 0.90901944041252147 2 3 4 1.0000000180025095e-35 5 6 7 0.91403368115425121 8 9 10 11 12 13 21.605000495910648 14 5.5000000000000009 3.0408500432968144 15 16 17 19.21418380737305 18 19
decision_type=2 9 2 2 9 2 9 9 9 2 9 9 9 2 9 9 9 9 9 9 2 9 2 2 9 9 9 2 9 9
left_child=2 3 14 4 -2 7 -4 -3 -7 10 -8 -11 -12 -5 -1 -14 -10 -13 -17 -16 22 -22 25 24 -24 -18 -23 -6 -20 -21
right_child=1 5 6 13 27 8 9 -9 16 11 12 17 15 -15 19 18 20 -19 28 29 21 26 23 -25 -26 -27 -28 -29 -30 -31
leaf_value=-0.0096493411076754246 -0.0092485140597402538 0.027187993885028225 -0.0094409538897447243 0.13197842476831972 0.013666963095526764 -0.0071082552362923684 -0.0086141005727334245 0.0040063766651750876 -0.0090924315180024792 0.0089239056274790837 0.0035692815333560782 -0.0052337685087681558 -0.0078241204594554255 0.012687901381130752 0.0051338304613328225 0.0016027180358928169 0.010082279551012242 -0.00031950500540906538 0.00034020517995760058 0.0013299157674440344 -0.0078078550701888494 0.0060633490751160314 0.036849317527903415 -0.0091237669470890081 0.010093185117839677 -0.00031151656601248191 -0.00034355405915403869 0.14117122929267181 -0.0026626723676357214 -0.0044174791962951531
leaf_weight=6921 6709 5663 6967 5094 7052 10315 8999 12618 4422 5798 10495 7660 8853 4547 2043 13847 6849 109219 19706 5759 9800 22525 3129 2098 4283 36603 120357 711 141741 94682
leaf_count=6921 6709 5663 6967 5094 7052 10315 8999 12618 4422 5798 10495 7660 8853 4547 2043 13847 6849 109219 19706 5759 9800 22525 3129 2098 4283 36603 120357 711 141741 94682
internal_value=-0.000813948 0.000702166 -0.00171389 0.00464216 0.00210392 0.000303868 -0.00124806 0.00364224 2.69419e-05 -0.00113635 -0.0017114 -0.000181879 -0.00148174 0.00845649 -0.00313294 -0.00171829 0.000227893 -0.000484964 -0.0015232 -0.00282306 0.000345968 -7.54832e-05 0.001561 0.00570129 0.00846486 0.00065473 0.000247913 0.00591234 -0.00176323 -0.00297418
internal_weight=705465 262775 442690 24113 14472 238662 333285 18281 220381 326318 203641 122677 194642 9641 109405 184147 210066 116879 175294 102484 205644 152682 52962 9510 7412 43452 142882 7763 161447 100441
internal_count=705465 262775 442690 24113 14472 238662 333285 18281 220381 326318 203641 122677 194642 9641 109405 184147 210066 116879 175294 102484 205644 152682 52962 9510 7412 43452 142882 7763 161447 100441
cat_boundaries=0 27 51 78 105 113 139 165 192 217 243 270 298 326 353 380 406 432 459 485 510
cat_threshold=20 64 1025 0 0 64 8200 524288 2048 36864 0 1024 1074790400 0 524288 8388608 268444672 0 10240 4194304 0 96 135266304 1179648 0 0 532480 16 0 1024 0 0 0 0 0 0 0 0 0 1048576 0 0 8388608 1024 0 8192 0 0 0 0 1048576 134217728 64 33 0 262144 134283264 8 131200 32 0 8650752 268435456 0 1207959552 2 1048576 4194304 1107427328 1073741824 524288 10240 2 0 0 0 1073741824 872415360 4194370 0 67108928 68157440 536936448 2147483648 512 67108864 0 1073741840 0 0 8 2147484992 33554432 0 553648128 32 1048596 134217728 0 0 0 16 32768 4 16777216 67241216 86080 32788 33652770 1107331072 4211201 1077936133 11 0 0 1048578 1048578 0 0 294912 1048576 8192 0 0 34832 0 8272 4096 1073741824 0 8917248 32 6291456 1040 67112964 8 0 8388608 4 0 1073741856 0 16388 2 16384 2097156 68157440 0 0 8192 48 4104 512 138412032 0 536870912 268436480 1048576 134217732 32800 64 33554432 8 8388672 8 2097296 0 268435984 2147483664 16777216 64 8388672 33554432 1048576 2097152 36864 132096 0 0 67633152 0 8388864 0 0 0 128 4194304 0 1090519048 144 32 1 134217734 4672 268484640 0 0 4194304 12288 0 40 512 0 2050 8192 8389632 272 0 0 524288 4194304 1048705 0 0 1048577 0 256 16384 0 67108872 33554440 134217728 2147483664 0 8388608 0 0 0 0 1024 17152 0 2560 512 536871424 34816 167903237 0 64 0 536871936 65536 17825792 196608 0 34 0 384 0 67109120 1048576 269484032 16384 2050 573440 0 16 268435456 1048576 16777216 268472320 0 134217728 0 4096 16777216 16777216 0 16777216 65536 8388625 0 268468224 33558528 128 0 4456448 536871440 1048576 32768 4096 81922 0 262145 2097153 67108880 8192 0 2097152 0 0 65536 0 0 285212672 0 33554432 1 0 4096 16793600 0 32768 16777216 1049088 16842756 65536 272629952 0 589824 33562624 0 268435584 0 134610944 16 516 0 0 0 0 0 1 2129936 0 1 2147483648 0 524544 16777216 32 268435456 0 131088 65536 134217728 262144 0 262400 1073741824 0 67174400 134218752 1073741856 2048 2228224 327680 0 134217728 0 16777216 1090584576 2097168 8650752 512 67108864 528394 0 8388608 140509184 0 4194336 0 2155872256 0 8192 41943040 1048576 262144 32 0 0 1052672 0 66560 32778 1024 0 64 2097152 76283904 512 67113088 74453248 16 3221225472 8421376 0 0 67108884 2147483648 2048 0 0 0 64 0 1024 4 1082130432 0 524288 0 0 128 1024 8388608 67239936 65536 203423744 536903680 8388608 2 16385 0 0 2155872256 536870912 536870920 41943040 0 64 40 32 16777216 0 0 65536 8 0 32769 536872000 0 0 1114688 0 0 16384 536870976 2684354560 16384 538968328 0 4194320 4096 2147483649 0 0 0 65540 65536 8 67108864 134217728 1 0 58720256 2147483648 20 268435458 268468224 1024 67108992 65538 276824064 1 48 0 0 0 134234112 264 327680 8192 536870914 536870912 32 16384 8404992 67108864 2048 0 0 2048 4194304 0 8388608 67108864 128 8388608 2097152 4194304 1074266112 2097152 32 5378048 134284288 1024 16384 528384 268435456 0 16 48 0 8320 18496 0 0 32784
is_linear=0
shrinkage=0.05


Tree=55
num_leaves=31
num_cat=22
split_feature=0 4 36 3 35 42 36 42 36 35 35 36 42 36 36 36 36 36 36 35 25 36 42 36 42 36 36 36 36 36
split_gain=362.722 147.527 102.706 89.2387 84.372 72.629 75.9965 71.8171 78.2088 66.5055 52.8477 52.5681 52.1777 49.2633 49.2071 47.3904 46.387 44.802 44.7045 43.7504 42.4633 42.233 40.9741 40.9286 40.0956 39.022 38.9002 38.1802 37.7431 36.0445
threshold=0.87000045180320751 4.8858752250671396 0 0.4266719669103623 1.0038720965385439 1 2 3 4 1.0660022497177126 0.81763020157814037 5 6 7 8 9 10 11 12 0.61867865920066845 0.90000000596046459 13 14 15 16 17 18 19 20 21
decision_type=2 2 9 2 2 9 9 9 9 2 2 9 9 9 9 9 9 9 9 2 2 9 9 9 9 9 9 9 9 9
left_child=3 4 18 16 7 6 -6 8 -2 10 12 -7 -5 -10 -12 -11 -1 -9 -3 -18 23 -8 -13 -19 27 -22 -15 -16 -26 -23
right_child=1 2 -4 9 5 11 21 17 13 15 14 22 -14 26 24 -17 19 20 -20 -21 25 29 -24 -25 28 -27 -28 -29 -30 -31
leaf_value=-0.011372005585299608 0.029691050520220898 0.35160621781504953 0.015604639161898427 0.029077850597172113 0.021251286658165881 0.0066418344295068495 0.018079482969610206 0.0079782166495664143 -0.0084866453814353877 0.0060143666862197409 -0.0064473205098210659 -0.0085504738472546096 -0.0005493672130419653 0.017237900883491031 0.0036043547670869857 -0.0063236794748160359 0.053467651515312797 0.0065261536749554238 0.063511527297943626 -0.0046385217348815398 -0.007740615210028068 -0.012912959174324491 -0.0025502648255094798 -0.0018938517676518468 0.0040725665783107714 0.0012034482303579176 0.0034405054527675673 -0.0043810712585455438 -0.00151315547167543 0.00067761539859898532
leaf_weight=4040 3441 343 13244 2446 1681 2237 1658 5426 1947 1211 6272 8320 3836 3480 2054 26261 504 2642 2864 77772 2201 1179 62342 57011 4209 110991 45500 25005 208722 16645
leaf_count=4040 3441 343 13244 2446 1681 2237 1658 5426 1947 1211 6272 8320 3836 3480 2054 26261 504 2642 2864 77772 2201 1179 62342 57011 4209 110991 45500 25005 208722 16645
internal_value=-0.00080597 0.000359024 0.00497888 -0.00190929 0.000126377 -0.00113727 0.00144104 0.000637304 0.00222788 -0.00148384 -0.00122968 -0.00188572 0.00329858 0.00173373 -0.00134521 -0.00382011 -0.00335654 0.000152076 0.0129933 -0.00308544 1.1498e-05 0.000557893 -0.00212493 -0.00106803 -0.00123072 0.000580425 0.00204425 -0.0030435 -0.00100021 -0.000154191
internal_weight=705484 343152 16451 362332 326701 94062 21163 232639 54368 280016 252544 72899 6282 50927 246262 27472 82316 178271 3207 78276 172845 19482 70662 59653 239990 113192 48980 27059 212931 17824
internal_count=705484 343152 16451 362332 326701 94062 21163 232639 54368 280016 252544 72899 6282 50927 246262 27472 82316 178271 3207 78276 172845 19482 70662 59653 239990 113192 48980 27059 212931 17824
cat_boundaries=0 28 36 64 72 100 127 135 159 187 215 242 270 298 324 332 360 368 395 420 448 476 504
cat_threshold=32 2214871042 1024 0 4 1 0 8192 768 8389632 0 0 168837376 256 0 134291456 0 128 131072 0 0 64 0 0 8192 4096 2 1073741860 524611 16777280 327936 2148532224 73465856 75503105 201458084 224 0 0 0 0 67239936 65536 1090519104 8388608 134217728 1081344 192 8421376 68157440 33587201 0 1048576 128 134375424 2 0 0 1024 0 1048576 0 8 0 16384 21020676 805437442 268798494 4194564 67174400 286262784 4608 2 264192 1040 0 2147483648 1149370370 8388608 16384 2048 1073741953 262144 0 0 4194336 2048 0 0 0 1 67109888 0 0 135266368 1025 0 0 131104 0 4096 69640 8388608 536870944 83918848 268436992 268435456 268435456 0 0 1 32 0 8393856 0 4096 1073741826 0 268435456 268959744 0 0 16388 16384 16777216 268435456 0 64 67110912 67108864 1128267790 598826 536872962 0 0 162 256 1077936136 8388608 8192 0 1048576 268435456 0 2048 0 0 2097152 16 0 16780296 536936448 32772 2621440 786432 2415935488 805306368 16384 1073741824 4160 128 65544 2097154 4128 0 262144 0 65536 2097152 2 2147614720 0 32768 0 2147483648 0 0 4194304 8388608 71319553 16777216 0 4352 9216 134217729 2147500032 131072 512 16777216 0 8389762 32 64 2097152 0 536871200 0 128 142606400 0 0 512 0 2 0 1048576 262784 269484032 1048576 0 0 0 134480896 0 64 67125248 2147483648 512 0 0 0 9437184 65536 0 67112960 0 1075838976 8200 128 8194 2147483904 16782340 262144 0 512 1140850695 536870912 1073741824 0 8192 0 0 512 8192 0 0 268435456 0 1033 64 0 1024 0 268435488 16842752 10240 0 150994952 65536 41943168 4 0 1082146816 32768 16384 1073741856 0 2147483648 2048 2048 1048576 0 2147483648 0 0 0 0 0 0 0 0 0 0 0 0 0 65536 0 0 0 0 0 0 0 0 0 0 0 4 2147549184 256 2049 268435456 0 128 67108864 16779280 2 17301504 8389632 1074266144 0 4456448 0 1176 0 0 1024 0 262144 0 2560 0 5120 32768 134350848 41964544 524420 42041410 18442 2416443392 1077973001 10 65536 134217728 4 64 0 0 4096 526336 10272 2147500036 64 0 32 67633152 16 0 17301504 0 32 524288 0 1073742848 0 164864 0 0 276828160 4 788754 2147484160 8398848 9175040 272404 1141391410 167780616 256 0 0 536887296 0 1024 0 2048 0 262156 2147483648 0 0 65536 4096 137280 524292 4194304 17 0 1024 268453888 0 0 32768 134217730 2214592512 1572872 536870912 201326592 0 37748736 0 131072 1056770 34 525058 16777216 0 536870984 0 268468352 8388608 4 0 4096 2 32 0 4104 262144 16 2097152 33554432 2097152 2147484672 8208 8454144 8390664 0 0 0 0 0 1610612736 16384 279552 0 1081346 2147483648 1 524288 2 129 68 512 5242880 0 0 0 67108864 513 33312 268435456 67108864 1024 256 0 0 16 524544 67108992 147456 8392704 0 0 0 33554496 0 1073741824 0 0 4260608 0 0 16777216 65584 16388 1048576 532480 4195328 0 1024 4194336 133120 524288 1048576 32 0 0 536870912 0 0 536870916 0 4227072 0 67174401 16928 0 0 64 67109890 16384 4 0 1048576
is_linear=0
shrinkage=0.05


Tree=56
num_leaves=31
num_cat=16
split_feature=0 35 22 22 37 37 37 32 37 22 37 31 35 37 37 37 37 30 40 37 32 37 22 37 37 30 42 30 29 42
split_gain=334.97 138.284 104.838 91.708 88.5255 82.8165 79.2949 71.0438 99.1645 69.5748 69.1408 63.3939 62.5823 87.8193 78.424 60.2801 59.9268 54.4035 65.4429 59.2126 52.5613 49.7248 49.1487 61.9808 58.311 57.851 51.7013 48.5909 48.5731 60.9295
threshold=0.86000466346740734 0.67103970050811779 5.5000000000000009 1.5000000000000002 0 1 2 21.275000572204593 3 5.5000000000000009 4 3.0408500432968144 0.74277594685554515 5 6 7 8 1.0000000180025095e-35 9 10 20.494999885559086 11 1.5000000000000002 12 13 1.0000000180025095e-35 14 1.0000000180025095e-35 1.0000000180025095e-35 15
decision_type=2 2 2 2 9 9 9 2 9 2 9 2 2 9 9 9 9 2 9 9 2 9 2 9 9 2 9 2 2 9
left_child=4 -2 3 6 -1 -4 20 8 11 12 17 -7 13 -6 -14 -11 -12 19 -19 -5 -3 -8 23 -16 -24 26 -25 28 29 -23
right_child=1 2 5 10 9 7 21 -9 -10 15 16 -13 14 -15 22 -17 -18 18 -20 -21 -22 27 24 25 -26 -27 -28 -29 -30 -31
leaf_value=-0.0089413868881124802 0.071655073345523151 -0.010276326164318981 0.028484736607731532 -0.01415322046357519 0.14591403176770595 0.044174882288545984 -0.008263724304574227 0.0011051711664840091 0.0036050906983254027 -0.0082417596461068828 -0.011154794348620635 -0.004314610698030053 -0.0076299810651765726 0.0045523753026037233 0.0050388943027932873 0.00085589980147402769 -0.0012807948428561881 0.12490386323575367 0.0041004646636210234 0.0080554170028065142 0.013468924231947389 0.0033098122292432117 -0.0062968681822194901 -0.006162639808351739 -0.0028993103874046453 0.011225478961435378 -0.0012386124442372417 0.021953685492469611 0.0033108169788185929 -0.0023579577808607688
leaf_weight=12085 3579 1139 7527 3948 408 2132 2447 34194 4419 3597 3917 500 15346 2767 4167 46080 176872 2501 2808 5544 8903 20832 15737 7467 170856 2282 79501 1812 32758 29828
leaf_count=12085 3579 1139 7527 3948 408 2132 2447 34194 4419 3597 3917 500 15346 2767 4167 46080 176872 2501 2808 5544 8903 20832 15737 7467 170856 2282 79501 1812 32758 29828
internal_value=-0.00073066 0.000381298 0.00027899 -7.79465e-05 -0.00179746 0.00242552 0.00117287 0.00154371 0.00611351 -0.00165126 -0.00070287 0.0137722 -0.00193962 0.00504172 -0.00201468 8.12734e-05 -0.000971861 0.00258152 0.00663606 0.000316022 0.00537899 0.000690374 -0.0018237 -0.000887543 -0.00229248 -0.00116596 -0.00137233 0.00089247 0.000716563 -0.000253647
internal_weight=705953 345660 342081 293309 360293 48772 97719 41245 7051 348208 195590 2632 298531 3175 295356 49677 180789 14801 5309 9492 10042 87677 280010 93417 186593 89250 86968 85230 83418 50660
internal_count=705953 345660 342081 293309 360293 48772 97719 41245 7051 348208 195590 2632 298531 3175 295356 49677 180789 14801 5309 9492 10042 87677 280010 93417 186593 89250 86968 85230 83418 50660
cat_boundaries=0 27 54 82 108 135 161 188 214 241 242 268 295 323 350 358 366
cat_threshold=134217728 0 33 33554432 0 65536 4096 0 96 512 0 268435458 0 8388624 258 1048704 0 537395208 1073741824 524417 8390656 0 0 0 65536 1073741824 872415232 4456464 4096 576 16464 0 64 0 0 1073807360 2101568 0 134218752 1048576 2147483648 0 262144 813694976 33812 16 0 0 0 134217728 1048576 0 0 8192 2 262144 64 272 0 2097152 1048640 1048576 0 268439552 16777216 0 1073741824 256 67633152 65538 285212672 8 2147549184 4 67108864 0 1 0 32768 1077936192 524288 1 78120960 512 67113088 74453248 0 1073741824 32768 0 0 20 2147483648 2048 0 8388608 0 1048640 0 0 4 8388608 0 524288 0 0 32896 1028 16 2147483648 0 0 687865888 8405000 536870976 2147483652 2048 86016 0 0 134217728 8392704 524288 0 134351104 268435456 0 0 0 0 0 4198400 65537 32768 16777216 0 64 67108864 0 0 0 0 0 2 0 0 0 0 64 0 0 0 0 0 0 32 0 0 0 0 2147483648 4 64 32768 65536 262144 4194304 0 134217728 512 2147483648 1073741824 32800 0 524608 8388624 2304 20971520 4096 0 269484032 0 67112960 1048576 0 4194560 262148 128 131074 8288 67109128 0 0 134217728 1 0 4 65536 1048576 0 134218244 256 4194304 134217730 8224 8389120 4128 0 33792 2 0 536870912 0 50331648 134221953 8388672 32769 0 0 0 16640 0 2147500064 8421376 0 0 0 8260 8388624 1050624 0 4096 0 0 0 0 2 536871936 4194304 1073741832 67109504 2686812176 16 0 0 0 0 0 536870912 2147483648 0 0 0 0 0 0 0 0 131328 0 0 0 0 0 0 4096 0 32768 0 2147483712 32771 33620032 0 0 4456448 0 268435968 262144 0 0 0 0 33554704 2048 0 2097168 16384 1048576 32 134348800 4096 0 545259520 2164260864 301989888 131 0 1064960 262160 16 536870976 1 32 0 272629760 4194304 0 1108345092 16384 524288 65538 16384 0 0 2097152 268435456 0 0 0 32770 0 9 1 8392705 2097152 536887296 8200 134219136 2147483648 168067072 537919488 268435456 0 0 0 0 33562624 0 512 8192 32768 65536 0 285212672 2 16777216 0 0 8 33554432 131218 537133664 264452 0 33559042 2550137352 1074927631 256 524870 201850880 2147483906 656008 67174440 26284352 2097312 96
is_linear=0
shrinkage=0.05


Tree=57
num_leaves=31
num_cat=18
split_feature=6 11 35 37 37 35 37 37 42 22 31 32 37 22 37 30 28 42 37 30 42 37 37 22 37 37 37 37 37 37
split_gain=313.952 153.517 110.398 106.63 80.7423 70.0013 91.3888 67.7287 65.0352 55.8561 51.0047 79.0971 50.9976 50.0095 53.6879 49.0257 72.7135 53.2439 47.1399 47.1903 82.9797 73.5182 54.8101 52.7632 52.1592 47.0325 45.4654 44.8267 43.4125 42.5772
threshold=1.8243045806884768 0.50071430206298839 1.0626534819602969 0 1 0.92101219296455394 2 3 4 5.5000000000000009 3.0408500432968144 22.195000648498539 5 1.5000000000000002 6 1.0000000180025095e-35 0.90950000286102306 7 8 1.0000000180025095e-35 9 10 11 1.5000000000000002 12 13 14 15 16 17
decision_type=2 2 2 9 9 2 9 9 9 2 2 2 9 2 9 2 2 9 9 2 9 9 9 2 9 9 9 9 9 9
left_child=1 4 5 -2 -1 6 -3 -4 -7 13 11 29 -6 -5 15 17 -17 -15 -10 20 -20 -21 -23 24 -22 -9 -14 -25 -24 -11
right_child=3 2 7 9 12 8 -8 25 18 10 -12 -13 26 14 -16 16 -18 -19 19 21 23 22 28 27 -26 -27 -28 -29 -30 -31
leaf_value=-0.0083020206627390791 0.12603345047924794 0.020202363004742822 0.0042983991515285038 0.0070297405851752932 0.0049001605316463543 -0.0034495554283726529 0.0014487203114960379 -0.013089682796380864 -0.0073479972435087585 0.10103287873356465 -0.0029487353891456737 0.010232784955275732 -0.0060672885063286497 -0.018444567245452004 -0.0016529028474989188 0.11082339964499499 0.0051186162127357937 0.0068349049283379822 -0.0041012222208839473 0.013646980930353375 -0.0052737936952292844 -0.0073229274366308442 0.0069634865914293444 0.0037301361407785063 0.0015855810355225432 -0.0046216763302433447 -0.0027572264810695139 -0.0018426183656758731 0.00033033247484831054 0.028630627205642391
leaf_weight=11707 1896 5048 4035 31308 4480 30308 26462 4246 5082 977 3611 8330 14391 3639 42564 2917 4648 8913 24622 4666 4640 4373 11710 6525 59861 37200 182059 75402 77524 2752
leaf_count=11707 1896 5048 4035 31308 4480 30308 26462 4246 5082 977 3611 8330 14391 3639 42564 2917 4648 8913 24622 4666 4640 4373 11710 6525 59861 37200 182059 75402 77524 2752
internal_value=-0.000732401 -0.00118924 -0.00058946 0.0017015 -0.00226588 -0.000276713 0.00196677 -0.00290142 -0.000508715 0.00149733 0.00426106 0.00582193 -0.00203032 0.00103668 0.000221555 0.00234934 0.00552967 0.000434159 -0.000265883 -0.000175758 -0.00067743 0.000697412 0.000391618 -0.000225691 0.000843966 -0.00350303 -0.00215068 -0.00106786 0.000659701 0.0118733
internal_weight=705896 594341 381704 111555 212637 336223 31510 45481 304713 109659 15670 12059 200930 93989 62681 20117 7565 12552 274405 269323 171050 98273 93607 146428 64501 41446 196450 81927 89234 3729
internal_count=705896 594341 381704 111555 212637 336223 31510 45481 304713 109659 15670 12059 200930 93989 62681 20117 7565 12552 274405 269323 171050 98273 93607 146428 64501 41446 196450 81927 89234 3729
cat_boundaries=0 17 44 71 97 104 131 158 164 189 197 224 251 277 304 329 356 382 408
cat_threshold=0 0 0 4096 0 64 0 0 2048 0 0 0 0 0 0 0 268435456 8388612 8192 32801 33619968 262144 4194304 134217728 0 1048608 2113536 0 2 0 42205184 130 1048576 0 8 4194304 524289 8388608 0 1 0 0 1074003968 268435584 0 2147483712 1048576 67125248 69632 0 2129924 67108864 268443648 68 2147483648 0 8 320 1052672 0 0 536870912 16 167772160 0 0 0 0 8388624 4 838861312 0 4096 0 2215116800 1282 16793600 75497472 2147483680 0 270532608 0 138412032 524292 2048 1152 0 8397056 0 16777224 0 0 0 2048 4194304 4194305 32768 134482448 1073743616 8921088 41976066 10756 675291306 33587208 16 294912 268435456 262144 16777232 0 536870913 16777233 16384 4 0 134217728 262144 2147500032 0 603979776 536887552 48 16 0 0 0 134217728 1073872896 0 40 1 524304 4096 0 0 536870914 0 2684387392 81921 0 603984128 33554432 536870912 536875008 0 0 0 545784320 32 1056768 1073741824 16 0 134217728 1048576 0 0 4 0 0 262144 4 0 16777216 134234112 32832 5 0 0 8 8388616 0 96 0 16779266 268435456 0 1048656 16 67110912 20971520 0 8 5243008 0 4096 0 537001984 4194304 524740 33570816 268288 8192 6590496 3221373184 3514828807 128 16 0 514 134217792 0 131072 536879108 0 536879104 539099136 0 134217728 0 0 0 142606336 537526560 0 10502144 8 0 138412032 134217728 0 0 0 1 200708 0 16392 0 131072 2097152 505413632 524288 0 16384 1048576 33619968 0 0 4194304 537919488 8192 536870912 32 4 0 0 50331648 16785408 0 2148532224 524288 4456448 4096 0 65536 0 8519680 35651584 1 268435456 2147762176 41943041 0 4096 2147745800 0 1064960 133120 65536 2064 8 1073741824 0 4 4 0 2147483648 4096 64 32 542113792 16 1073741824 0 0 2149588992 0 2147483648 32768 0 8 33554688 1074790656 536870912 528384 0 524288 144 0 0 16 0 0 872423428 134365184 64 1073745920 4194306 0 65536 20480 1048576 64 512 8388608 268435456 0 16 16 128 0 537034752 1082130432 268435584 1024 4099 0 8192 256 2147483648 0 0 130 553648128 16384 64 0 0 138543104 4096 4325376 134217728 2147483656 67633152 16384 536870912 32 32 8 16 4196352 8192 16777216 2048 0 17309696 4194304 0 66576 0 32768 268435456 1073741888 1073741828 0 2181046528 12288 536870912 1314824 0 0 0 8390145 65536 16777232 1073741824 128 0 0 0 0 4 16 0 4096 2097152 0 0 0 0 0 4116 0 0 0 0 0 1048576 0 0 0 0 0 0 0 0 0 4
is_linear=0
shrinkage=0.05


Tree=58
num_leaves=31
num_cat=26
split_feature=25 37 28 37 37 37 30 28 36 42 37 42 36 36 37 36 36 36 36 36 36 36 36 36 37 36 36 36 36 36
split_gain=283.648 129.868 117.198 139.484 130.85 91.4496 87.3316 83.9618 82.887 81.793 80.7918 85.8879 88.8981 76.9677 73.2278 64.3673 63.9859 62.8727 61.1026 59.1593 57.4831 56.5004 52.881 49.5132 48.1425 46.5923 45.3667 44.9067 44.6949 44.1296
threshold=0.89001876115798961 0 0.91275000572204601 1 2 3 1.0000000180025095e-35 0.5965000092983247 4 5 6 7 8 9 10 11 12 13 14 15 16 17 18 19 20 21 22 23 24 25
decision_type=2 9 2 9 9 9 2 2 9 9 9 9 9 9 9 9 9 9 9 9 9 9 9 9 9 9 9 9 9 9
left_child=5 8 3 6 -4 -1 16 14 -2 -6 -9 12 -12 -5 -7 -13 -3 -11 -17 -14 -15 -20 -19 -16 -22 -26 -21 -8 -24 -18
right_child=1 2 4 13 9 7 27 10 -10 17 11 15 19 20 23 18 29 22 21 26 24 -23 28 -25 25 -27 -28 -29 -30 -31
leaf_value=-0.0077970146862381753 0.091372740460721774 0.028196493049878292 -0.011211591581677595 0.015563607759689997 -0.0047759090108139366 0.15704367925854268 -5.9460401192290574e-05 -0.0078831091686900785 0.0090070597922699835 0.0084926118864219243 0.014516312085432782 0.0056228156609943354 -0.0082596441437670313 -0.0096073223659018745 0.032371402421765519 0.0026916676742983038 -0.019530474304088621 -0.0076805965313753418 -0.0077412200836230851 0.0075224315882572714 -0.0071599909794614891 -0.0027621044254608484 0.0054116894459705911 0.00067348093457190181 0.0097367536722777759 0.00093159941668140571 -0.00019549083260455847 0.059460362464430365 -0.00043034434303814014 0.0052220226412826205
leaf_weight=11292 2251 1267 7181 3282 20802 449 1037 14881 9516 5062 2421 4061 3382 2098 948 9261 1166 2667 5506 3308 4720 245233 8736 4367 5358 101249 51728 6462 159582 6549
leaf_count=11292 2251 1267 7181 3282 20802 449 1037 14881 9516 5062 2421 4061 3382 2098 948 9261 1166 2667 5506 3308 4720 245233 8736 4367 5358 101249 51728 6462 159582 6549
internal_value=-0.000722596 0.00029095 0.000110681 0.00126437 -0.000642427 -0.00171384 0.00556861 -0.00156896 0.0054519 -0.000400348 -0.00167052 -0.00150534 0.000188373 0.000655961 0.00441457 -0.00189555 0.00224591 -4.99125e-05 -0.00199318 -0.000201527 0.000437141 -0.00214053 -0.000212651 0.00274362 0.000592004 0.000810956 0.000193471 0.009555 -0.000101735 0.000525822
internal_weight=705822 348985 337218 133188 204030 356837 16481 345545 11767 196849 339781 324900 60839 116707 5764 264061 8982 176047 260000 58418 113425 250739 170985 5315 111327 106607 55036 7499 168318 7715
internal_count=705822 348985 337218 133188 204030 356837 16481 345545 11767 196849 339781 324900 60839 116707 5764 264061 8982 176047 260000 58418 113425 250739 170985 5315 111327 106607 55036 7499 168318 7715
cat_boundaries=0 27 54 81 108 136 144 171 179 207 235 261 288 316 343 371 399 427 454 482 509 536 564 592 621 649 675
cat_threshold=0 1073741824 0 16 0 16384 0 16384 536889344 33558528 16777216 0 1611661312 0 605028352 0 268435712 268435456 8192 0 285212672 0 134225920 17825800 2048 48 536870913 4198416 64 64 2113536 65552 0 12 2147483648 0 16 2147483648 4194304 0 256 268435456 0 536871936 32 17825808 4 0 134217728 33558536 4 64 0 8192 0 536870976 35 0 262144 65536 32768 0 8192 0 0 33554432 262144 135274496 0 1048576 0 163840 1081344 1208483840 1072 4 0 0 0 1091567620 335544320 134234116 2097152 33 33619968 0 0 0 134217728 96 100663296 0 268435458 0 0 274 1048576 0 537399296 4194304 1572993 16777216 2 0 0 0 0 603979904 131104 2214871042 0 0 0 0 0 8192 0 0 0 536870912 167780352 4194304 0 65536 0 0 0 0 4096 0 0 0 0 5386240 2 4 131328 4277376 293941248 786432 135440 4349970 2164262924 2 0 64 32768 2 262144 2147483648 4096 1572864 268435456 0 0 98304 0 524608 0 0 0 256 1073743872 0 33554432 67112960 516 4 553713920 3221225476 301989888 4719621 3238133762 100860418 2147484192 1411383553 1049600 67108868 161 301989888 272 69632 0 0 0 1073889280 2050 512 0 4 262144 2082 2148540417 0 0 553648160 0 603979776 0 4456448 0 0 133120 0 0 0 1052672 0 0 2112 2164260896 0 285212672 0 310378496 1536 0 1082163200 16777216 0 8388608 16777216 2048 2048 2097216 0 0 0 16793616 0 2181038080 8192 0 0 134746112 0 64 0 0 0 0 0 0 0 0 0 0 0 33554496 0 0 0 0 0 0 32 0 0 0 0 2147483648 16384 163856 0 1026 0 0 0 524288 2048 81920 67108872 16384 8388608 1024 64 0 256 8192 524288 525568 1 2147483648 0 17825792 268959744 2049 4096 786448 32 0 12582912 67239936 536870912 13631488 1073741856 129 67272704 16 0 67108896 32768 0 0 0 4096 68157440 0 268435456 64 0 0 4194304 0 524288 4096 1 0 0 0 524288 0 32 8388608 17 0 2080 526400 0 268435968 768 33554560 0 2 4096 67108864 134479874 2097152 0 16 268435712 69664 131072 1049600 4 65540 2214592512 0 4194304 32 536872960 1140850688 262144 0 0 0 32768 8 0 35652624 0 514 0 301989888 1280 16896 2048 0 536870912 16384 67108864 147456 65544 0 0 2048 1048608 8192 65536 4096 4224 0 134217728 0 2 32 2052 1 16 32 1030 167804928 16785408 0 536936448 0 0 0 2049 16 2048 0 557056 268435456 0 0 0 2097152 134217730 0 8396801 16386 512 262144 0 4194304 0 4096 67109376 268451840 32768 2 132 268959744 49152 64 1073774592 0 269550080 32 4096 0 1083392 0 0 0 134217728 1073741824 0 268468352 2097152 32768 536870912 0 0 0 71303200 536870912 268435472 4194336 2214600704 8192 2148007936 2097152 8388736 16778240 2097152 135168 0 0 2097153 128 1024 33554432 4 33554444 0 0 8 4096 65536 0 4 8404992 33554432 0 1342177280 2147484672 16384 0 262212 32768 1048576 67108868 0 0 1073741824 8390664 8192 0 524290 151035904 0 32 2 40960 0 513 131072 524296 0 16 0 0 133152 0 524288 0 16 134217728 8192 1342177280 536870912 0 1073741824 68157440 8388608 1048578 0 1048579 268435456 32 12288 16 1048576 134225920 0 2097672 4194304 0 0 0 4194304 0 1073742848 268435464 1048584 0 1 0 134218244 9216 8208 67240960 128 2147483712 0 32 32784 0 16384 8388616 268451904 4194304 67108864 0 0 0 0 1024 0 4202496 0 131136 536870912 0 131072 81920 4096 0 0 570687488 1140850688 0 0 536870912 16777217 67143680 16896 0 524290 201326593 4 0 64 33024 131072 0 532480 1 0 8192 8651008 32 0 1 4194304 0 0 0 0 67239936 65552 0 2148534304 4194306 1024 64 67108864 4096 1140852800 0 268566528 0 0 131074 16384 0 0 8 2 2 4 8519680 0 131072 256 0 0 2 4096 0 0 3 4194560 536870912 1224736770 0 0 1050624 4096 1048576 0 8930312 0 2147483648 34816 1 16640 8576 0 128 81 4194336 528448 555745280 524296 0 512 0 524288 0 4194304 16 4096 0 16 327680 0 393216 0 268435456 0 0 4259840
is_linear=0
shrinkage=0.05


Tree=59
num_leaves=31
num_cat=15
split_feature=11 35 35 42 42 6 42 13 22 22 33 42 30 32 42 33 42 42 33 23 29 42 42 30 42 42 42 42 42 38
split_gain=262.825 148.234 102.851 97.4902 87.9337 82.1074 71.3741 52.7606 48.9843 72.8744 58.0873 70.1558 62.2023 56.7831 78.387 55.1622 56.683 54.9739 53.3143 46.4426 44.6269 55.0894 50.258 37.0916 54.1319 36.8144 36.279 35.0707 33.9318 33.5008
threshold=0.58285716176033031 0.90901944041252147 1.1075949072837832 0 1 3.4734656810760502 2 2.6428570747375493 5.5000000000000009 1.5000000000000002 72.174999237060561 3 1.0000000180025095e-35 21.605000495910648 4 74.155002593994155 5 6 75.704998016357436 19.21418380737305 1.0000000180025095e-35 7 8 1.0000000180025095e-35 9 10 11 12 13 14
decision_type=2 2 2 9 9 2 9 2 2 2 2 9 2 2 9 2 9 9 2 2 2 9 9 2 9 9 9 9 9 9
left_child=6 3 5 19 -4 8 -1 -7 9 10 11 -3 28 14 -10 16 -11 -15 -16 29 22 -22 -8 -17 -25 -23 -13 -18 -12 -2
right_child=1 2 4 -5 -6 7 20 -9 13 15 12 26 -14 17 18 23 27 -19 -20 -21 21 25 -24 24 -26 -27 -28 -29 -30 -31
leaf_value=-0.0053519979675954177 0.026349642519492233 0.0069806408406072971 0.0018642662327482435 0.0018345423873847245 -0.008793821943507002 0.0016611080027713499 9.0962315882511813e-05 0.021074991064781747 -0.0031338504731105443 -0.0056954538393487134 0.002523945511884629 -0.0046187836118169873 0.016666923580968617 0.0081987654200640359 0.023420692736528005 -0.0012426267834871275 0.0014501634922871598 -0.0015329618691298148 0.0047130151916178814 0.16503327223625031 0.0039388659112160303 -0.0040647605778713434 -0.0032278675589922524 0.0089400126456005875 -1.7859010647279516e-05 -0.00048333400693570535 0.0018735196677464887 -0.0022292833143470084 -0.0020725554703521221 0.0087067635246713682
leaf_weight=35628 6702 15439 8088 17704 20541 14944 24570 15548 3376 18855 11078 4276 1969 10165 4719 29800 19065 25688 3452 1267 8451 20818 143218 9680 16948 53480 25400 92845 36487 5477
leaf_count=35628 6702 15439 8088 17704 20541 14944 24570 15548 3376 18855 11078 4276 1969 10165 4719 29800 19065 25688 3452 1267 8451 20818 143218 9680 16948 53480 25400 92845 36487 5477
internal_value=-0.000692702 0.000104258 -0.000161929 0.00342284 -0.00304619 6.76192e-05 -0.00186103 0.00254977 -0.000162266 -0.000412375 0.000718304 0.00201619 -0.000463813 0.00132487 0.00437413 -0.000984073 -0.0015479 0.000342709 0.00701693 0.00663038 -0.00156302 -0.00061284 -0.00203172 0.000322529 0.00167862 -0.00104799 0.000592852 -0.00112021 -0.000824381 0.00568658
internal_weight=705678 419513 388363 31150 28629 359734 286165 30492 329242 281842 94649 45115 49534 47400 11547 187193 130765 35853 8171 13446 250537 82749 167788 56428 26628 74298 29676 111910 47565 12179
internal_count=705678 419513 388363 31150 28629 359734 286165 30492 329242 281842 94649 45115 49534 47400 11547 187193 130765 35853 8171 13446 250537 82749 167788 56428 26628 74298 29676 111910 47565 12179
cat_boundaries=0 8 16 24 32 40 47 55 63 71 79 87 94 102 110 111
cat_threshold=67108868 285212672 302121998 2181636386 536887296 16908800 2097184 66 17039942 67109888 4456448 134348808 807469056 1101010562 2164269092 128 536874002 67113056 524292 9175040 4194304 201851507 188747784 260 150995972 16778240 16777252 2148943488 1048584 18429185 162 32 1152 268436480 540672 352259 637671456 2174816329 75497600 64 17072384 8389632 17310112 1108082722 1050627 8618 33560584 525312 815267840 1074021380 134242324 609484833 2147485192 4102 128 138445312 541261824 67110528 33563906 1074792467 14811136 2097796 128 6324229 1835010 2181335216 2147484160 1277165696 65536 1181696 225 557184 2415935488 1078206848 9445636 537002017 3221225736 813699074 160 2703364 1073741824 53512 135397440 136462472 1610702976 2148532226 65 65665 42467328 33819648 40961 40110342 2965389312 8521729 133192 2718040128 294918 2147484672 104928000 805307905 1677721604 128 32769 2147483712 1644266766 4203174 67438592 268436560 67108864 32 65
is_linear=0
shrinkage=0.05


Tree=60
num_leaves=31
num_cat=21
split_feature=0 28 36 26 36 36 35 42 42 36 32 42 36 42 36 36 36 36 36 22 33 36 36 36 36 36 35 35 36 36
split_gain=246.476 131.669 137.706 97.1004 61.449 61.0642 58.8559 59.51 58.3731 54.7678 53.6084 112.706 69.7945 55.0535 66.4136 57.1235 49.1229 47.2058 46.6483 45.0036 65.8663 62.8028 50.9533 48.3681 43.7492 41.8588 41.1252 40.1812 48.7187 40.5423
threshold=0.67801108956336986 0.57150000333786022 0 0.98538014292716991 1 2 1.0199413299560549 3 4 5 21.304999351501468 6 7 8 9 10 11 12 13 4.5000000000000009 70.555000305175795 14 15 16 17 18 0.67103970050811779 1.0012609362602236 19 20
decision_type=2 2 9 2 9 9 2 9 9 9 2 9 9 9 9 9 9 9 9 2 2 9 9 9 9 9 2 2 9 9
left_child=6 2 -2 4 -3 -5 8 -8 25 -9 11 -7 -13 14 -12 -15 -16 -6 -10 20 21 -14 -22 -21 -20 -1 -26 29 -29 -19
right_child=1 3 -4 5 17 10 7 9 18 -11 13 12 19 15 16 -17 -18 27 24 23 22 -23 -24 -25 26 -27 -28 28 -30 -31
leaf_value=0.0047172271317334263 0.10730617741552551 0.0047808992212394433 0.0089138638954365107 0.011192995537291662 -0.0069549029166477427 0.049202675777240495 -0.010198699657669653 0.0054026729219051415 -0.0068130546604453406 -0.0040292898202180611 0.023287791203777455 0.020623930899365539 0.02154023006680247 0.010768764006025864 -0.0078566565822419474 -0.00089971916231842562 0.0032755120592201426 0.0061633146964265861 0.0061351869803652733 0.033469865017415348 0.011185819023026801 0.0022578595192214806 -0.0040960691376860569 0.0054603013751616698 0.035495372474153707 -0.0043929809845197039 -0.0015974609447281908 0.0060974362237306012 -0.0029278309384324465 -0.00080320094801941829
leaf_weight=1777 1629 7278 7660 7610 4087 2925 9680 1651 4834 42776 2699 2261 1689 5648 1984 141558 31383 4216 3151 1217 1717 7598 20298 9473 1625 38000 164742 2663 62487 108916
leaf_count=1777 1629 7278 7660 7610 4087 2925 9680 1651 4834 42776 2699 2261 1689 5648 1984 141558 31383 4216 3151 1217 1717 7598 20298 9473 1625 38000 164742 2663 62487 108916
internal_value=-0.000664603 6.7735e-05 0.00595667 -6.01754e-05 -0.000904241 0.000612238 -0.00185769 -0.00333107 -0.00148537 -0.00255496 0.000466565 0.00196963 0.00133941 7.96626e-05 0.00183011 -0.000349314 0.00121824 -0.00108407 -0.00109083 0.000877318 -7.90659e-05 0.00345203 -0.00156875 0.00367833 -0.000952492 -0.00321359 -0.00106317 -0.00096204 -0.00195124 -0.000392458
internal_weight=705232 436996 9289 427707 189647 238060 268236 54107 214129 44427 230450 47178 44253 183272 36066 147206 33367 182369 174352 41992 31302 9287 22015 10690 169518 39777 166367 178282 65150 113132
internal_count=705232 436996 9289 427707 189647 238060 268236 54107 214129 44427 230450 47178 44253 183272 36066 147206 33367 182369 174352 41992 31302 9287 22015 10690 169518 39777 166367 178282 65150 113132
cat_boundaries=0 28 56 84 92 100 125 131 159 167 195 223 251 279 307 334 362 389 417 444 472 500
cat_threshold=458784 2147483648 0 0 0 142671872 67117056 133120 524417 32768 0 67108864 33554432 4 2113536 66048 2147483648 2048 0 8192 0 0 262432 0 8192 0 16 4 4096 0 4096 20971520 8388608 0 0 1050624 512 2097152 262304 65536 1024 0 0 16777216 536875264 0 2 524288 2147484292 2147549444 0 33554432 0 65536 16384 1048576 1108344832 1048576 4 2418032640 128 0 16416 25169920 67108864 0 524320 2684354560 0 0 512 4 16384 256 0 8388608 0 0 0 2048 16 6144 8388608 33554432 537036816 4160 268451846 8388642 33570840 524865 37753357 6 1282 4096 630784 8683520 4214784 1816674387 2298482948 256 570425344 4 0 0 0 589824 16386 32769 18 32768 0 256 142606336 134217792 536875008 1212153856 0 2147483648 0 1048576 134479872 4096 67125248 256 262144 385 2147483648 262144 0 0 268435456 0 0 8192 0 304136192 4194305 0 128 0 16384 8388608 16809986 67108864 0 0 8454152 8388608 134221825 2097152 16777216 16385 72 0 0 8192 0 0 2101248 150994948 672137218 49184 2285904912 637599776 738198032 10485798 2 4099 738197504 0 65536 520 327680 0 0 144 85459968 0 64 167772162 8388608 0 1048578 0 8388608 0 68157440 0 0 1 0 524288 0 2048 67108864 2147483648 0 1088 4194304 131072 0 64 0 0 4194336 0 0 32 16810496 0 1073752192 50331652 69206080 128 2048 1073741824 0 524304 2147483648 2147483648 8192 0 134217730 4194304 17 135168 0 541097984 0 8388673 1074790400 0 134234112 0 0 0 2 541327360 0 134222084 0 4096 2147500032 2048 0 0 67633152 0 0 0 134217728 128 268501000 0 4096 0 0 0 0 0 536870946 557056 1056768 49152 2097152 0 0 131072 0 270336 20972033 16384 270336 0 0 16385 2147483648 34603008 2147483650 2147483648 65536 32800 0 32 32768 262144 1 2883584 536870912 0 9 805322752 16777216 0 536870944 0 256 545259520 2147614977 2048 0 0 0 4096 2147483648 128 33554432 0 201326592 8 1073774592 75497472 16781568 33554688 537165856 0 1703937 0 0 134217728 33587200 0 16384 0 3072 2 0 0 1052672 0 4194304 0 4194304 32768 64 0 0 4194305 3238002688 805306368 2228288 512 4194304 0 0 131072 0 67109122 276824064 4608 8192 524288 67239944 134217728 0 0 0 1024 0 536870912 0 536879104 524288 134234112 0 0 67112960 402653440 16777216 2147780640 0 0 0 0 0 5243008 8388608 0 4 1318912 2 0 16777472 1048576 1 256 4194304 0 17039360 65 0 268435460 0 0 0 32 0 0 65792 128 2147614720 1025 262144 1 0 538968400 524288 0 134217728 134217728 66048 1024 0 268436480 8456192 4 1048576 536887298 2099200 1073741824 4196368 536871680 1536 167772736 16 0 8192 8388640 1048576 0 16392 33554432 16384 0 0 131072 0 128 0 512 0 0 0 67108864 4456448 0 134217729 2048 0 0 268566528 67108864 1073741824 0 8 64 4 256 4194304 0 576 270336 524304 0 268435456 134217728 66048 131072 268441600 0 0 1612709888 1536 2106368 65536 268435456 0 1 2 33685504 1024 134479872 0 128 1048592 16 1048832 0 8388608 0 537001984 2 33554432 16 0 0 65536 16 132100 4096
is_linear=0
shrinkage=0.05


Tree=61
num_leaves=31
num_cat=20
split_feature=11 35 35 37 37 37 30 37 22 37 42 33 37 37 42 37 22 22 37 22 37 38 42 37 37 37 37 28 37 37
split_gain=231.478 131.279 103.317 82.3634 81.8029 80.5762 80.4701 176.304 100.089 72.8847 72.4703 67.6843 87.1104 60.9584 52.7602 50.4974 49.6773 47.4782 54.5995 43.2119 43.0374 40.3927 40.1114 39.8625 37.6738 35.9358 35.4872 34.1102 33.8013 33.6688
threshold=0.58285716176033031 0.67103970050811779 1.1110839843750002 0 1 2 1.0000000180025095e-35 3 1.5000000000000002 4 5 72.174999237060561 6 7 8 9 2.5000000000000004 5.5000000000000009 10 1.5000000000000002 11 12 13 14 15 16 17 0.52949997782707225 18 19
decision_type=2 2 2 9 9 9 2 9 2 9 9 2 9 9 9 9 2 2 9 2 9 9 9 9 9 9 9 2 9 9
left_child=5 21 3 -3 -4 27 8 16 11 -9 -10 12 -5 -7 -14 -13 -8 20 -19 -11 -15 -2 -21 -20 -12 -17 -24 -1 -6 -22
right_child=1 2 4 6 28 13 7 9 10 19 24 15 14 17 -16 25 -18 18 23 22 29 -23 26 -25 -26 -27 -28 -29 -30 -31
leaf_value=0.050660921315114182 0.18554631261338833 0.0076720149488859468 0.0067991221680634263 0.010340251436802096 -0.014177761944567158 -0.0052377626770508008 0.15102132978242988 -0.0097789921424485463 -0.0064537069105842868 0.016174271142262286 -0.0072931471364782591 0.0072285790144001943 -0.0052271856007990282 -0.005155853662575427 0.0025590599454688116 -0.0081495811028294094 0.026123472047988563 0.014961316476053078 -0.0066847208111454892 -0.0027957031970223174 0.0042649831787029985 0.035901284619104072 -0.003447411275105278 0.00057630648001181649 -0.0011398597883428812 -0.0010369792212357122 0.0023791589323331613 -0.0076381018690231456 -0.0053278793626827387 -0.0020007181428719433
leaf_weight=300 1030 20854 3843 7778 5279 20765 938 3815 17011 2215 4532 4047 5171 14311 37271 2298 9515 2121 3137 16412 4104 2803 8717 30598 108440 46288 92606 14319 18443 196330
leaf_count=300 1030 20854 3843 7778 5279 20765 938 3815 17011 2215 4532 4047 5171 14311 37271 2298 9515 2121 3137 16412 4104 2803 8717 30598 108440 46288 92606 14319 18443 196330
internal_value=-0.000649642 9.84362e-05 1.34485e-05 0.000223635 -0.0029443 -0.00174646 4.9923e-05 0.001025 -0.000512161 0.000497976 -0.00143431 0.000653232 0.00196631 -0.00155144 0.00107354 -0.00059966 0.00725702 -0.00133558 0.000348607 0.000714607 -0.00161685 0.00930816 0.000584464 -0.000141869 -0.000975811 -0.00104688 0.000955874 -0.00536141 -0.00403973 -0.00142745
internal_weight=705291 419306 415473 387908 27565 285985 367054 134218 232836 123765 129983 102853 50220 271366 42442 52633 10453 250601 35856 119950 214745 3833 117735 33735 112972 48586 101323 14619 23722 200434
internal_count=705291 419306 415473 387908 27565 285985 367054 134218 232836 123765 129983 102853 50220 271366 42442 52633 10453 250601 35856 119950 214745 3833 117735 33735 112972 48586 101323 14619 23722 200434
cat_boundaries=0 27 53 80 107 133 141 167 193 201 229 256 281 282 290 316 343 369 396 423 451
cat_threshold=0 3221225472 32 0 536875008 16384 68 1048580 2097152 2147618816 0 32784 8 0 524288 65536 939524096 0 0 268435456 1024 4194304 0 1048576 0 262148 302514176 16 2147495936 536870912 2150105088 258 268435456 8520192 2147483680 2048 1342193920 1 134217728 0 0 0 65536 0 0 16777224 2097152 0 0 2048 4194304 1 32768 8388608 8192 32801 33619968 262144 65536 4096 0 32 16384 0 2 0 8650752 258 1074790528 0 570458112 4194304 524289 0 0 0 0 0 1074003972 335544448 16 131072 1536 64 294912 131072 537010176 16385 8194 8192 1073741824 134217728 524288 0 0 134217728 131072 32768 10502160 524296 0 0 134217728 0 8388608 0 65537 134365188 64 32776 0 134217984 2097152 436207616 67108864 0 0 0 33619968 1073741824 64 67108864 603979776 8192 0 32 1048580 0 96 2 553648128 0 2147549184 345344 33554432 276610 8388640 4605984 3355590672 2155874314 1 2147483649 0 4160 2151686400 0 3223322624 335577856 0 0 67108992 0 262144 1611661312 257 4096 262146 0 32768 0 2097152 0 1 0 0 32768 1024 134221828 2147483712 0 536870920 0 131072 134250496 1048704 64 512 0 268500992 0 33554448 16 0 0 0 1075838976 134217856 25166848 4096 513 8192 256 1048576 705 43008000 33818628 40960 38010886 2967470082 25298945 8 4098 0 68198400 262160 16 64 152043520 2147483648 2 80 2147483648 0 134217988 33554432 67109888 0 0 0 0 4 0 131072 33554432 0 33554432 536936448 0 1 65536 1073741824 512 4096 8388612 16777216 17825792 2561 24576 8192 1073745920 134218752 8916992 0 0 0 151519232 0 8389120 268435456 0 0 134217728 0 0 1024 16 0 0 65536 16777216 256 2147483648 262144 131584 4202504 2147483648 1082130432 32768 0 1024 1073741824 2560 20971520 4096 8390656 269484032 2048 67109888 1048576 536870912 268500992 17 131585 66624 537396234 959490 33556480 8462408 1074823328 72 131072 32 4104 4194432 0 0 2147483649 67108864 4 65536 0 262144 134218240 768 2097152 134217730 8192 8389120 4096 0 67141632 2 33554432 0 0 35651680 9437185 8192 268960272 589888 262272 0 268697856 2147483648 268443648 0 1048576 0 2147483648 0 0 1048576 256 65536 536870912 128 0 131072 33554434 0 12582912 0 512 138805248 8388672 0 64 0 0 6291456 1 4 0 1073741824 134217728 32 262144 33554432 0 0 16 2097160 2097160 4194304 134218752 4096 4 545259521 2164260864 4096 0 0 12845056 131200 0 3145728 0 1048612 0 524288 131072 512 1024 268439568 1048576 8 10485768 8 134217728 0 4096 1 8192 4194304 0 35328 0 64 67108896 1048578 0 0 0 537919488 8704 2147483664 0 0 262144 264 268435712 1074790400 536870912 537399296 0 34078720 16 0 0 0 268435456 16777220 872415232 524288 262144 285212676 262144 16777264 0 0 589824 0 35651648 0 131072 0 0 524288 536870912 536871680 48 16 2101248 268435456 0 0 1090519040 128 2129920 0 1
is_linear=0
shrinkage=0.05


Tree=62
num_leaves=31
num_cat=25
split_feature=25 35 36 37 36 42 36 36 37 37 37 42 36 8 36 36 36 36 36 37 36 36 22 36 22 36 37 36 36 36
split_gain=212.424 105.921 141.725 75.6215 81.5119 75.3983 66.1404 58.2862 58.1419 57.6235 71.4011 54.2209 72.3726 55.4073 61.8852 56.6993 51.8674 48.5712 48.3221 47.1324 46.4088 46.3073 45.7225 82.5125 65.0253 65.2014 59.9766 52.3997 49.0032 47.3103
threshold=0.89999613165855419 0.8655003309249879 0 1 2 3 4 5 6 7 8 9 10 0.60233131051063549 11 12 13 14 15 16 17 18 5.5000000000000009 19 1.5000000000000002 20 21 22 23 24
decision_type=2 2 9 9 9 9 9 9 9 9 9 9 9 2 9 9 9 9 9 9 9 9 2 9 2 9 9 9 9 9
left_child=3 2 -2 -1 -5 7 -7 -3 -6 -8 -11 12 -10 14 -13 -16 -4 -14 -9 -17 -15 -12 24 -24 25 -23 -27 -25 -28 -26
right_child=1 5 16 4 8 6 9 18 11 10 21 13 17 20 15 19 -18 -19 -20 -21 -22 22 23 27 29 26 28 -29 -30 -31
leaf_value=-0.0076362098854813251 0.086174959796350592 -0.009365447133899819 -0.013535371412870015 0.004588884686014422 -0.0054407199802822721 -0.0080731880875963332 -0.010162834828046391 0.01520590725560257 0.015017932286020431 -0.0059477578674467487 -0.005691172470239903 0.0057102089131553574 -0.006597655437053475 0.0083160628972379254 -0.006359686944140984 0.0023802648739578549 0.0090971601259770326 0.00057954433958658518 0.0031228776884490248 -0.0017502324040742452 -0.0058552150129928043 0.011246015345592853 0.022460158157117084 -0.010779677511281569 -0.0087654978485804478 0.0075577482271932091 0.0074156521410642332 0.0030160194556134723 -0.00021080335084373015 -0.0010125397919335643
leaf_weight=10294 1688 1907 1024 8957 19029 4136 3073 3665 2139 12051 5613 4453 3802 1582 6746 9286 14634 34682 60490 210828 46829 2747 1645 1527 3106 8176 2884 38621 51762 128044
leaf_count=10294 1688 1907 1024 8957 19029 4136 3073 3665 2139 12051 5613 4453 3802 1582 6746 9286 14634 34682 60490 210828 46829 2747 1645 1527 3106 8176 2884 38621 51762 128044
internal_value=-0.000633522 0.000248815 0.0040569 -0.00148674 -0.00136176 4.83005e-05 -0.000330538 0.0015585 -0.00148606 -0.000230319 -0.000148524 -0.00132645 0.000380531 -0.00157435 -0.00125246 -0.00136708 0.00256398 -0.000118197 0.00181502 -0.00122851 -0.00311261 3.70183e-05 0.000142754 0.00164467 -0.000176329 0.00110931 0.000778651 0.00119276 0.000180672 -0.000819094
internal_weight=705420 346793 17346 358627 348333 329447 263385 66062 339376 259249 256176 320347 40623 279724 231313 226860 15658 38484 64155 220114 48411 244125 238512 41793 196719 65569 62822 40148 54646 131150
internal_count=705420 346793 17346 358627 348333 329447 263385 66062 339376 259249 256176 320347 40623 279724 231313 226860 15658 38484 64155 220114 48411 244125 238512 41793 196719 65569 62822 40148 54646 131150
cat_boundaries=0 28 55 82 90 119 147 174 201 228 236 264 292 319 345 373 401 427 454 482 509 537 563 591 619 647
cat_threshold=262146 2181054464 0 4194308 65536 692060288 32 0 128 67108864 0 0 33554464 0 268435456 65536 8388608 7168 0 0 0 1073741824 0 0 8192 4325376 0 4100 134234116 64 33 33619968 0 0 0 134217856 32 67108864 0 268435458 0 256 536871170 1048576 0 537399296 4194304 1 41943040 2 0 1032 256 0 536871040 0 32784 4 67108864 0 0 16384 537397248 1073743872 81920 67108864 16384 8389632 32768 8 0 35651840 8192 0 524288 1073741824 2147483904 0 16908288 525312 1 16384 17334272 35127298 294960 2151678592 1683292164 0 1084229890 80 8388608 1024 2097408 4096 256 0 1 524296 2147745792 2 65536 8388616 268500994 64 2151677960 0 0 0 262160 18432 2048 2147483648 0 128 0 2147516416 0 0 1 0 16777216 0 2147483656 4194304 4096 134217729 1048576 262400 0 1073741824 256 16 8396808 0 0 0 4194304 2684354560 2684354560 131072 0 4096 0 16384 0 2147749912 2147483648 1183744 8192 32776 16777216 262148 65536 134217736 262144 2147483712 0 0 0 0 0 8388624 128 16777216 33554432 0 135266432 0 0 516 536870912 16777216 0 336068609 134217760 536870976 1073741859 0 0 65536 0 8388608 8192 0 0 0 32 1060880 256 2048 4194304 33554432 32768 4849664 0 4096 0 4194304 0 1074790400 335544320 397312 0 67108872 570425472 0 8 67108864 524288 2 0 1048576 0 0 262208 0 1048704 16777216 2097160 2162688 0 262192 67108864 128 0 4194304 16777216 128 21496833 16973954 344001058 2147483648 1140850945 5243904 536875136 161 301989888 256 1114112 0 64 536938496 1073741824 514 512 0 20 262144 35 2048 16896 0 536870912 1 2684355588 0 4194304 1048576 0 0 0 0 262144 4096 16384 0 536870912 16777216 0 0 32 4096 75497472 393216 8 536870912 0 262160 65616 0 4144 0 536871424 1280 0 1028 0 0 1048576 2048 4112 1048580 0 512 0 0 0 0 0 2 524288 0 1073741824 8193 32896 16777216 268468480 264256 128 4210688 0 104857633 0 268435472 2 2147491840 8192 2147483648 513 0 2048 4256 0 0 0 263168 536871424 64 134217728 0 1048577 16388 1107304448 1024 2623508 0 0 2147745792 0 0 4096 131072 65 268959744 64 131080 65536 0 0 4196352 1081376 2048 256 4098 128 0 134217728 0 2 34 512 1048576 0 16 1028 134217728 16777216 0 536903696 0 0 16908288 2147516417 33554433 4 0 0 4096 4202496 0 67108866 512 200 268437504 64 35651712 32768 16778240 2147483648 16384 134217728 512 0 0 0 0 2 0 5247040 1 4096 0 0 64 128 32768 2097160 0 17 0 415367424 8192 0 262144 134217728 1 81920 134219776 1075839008 512 0 262144 0 134217728 1073741824 8388624 1090519040 0 16777216 0 32768 1073741952 536875008 1077940224 134217728 268435456 134217728 16777280 1073743936 4096 268435712 512 134217728 0 2147483648 1073741824 1073741824 128 0 131072 4194304 4194304 0 512 65536 67174408 16386 524320 268435456 0 262144 0 4096 134217728 2147485704 0 0 0 2048 0 33040 536870912 8 67108864 33570816 0 256 17301504 262144 0 134217988 1073741824 0 536870912 16 16777216 0 0 0 8404994 655360 0 262146 134221824 0 268697632 0 2147483649 524288 163840 1 4194304 32768 256 16 0 1077936144 1073741888 2097152 262144 4 0 2147483650 0 4352 71303168 278528 0 131072 32 34078720 1048580 0 0 2058 8388608 270565376 0 134217744 0 0 536870912 2147485696 270532608 65536 0 4 1048579 32 268440640 0 131072 16384 0 262176 0 268435456 0 0 1619001344 33554688 2 2 0 4096 4 67108868 71303168 0 33554432 4 32912 536870912 134217856 301991936 0 0 16384 0 0 0 0 0 64 9728 1024 2048 35980288 285245472 64 2147483648 0 16 0 0 4194304 0 0 33554436 65536 268435968 16 256 0 33554448 69206020 268435456 4384 0 130 1056768 128 536870944 0 8388608 2228224 128 524800 128 1075838976 0 513 0 0 0 0 2099200 0 67108864 268435520 0 33554432 2304 0 32768 0 65665 0 1114628 0 0 0 524288 131072 524288 524290 33554432 1073741828 1040 67108864 0 1610612736 0 512 1074266112 65600 128
is_linear=0
shrinkage=0.05


Tree=63
num_leaves=31
num_cat=26
split_feature=0 37 36 35 37 30 37 36 36 36 42 36 36 36 42 36 36 36 37 36 35 36 37 37 36 36 36 36 36 36
split_gain=189.723 111.884 103.971 73.2622 84.9874 66.8697 66.6792 61.4741 60.5869 59.8099 56.1069 58.8748 55.3928 53.004 46.6817 67.3407 46.6475 43.4502 42.6787 41.8238 41.7028 61.6502 61.5246 53.0801 44.4184 41.6259 39.6679 36.4412 36.0188 35.5866
threshold=0.67801108956336986 0 1 1.0067355632781985 2 1.0000000180025095e-35 3 4 5 6 7 8 9 10 11 12 13 14 15 16 0.93710508942604076 17 18 19 20 21 22 23 24 25
decision_type=2 9 9 2 9 2 9 9 9 9 9 9 9 9 9 9 9 9 9 9 2 9 9 9 9 9 9 9 9 9
left_child=6 2 -2 9 12 7 -1 -4 -7 -3 11 -6 -5 -8 15 -11 -9 -17 -12 -10 21 -15 -22 -23 -24 -16 -20 -27 -25 -26
right_child=1 3 5 4 10 8 13 16 19 14 18 -13 -14 20 25 17 -18 -19 26 -21 22 23 24 28 29 27 -28 -29 -30 -31
leaf_value=-0.0087738269342177554 0.058560221760332709 0.0062880840413370893 0.017232576792222353 0.019837855671454421 0.011961016038139828 0.12429009992200722 -0.0064392406818749616 -0.018371542641047976 -0.011539492578014602 0.019319973370149835 -0.010619776224012981 -0.00061694119190462693 0.0026415610661544965 0.015806585281937104 -0.0063749272598306213 0.014159018872558944 -8.0727959324039533e-05 0.00085408391380688016 0.0054000383149240497 0.020153573069750387 -0.0072781444610593828 0.01385031795459599 -0.0059341797915415748 0.013123982059882562 0.0035260808402917498 0.0038745781413101589 -0.0035572619907829131 -0.00056035016208352275 -0.0022180064784987894 -0.0018160214427246524
leaf_weight=11069 3850 12432 2766 1138 1674 1481 7387 2182 1186 3273 4126 24126 7869 1401 3137 4488 15740 66239 2113 8847 10101 2712 8230 1442 4008 10301 63246 196949 24516 197697
leaf_count=11069 3850 12432 2766 1138 1674 1481 7387 2182 1186 3273 4126 24126 7869 1401 3137 4488 15740 66239 2113 8847 10101 2712 8230 1442 4008 10301 63246 196949 24516 197697
internal_value=-0.00060799 3.45694e-05 0.00270222 -0.000205268 -0.00134525 0.0017718 -0.00165394 7.25023e-05 0.00482631 0.000195278 -0.00178405 0.000207276 0.0032948 -0.00149036 4.68094e-05 0.00112686 -0.000999554 0.000801726 -0.00252335 0.00341871 -0.0013669 0.000379506 -0.00160564 -0.000122904 -0.00142197 -0.000333119 -0.00221107 -0.000246428 -0.000819246 -0.00127487
internal_weight=705726 437163 36052 401111 104292 32202 268563 20688 11514 296819 95285 25800 9007 257494 284387 74000 17922 70727 69485 10033 250107 30071 220036 28670 209935 210387 65359 207250 25958 201705
internal_count=705726 437163 36052 401111 104292 32202 268563 20688 11514 296819 95285 25800 9007 257494 284387 74000 17922 70727 69485 10033 250107 30071 220036 28670 209935 210387 65359 207250 25958 201705
cat_boundaries=0 27 55 81 108 136 164 192 200 226 254 282 290 318 347 375 402 430 457 484 511 538 567 595 623 650 678
cat_threshold=16 0 16777232 0 536870912 16448 64 8388608 2099200 2101504 131072 134284288 536870912 0 524288 0 268435712 288 40960 0 0 0 0 1078984704 65552 262144 16777216 32 2148794368 0 0 4608 134217857 16900 0 0 0 0 0 33579040 2147483904 0 268509184 537395200 67117056 0 1048576 0 32768 0 0 16 4096 2 4100 2097152 4096 9216 69206016 4098 268435456 75497472 0 32 268582912 4096 4456448 134742016 2049 9216 0 134225920 16 0 0 0 0 0 8192 64 536903696 134217728 2147491840 32 0 262144 65536 8 1048704 96 0 0 2 0 8388608 256 1048832 16777216 524552 0 1 8388608 2 1 4194304 65536 1074003968 805306496 2147483648 201342976 64 3489726466 0 8192 256 537133056 1 67112960 8388608 4196416 0 33587202 0 0 576 128 0 2048 0 4096 0 2147483648 0 0 0 536870912 536871040 1024 19 16384 2 0 16777248 0 1140850690 0 1 537395200 4194304 0 16 134217728 16512 32768 1073742852 0 4096 0 16 16384 4096 4259840 0 1073741824 263168 0 0 0 0 1024 32 2 1152 262144 32 16777216 1048576 0 8388608 128 41943040 134221836 67585 1073741824 33554944 0 0 33685504 2105352 4096 0 1048576 321 16777216 33648896 1049224 806420481 4215811 537919780 160 69632 0 32 16777217 17301504 0 1073741824 2048 67108866 0 104 2147483648 4194309 0 512 1082130436 1048576 151552 0 131072 0 0 512 4194304 0 8192 16908288 33554432 0 0 67239940 0 0 8519696 131200 32768 67108992 32768 0 257 0 1048576 8320 2048 0 0 1048577 1073741824 512 1048576 268435456 163840 0 67108864 2147483648 2147549696 0 268435456 128 1081376 0 0 262208 0 1073741824 268435457 1342210048 0 256 0 128 264 0 67108867 0 0 4352 9344 512 2147483648 0 33554432 134234246 805437442 268632628 4194822 71368705 285213264 4608 2 570427426 0 0 4194436 1073872896 8388609 1048578 0 0 0 0 8 0 8192 268435968 16785408 0 1048576 64 25165824 0 1073741824 1051649 0 0 0 2048 4096 8192 0 2147483777 8256 4194306 1048640 0 33024 67112960 0 65536 0 0 0 16 16777792 0 0 329728 2147483648 0 256 268435456 524290 17825792 16384 0 1048576 2 1 1048592 8192 268435456 0 2147549184 4194304 264192 256 45056 0 536937472 4194312 4194304 1074790400 0 144 1 2 8192 4194304 134217728 0 0 0 4325376 0 2048 8388608 64 0 0 0 0 2129920 0 268435968 0 3221225472 268435456 0 9449472 16 1074790400 536870912 33591296 32 1572864 16 524288 0 536870912 0 2164261888 872415232 4194304 0 0 1073741824 33554432 1048592 536870912 262144 0 131072 0 0 8 2 393216 4194432 0 4 553650176 2064 32 4096 0 2147483653 0 16384 64 537657344 67371010 4194308 0 0 1224736768 146800640 0 2147614720 8388608 12288 8388608 0 4194816 0 16 4325376 0 8192 1024 32 0 1074790400 1536 0 0 134217760 524288 4132 64 67108865 33554432 0 0 4096 134348800 2415927296 0 0 33587200 0 524544 8388608 0 0 536875008 0 1572864 16 67112964 8 2097152 16777216 1048580 67108864 96 8388672 1049088 0 536870912 0 4 2048 512 64 0 4194304 8 524608 268435456 0 134218240 4096 0 45088768 32 67108864 16777216 536870912 32768 2164260864 16777216 0 1048576 0 4096 4194304 83886080 0 65536 3146752 0 32768 262152 128 524288 2415919136 2048 262144 4194304 25165832 574619648 0 32768 32 131072 8192 0 1179648 128 0 2130048 0 0 16 262144 65537 0 34 2684354568 1280 0 0 4198400 134742016 128 0 268435456 536870912 268451840 0 96 0 0 2147483652 1048584 0 1 2147483656 0 1 67108864 2155872256 0 268435584 0 134217744 0 0 0 0 0 16781824 33589248 264 1024 268435472 33554688 268435968 2147501056 1048576 0 2147483664 0 0 262144 8192 8192 0 1 69206016 4202496 8256 16777216 32 256 0 32 32769 0 536871168 1048576 655360 0 536871424 2621440 0 0 0 16777218 2147483648 536871424 16 36 537923648 16384 142606336 1 32768 268435456 2048 1 2 0 536903680 67239936 0 786432 2147614720 0 16777216 4096 1073741824 16 0 0 1 1050640 2048 0 32768 0 0 268435456 69206018 0 0 0 32768 1 0 384 536879104 142606336 1024 65537 0 16 0 1 134217728 0 538968832 0 0 273155072 33556480 1073807360 1048584
is_linear=0
shrinkage=0.05


Tree=64
num_leaves=31
num_cat=23
split_feature=0 37 36 35 37 22 22 36 36 31 31 37 37 37 37 36 36 36 36 36 36 36 35 37 36 37 36 36 36 37
split_gain=186.548 101.193 97.1468 77.9749 74.724 69.3792 80.4995 72.4876 69.255 63.622 66.0579 90.2969 76.5847 60.7849 59.307 54.1284 50.359 48.5654 48.4649 46.5799 45.3344 43.6189 42.2752 57.5341 48.3446 43.4278 42.1008 40.7797 40.7292 40.3458
threshold=0.60005310177803051 0 1 1.0660022497177126 2 5.5000000000000009 1.5000000000000002 3 4 3.0408500432968144 2.3752499818801884 5 6 7 8 9 10 11 12 13 14 15 1.0069045424461367 16 17 18 19 20 21 22
decision_type=2 9 9 2 9 2 2 9 9 2 2 9 9 9 9 9 9 9 9 9 9 9 2 9 9 9 9 9 9 9
left_child=13 2 -2 5 -5 6 8 -7 -3 10 12 -12 -9 -1 -10 -14 -11 -8 -15 -16 -19 -17 25 -24 -25 -20 -4 -27 -6 -21
right_child=1 3 26 4 28 7 17 9 14 16 11 -13 15 18 19 21 -18 20 22 29 -22 -23 23 24 -26 27 -28 -29 -30 -31
leaf_value=-0.0083390917705973757 0.060270214017702307 0.011163154927399964 -0.011156653467259837 0.0047691700170956197 0.0054675858441886466 0.022972178686273537 0.0055099691663528464 0.017182064543017139 0.0092905457982545136 0.01432686242888332 0.029641799913088948 0.0057948988373831001 0.015543077531135818 -0.0069386038393476294 -0.0083284587936360774 -0.010994407221563383 -0.0054199905825204168 -0.0076791913745548196 0.0044593721148858817 0.0043829480253169103 -0.0012393043726897563 -4.3147915523233937e-05 -0.0095266608150799074 0.0056208803069589808 -0.0030448781018119586 0.0051219570551504145 0.0068714702176886008 -0.0017384198561657795 -0.005143761840871325 4.0645927110119498e-05
leaf_weight=10075 3794 4800 3142 5921 1922 2323 6126 6550 7020 1480 2420 5960 1393 6143 2076 1328 10936 3852 5416 13199 209254 23661 5342 1583 57140 3692 23322 155403 36583 83752
leaf_count=10075 3794 4800 3142 5921 1922 2323 6126 6550 7020 1480 2420 5960 1393 6143 2076 1328 10936 3852 5416 13199 209254 23661 5342 1583 57140 3692 23322 155403 36583 83752
internal_value=-0.000589562 2.98384e-06 0.00279742 -0.000193466 -0.00217717 3.4768e-05 -0.000241419 0.00166118 0.000856691 0.00128584 0.00222932 0.00619258 0.00122066 -0.001705 0.000590361 1.79972e-05 -0.0018523 -0.000796641 -0.00154151 0.000275273 -0.00092285 -0.0005185 -0.00142353 -0.00251323 -0.00205992 -0.000999243 0.00172238 -0.00114916 -0.0029809 0.00043432
internal_weight=705608 460814 30258 430556 44426 386130 330079 56051 110847 53728 41312 8380 32932 244794 106047 26382 12416 219232 234719 99027 213106 24989 228576 64065 58723 164511 26464 159095 38505 96951
internal_count=705608 460814 30258 430556 44426 386130 330079 56051 110847 53728 41312 8380 32932 244794 106047 26382 12416 219232 234719 99027 213106 24989 228576 64065 58723 164511 26464 159095 38505 96951
cat_boundaries=0 27 55 82 110 138 165 192 219 246 273 299 327 355 384 412 440 467 494 521 550 578 606 634
cat_threshold=16 0 16777216 0 536870912 16384 64 8404992 2099200 4096 0 1024 0 8388608 524288 65536 939524352 288 536879104 0 65536 0 0 1078984704 4259856 262176 16777216 34 2283012096 0 2147483648 4096 16777345 20 8192 512 0 0 0 33554464 268435456 0 73728 536887296 67108864 131328 65536 4096 0 0 0 16 4096 2 4100 2097152 12288 0 2216689664 258 285212672 75497472 32 32 1142948096 1 138412032 524292 33556480 1048576 0 0 0 16777224 0 0 0 2048 8192 0 32768 2048 1 8388608 67584 68 0 4194304 0 0 512 16777220 0 2147487744 1048608 268435460 0 4096 0 34635776 0 2097152 0 0 8388688 16777216 0 1078003776 16384 4 2417238017 0 8192 0 0 1280 0 262144 128 196608 8388640 0 8196 1024 4 16777224 8389120 0 1048576 512 1073741828 0 0 0 2097152 69632 0 134217728 11010050 512 4096 2221953280 0 2147483648 32768 65536 0 132 2147483648 134217728 0 0 0 1048640 0 1024 4 1073741824 0 524288 0 0 32896 536871936 32768 64 2147483648 1049664 536871184 4096 268435520 8388612 0 0 264 0 134217728 9437192 0 67108864 512 0 1024 8405008 0 0 0 16777217 0 33554432 4 268435468 142606336 2147483648 33 0 262144 0 4096 1048704 32 2097152 0 33554434 0 8650752 256 0 16777216 536903688 4194304 1 8388608 4096 0 4194304 4259840 1074003968 805306496 3 64 16448 16 0 2097152 0 1572864 0 281018384 0 0 1073741824 16448 67108864 536870914 16777216 0 0 2052 32768 4194304 9 0 16809984 4194308 268959744 0 536870912 8 0 4 8192 0 109182978 0 256 130 1048640 33554688 2182086656 0 0 262144 0 8388608 4194308 67108864 512 512 16 0 4096 2048 2147483648 8193 1074266112 150994944 4096 16384 0 0 2112 4194304 67371008 536903680 8392704 0 512 0 536870912 4096 2 524288 4227072 268452112 0 0 1073742848 131072 1073742848 40976 4096 0 0 8 0 2 16 268451840 0 0 1024 8192 512 1342177280 1 0 67584 0 4 1073815552 524288 0 8200 16 4 1327136 2147483648 2147549704 32 268439552 160 32768 0 0 0 134217728 1073741824 0 268468352 0 0 6144 128 0 541065216 1145044992 536870912 0 256 2147492864 0 0 9437184 33554432 1024 1 0 0 256 8 0 2148532224 0 2 2048 269484032 0 524288 0 524288 0 4194304 262144 0 34818 270336 0 603983872 134219794 67125248 0 16386 3 0 0 2097152 524288 0 0 32769 65536 2097152 65536 2147516418 0 4096 0 0 0 67108864 0 1077936384 512 21504 32896 67108864 128 2 3221225476 2147483920 98304 131200 0 0 0 1 2097168 100663296 65536 8320 0 8388608 256 2151686144 2049 574750720 2 134217728 2147483712 2621440 0 1024 128 0 32 0 0 0 268435968 266272 576 2 0 0 0 33554440 134217728 2149588996 0 2148007936 0 0 256 16 512 0 131328 0 0 48 67109888 4096 2098176 0 1048580 100663296 0 0 65536 0 66560 524288 32800 1 16 299008 0 0 146800640 64 536875009 1 0 2148007936 655360 256 134217728 512 67110912 0 1280 0 2112 0 1073741888 1048576 20 536870944 16777280 64 16777217 2097152 268435456 0 0 1310720 3221225472 532480 65536 131072 0 0 12582912 8192 67108864 0 8 32768 2162688 2097156 8396800 268435456 128 64 4194336 1048656 0 33024 4096 512 65536 0 0 0 262160 1073741888 1073741824 0 805308416 2147483648 131072 0 0 4 17842176 16384 0 1048576 2 67108865 0 0 67108866 0 0 2147485696 1310720 8388736 65536 134217728 0 0 2147484672 65601 512 2097152 8192 1 134217728 512 536871680 0 2048 268976128 65536 0 134217728 16781312 8388608 8388608 16777216 8388672 659456 0 536870912 131076 1 8388608 0 578879488 33555200 0 0 16778240 0 0 0 1048576 134218752 0 8192 4194304 0 2048 67108864 64 2147483648 268435456 2147746048 8519680 0 1048576 2147483648 32 1073741824 2164260864 33554432 256 8192 0 262144 8704 8 0 10485760 67108864 524288 0 0 2 1104 2097160 1
is_linear=0
shrinkage=0.05


Tree=65
num_leaves=31
num_cat=24
split_feature=25 5 28 37 37 37 36 37 36 22 37 36 36 36 36 36 28 37 37 37 36 36 36 8 36 37 36 36 37 36
split_gain=175.03 87.1752 68.3586 110.395 88.9365 98.3739 68.6515 66.478 60.6873 60.1913 58.5381 57.3622 57.9595 53.523 53.0587 49.3972 44.7986 65.6206 56.3366 57.1975 57.761 48.5586 43.8544 43.6176 45.4639 43.5018 42.3236 42.1755 41.3478 43.3029
threshold=0.8514688014984132 7.1855149269104013 0.89978164434432995 0 1 2 3 4 5 4.5000000000000009 6 7 8 9 10 11 0.99850001931190502 12 13 14 15 16 17 0.69778850674629223 18 19 20 21 22 23
decision_type=2 2 2 9 9 9 9 9 9 2 9 9 9 9 9 9 2 9 9 9 9 9 9 2 9 9 9 9 9 9
left_child=7 2 3 22 -4 -6 -5 -1 -7 -3 27 -9 -13 -12 -10 -14 17 -17 -18 -20 -21 -22 -2 24 -23 -16 -19 -8 -28 -30
right_child=1 9 4 6 5 8 10 11 14 -11 13 12 15 -15 25 16 18 26 19 20 21 23 -24 -25 -26 -27 28 -29 29 -31
leaf_value=-0.0077156957557071859 -0.0021472722651797618 0.017866396919575634 -0.011463127116002954 0.016625810924818487 -0.0079083455491570764 0.0058789964356814831 0.024741111870114012 0.005152515575753483 -0.007517904016321398 0.16049251891392921 -0.0097149451300966461 0.002094153497525131 -0.0063259964367179513 0.00021039333255066657 -0.004716828895720177 0.011192787413814286 -0.011084985206698395 -0.0060274484806881806 -0.0063207930040516894 -0.0071816272163130182 0.0036544775560474227 0.0036124812816415832 0.019459526971456122 -0.0071087623448243351 -0.0018395201233885829 7.8834662719456946e-05 -0.0046175138477272558 0.005448552613844246 0.0050764246748939978 -0.0010600577181886256
leaf_weight=11242 1412 3849 3730 2938 11372 7397 1796 5920 2924 1559 1958 14464 6979 95528 8426 3432 3333 4246 10449 4438 4260 5195 6605 13218 114074 190919 7814 16260 3873 136455
leaf_count=11242 1412 3849 3730 2938 11372 7397 1796 5920 2924 1559 1958 14464 6979 95528 8426 3432 3333 4246 10449 4438 4260 5195 6605 13218 114074 190919 7814 16260 3873 136455
internal_value=-0.000579992 0.000199166 0.000102166 0.00103193 -0.000421099 -0.000291677 0.000647307 -0.00137539 -4.59039e-05 0.00649843 0.000454986 -0.00124948 -0.00133645 -2.94881e-05 -0.000208684 -0.00147737 -0.00138382 -0.000785196 -0.00198581 -0.00184394 -0.00157945 -0.0013969 0.00670622 -0.00156597 -0.00126404 -0.000110418 -0.000939311 0.00306913 -0.000797993 -0.000600688
internal_weight=706065 356673 351265 126497 224768 221038 118480 349392 209666 5408 115542 338150 332230 97486 202269 317766 310787 155820 154967 151634 141185 136747 8017 132487 119269 199345 152388 18056 148142 140328
internal_count=706065 356673 351265 126497 224768 221038 118480 349392 209666 5408 115542 338150 332230 97486 202269 317766 310787 155820 154967 151634 141185 136747 8017 132487 119269 199345 152388 18056 148142 140328
cat_boundaries=0 27 54 80 108 135 162 189 217 245 273 302 329 355 382 408 436 464 492 519 544 573 598 625 650
cat_threshold=5246976 1073741888 96 2117632 65536 0 12 2147483648 0 16 0 4194304 0 256 268435456 0 553649152 0 17825808 0 4227072 134217728 33566720 0 8388608 0 536870912 0 64 34 0 0 65536 32768 9437184 8192 0 0 0 0 1208229888 128 68157440 16777216 32768 32768 1074397185 16 4100 0 4194304 268435456 1074790400 335544320 2147487792 1610612736 68157441 33554432 262144 0 9 0 512 0 0 16385 0 1064960 1 8388608 4194304 33554440 1048576 1048576 1056 0 8 134217728 2 16777220 0 0 2112 16416 134217728 268435456 0 276841472 2 268435456 603979776 32 0 8388608 0 75497472 16384 2097152 512 0 0 285233168 0 2147483648 8192 0 67108864 134221824 134217732 8388672 262185 16777216 262144 0 0 134217856 32 67108864 0 2 0 272 256 1064960 16777216 537395200 0 1572993 4194304 0 4 1024 0 0 536871040 1179651 0 0 128 0 4194304 64 0 524289 268435456 32 2147485696 0 272891904 1 33554560 0 269484034 0 134221824 0 2097153 2 0 268435728 65536 1 16 512 68157448 2151677954 16 16777216 64 67108864 16384 260 32768 16 8 64 1024 0 0 1056 65536 67108868 0 0 8 134217744 16 0 16777732 0 32784 0 2147483648 0 0 16384 524304 1073743872 81920 0 16384 8388608 1024 8 0 536870944 0 524288 526336 64 2147483904 65536 16779264 268977152 1 16384 67108864 514 0 65536 2098176 67112960 0 0 537135104 268435456 2147483648 67371012 0 1024 34817 0 0 50331920 1056768 0 0 0 65536 512 0 0 48 262148 32 0 2147483648 256 32768 268435712 1048576 393344 0 131076 134217730 0 1 2 0 0 1073741824 4194304 4194304 0 67109376 2165326848 32768 0 128 268435456 16384 131584 32768 8388608 16777216 2097152 528416 0 0 1 65664 263168 33554432 4 0 1342177280 0 16777218 0 65552 0 0 1635795200 0 0 0 65664 16384 0 64 0 1 0 269812224 0 4096 0 0 0 65536 0 0 1073741824 1 268468416 18874368 256 2056 128 0 256 71335936 0 268435472 4096 67182594 2 0 2097152 2147483648 0 67174400 0 32 268435456 0 8454145 2097664 134217728 8192 0 4096 512 2621440 0 256 2097408 536870912 131076 8352 4 35651584 0 4259840 2684354560 48 0 1048576 0 4096 0 274432 1048576 2150645760 0 0 32 0 0 16 1073741824 536870912 131840 536870912 134217728 0 67108864 8192 138412032 256 1310728 335544320 4096 0 1073741824 33619978 132096 0 134217736 536870912 0 2147484160 0 32784 4 0 268435458 0 256 33554432 1114112 33554432 1168 1024 0 538968068 65536 4 2147483649 536870912 32 1350565888 4 68158472 0 0 524288 134217728 16777216 0 0 0 294912 268435520 0 256 12587008 2 2048 262144 274 0 8192 0 8388608 262144 301989888 24576 4 0 1082130432 268500992 32 4194304 8 0 0 1073741826 0 2147495936 0 16777216 0 0 131104 1024 512 8 0 4325376 65792 196608 1073741824 260 256 131072 2147483648 33554433 0 524288 538968576 268435456 1343488 67108868 144 0 34605060 4194432 0 0 0 33554432 0 131332 0 0 268435456 2 0 0 32768 8 1074792516 0 4096 0 2415919378 16777216 131328 0 0 8 65544 536870912 0 262152 268435456 0 524288 4096 1049088 0 1048576 1073741824 1 32 4194304 512 4096 0 8192 524288 8 150994944 8 301990144 16777728 2 256 3 33554432 262656 344 33562624 2048 8192 4096 0 0 0 0 50331648 0 12583040 16777224 2147483648 0 0 2147485696 0 0 0 0 0 2147483648 266240 8192 0 33559552 604241952 0 0 0 285212704 0 25165824 2151677952 2147516416 134217729 524288 0 2147516416 2 2 0 0 0 67113475 128 38281248 327712 512 8192 0 1074003968 0 2048 8912896 16777216 276826112 147456 0 0 1048832 0 0 0 4096 9437184 0 32768 16 4194580 65536 1077936130 33554432 8 0 0 524288 0 1 545259521 67108992 4194304 0 36864 0 32768 0 4096 0 285212672 4227136 1 8389632 1024 268435456 2 1048576 4194304 0 135266304 32768 2097152 8192 16777216 18432 67108864 134250496 0 2163776 4 1 671088896 2148007940 0 0 4096 8192
is_linear=0
shrinkage=0.05


Tree=66
num_leaves=31
num_cat=19
split_feature=6 28 37 37 37 37 37 37 37 22 37 35 33 35 37 22 37 33 37 30 37 37 8 37 6 37 37 37 37 37
split_gain=159.705 95.9963 126.006 74.2791 70.9251 68.0357 63.3149 52.91 65.8455 47.1308 52.2722 45.9318 43.1738 46.2227 43.1528 42.1944 59.891 47.9188 60.517 48.7414 41.9999 41.8578 40.4241 58.4747 46.7501 43.4033 40.1023 37.5478 36.9623 36.192
threshold=1.8806459903717043 0.99950000643730175 0 1 2 3 4 5 6 5.5000000000000009 7 0.61867865920066845 64.314998626708999 0.96463149785995495 8 1.5000000000000002 9 72.704998016357436 10 1.0000000180025095e-35 11 12 0.61554086208343517 13 0.68925920128822338 14 15 16 17 18
decision_type=2 2 9 9 9 9 9 9 9 2 9 2 2 2 9 2 9 2 9 2 9 9 2 9 2 9 9 9 9 9
left_child=1 6 -3 -4 -2 -5 -1 -8 -9 11 -11 21 -6 -14 -15 16 -13 18 -18 20 -19 -10 24 -24 25 -7 -12 -17 -20 -29
right_child=4 2 3 5 12 22 7 8 9 10 26 15 13 14 -16 27 17 19 28 -21 -22 -23 23 -25 -26 -27 -28 29 -30 -31
leaf_value=0.012178620098616286 0.10310123921608537 -0.014668481496201497 -0.0064646120400246535 -0.0061339349101890818 -0.0057661124305642677 0.0026465644418163961 -0.0069038533840410756 -0.0043247071568270684 0.17710888270724709 0.015271671649091711 -0.0066547350295608106 -0.0074222363123958085 0.014672020241145924 0.00839744704662399 0.00029692442899460493 -0.0056856092369277607 0.010035982897619268 -0.0056462669794860093 -0.0037297456456509281 0.014053977292934096 -0.00036982821561472594 0.012576279457582313 0.008558939053001164 -0.0049678505553049368 -0.00022436895288792115 -0.0023863811872838316 0.0025588230180050272 -0.0042939732945813493 0.0023979445236805537 -0.00067081363396372671
leaf_weight=4294 1840 5112 9829 15447 7716 5212 4837 18669 327 4153 3121 3351 13410 26838 56111 6028 4234 4349 3517 1919 27402 646 2846 40612 134457 83082 34274 13393 32786 135784
leaf_count=4294 1840 5112 9829 15447 7716 5212 4837 18669 327 4153 3121 3351 13410 26838 56111 6028 4234 4349 3517 1919 27402 646 2846 40612 134457 83082 34274 13393 32786 135784
internal_value=-0.000552015 -0.000868148 -0.00150764 -0.0013709 0.00123789 -0.00122166 -0.000242341 -0.000329065 -0.00024361 -4.86751e-05 0.00150304 -0.00032451 0.0010651 0.00135339 0.00091305 -0.000369849 0.00058246 0.000877988 0.00203605 -0.000516023 -0.000983796 0.0105108 -0.00103434 -0.0024293 -0.000762227 -0.0016561 0.000910616 -0.000845731 0.00137447 -0.000689147
internal_weight=705596 599681 296597 291485 105915 281656 303084 298790 293953 275284 41548 233736 104075 96359 82949 232763 77558 74207 40537 33670 31751 973 266209 43458 222751 88294 37395 155205 36303 149177
internal_count=705596 599681 296597 291485 105915 281656 303084 298790 293953 275284 41548 233736 104075 96359 82949 232763 77558 74207 40537 33670 31751 973 266209 43458 222751 88294 37395 155205 36303 149177
cat_boundaries=0 27 54 71 95 121 148 175 202 229 256 283 309 330 357 385 412 439 465 492
cat_threshold=16 64 1048608 2 0 0 274432 1048576 2149597184 0 0 0 0 0 16 1074790400 553648128 32768 0 170393728 16 67109888 0 1024 0 1074003968 872415232 4129 8388608 1 8 263168 0 0 671088640 512 0 0 32800 262144 1024 0 256 0 545915392 536870912 1 1024 4100 8192 4194304 256 1048580 128 0 0 0 0 0 64 0 0 2048 0 0 0 0 0 0 0 268435456 65536 1073741824 67108870 33554432 135168 2147483648 0 8388608 8224 512 2 2051 0 1073742080 524288 0 0 33558784 5242880 0 8320 0 128 671088652 4194310 0 65537 16777216 0 0 2097152 2164260864 2097664 0 0 0 0 256 524288 134217728 537133312 268435712 2684354560 2052 128 2052 134217728 8 8454144 2684354560 142606336 4456448 256 262144 4194432 65536 1073872896 128 32 16416 0 524290 0 1 0 16514 4194304 8 2134024 1048576 0 0 0 0 0 64 536871040 16384 0 268468224 0 4 0 71319552 512 8 262144 16777216 268713984 4128 134225920 1048577 1048576 2048 66048 0 134217728 0 0 36864 1024 0 33792 301989888 0 1073741824 4096 8392704 1024 0 8200 67584 536895488 2147516692 8192 134217728 786432 0 33554432 0 16777216 0 16 268435456 16777216 64 0 4194304 128 0 67117064 16 262144 0 0 2 0 536904256 81921 65536 67112972 0 0 536875008 1024 524288 2 8914432 1056 16777216 0 67108864 0 134217728 1048576 0 0 12 131088 3221225536 1073742848 0 0 131072 8 134217728 1610612740 0 1082130435 4227072 512 528400 536870912 1073741824 0 33554432 8388608 0 262144 0 1048576 0 536870912 0 67174400 0 268435456 20480 67112960 134217728 0 269484544 76087296 16 67108864 2147483648 0 4 16384 0 65536 8200 131072 0 2097152 0 4194306 0 4194304 32768 1073741824 557568 0 268435456 536871040 34603264 4370 0 268435712 0 2 67108864 0 134283264 0 0 1107296272 0 131080 8421392 16777216 2097152 0 134235136 16779264 0 0 1073741824 0 64 0 0 0 0 0 0 0 0 0 0 0 64 0 0 0 0 0 0 32 4 4096 66048 0 8388608 16448 64 32 0 2097152 8388608 134218752 8192 33554432 1032 8389120 1 65536 0 4104 65536 16384 0 1073741824 129 48 16777216 538968064 0 16777216 262292 0 2097160 0 16 65536 4194324 1090519040 0 8912896 0 9437184 65536 134218752 2097200 0 268435456 33554432 0 4096 0 2048 32768 0 1 393216 2147483744 540680 0 536870912 0 268435456 8912896 4 0 1048576 65536 134217732 2064 4096 0 1024 33554432 32 0 1056 3 0 0 0 16777236 512 1 268435456 16384 16 0 0 134483968 536870912 2952790016 8388608 0 1024 2147483648 33898560 10485760 0 0 32768 0 0 0 66 0 8192 4194304 1078001664 67141632 327680 67239936 0 524288 0 16 8388612 2048 5242880 2147516416 0 536870912 0 0 301990160 0 0 4096 0 268435456 1077936128 134299648 2 268435456 81 17825792 1048576 67117056 536870920 538968064 256 1080033280 268435712 35129344 0 2147483648 0 0 0 2048 134217984 75497984 0 536870912 0 128 0 0 136 0 16777216 0 526344
is_linear=0
shrinkage=0.05


Tree=67
num_leaves=31
num_cat=20
split_feature=0 28 36 22 32 31 42 22 36 36 36 42 42 36 30 36 42 30 42 36 22 36 36 42 36 42 42 36 36 33
split_gain=147.129 92.4738 109.745 77.853 79.0328 130.813 96.5996 71.6016 69.5048 68.1554 64.2938 61.3998 56.7219 56.5998 53.0733 52.6876 50.9679 53.4045 81.5508 70.908 55.3964 49.2753 48.7548 47.9935 44.8562 44.2469 43.8702 48.4306 43.7736 43.7368
threshold=0.5101715922355653 0.57150000333786022 0 5.5000000000000009 22.865000724792484 3.0408500432968144 1 1.5000000000000002 2 3 4 5 6 7 1.0000000180025095e-35 8 9 1.0000000180025095e-35 10 11 2.5000000000000004 12 13 14 15 16 17 18 19 74.264999389648452
decision_type=2 2 9 2 2 2 9 2 9 9 9 9 9 9 2 9 9 2 9 9 2 9 9 9 9 9 9 9 9 2
left_child=25 2 -2 7 5 6 -5 9 -6 -3 -8 13 -10 -11 22 -9 17 19 20 -17 -19 -14 -13 -12 -24 -1 27 -18 -27 -28
right_child=1 3 -4 4 8 -7 10 15 12 11 23 14 21 -15 -16 16 26 18 -20 -21 -22 -23 24 -25 -26 28 29 -29 -30 -31
leaf_value=-0.0048249882478922264 0.12332801051861667 0.0085520234136170405 0.0076907440529669809 0.031682719929249495 0.021401077801110471 -0.0067741119464734545 0.026061049066478683 -0.0063548705467946776 0.0066807719163528489 0.015842133530261922 -0.0043707308741707642 -0.0087086258045752894 0.014457138375791857 0.002555346436830086 0.015769735327906705 0.011995561560564298 0.008305187213631127 0.4291096968040462 0.0028248700634165252 -0.0021071832232740562 0.079244591254708091 -0.0033339023936765468 0.0051177618919627972 0.0079145723010920072 -0.000747259952453705 0.0043617143882976805 -0.0029102505996664086 -0.00055145504754361147 -0.0020973878942988078 -0.00034231210597082955
leaf_weight=27640 1211 6578 8794 4975 1661 5987 1252 6310 8828 1984 3763 2188 1393 30102 2246 1822 3209 286 13192 23964 2075 29113 4667 14468 95191 3694 113041 76958 164055 44995
leaf_count=27640 1211 6578 8794 4975 1661 5987 1252 6310 8828 1984 3763 2188 1393 30102 2246 1822 3209 286 13192 23964 2075 29113 4667 14468 95191 3694 113041 76958 164055 44995
internal_value=-0.000540181 -9.34094e-05 0.00466595 -0.000188606 0.00133957 0.00326931 0.00489084 -0.000443204 -9.36067e-05 0.000470421 0.00329653 0.000230407 -0.000517855 0.00214272 -0.000358091 -0.000900113 -0.00079797 0.000822551 0.00313665 -0.000572963 0.0116726 -0.00153931 -0.000525493 0.00253878 -0.000363226 -0.00170691 -0.00107923 -0.000126437 -0.00140118 -0.00156251
internal_weight=705642 510253 10005 500248 71440 30445 24458 428808 40995 142956 19483 136378 39334 32086 104292 285852 279542 41339 15553 25786 2361 30506 102046 18231 99858 195389 238203 80167 167749 158036
internal_count=705642 510253 10005 500248 71440 30445 24458 428808 40995 142956 19483 136378 39334 32086 104292 285852 279542 41339 15553 25786 2361 30506 102046 18231 99858 195389 238203 80167 167749 158036
cat_boundaries=0 28 36 62 89 117 125 133 161 189 197 202 230 258 287 295 323 331 339 365 393
cat_threshold=131072 2147483648 0 0 0 8388608 0 131072 128 16777216 0 67108864 33554432 8192 16384 66048 2147483648 2048 0 8192 0 0 262432 32 8192 32 0 4 17301762 524288 1074659328 2147484672 16384 13115648 2228224 128 2147483648 1024 0 0 268435456 67108865 0 33562628 524800 4 262272 64 9441280 0 512 0 0 0 128 2097152 32768 256 80 16777216 2048 536958976 1310721 0 0 2147483648 0 4096 0 262144 0 200704 8388640 0 8200 1024 0 33587208 10486274 2101248 2 1073741826 1073741824 16777216 0 0 2097152 6144 262144 1 8388608 8388616 64 4098 4194304 2048 1048768 134217729 1048576 0 64 33554432 0 1024 512 1048576 4096 67108864 1048576 128 134217736 8 0 8192 64 524288 524288 17334284 2164331520 214050 128 1145110536 83955776 67108900 48 590852 815267840 16781568 134225924 610533408 402653208 6157 130 268435712 0 131072 0 2097792 65600 5243936 0 34603008 0 0 4 2 2306 32 65536 0 134217728 268435460 131072 0 4096 16 0 65536 65536 0 4096 0 8 2097152 524288 0 0 0 16512 64 4 2147483650 8 268976128 64 262144 0 2 4194304 4194304 33571330 0 0 402655236 160 0 0 272 33587200 23068800 2718171138 872743424 2151686144 541130753 287572480 1006632960 64 2097152 570425344 327680 0 4194304 524832 32768 0 1073741857 8519680 8320 1048576 1600 128 4096 8 0 0 1107296256 536870912 128 16777217 2048 2 0 0 64 0 64 16 4096 0 134225920 0 16777216 0 16777216 0 532488 0 8552448 264192 0 67108866 2147483648 4194336 8 0 65536 1024 16386 0 0 33554432 1 268435456 0 2151682048 139328 16384 8 0 0 0 0 0 0 0 2147483648 8 134217730 0 268435456 263168 0 0 524288 0 0 262144 67108864 1083394 536879104 1048896 604053504 2066 2147549184 33554432 2 3 134220992 134218752 16797960 368650 100925440 285213195 67108992 72 16 0 0 4194304 16 384 524296 536870912 2176 10485760 536903808 16384 4194304 32768 536870916 1048580 0 0 0 4 64 384 0 0 0 1073741824 0 201326601 537004290 4263968 16777228 557056 4472832 67650131 155193356 256 655618 479723584 46137474 641 369103360 541066241 3145984 128 33685506 8192 0 16385 0 8 0 536870914 1074266632 2147500544 0 0 4195328 8704 134218240 0 0 256 805437441 0 2048 1048576 263168 0 0 8388608 0 0 268500992 2 1024 0 2147483648 1343556 1082130560 268763392 0 0 8388608 64 134221824 0 536871232 0 0 135266304 4097 512 0 0 0 0 0 805306376
is_linear=0
shrinkage=0.05


Tree=68
num_leaves=31
num_cat=20
split_feature=1 0 35 37 42 37 37 29 37 37 37 37 37 42 37 30 37 37 37 37 22 37 8 37 37 37 22 32 31 37
split_gain=142.583 79.2543 65.0629 57.0625 54.7596 53.9384 49.0915 43.478 71.7253 63.9019 50.7737 41.5872 42.6971 40.6701 40.2435 39.0528 37.9628 35.4218 34.9051 31.9789 31.7529 28.7988 27.1104 26.9618 26.822 26.776 26.1006 45.2658 60.5276 49.8688
threshold=0.80065995454788219 19.785278320312504 1.0012609362602236 0 1 2 3 1.0000000180025095e-35 4 5 6 7 8 9 10 1.0000000180025095e-35 11 12 13 14 4.5000000000000009 15 0.54608362913131725 16 17 18 5.5000000000000009 21.605000495910648 3.0408500432968144 19
decision_type=2 2 2 9 9 9 9 2 9 9 9 9 9 9 9 2 9 9 9 9 2 9 2 9 9 9 2 2 2 9
left_child=3 2 4 -1 15 -4 -7 8 -5 -10 -9 -12 -13 -8 -6 19 -17 -11 -19 -2 -3 -15 24 -24 -20 -14 -16 28 29 -28
right_child=1 20 5 7 14 6 13 10 9 17 11 12 25 21 26 16 -18 18 22 -21 -22 -23 23 -25 -26 -27 27 -29 -30 -31
leaf_value=-0.0075837385967347445 -0.0023828285311057185 0.049311106121090909 -0.010699202362256161 -0.0099033160985484061 -0.0065971330332363414 0.0049661555207923484 -0.0052403717131290668 0.010282445394454453 -0.0052224843397568818 0.0023278027657375328 -0.0054061831533597565 -0.0032190363745225438 0.004439186028289961 0.0017308086286240143 4.4200158643348258e-05 0.0035748934233066354 0.021843922348306496 0.0013693709679406321 0.0016081273980993835 0.0038257811322727655 0.34203827995839015 -0.0015044905939681594 -0.0091930427850520392 -0.0039022139703256162 -0.0017836543321045756 -0.00021443677133580198 0.035721161223546377 0.00096633812214623753 -0.0069872885473891994 0.0072353626596840638
leaf_weight=9052 10941 1108 2936 5668 3715 6643 12229 2590 17812 7655 6815 16419 8068 19787 160621 9569 10588 14146 9424 20761 446 81588 3492 24508 129594 81706 2470 20757 1532 3004
leaf_count=9052 10941 1108 2936 5668 3715 6643 12229 2590 17812 7655 6815 16419 8068 19787 160621 9569 10588 14146 9424 20761 446 81588 3492 24508 129594 81706 2470 20757 1532 3004
internal_value=-0.000544892 0.000134562 8.68533e-05 -0.00128836 0.000559828 -0.000849847 -0.000685921 -0.00118009 -0.00160498 -0.00145245 -0.000399874 -0.000558756 -0.000315548 -0.000930335 0.00017054 0.0020014 0.00372247 -0.00118221 -0.00132303 0.000907643 0.0113987 -0.000601538 -0.00152503 -0.00294454 -0.00123922 0.000113326 0.0002723 0.00168789 0.00516269 0.007621
internal_weight=705644 368695 367141 336949 243958 123183 120247 327897 212299 206631 115598 113008 106193 113604 192099 51859 20157 188819 181164 31702 1554 101375 167018 28000 139018 89774 188384 27763 7006 5474
internal_count=705644 368695 367141 336949 243958 123183 120247 327897 212299 206631 115598 113008 106193 113604 192099 51859 20157 188819 181164 31702 1554 101375 167018 28000 139018 89774 188384 27763 7006 5474
cat_boundaries=0 27 35 62 88 115 139 165 192 219 227 254 281 309 333 360 387 413 436 462 487
cat_threshold=134234112 0 33 16777216 262144 65536 4096 0 32 0 8388608 32770 32 142606336 0 2048 16777217 524800 2097152 524289 8192 67112960 0 131072 0 1074003968 805306496 20971520 1879179266 328326 4194340 1140916225 822084368 268440076 2 4096 64 0 0 142606336 0 2097152 1050752 512 0 1073741824 0 536870912 12296 16 1074003968 536870912 33558528 0 524288 16 2 135266304 0 16777216 2147484672 603979905 2097154 4096 512 8192 4194564 4194304 562167808 2147483680 5242880 135168 32768 0 1073741824 65536 0 0 268444928 32 0 0 4194304 0 33554432 0 65 32768 32 1073741888 1048576 0 5120 0 262144 2282749952 0 0 524288 33554464 0 16640 16 1074790656 0 8552448 0 4194304 16 4 8 4195328 65536 4 67108864 4 8192 67108866 1048586 256 2684354576 32776 8388608 512 131072 0 2064 262144 33562688 128 512 0 536875008 32 134217728 1024 1024 0 671088640 4 8388608 4 0 32 2097152 2097156 8388608 66048 134217744 32768 0 0 256 71307264 0 256 268435488 32768 134217728 32928 4 8 8 8454144 2147483648 16 4194304 268435456 536883200 128 0 134217728 0 1048584 0 2147489792 268976128 0 851969 258 0 0 0 8 1048576 16777216 2 4096 0 268435472 1049600 33554432 546373632 268435456 32768 33554432 256 134217728 340017408 16 0 4194304 0 4456448 0 0 1074790400 1064960 0 32768 8388608 128 0 1 2048 0 536870912 64 67584 67127440 20608 164 606275 1067042 537534472 35655681 2 131072 536870912 294917 0 0 0 369098754 32 96 16384 16777218 589824 0 8192 536870913 1048704 16384 2097152 0 1048576 0 2 4 4 0 1073741824 128 4 2147483648 0 134283264 0 0 262144 1048580 0 4096 8388608 0 4 33554496 4194320 65536 0 0 2048 0 0 4194304 0 4194320 0 1104 268435484 6815744 262144 268435472 0 16777216 72 8388672 33619984 0 4194304 4096 720896 0 65536 1 805371904 16384 0 16384 0 0 0 0 1073741824 2048 2129952 0 1 16 0 64 2147483668 16 268435456 1048577 0 553730048 536870916 0 268451840 1074266112 2147483648 532480 0 393216 32 512 8405000 0 4194304 512 16777216 16 1073741824 0 134283264 0 0 537133056 1703941 4212736 8 8388608 0 0 33554432 4194578 1073741824 512 0 10256 8 0 0 0 0 0 16777216 8200 2147483648 262688 4224 2214592512 16777218 150994944 4 1 0 673447936 0 262144 524292 2048 1024 16384 0 65536 0 2048 0 16384 0 4194304 0 4194304 2097164 4096 512 1073741824 4259840 0 2097152 0 0 2147483648 0 2147483648 4194304 8389120 512 0 134234112 524288 8 4196352 0 1073741824 2 10242 268435456 301989952 554696768 536870912 71303168 0 134221824 536936448 2097152 131072 262145 0 65600 4227072 0 42992136 4 536870912 67125248 526336 1075838976 0 0 0 2080 134225920 0 0 128 1064960 536870912 0 16777216 2147483648 0 260 0 32 1310732 33575424 0 256 134217728 5120 1048592 335544324 0 0 8192 2097156 256 8 9177088 512 603979904 74453248 0 1073741824 8421376 65536 8 276 2147483648 134219776 0 0 0 64 0 0 0 0 67108864 524288 2048 0 32896
is_linear=0
shrinkage=0.05


Tree=69
num_leaves=31
num_cat=25
split_feature=26 37 36 37 37 36 37 37 28 36 36 36 28 37 37 30 36 36 36 37 36 36 36 36 36 37 8 36 36 37
split_gain=139.293 75.516 71.4089 60.7012 67.7764 58.2971 57.4753 54.181 72.4878 51.4338 49.4627 48.1036 46.8528 104.524 77.8558 62.3783 60.4419 59.6388 54.1895 53.5566 52.3824 45.763 45.7453 43.7697 43.7395 42.0009 46.9187 50.7346 48.3186 40.7713
threshold=0.90791261196136486 0 1 2 3 4 5 6 0.7305000126361848 7 8 9 0.90950000286102306 10 11 1.0000000180025095e-35 12 13 14 15 16 17 18 19 20 21 0.70404252409935009 22 23 24
decision_type=2 9 9 9 9 9 9 9 2 9 9 9 2 9 9 2 9 9 9 9 9 9 9 9 9 9 2 9 9 9
left_child=6 5 -3 -4 -5 -2 -1 8 21 -9 -6 -11 13 15 -14 17 -15 -12 -18 23 -21 -8 -22 -16 -17 -13 27 -27 -28 -29
right_child=1 2 3 4 10 -7 7 9 -10 11 12 25 14 16 19 24 18 -19 -20 20 22 -23 -24 -25 -26 26 28 29 -30 -31
leaf_value=-0.0060435125654449522 0.17737906526043945 -0.0065914534847576426 -0.0085251320091855824 -0.0056287244867756162 0.0077559944518323098 0.0082741330906275674 -0.0066764042109984717 -0.0049472610135681307 -0.0064421034158648367 0.0043062020203797294 -0.019397702296937148 0.0025114640028380433 -0.0068803870909065869 0.012129809515908347 0.0075841807537190033 0.12969621161745803 -0.0091145827775193072 0.0088997452400996213 0.00069423044312134365 0.0079659124759654878 -0.0076276779425905302 0.025297755545247453 0.0004753300348823875 -0.0053328143184377605 0.030608369557629418 0.0031773134238789222 0.010472289797474285 0.0018939798515869536 -0.0055531582080591453 -0.0013153677832421829
leaf_weight=9574 700 5387 2944 8607 7832 4005 1184 7960 17981 5685 1267 12831 8005 4266 1500 1291 2548 7859 88756 5468 2751 1900 153032 13212 6662 10650 1478 15894 33581 261230
leaf_count=9574 700 5387 2944 8607 7832 4005 1184 7960 17981 5685 1267 12831 8005 4266 1500 1291 2548 7859 88756 5468 2751 1900 153032 13212 6662 10650 1478 15894 33581 261230
internal_value=-0.000500325 0.000257749 0.000165566 0.000262966 0.000330281 0.00653891 -0.00115094 -0.00105195 -0.00351407 -0.000903362 0.000454042 -0.000810618 0.000350397 0.00115346 -0.000141328 0.00475497 0.000509254 0.00193656 0.000237091 7.82076e-05 0.000341758 0.00356564 0.000172744 -0.00280853 0.00799441 -0.000887912 -0.000999438 -0.000789071 -0.0027264 -0.000919227
internal_weight=706040 326092 321387 316000 313056 4705 379948 370374 21065 349309 304449 341349 296617 112649 183968 17079 95570 9126 91304 175963 161251 3084 155783 14712 7953 335664 322833 287774 35059 277124
internal_count=706040 326092 321387 316000 313056 4705 379948 370374 21065 349309 304449 341349 296617 112649 183968 17079 95570 9126 91304 175963 161251 3084 155783 14712 7953 335664 322833 287774 35059 277124
cat_boundaries=0 27 55 82 109 137 164 191 219 246 274 301 328 356 384 412 437 463 491 519 547 571 597 624 651 678
cat_threshold=0 536870912 16384 8192 16777216 131072 1073750081 0 4196352 8192 32768 32768 9437184 0 2097281 67109120 268828672 0 2 0 0 67108896 0 0 8388608 37748736 16777216 0 1 0 8 0 32768 1 65536 2428928 16 0 4194312 268435584 0 0 524288 4096 4194304 0 16896 2048 0 1077936386 536879104 2 2097152 134217728 98305 0 4194304 786464 33554432 8650752 0 33832968 134742656 0 0 0 65539 0 134217728 134217728 0 134217728 524288 0 268435456 0 0 0 4 16779264 1074790408 805306496 8388736 268443648 1073741824 536870912 256 8 268435456 1048576 32 0 2048 33554432 0 1082130448 0 135268480 16777216 268570624 536936448 0 0 131072 128 0 4194560 32768 67108864 0 2147483648 0 0 16 0 1048576 0 0 0 1 0 33554432 67108864 0 65536 0 0 0 0 1048576 1 0 1048576 1073741824 0 0 4 134234116 536870912 32800 0 0 196608 0 0 16777216 0 0 2 8224 270336 2 1073742080 131072 524296 6291456 1572865 0 67108864 0 9216 8388608 1107296256 268435456 16 64 16577 0 0 0 4104 0 2151677984 16384 262144 268435456 0 64 1073742097 1050752 20971520 0 0 128 0 4098 1 536870912 0 4 67108992 0 98816 33554432 0 32 1048608 262144 128 3145728 34 1074266112 1 0 0 2048 32768 0 0 8448 88080384 0 262144 4096 2147483776 0 2147483652 2147483776 33554432 1107296256 2 4 65536 67108864 0 32 25165825 1073741824 4259842 0 2181038080 1 16777216 0 268435456 0 64 0 538968064 0 18874368 131072 2048 532480 528384 640 4096 8225 0 2097152 0 0 0 1050624 0 268439552 0 81920 525312 0 0 0 4352 0 65536 2147491840 4096 2147566336 0 33554434 268436480 66048 16384 1048576 4194322 67108928 67108936 69222402 536936464 0 134217728 603979776 8192 16 0 536870912 0 16640 0 0 536870912 48 1048592 0 0 0 33554432 536870912 64 0 4 67108864 1073741888 67108867 8388608 0 0 32768 2147483648 8192 0 1 16 262144 16640 8388608 0 536879104 536903696 1048576 134742016 32 0 33562634 138412032 0 0 8192 0 256 0 32 0 16777344 16448 268697600 37748736 0 134250496 0 33024 33554432 8388608 131082 270532608 4 0 8388608 1077940224 1052672 0 0 2048 8388608 2048 2097152 8320 0 128 65 4194336 528448 553648128 0 0 134218272 0 537395204 256 0 16 8448 0 16 327680 0 0 0 268435456 0 4096 4259840 1024 67108864 2048 0 0 34820 268435456 2 262144 0 0 512 2099200 2359360 2 0 1536 16777216 4194304 33554432 135168 2214592528 805306368 32768 0 64 268435456 134217728 0 2147483650 2147618832 0 256 5259264 0 0 142606592 603979776 65536 32 4098 0 2147483648 520 2 8388609 8 0 16384 4096 33555456 0 16777216 2097152 268435584 1048577 16 2147483648 512 1073741824 4259872 104865792 12 67108864 0 67108864 0 134217728 262144 513 0 524288 0 1 33554432 2148532224 0 8 0 268435984 32 4194304 2281701376 12288 0 16384 65536 384 4194312 0 2 0 67108864 0 0 32 33558528 0 8 536870912 100663296 536870912 134217728 256 0 0 4194304 67108864 196608 128 0 2097161 2147487744 134217728 0 136314880 16384 1024 0 256 65542 1073741824 0 4098 8392704 65536 0 0 20971520 4096 8388608 0 2097280 262144 41943040 131072 33554432 0 12 1048576 8192 2097152 0 0 0 0 0 0 4096 1048576 67145728 4096 8192 33554436 202377216 67108864 0 262144 0 1024 0 0 4194304 34818 536608 0 33554432 131137 16384 135298 1 4194304 0 268435970 0 0 536870912 16384 256 0 151007488 16512 134217728 1024 0 0 134217728 0 540672 0 0 16777472 134217728 545259520 547373056 64 16400 0 201326596 12288 131072 0 0 134742016 81920 256 268435488 16384 4096 65536 0 0 8 2064 2097152 262144 0 131073 67108864 0 20971520 268435458 33554432 2048 286720 0 0 536870912 294928 0 17825792 1084227584 8192 131072 0 128 1073743872 1048576 0 256 67108896 2 4194304 184549634 1048576 0 1048576 75567104 0 2 524800 4 16777216 1107296256 0 128 17408 0 0 32768 0 524320 32769 0 0 0 4194304 33554432 33280 545783808 4194304 512 4456468 0 0 0 1572869 16 268435712 0 0 8 2560 8 134217728 1024 2097152 0 0 0 2048 0 16777216 32896 32768 2105349
is_linear=0
shrinkage=0.05


Tree=70
num_leaves=31
num_cat=24
split_feature=11 35 37 37 36 36 30 37 36 36 22 36 37 37 37 36 36 22 36 36 36 36 36 37 36 35 37 36 37 37
split_gain=131.872 87.8336 77.341 76.3467 67.6853 59.2017 58.2347 141.593 89.3832 82 73.2349 69.8195 61.8041 61.1563 59.5619 58.0872 56.658 55.5551 55.3122 53.1247 50.6516 49.6581 49.4556 49.7545 48.103 46.3458 42.7609 42.7163 42.9221 42.5598
threshold=0.50071430206298839 1.1013088822364809 0 1 2 3 1.0000000180025095e-35 4 5 6 1.5000000000000002 7 8 9 10 11 12 1.5000000000000002 13 14 15 16 17 18 19 0.67103970050811779 20 21 22 23
decision_type=2 2 9 9 9 9 2 9 9 9 2 9 9 9 9 9 9 2 9 9 9 9 9 9 9 2 9 9 9 9
left_child=16 2 4 -3 25 -4 8 -8 -7 -9 13 -11 -13 -10 -12 -15 -1 -14 -16 -5 -20 -17 -18 -24 -19 -2 -22 -26 -29 -23
right_child=1 3 5 19 -6 6 7 9 10 11 14 12 17 15 18 21 22 24 20 -21 26 29 23 -25 27 -27 -28 28 -30 -31
leaf_value=-0.0071894153456558158 0.22612956480974497 0.0063303399440644229 0.004396204362255943 0.0074403721763466966 0.005334532240621654 0.0043534946824739353 0.04416941183339787 0.013903573039118145 0.0079913143909907617 -0.0086647035935058792 -0.011241837041925707 -0.0080359490206202474 0.017960411867277492 0.0065534157002604572 -0.0081067407550663283 -0.0087522958266258496 0.0047591348183745998 -0.0060537183322564667 0.0039349522564657595 -0.0058022270900583706 0.0027982881937218874 -0.0063808626019452256 -0.0069056233171939929 -0.0017007128952490375 0.0093725986529184981 0.023279308684595656 -0.0021617900309873692 -0.0047605661094236723 0.0010319770897407794 4.8777104161443213e-06
leaf_weight=5990 629 4012 20238 1375 15214 16251 6486 3817 6049 4100 6490 4504 2518 4773 3320 2307 3449 4440 5995 29845 7237 2933 7293 197059 5352 2578 116084 6374 115168 93778
leaf_count=5990 629 4012 20238 1375 15214 16251 6486 3817 6049 4100 6490 4504 2518 4773 3320 2307 3449 4440 5995 29845 7237 2933 7293 197059 5352 2578 116084 6374 115168 93778
internal_value=-0.000467683 -1.70523e-05 0.000168542 -0.00242244 0.00334134 3.50847e-05 -9.28259e-05 0.000684816 -0.000540734 0.000363932 -0.000775272 0.000169864 0.000360635 0.00018982 -0.00153726 -9.52535e-05 -0.00150444 0.000554672 -0.00130798 -0.00325638 -0.001144 -0.000355199 -0.00136596 -0.00146626 0.000413637 0.00993241 -0.00136228 0.000592766 0.000400031 -0.000181836
internal_weight=705658 491867 456635 35232 18421 438214 417976 152759 265217 146273 248966 142456 138356 109840 139126 103791 213791 133852 132636 31220 129316 99018 207801 204352 131334 3207 123321 126894 121542 96711
internal_count=705658 491867 456635 35232 18421 438214 417976 152759 265217 146273 248966 142456 138356 109840 139126 103791 213791 133852 132636 31220 129316 99018 207801 204352 131334 3207 123321 126894 121542 96711
cat_boundaries=0 27 51 79 105 132 160 188 216 243 271 296 324 349 377 405 433 462 490 517 545 572 600 627 654
cat_threshold=0 64 262178 0 536870912 16384 1056832 1064960 2099216 135168 32768 1040 33554432 0 528384 0 805306368 536870912 0 0 0 0 0 1048576 2048 262148 570425344 16 2147495968 536879104 2149580800 258 285229056 8520192 2147483680 2088 1342193664 0 0 0 0 0 0 8192 0 16842752 2097152 0 0 2048 4202496 262144 2147483648 64 0 1082130944 25165824 0 2147491840 8388739 67108864 0 67108864 33554464 0 0 66048 0 2048 1536 1056768 0 0 262144 0 532480 135168 0 4100 3222274563 0 4096 2 8519680 0 8288 8 0 266240 0 0 0 262144 134217728 1049602 256 8192 0 0 1073745924 16777217 131072 2048 0 6144 16 1073872896 512 33554496 262144 16777216 536887300 2048 536895490 2147483648 1073741825 268435456 0 0 0 142606336 131104 0 24576 524296 0 0 134217728 0 8388624 0 1 262208 2 2097152 67108865 0 384 68157440 32 128 2228224 8388608 2097153 8192 0 64 33554432 541184 268441728 1048642 0 0 0 0 0 0 0 16384 134217728 0 0 67108868 0 0 0 0 2147516418 1536 4194304 65536 0 4096 0 0 4096 0 0 65537 2625536 4194306 69287936 1104 67141632 1090519040 65536 67108864 1048576 96 5308416 32768 0 4194304 0 0 0 0 2 5 9 8196 576 0 2048 0 2098208 256 33280 2048 0 2151682048 8192 0 4 2147483648 268500992 20480 0 16392 0 384 2097152 402653184 67108864 32 16384 0 33619968 2147483648 8512 0 603980032 0 512 4128 2097152 0 32 16777216 553648128 0 1048576 524800 7 0 1048640 16 0 6291456 268435456 2148270080 0 276824064 0 0 1073741824 320 68157440 65536 8200 33554432 0 4 0 4194304 33554432 0 32768 4194304 268959744 1 1310737 0 512 64 262144 0 262144 2315257872 24576 33587200 1074790400 0 32 8192 1073741825 1048576 0 0 0 134217728 128 0 167772160 0 8388608 0 4 0 0 0 2 272629768 4456448 1 0 0 0 606208 8389632 4100 16812032 8388608 2149580800 524288 1074790400 65 1048576 0 4194304 2097152 0 4096 67108872 2147483648 66064 0 0 0 1048576 65536 0 2214596608 134234112 1073741824 301989889 268468352 524288 256 4608 0 272629760 12288 1145044996 0 0 256 0 268435456 67108864 2147483648 524288 0 0 0 0 128 516 536870912 2 0 65568 65536 6144 32 262144 0 0 1107296256 1024 2147483648 268435536 67108864 134234624 1073741828 2490368 64 33554432 0 1048576 16908288 2097416 0 36864 1 131328 0 262208 8404992 578813952 768 0 134217728 0 0 0 33554688 0 67109888 72 0 16 0 0 262146 537001984 33562624 131072 1073741824 2621440 537919504 2064 524288 0 0 8192 0 0 0 16896 1073741824 16777216 0 16779264 67239936 0 0 3221258240 4096 65536 0 1073774656 16384 0 1 0 131076 268435712 0 262144 2147483648 64 0 16777224 0 1073741824 0 16777216 0 8 16777216 65536 16384 32768 4235264 1081664 67108864 150996992 0 201326592 2 2 1024 0 65536 2147483648 0 0 0 2097152 32 67305728 2 16384 1540 0 0 0 8388616 0 0 134217728 262144 66056 8388608 16777216 1327104 1073741841 262144 268435460 8388612 64 4129 0 263168 0 4096 1048576 1056800 16384 0 2 256 8388608 128 1048576 0 545259520 0 1 0 4194304 1 9216 0 1074003968 805306496 128 268435457 2097152 288 32 16 0 0 33554432 0 16384 0 0 0 2120 49152 16384 0 134742024 65552 1024 132 256 4194432 262144 2149580800 0 512 6815748 32 0 8192 0 0 0 0 4194304 2285961216 524290 4194304 536871936 2147487752 268435456 16384 0 32 544 0 65552 2048 0 0 0 0 17309712 0 0 0 17301504 268435968 131080 0 4096 1073741824 8388672 67371008 0 1048578 8 8393216 2147483648 268435456 131072 0 0 0 256 1048576 50331648 269549568 64 35651584 256 131072 0 4 128 134348800 4194304 2097152 536870912 0 0 2048 0 1610874880 16388 16 1048576 0 8388608 65546 4 1077936128 65537 32778 131072 0 0 16812032 262144 1140850688 0 128 128 0 8 2048 516 278528 2 134217728 32 270336 33554432 134217729 0 16 2099200 1048584 0 32 4100 4 41943040 0 1
is_linear=0
shrinkage=0.05


Tree=71
num_leaves=31
num_cat=26
split_feature=1 28 36 37 36 37 42 36 29 37 37 36 37 36 36 36 37 36 36 36 36 36 37 36 36 36 36 36 12 36
split_gain=120.92 74.4226 102.601 55.4341 54.9693 54.0275 51.0638 65.2226 54.0041 77.9023 75.2035 52.1004 45.7902 45.6067 45.4965 44.3884 42.9897 42.032 39.7638 39.0658 37.673 35.7373 35.0018 33.9909 33.5624 33.3245 33.2839 31.8903 31.2295 37.1005
threshold=0.59763929247856151 0.57150000333786022 0 1 2 3 4 5 1.0000000180025095e-35 6 7 8 9 10 11 12 13 14 15 16 17 18 19 20 21 22 23 24 2.5000000000000004 25
decision_type=2 2 9 9 9 9 9 9 2 9 9 9 9 9 9 9 9 9 9 9 9 9 9 9 9 9 9 9 2 9
left_child=3 2 -2 -1 -3 -6 7 -7 10 21 -8 -11 27 -9 -5 -14 20 -17 -4 -18 -13 -10 -19 -16 -15 -21 -24 -12 -26 -30
right_child=1 4 18 14 5 6 8 13 9 11 12 16 15 24 23 17 19 22 -20 25 -22 -23 26 -25 28 -27 -28 -29 29 -31
leaf_value=-0.0080180201104598017 0.085173271435127096 -0.0050029876244302995 -0.0069803021413590016 -0.0060833095362470835 -0.0074664183872489159 0.017319450117600516 -0.0077638661790523202 -0.0070337502914413989 -0.0045321779325424747 0.0079359713499694041 0.0026294629907780034 0.016699682365862618 0.0046857105509357016 0.010916912955989139 0.0037888467410075485 -0.0065473966648074769 -0.0074198604327060519 -0.0039055496595075804 0.011145618436087457 0.006640777304836129 0.0028301959893012431 0.01147678855417443 0.003223376060919908 -0.0016714445327048189 -0.00036987552369147639 -0.00046851167999932276 -0.00058296162420068138 -0.0065351731849020885 0.019428305033420502 0.0028083608325844417
leaf_weight=8284 1392 7405 1604 6431 4587 5422 6644 3823 987 5480 1906 1782 7007 5792 4179 4158 3111 12934 6755 5996 13257 7850 9867 190585 41192 121346 176327 9873 2984 27134
leaf_count=8284 1392 7405 1604 6431 4587 5422 6644 3823 987 5480 1906 1782 7007 5792 4179 4158 3111 12934 6755 5996 13257 7850 9867 190585 41192 121346 176327 9873 2984 27134
internal_value=-0.000477592 -5.26312e-05 0.0042722 -0.00148505 -0.000139258 -7.31798e-05 -2.09525e-05 0.00107879 -0.000265387 0.000439819 -0.000758142 0.000172536 -0.000601127 0.000722639 -0.00131973 -0.000431102 -7.90362e-06 -0.000566044 0.00216398 -0.000299795 0.00252243 0.00499972 -0.000461989 -0.0011829 0.000987188 -0.000164307 -0.000287183 -0.00363338 0.000689488 0.00191324
internal_weight=706094 496615 9751 209479 486864 479459 474872 86347 388525 159809 228716 150972 222072 80925 201195 210293 145492 203286 8359 130453 15039 8837 199128 194764 77102 127342 186194 11779 71310 30118
internal_count=706094 496615 9751 209479 486864 479459 474872 86347 388525 159809 228716 150972 222072 80925 201195 210293 145492 203286 8359 130453 15039 8837 199128 194764 77102 127342 186194 11779 71310 30118
cat_boundaries=0 28 55 84 111 119 147 173 199 227 254 283 308 336 362 389 417 445 473 499 526 554 582 610 637 664 690
cat_threshold=0 2147483648 0 0 1073741824 8454144 0 131072 128 40960 0 67108864 33570816 32772 2113536 8454144 2147483648 2048 0 8192 0 0 262400 32 8192 32 2147483648 4 134234112 0 32 2 262144 65536 4096 1048704 32 16384 0 2 0 143130624 256 2048 16777216 688648 0 1 0 0 1 4194304 0 1075052544 805306496 0 262145 2097152 4096 0 1048608 0 0 2621440 2 0 1024 268435456 65536 0 524288 32768 0 256 0 133120 0 4198662 536948736 0 2147500032 2147483648 98304 1 1052672 10485824 32 0 0 0 16384 1572992 544 0 0 268435458 0 0 1 0 0 524288 0 1572865 41943040 4130 1049088 1024 0 1073741824 872415360 21561354 3222929410 67436578 2147483712 1140916225 16777264 469762052 160 262657 16384 131136 268500992 67112960 16842753 512 2048 2 0 8388608 8 0 268730368 0 1048576 0 16640 2097152 0 0 1073741824 1 2048 16 6144 0 4096 4194336 32 67174464 0 262176 536870928 1075838988 8388608 0 671088640 0 0 0 1280 0 0 536872192 1024 1048576 402653184 0 67108928 0 0 8388672 262144 32 1073741824 68157440 0 134221824 4194320 32768 0 0 2147483648 0 33554432 262144 24832 16 1048576 0 8556544 0 37748736 2064 67109892 8 0 8388608 4 2147483648 0 1024 12582944 0 8388608 16400 68157440 0 2181038080 671088640 16384 4194336 1048576 0 1073741824 807403520 4 0 524288 1073741824 16797696 0 1024 0 0 4 135266304 16384 0 1073741960 0 32 0 8200 142608384 8192 0 32770 34832 1024 1207959568 4198400 0 536870912 0 1048576 134217728 0 64 2105344 536870912 33024 0 8192 0 0 2147483648 1024 4194320 0 262144 1114368 8 0 524288 0 8192 16384 570687488 8389184 4198400 4194304 2147813376 1024 0 0 0 2 2097152 0 0 35652096 2 0 2147549696 0 268435456 0 1048576 2048 0 0 134217728 1073741824 8 268451968 17302530 2147485704 5120 128 4194568 8208 1073758208 0 0 0 524288 2 1048576 131072 4224 67108864 8388608 0 67109024 268435464 32 268439552 32 0 16777216 0 536870913 2 256 268435464 1048576 0 0 2147549184 64 2 270532608 0 0 260 0 512 0 4734980 4112 16384 32768 2214592512 0 16 0 536870928 0 512 272633856 0 8 32 24 2228228 0 0 33554440 2097156 33554448 4 2155872256 512 32768 0 134217728 2097152 16385 128 512 33554432 0 8 418 524288 0 32 65536 8388612 4 2197831696 0 0 0 128 134225920 0 4 0 0 1056 512 2080 0 0 8 4096 0 1090519040 134217728 1048576 0 150995968 64 2 267264 553713674 8388608 1048576 4 0 130 0 4194304 0 32769 0 8 2050 32768 16384 1 8650752 8 0 8388608 65536 8 16384 2147483776 512 201328640 134217728 144 0 0 2 0 32 0 268960002 0 3 3221225472 65536 33554432 8192 16 1048576 2162688 64 570427648 129 8192 128 0 0 8651264 8388608 1024 2160066560 262144 0 139264 128 0 0 0 4194304 0 262144 2097152 384 0 131072 33554432 0 524544 2121728 671612928 67117056 0 536871040 2181038082 33554432 33554432 0 2048 0 4 4 16908292 0 0 262144 0 0 33554432 0 0 7 9453576 128 0 301989888 16777216 2 0 0 0 0 1088 33554432 128 4194304 0 1077940256 268435456 1077937152 1 0 4 0 2197815296 16777728 268435456 16809984 65536 2149580800 0 0 131072 2621476 0 4194304 0 0 8912900 0 1073741824 0 33558784 0 536870912 134217728 131072 2097408 8388608 0 0 33 33555456 872415232 2147483648 67109124 65536 0 2155872256 8192 4259872 536870912 1342177664 8389636 0 2097152 167772160 524288 0 8192 16512 8320 4096 0 4194304 0 0 0 0 0 262144 8192 1049098 0 0 0 8 0 1145054240 8192 1048576 0 524288 0 32768 16777216 2147483648 32768 33554944 4160 65536 4 0 0 1048576 33685504 0 8912896 2048 4096 1073741826 10485762 0 4194304 262144 2147549184 0 6144 0 1048576 0 134479872 8201 134250752 268435456 16777344 0 134225920 64 0 0 512 262144 0 0 6144 67108896 0 8192 1073807360 0 8454144 0 65536 2084 0 0 134742208 33554432 0 2214592512 134218240 134217728 33556480 0 1048576 0 1107296256 134217728 8 0 524288 4202528 2048 536870914 536870912 1024 2147483712 514 134217728 16777472 134217728 0 67108928 0 32 16418 2147483904 268435456 151257088 256 0 4 256 0 8 32 1024 0 536870912
is_linear=0
shrinkage=0.05


Tree=72
num_leaves=31
num_cat=26
split_feature=25 37 35 36 36 36 37 36 37 36 36 36 37 37 22 22 37 36 36 36 36 42 36 37 36 37 36 36 37 36
split_gain=113.469 68.1476 68.8238 122.468 63.0408 62.8517 56.3413 49.5091 48.1242 46.5699 46.4693 45.003 48.863 42.3383 40.2774 94.0168 75.6206 66.2619 65.6666 59.6314 51.5066 48.7231 55.007 46.6064 46.2173 42.8234 41.6667 40.5967 40.1728 40.0937
threshold=0.68788304924964916 0 0.8655003309249879 1 2 3 4 5 6 7 8 9 10 11 1.5000000000000002 4.5000000000000009 12 13 14 15 16 17 18 19 20 21 22 23 24 25
decision_type=2 9 2 9 9 9 9 9 9 9 9 9 9 9 2 2 9 9 9 9 9 9 9 9 9 9 9 9 9 9
left_child=5 -2 3 -3 -4 -1 -7 28 -6 -5 -10 -9 -13 -11 18 21 -17 -18 -12 -19 -20 24 -23 -21 -16 -22 -24 -25 -8 -27
right_child=1 2 4 9 8 6 7 11 10 13 14 12 -14 -15 15 16 17 19 20 23 25 22 26 27 -26 29 -28 -29 -30 -31
leaf_value=0.005016041949110134 -0.0085458182738926171 0.062932490189883214 -0.0060555461563394919 -0.012995870234175597 -0.0049561772666551407 -0.0071559796868685818 0.01030563234676265 -0.0056115622991517126 0.0048436410235119798 0.027412887991053195 -0.0076061002895122581 0.0042145395646309347 -0.0018491143505830574 0.0029548379800663663 0.004910552758051444 0.020438281062479191 -0.0084610170538183399 0.014224382789663582 0.0085247460471827834 -0.0061543276937356456 -0.0060761974056293445 0.0055624222255879381 -0.0075900075838244568 -0.0071017490228173722 -0.0049990635006952671 -0.0053988145629145145 -0.0012718315964930006 0.0013445554280483081 0.00077645836834614465 0.0015560563974341302
leaf_weight=5912 3955 1811 6723 1276 8087 9108 1686 6998 13715 2545 2680 6584 224940 15044 1538 6479 3772 3303 4714 4425 2214 4737 2851 3975 17873 3127 127069 104710 7058 95863
leaf_count=5912 3955 1811 6723 1276 8087 9108 1686 6998 13715 2545 2680 6584 224940 15044 1538 6479 3772 3303 4714 4425 2214 4737 2851 3975 17873 3127 127069 104710 7058 95863
internal_value=-0.000478452 1.00003e-05 6.90071e-05 0.00288485 -7.03293e-05 -0.00130249 -0.00142003 -0.00127762 8.26963e-06 0.00168667 8.49448e-05 -0.00141312 -0.00129354 0.00235724 -1.58601e-05 -0.000332166 0.000676983 0.000393004 0.000801803 0.000604579 0.000997602 -0.00116182 -0.000823971 0.000410843 -0.00350312 0.000759275 -0.00101708 0.000615823 0.00241576 0.000913375
internal_weight=704772 442486 438531 20676 417855 262286 256374 247266 411132 18865 403045 238522 231524 17589 389330 280732 126664 120185 108598 116413 105918 154068 134657 113110 19411 101204 129920 108685 8744 98990
internal_count=704772 442486 438531 20676 417855 262286 256374 247266 411132 18865 403045 238522 231524 17589 389330 280732 126664 120185 108598 116413 105918 154068 134657 113110 19411 101204 129920 108685 8744 98990
cat_boundaries=0 27 55 83 111 138 165 192 218 246 274 302 329 356 384 413 441 469 477 505 532 560 586 614 642 670 698
cat_threshold=536870912 536903680 33 0 0 536936448 0 0 0 0 0 1 0 1075064832 0 2304 4194304 131072 4227072 131073 2080 4100 0 4194304 16777216 1074790400 335544320 264192 2147483652 0 4194308 2 679477248 288 4194304 128 536870912 0 128 33554464 32784 268435456 65536 2155872256 5120 1024 0 0 0 0 4194304 8192 4325376 0 4 0 1 0 528424 134217760 32800 1 0 262144 33554434 0 8388608 268435456 0 2147483648 131072 32768 0 0 16896 0 0 260 8320 262152 67108868 192 1073774592 0 131072 65536 0 0 0 32 537395200 8390656 344064 262144 536870912 8389636 33792 0 0 16785408 0 0 2048 0 256 1 16777216 1032 75499521 16448 4 134283264 1073741888 40 134283264 0 2147483648 262144 134217728 32 0 0 2 32 8912896 256 1074790464 16777216 557056 2048 1048705 0 0 4 0 0 0 537395336 2415919104 17 0 71303168 67112960 256 134349312 1050624 1073741824 2149580800 0 0 0 0 0 8192 33554688 8192 524288 524288 1073741892 0 512 0 268697600 65568 1024 134217760 2151678016 0 0 262144 0 1 131200 0 0 1048577 268451840 0 528 264 277872640 16908288 537395200 2 524416 32784 0 0 131072 4194304 0 128 16 2048 4096 512 268435456 0 536875008 72 0 1024 0 1048576 4194304 1073741824 1028 2099220 0 0 25624576 131328 1024 32768 0 65 268435456 64 1 32 4096 2097154 131072 33554433 0 4096 524288 276824064 0 64 134217728 268435456 4 128 512 134217728 1 0 0 2097152 0 1048576 272 6656 67108866 1064961 0 268763648 2129920 0 0 1073774592 0 0 2149056512 0 8 262145 268566656 2 256 0 128 0 8388608 37748769 32768 268435472 4096 2 0 0 0 65 2147483648 266240 64 0 536870912 536887296 1 16777232 65536 134348864 1 16384 0 2147483648 524288 805306368 134348800 0 536903682 131072 0 4194304 0 0 8388608 0 18874368 1 4194304 1073741920 67108928 524544 65536 0 516 2148007936 8192 0 0 0 8 64 0 0 0 4096 16777232 0 32768 0 2 16 0 0 553656320 4194320 1073741824 262656 64 0 16777288 0 0 1610629184 2216763392 0 131072 1048576 0 0 0 268435712 0 18432 1048584 33554432 134217728 0 1048576 0 2097152 1 8519904 65536 32768 512 4194304 2064 0 1 33554432 0 0 512 8196 4096 33554432 67108864 16384 2147483744 528384 0 0 0 2151682080 4194304 0 2147483648 0 33554432 0 1048576 0 0 0 0 0 2147483650 2101256 0 0 256 1074003968 0 0 536870912 67108888 16777224 0 0 1048576 1082435584 8421376 2097152 134219264 1 134217728 2 2 0 0 4 150995008 0 16777216 0 2197848064 512 4194304 262144 1207959552 16777216 0 0 0 0 131072 65536 2097152 0 81920 1703936 100663296 1224738816 0 33554433 2 1048576 268435456 32768 2147483648 0 65536 0 262161 1 131072 8388608 2048 8192 1 0 34824 8388608 2097152 524288 1114112 0 286261248 0 0 0 16 4 134285408 2426116 17472 50340868 67641344 262144 1140989970 2155880489 144 131112 1056772 8194 1 268451840 268435456 64 4 0 0 0 262144 1032 16785409 32 1073741826 64 0 64 131072 0 1024 2147483648 4096 0 32 0 2147745792 135169 32 4 0 0 4194304 147520 67633152 268435490 0 0 0 0 41959680 0 1 0 0 2147487744 4 1073742848 1 33554432 268435456 2048 16777220 524800 458752 0 1073741832 131072 10485824 4259840 536870912 16 1073741856 128 0 0 16777220 16 0 8389136 16777216 8192 131072 0 0 4096 0 4194304 8192 0 32768 536870912 2151677952 0 0 128 256 0 4194368 8388608 536879104 0 1074270208 131072 524320 0 303038464 16385 262144 16 4096 1052680 0 0 4096 268435456 545259520 2147483648 0 0 524288 0 0 0 0 2097152 0 0 2701656064 33554440 524288 0 0 0 270338 2097152 1077936128 35651588 33554432 0 939671552 0 151011842 0 2097156 33554432 0 5242896 0 1073741824 16384 0 0 1074004224 0 134217728 545259524 16785416 0 1073743936 2072 16777216 16777216 0 0 16777472 1207959552 4096 0 4096 0 2097152 0 512 69206016 67108864 0 2147483664 536871168 0 1048640 33554432 65546 262144 4096 4194304 134479872 0 524288 67108865 525312 16 16777216 8388608 0 2048 0 8208 33554496 0 0 1 524288 134217728 1048576 0 0 524288 0 33554440 0 16384 133121 4096 0 16777216 16 4096 16777216 524288 270336 2151677984 32768 0 1048608 67633152 526336 1048576 1073741832 2147483648
is_linear=0
shrinkage=0.05


Tree=73
num_leaves=31
num_cat=23
split_feature=37 29 37 37 37 37 37 37 0 37 37 35 37 32 37 37 37 37 37 42 37 33 7 37 37 38 37 37 28 42
split_gain=113.492 101.181 133.651 91.4731 70.2709 59.999 57.8081 50.6519 49.395 46.2603 50.5373 44.1108 40.4201 34.466 128.775 93.4497 63.1944 42.485 33.4904 32.6109 32.39 32.2486 23.9265 25.1144 23.4058 22.4309 22.1334 22.0816 21.5789 21.4424
threshold=0 1.0000000180025095e-35 1 2 3 4 5 6 19.785278320312504 7 8 0.61867865920066845 9 22.365000724792484 10 11 12 13 14 15 16 64.795001983642592 0.59929713606834423 17 18 19 20 21 0.58149999380111705 22
decision_type=9 2 9 9 9 9 9 9 2 9 9 2 9 2 9 9 9 9 9 9 9 2 2 9 9 9 9 9 2 9
left_child=8 2 -2 -3 -4 -6 25 -8 21 -7 -11 29 -13 14 -12 -15 -16 -17 -18 -19 -14 -1 24 -24 -21 28 -22 -20 -5 -9
right_child=1 3 4 6 5 9 7 11 -10 10 13 12 20 15 16 17 18 19 27 22 26 -23 23 -25 -26 -27 -28 -29 -30 -31
leaf_value=-0.0030396549460945583 -0.012611387158950056 0.010042686824296326 -0.0065662874918338311 0.059465690831452173 0.0011905268552021273 -0.0040489652600894628 -0.004919163626166137 0.12867308180026205 0.091776939186774528 -0.0040702457952888271 0.0060871017692640502 -0.0033073558591538419 0.0030859464186020202 -0.0057235926346121298 -0.0056592967724334031 0.002014374415658618 -0.0036505366498431864 -0.0033052633097565513 0.0021204595754593437 0.0019436952320550636 -0.002404971536153096 0.0045261114164748652 -0.0083437734282083547 -0.002686517771758096 -0.00085085359717045062 0.0010312384242652879 3.7488134699170674e-06 -0.00048515357854174716 0.0074332254865959908 0.013412821672641552
leaf_weight=7992 6476 7888 12678 930 35782 16956 7866 481 1485 27619 15768 16314 20952 17711 9597 15342 11876 30912 14708 14104 18956 54399 3903 20470 82115 5706 165149 52839 7639 869
leaf_count=7992 6476 7888 12678 930 35782 16956 7866 481 1485 27619 15768 16314 20952 17711 9597 15342 11876 30912 14708 14104 18956 54399 3903 20470 82115 5706 165149 52839 7639 869
internal_value=-0.000462485 -0.000662584 -0.00116881 0.000116221 -0.00104801 -0.000922405 -5.46202e-05 -0.000245828 0.00154726 -0.00113092 -0.000994716 -0.000106462 -0.000161436 -0.000799577 -7.53896e-05 -0.0012108 -0.0008132 -0.000843986 -0.000349819 -0.00109791 2.91976e-05 0.0013329 -0.00072635 -0.00212573 -0.000371934 0.00303181 -0.000182833 8.08564e-05 0.00464889 0.00890081
internal_weight=705482 641606 388856 252750 382380 369702 244862 230587 63876 333920 316964 222721 221371 289345 104788 184557 89020 166846 79423 151504 205057 62391 120592 24373 96219 14275 184105 67547 8569 1350
internal_count=705482 641606 388856 252750 382380 369702 244862 230587 63876 333920 316964 222721 221371 289345 104788 184557 89020 166846 79423 151504 205057 62391 120592 24373 96219 14275 184105 67547 8569 1350
cat_boundaries=0 27 54 80 105 131 158 185 211 237 264 290 316 343 370 395 403 430 458 486 487 514 541 545
cat_threshold=18 0 16777280 134217728 16777216 16448 64 81924 2048 543166720 0 0 536870912 0 524288 536936448 805306624 4 8192 0 0 524288 0 1073741824 0 32 524292 0 64 1048608 2 262144 0 266240 135266304 0 0 524288 32800 0 24576 16 1074790400 16777216 33280 0 4718593 0 67108868 0 1024 0 1074003972 872415232 36 8388608 0 2097152 262176 536870912 2097156 0 0 134217728 131072 0 1049088 33554688 4194304 0 0 524288 1081344 402653184 160 67108932 2097160 0 8454208 2147483648 32 0 128 0 4352 536870928 0 0 8736 0 0 0 262144 1207959808 4096 2320 0 42598656 4194304 1241513984 16 1024 8200 4194304 8388608 2621440 2101248 16 2147483664 0 1342177280 512 0 537935872 2147483648 4097 134742016 256 2048 0 268435456 16384 0 16896 8390656 67174400 0 0 17825792 2048 32768 4198400 32 67108868 16384 536870928 2097152 0 8388608 512 1342177296 0 16 8 1073758208 67108864 256 1024 5152 16 4 32768 0 1048576 4194304 256 4 512 134217728 4194304 268435456 33894400 0 65536 4325376 128 40 0 4096 268976130 32 262145 256 0 2048 0 0 1048704 0 2 0 0 0 1074823168 128 16388 1073741824 67108867 33554440 134217728 65536 40960 2155872256 0 0 131072 33556481 0 16 0 128 0 4096 32 0 33555456 4160 0 536870916 65536 16777224 4096 8388608 1073741836 1048576 1024 0 8 0 6 0 0 18 0 33555520 35651584 512 0 0 1081344 2097156 10240 0 18874886 134217728 256 2147483648 545259520 268435520 1610645504 0 0 0 167788800 524816 536870912 0 0 0 0 591872 1048577 1064960 0 512 512 0 17039360 0 0 8192 0 1024 905969664 75497472 67108864 16384 2101248 8388612 134217728 256 1074004000 0 134258752 2151677952 131072 8192 8388608 0 0 32 24 4 4096 0 0 0 0 0 538969168 612368384 512 16384 20480 8388740 134217728 33554432 537133600 2147483648 49152 2155872256 268435456 2155880448 8388608 0 0 0 24 0 4096 0 0 0 0 128 2097216 272695297 0 0 16785408 32 0 268451844 67110912 2097152 0 40960 1024 0 1048584 71303168 2 8192 1073807360 0 0 0 0 0 268566528 301989888 1048576 66064 2420178945 268435456 4096 8192 536936448 2097152 4 16 2097152 0 0 66560 4096 1048576 335544328 2 0 1073741824 65536 16392 0 4194304 0 8 16 0 65552 131072 0 266240 12582912 0 0 75497472 16 16777216 67108904 0 0 524288 516 2 0 0 0 71680 268582920 1073774592 134217762 0 2105344 80 0 1024 302647438 2158059584 6144 3288334752 276824065 282 0 0 65536 71827456 65538 2147483664 536903680 2214592512 0 67108868 8192 536870944 262148 2147485184 0 16 8 268435456 0 69861376 0 16384 0 0 0 8 8192 2048 536870912 268435456 4784128 0 0 147456 1073741824 65536 134611040 0 4194304 0 0 536872064 0 8 0 545259520 67108864 0 131072 33554432 2105344 1 0 32769 1 2048 32768 268436992 64 0 8 537018368 0 16842752 1073741856 32768 0 524296 0 536872064 0 535552 32 16 0 0 2048 134217728 0 1 0 1 1 9869 0 2147483648 0 536870912 384 0 335544320 536870912 1064960 2147483648 264193 32768 0 8272 0 1073741824 0 163840 10551304 8388608 0 1 2048 1024 16777216 0 2048 0 33280 256 67371008 32896 12582912 1 512 2147483712 268517380 33554432 805306368 0 0 0 16448 0 2097184 536870912 0 0 1 32896 0 1 65536 34816 2048 0 2 32
is_linear=0
shrinkage=0.05


Tree=74
num_leaves=31
num_cat=22
split_feature=25 26 37 36 36 37 32 37 37 37 36 22 31 37 22 36 30 37 36 37 36 36 37 36 36 36 36 37 36 33
split_gain=103.419 65.2572 59.2097 60.6685 56.298 54.2245 49.2289 110.69 98.9481 71.9555 70.235 69.671 77.7799 85.0158 67.6222 66.8606 65.8965 60.4198 62.6698 58.5007 54.4165 54.3227 54.2216 51.3123 51.1328 50.4765 48.777 49.4871 49.091 48.0512
threshold=0.68788304924964916 16.820131301879886 0 1 2 3 23.345000267028812 4 5 6 7 5.5000000000000009 3.0408500432968144 8 1.5000000000000002 9 1.0000000180025095e-35 10 11 12 13 14 15 16 17 18 19 20 21 72.174999237060561
decision_type=2 2 9 9 9 9 2 9 9 9 9 2 2 9 2 9 2 9 9 9 9 9 9 9 9 9 9 9 9 2
left_child=4 2 -2 -4 -1 -6 8 21 16 10 -9 14 13 -13 17 -15 -5 -10 -19 -11 -21 -8 -16 -17 -22 -20 -24 -28 -29 -27
right_child=1 -3 3 6 5 -7 7 9 11 19 -12 12 -14 15 22 23 -18 18 25 20 24 -23 26 -25 -26 29 27 28 -30 -31
leaf_value=-0.0064412773245662762 -0.0078854296828788084 0.11093955807446072 -0.0056044854697987617 0.0040146579412008226 0.0055107954777260937 -0.0015835295856818977 0.045282152686752085 0.022392216559971763 0.0084310574631873414 -0.0081457671322022716 0.002187114738559709 0.02272306621178255 -0.00556607174525817 0.022063730227956796 0.0076143958423148172 -0.0097409866060408079 0.046458670966059504 0.0092398129651731498 -0.0066474043728668997 0.0081584789145393022 -0.010221842308039701 0.0062016187010797037 -0.0086984400412498334 0.0042111374303162212 -0.0015043636701799008 0.0027381919572134028 -0.0063179602064297657 0.0065044775980291521 -0.0009726675571091137 -0.00095829343284348505
leaf_weight=7034 4242 1811 7718 6878 6365 248921 1439 1563 6953 3998 12433 5310 5986 1364 5360 1466 4539 3151 1957 3524 3190 7098 3103 22590 142287 31250 7006 3795 112855 30091
leaf_count=7034 4242 1811 7718 6878 6365 248921 1439 1563 6953 3998 12433 5310 5986 1364 5360 1466 4539 3151 1957 3524 3190 7098 3103 22590 142287 31250 7006 3795 112855 30091
internal_value=-0.000463594 2.34221e-06 -3.65524e-05 2.0599e-05 -0.00125038 -0.00112859 9.96629e-05 -0.000544057 0.00054513 -0.000828039 0.00260227 0.000330601 0.00233679 0.00335248 -2.77951e-05 0.00214699 0.00509166 0.00118898 0.000724308 -0.001142 -0.000981548 0.00500556 -0.000703811 0.00153322 -0.00113042 0.000381067 -0.000912183 -0.000756467 -0.000511096 0.000633842
internal_weight=705277 442957 441146 436904 262320 255286 429186 175532 253654 166995 13996 242237 36716 30730 205521 25420 11417 73402 66449 152999 149001 8537 132119 24056 145477 63298 126759 123656 116650 61341
internal_count=705277 442957 441146 436904 262320 255286 429186 175532 253654 166995 13996 242237 36716 30730 205521 25420 11417 73402 66449 152999 149001 8537 132119 24056 145477 63298 126759 123656 116650 61341
cat_boundaries=0 27 55 83 111 138 165 192 220 246 272 299 327 353 381 409 436 460 487 516 543 570 597
cat_threshold=2684354560 536870912 32 0 0 536936448 0 9437184 0 0 1 1 0 135278592 0 67109120 0 131072 4227106 131072 2080 4100 0 4195328 0 1074790400 335544320 16 0 2097152 8 0 32 262145 65536 266240 33554434 0 1024 1342177280 0 2147483648 135168 32768 0 0 67108864 0 0 4 73856 278538 67108864 64 1107329024 0 268436000 32834 0 0 32768 0 16384 2149580800 0 8 270336 268435584 2 256 536870976 128 0 0 16777216 536905728 16777232 1048576 2 1048576 16384 33554432 1 2147483648 266240 16 0 553648128 16384 65 17039376 65536 2228224 8192 0 4 3254780416 524288 0 134218240 0 49152 131072 0 4194304 0 0 2048 0 18874368 1 130 1073741888 262144 4 196608 64 4 2065 2048 2147483648 32768 0 0 4 537919488 2 8448 268435456 0 67108992 0 0 0 8 536870912 2147483648 516 65552 4096 0 0 0 134217744 131072 1074003968 536870944 82048 0 33619968 8200 33554432 8388608 0 268435456 4096 0 2099200 268500992 0 0 1048576 0 60 536870913 2048 0 9216 0 0 16392 64 2147484160 16384 8683520 16777216 0 0 2048 1075838994 0 1024 32768 16 41943040 67108864 0 1 134217728 268437760 0 17309696 0 1073741824 0 12582912 2 24576 8388640 67633440 136 150994944 268435456 0 0 64 276824576 0 536870976 268435458 1572864 1048576 0 2097216 8 0 0 0 0 1 2621504 0 64 52498432 4194432 2147483648 18874368 16 0 4352 0 134217728 4 0 34078720 512 0 8 0 1074790400 4194304 0 4098 0 32896 536871936 513 2097152 536870912 64 1052800 8192 4194304 3145728 134217732 17825856 0 2148532288 167772160 0 4096 0 2148007936 131073 8388608 0 2147483776 0 0 0 0 64 0 0 268452160 16 4112 2151677952 17039360 524288 0 2550136832 16777216 262144 142606336 0 524288 262208 16777224 2097184 0 0 67108864 2 33554432 0 32784 0 8 16777216 0 0 0 0 0 4194336 262144 256 276824064 545259552 2147483680 100663296 8 536871168 32778 1 2097184 2147483649 16388 2147483648 1048576 0 0 0 1073741824 0 134217728 8388608 0 0 16 128 0 1 262272 34 16384 0 33619968 8192 16400 4194304 128 150994944 4120 536870912 530432 32768 0 4 0 0 33554520 1073741856 0 1088 2621440 28 41943040 67108864 276824068 0 1024 0 4196352 0 2415919104 8192 1310848 0 0 0 0 134217728 0 32768 0 0 530464 0 3145728 4099 8388608 131072 0 67125376 4325385 33554432 0 131104 1052672 0 262144 2 262146 0 553648402 1073742848 0 134217728 0 0 0 0 1 0 0 16777216 2048 0 1073741856 8 8192 536870944 276824064 0 134217764 0 2097216 8192 537034752 1207963648 0 402653184 16384 32 48 0 0 0 0 8196 0 1 33554432 17301504 131072 33554444 0 0 543178752 537935872 536870912 1073741828 0 0 1024 2097152 2052 0 167837760 262152 25165824 128 131074 0 0 0 0 541065216 128 0 32 0 167772192 32768 8 532488 204904 134217728 0 0 2 0 0 2560 65536 16 0 4210688 0 8388608 536936704 0 16 134217728 262152 0 0 1 32 32 20 2048 10 10485760 17408 131088 4352 262144 0 0 2162688 1140850688 524288 131072 20971776 0 32768 0 32832 0 0 0 2 2 8388672 0 536870912 8912896 0 0 0 16777216 134217728 0 2147483648 4194304 16384 8388608 17039360 100663296 1048576 6307844 1212153856 36 603979776 0 268435456 0 0 1073741824 69888 20480 4194368 1677721600 33554432 0 64 33554432 536870928 0 8421376 1048576 16384 0 1 1073741824 1310720 8192 0 66048 33554432 0 1056 16777216 537001984 64 16777216 2097152 541065216 4 0 0 16384 1024 1073741952 4096 532736 0 8192 0 0 4 0 1073744896 1073807744 16777216 0 33554432 512 0 1280 0 8208 1049088 41943042
is_linear=0
shrinkage=0.05


Tree=75
num_leaves=31
num_cat=20
split_feature=6 8 5 37 28 37 37 37 37 26 37 33 22 22 37 37 37 37 37 37 33 37 37 28 37 37 37 37 37 37
split_gain=94.9924 75.4646 89.8786 72.4281 51.3537 56.9295 51.1319 48.9618 44.0384 41.935 39.1853 35.9015 35.4468 53.0155 48.6377 47.0819 46.2533 46.3896 40.9621 39.7053 38.0105 53.1796 34.7777 33.9705 57.812 48.8448 33.7822 32.896 31.0957 31.0943
threshold=1.8509864211082461 0.5611543357372285 0.498484417796135 0 0.91924577951431286 1 2 3 4 16.820131301879886 5 64.524997711181655 1.5000000000000002 3.5000000000000004 6 7 8 9 10 11 72.215000152587905 12 13 0.90021380782127391 14 15 16 17 18 19
decision_type=2 2 2 9 2 9 9 9 9 2 9 2 2 2 9 9 9 9 9 9 2 9 9 2 9 9 9 9 9 9
left_child=1 2 6 -3 7 -6 -1 -5 -8 11 -9 29 14 15 -4 -14 -15 -18 -16 -19 21 -20 -22 25 -25 -13 -17 -7 -23 -2
right_child=9 3 12 4 5 27 8 10 -10 -11 -12 23 13 16 18 26 17 19 20 -21 22 28 -24 24 -26 -27 -28 -29 -30 -31
leaf_value=0.0063862062948588337 -0.017738187234404859 0.0055975777586482313 0.0069931483764763998 -0.009080726803841116 -0.013905977192086451 -0.0081276500696810024 -0.0077969035731940174 0.0069826622172206093 -0.0023332039722720856 0.098545990202918432 -0.0017598164738353407 0.0166288916634026 0.0043390157139302499 -0.0065258429910927621 -0.005959963950065917 -0.0073655861030997929 -0.004223245474038702 0.0071294786829524948 0.006434725196309019 0.00045835279568767762 -0.0049545811297580233 -0.0036707227605068228 2.141706643720154e-05 -0.0075285376792432719 0.0024407570891655239 0.0021469614835820661 -0.0014983592304859046 -0.0035894149174463931 0.0013750049023138228 -0.00054962117108585677
leaf_weight=2360 2676 9735 3069 4177 4144 6394 5327 5890 59885 1777 51977 14021 3445 3709 1977 2614 8560 4437 7107 147253 3347 3144 49749 8718 50767 24778 103463 63980 40912 5853
leaf_count=2360 2676 9735 3069 4177 4144 6394 5327 5890 59885 1777 51977 14021 3445 3709 1977 2614 8560 4437 7107 147253 3347 3144 49749 8718 50767 24778 103463 63980 40912 5853
internal_value=-0.000462126 -0.000709684 -0.00038919 -0.00169628 -0.00199326 -0.00287813 -0.00207035 -0.000930776 -0.002332 0.000898095 -0.000552671 0.000771317 -9.24143e-05 -0.000396598 0.00066865 -0.00124837 0.000172374 0.000300291 0.000488955 0.000502469 0.000624461 0.00159707 -0.000312635 0.00104136 0.000290615 0.00219233 -0.00143525 -0.00254138 0.000948556 -0.00234027
internal_weight=705245 596655 450358 146297 136562 74518 67572 62044 65212 108590 57867 106813 382786 273481 109305 109522 163959 160250 106236 151690 104259 51163 53096 98284 59485 38799 106077 70374 44056 8529
internal_count=705245 596655 450358 146297 136562 74518 67572 62044 65212 108590 57867 106813 382786 273481 109305 109522 163959 160250 106236 151690 104259 51163 53096 98284 59485 38799 106077 70374 44056 8529
cat_boundaries=0 24 51 77 104 131 158 186 212 239 265 291 316 342 367 394 421 448 474 497 524
cat_threshold=272629764 8654848 0 75497476 0 16448 64 16404 0 2097152 8388608 134218768 8192 33554432 270008328 0 134217761 65536 0 0 0 4194304 0 1073741824 16 64 1074790434 0 0 2097152 0 1048576 65536 0 0 0 0 2281701632 0 1048576 553648128 524296 4194304 33554560 1024 0 8192 0 301989888 553680900 872415232 65536 14680064 67108864 4100 0 2097152 1 34081280 1073741840 8192 1048577 33554433 1052672 16384 33554432 335609856 0 524288 0 0 0 16416 0 0 0 8 3145728 2147483648 537919488 0 16 0 256 671612928 4194304 2214592512 1572864 65536 0 8192 0 67108864 2056 0 0 1048704 4195328 134218753 0 0 0 1073741824 536872960 8388608 8768 32 0 262144 65536 2147487744 0 1048608 0 0 2050 1073741824 41943040 1048576 1064960 16778240 33587208 16777216 0 0 4096 1 8192 0 262144 268500992 0 1073742432 0 4112 131072 131072 536870912 2214592512 1074790400 0 2147483648 4194304 4 256 67108864 0 536871936 536870944 1048592 524288 128 81920 0 16 0 0 532484 1 0 1065216 16 0 6291456 0 1310720 1048576 805306368 557056 0 1108345088 1073750272 75497472 536870978 8192 0 0 0 268435456 0 0 0 16777216 0 8704 1 0 2097184 64 136314880 536870912 0 1 262144 0 67174400 0 196608 8 8654848 67108864 134234112 4718848 0 16416 0 65536 2080 1 268435456 0 16777220 32 1075839008 16392 0 0 0 67108865 0 512 0 2048 65536 2147483648 1107361792 4194304 1610613008 0 536870912 36896 524288 268500992 67108898 1 0 0 0 128 69760 8396800 1140851008 4096 131072 541130752 0 0 0 65536 0 268435457 0 0 0 134217856 0 0 65536 0 4194304 135169 33554440 805314560 16777216 33554440 2147483664 4194304 262145 0 262144 134348800 0 2560 536871424 0 8650753 0 32 9699344 0 0 0 135168 8390656 0 33816576 67108864 0 131072 536870912 16777216 0 71303168 0 128 553652224 402653192 8192 8390656 536870912 536870912 1 134218752 524288 512 1 64 134367232 0 512 0 262144 0 134221824 4194304 8388624 0 0 4104 2214592768 70656 1073741824 268468482 65536 0 256 2147483648 131072 4096 64 4194304 65536 8 32 65536 33554432 0 0 33554432 2097152 32896 2151678016 134217728 3221225472 0 28938 0 0 272646400 1 4 32768 0 134217728 0 0 1078984704 128 0 65584 65536 2623488 0 1026 0 4 268435456 4194320 8768 67109536 12582912 0 0 8388608 0 0 131072 2147483648 0 0 72 0 1048576 8388608 32768 1048576 8392712 0 4194304 0 2105344 268435649 4 8192 4194322 576 67108864 74448896 16 2147483648 536870976 0 65536 603979800 0 2048 0 1024 0 0 537396224 0 1048592 1073741824 0 0 0 0 0 0 8192 134217760 12582912 0 50331648 8388736 16908288 8192 16779264 512 0 0 134217744 33558560 16384 2097154 0 0 537001984 32768 128 16777216 66 0 0 0 0 128 20480 512 4 262144 16778240 0 256 2147745792 8226 1342177280 0 262144 512 0 33554432 0 0 131072 1050624 0 16 0 2 404750336 8388624 3222274048 2 0 1073774592 134283264 16777216 8388624 41951232 0 4194314 16384 2 838860800 524288 0 268435472 1 0 33554432 537919488 268439552 1073741824 32 4100 524304 512 67108864 4194560 0 0 8388608 0 0 0 0 0 0 33554432 256 1048642 0 0 1048576 0 0 0 0 0 268468224 1028 268435456
is_linear=0
shrinkage=0.05


Tree=76
num_leaves=31
num_cat=20
split_feature=11 28 37 35 37 37 30 37 3 37 38 19 42 37 37 37 37 37 12 28 37 42 37 37 32 42 37 37 32 37
split_gain=89.2078 75.0269 72.1847 53.754 74.8282 51.1313 49.5948 42.7607 37.0975 35.6728 32.7226 31.5924 51.8325 44.898 41.4873 39.4667 45.9503 33.526 31.1033 30.0716 29.4142 35.4121 30.8374 28.4484 26.4383 26.1455 25.726 24.3649 24.153 23.9083
threshold=0.41428573429584509 0.57150000333786022 0 1.0626534819602969 1 2 1.0000000180025095e-35 3 3.8391523361206059 4 5 1.0987832546234133 6 7 8 9 10 11 3.5000000000000004 0.8980313539505006 12 13 14 15 21.755000114440922 16 17 18 23.445000648498539 19
decision_type=2 2 9 2 9 9 2 9 2 9 9 2 9 9 9 9 9 9 2 2 9 9 9 9 2 9 9 9 2 9
left_child=5 7 -3 8 6 -1 28 10 11 -6 -2 13 -13 -4 -14 -15 24 -16 -10 -8 -7 -22 -23 -19 29 -11 -18 -27 -5 -17
right_child=1 2 3 4 9 20 19 -9 18 25 -12 12 14 15 17 16 26 23 -20 -21 21 22 -24 -25 -26 27 -28 -29 -30 -31
leaf_value=-0.0080524708497754123 0.071178525558277708 -0.0087657456301112099 0.0054196977437122266 0.0048242215803341211 -0.0094798970202150459 0.0043524005400195466 0.11131458077759977 0.0034301803320297922 0.0010958542905961544 -0.0056660154355869909 0.015489070257707916 0.0026864565744730952 0.0046170336538571806 -0.0048367812370227747 0.001600232315406 0.012414310323623758 0.0029092374630197843 0.00031948077529543877 0.017409085469398133 0.007758627383570302 0.00054153506799079485 0.0012210099523003561 -0.0026324314707689995 -0.0028624634381510085 -0.0037665649037577908 -0.0059263333201412449 0.00018703786472691332 -0.0010401772512791563 -0.0065638710709964888 -0.00093790258896449263
leaf_weight=6201 2403 5587 8825 2412 3550 2949 924 6611 13182 10307 1586 20007 4998 8204 13435 1067 17002 16413 10826 1402 16519 7861 89740 84383 16220 7984 284025 34582 2115 4340
leaf_count=6201 2403 5587 8825 2412 3550 2949 924 6611 13182 10307 1586 20007 4998 8204 13435 1067 17002 16413 10826 1402 16519 7861 89740 84383 16220 7984 284025 34582 2115 4340
internal_value=-0.000459923 -0.000201282 -0.000278555 -0.000222685 -0.00159616 -0.00168186 0.00333443 0.00396661 -4.98829e-05 -0.00219526 0.00804688 -0.000146032 -0.000780324 0.000113966 -0.00117547 2.0023e-05 0.000107154 -0.00137066 0.00186805 0.00927159 -0.00144698 -0.00157451 -0.00193688 -0.00168341 -0.00211838 -0.00186848 0.000267117 -0.00132055 0.000289863 0.000908376
internal_weight=705660 582390 571790 566203 63276 123270 6853 10600 502927 56423 3989 478919 139236 339683 119229 330858 322654 114231 24008 2326 117069 114120 97601 100796 21627 52873 301027 42566 4527 5407
internal_count=705660 582390 571790 566203 63276 123270 6853 10600 502927 56423 3989 478919 139236 339683 119229 330858 322654 114231 24008 2326 117069 114120 97601 100796 21627 52873 301027 42566 4527 5407
cat_boundaries=0 27 53 80 107 134 135 142 166 193 220 246 274 301 309 336 363 370 397 425 428
cat_threshold=536871040 64 32 0 0 0 0 135792768 2147484160 0 0 268435457 0 134225920 0 1073741824 0 268963840 4194304 1048705 0 36 0 536870912 0 1073741832 905969664 16 268439552 0 2150105088 258 268451840 8404992 32 2084 1142964224 0 134217728 524292 67584 0 0 256 32 8 0 0 0 2048 4194304 0 32768 0 64 65568 16785408 0 2147483648 2214596608 1048576 8224 8 0 65538 0 41943040 256 16384 0 163848 0 2097280 0 4096 0 8192 268435456 1074003972 268500992 0 64 32 0 0 0 0 0 2048 2097152 1048576 0 0 33554496 0 0 0 0 0 0 0 0 0 0 0 1073741828 318767104 1 0 0 570441728 131088 1073741824 0 536870912 2097152 536870912 524288 32768 262144 4096 272 0 553648128 164352 0 524288 144 67108864 0 16 553648128 16777216 8197 89 138511370 2772566080 346118 2147483648 37753088 16928 138547200 64 0 0 68 545259520 16384 1056768 65540 8192 131072 0 37879808 262144 0 4096 0 553795840 1610612740 512 131072 128 4194304 8320 1048576 2147483651 4096 0 0 262144 2147483728 0 2147483648 8192 279052288 0 1056 0 4096 0 8667136 1 131088 32768 268435456 262144 0 0 1073741824 4194384 16777216 16777216 65536 4194304 1 0 262144 131096 33554432 512 32 10518528 0 134217728 8736 42024960 0 68159488 134225920 16 2056 0 0 0 0 0 4194304 4 128 8667136 12288 67108864 65536 128 0 0 2181038080 5242880 268435456 17047552 0 2147483648 64 128 8388608 0 65536 32768 0 0 64 2570 2228224 64 2181038080 262144 0 67109120 0 8388608 2113536 50339840 8388624 5242896 1073742080 12288 16 134217736 0 1048576 134217728 256 33792 2147483648 0 2048 0 8 134217728 128 0 0 1 65536 32768 268435456 4 553648160 134217736 536870912 33554432 2179072 73984 20979712 0 8192 16384 0 603979776 524288 268435456 0 4198400 0 32 0 0 0 24 1 138412033 1074806786 75759744 513 335577600 270532736 638616065 465 538968064 4194304 1024 2147487744 4 0 1 526336 0 32768 0 0 524800 0 809501696 268500992 4195328 1073741840 0 131072 0 64 2 1075838976 80 0 16809984 4198464 0 0 0 16 0 32768 16384 65536 134217728 4194304 167772160 1074528768 256 256 0 545783808 512 8 0 268436496 18434 2048 0 0 65568 4 687916032 536952864 268468260 10576192 33570826 2149187584 513 0 1073741824 1049616 134226304 65536 16777216 4 1073741872 65536 536870984 0 0 0 512 134217728 256 263680 0 536870912 540672 16 0 0 0 33556480 0 8192 4160 0 68157440 4354 536870912 2147483648 138412032 0 268500992 0 0 33554432 8 320 268439552 512 1536 16 0 33685504 0 4098 0 0 272 1049600 0 1 8388608 0 67108864
is_linear=0
shrinkage=0.05


Tree=77
num_leaves=31
num_cat=25
split_feature=25 36 37 36 36 4 36 37 36 28 37 36 36 36 37 36 36 37 37 8 36 36 36 37 36 36 37 36 36 25
split_gain=83.8107 56.841 55.1402 53.3627 51.4215 49.0862 52.9236 47.2497 52.5652 45.1796 62.7433 51.9934 48.2175 46.0806 44.0001 43.9524 43.3439 43.519 42.3337 40.0418 39.6488 36.0654 35.5453 35.724 31.8449 31.5372 31.342 34.1403 30.2262 29.2228
threshold=0.68788304924964916 0 1 2 3 5.2144916057586679 4 5 6 0.99950000643730175 7 8 9 10 11 12 13 14 15 0.70404252409935009 16 17 18 19 20 21 22 23 24 18.139724731445316
decision_type=2 9 9 9 9 2 9 9 9 2 9 9 9 9 9 9 9 9 9 2 9 9 9 9 9 9 9 9 9 2
left_child=1 -1 -2 -4 -3 9 29 8 -6 11 -11 -5 -12 -13 -9 -16 -14 -18 -15 22 -20 -21 -17 -24 -25 -22 -19 -28 -29 -7
right_child=2 4 3 5 7 6 -8 14 -10 10 12 13 16 18 15 19 17 26 20 21 25 -23 23 24 -26 -27 27 28 -30 -31
leaf_value=-0.0060078933091054498 -0.0069634640998560513 0.004330591140784823 -0.005235764733175375 0.0093831319260096139 0.0134048703508868 0.038532625952759393 0.0071228635244916074 -0.0063831568021033959 0.00054033775274157654 -0.0077991842625517007 0.0052282763099949225 -0.0067439481259870294 -0.0063404780668078059 0.0091929559744303359 0.0025214439900645411 0.0032046896637359119 -0.0047306764083928842 0.0039208237675734618 0.0069007962174376719 0.0087965018398471154 -0.0052297503460993437 -0.0064591626298231147 -0.0041297176648450095 -0.0048592676831605884 -0.00098741601377290997 0.00057842624765188646 0.0039865868473494574 0.0032790629167798405 -0.00093571031563090268 0.25707292214210037
leaf_weight=7982 4243 5775 6936 5110 1805 2668 10303 8944 6249 5142 5503 3455 4039 3740 8852 6908 7882 8027 8439 1255 4791 24296 10535 5698 174351 191086 6210 8909 156063 530
leaf_count=7982 4243 5775 6936 5110 1805 2668 10303 8944 6249 5142 5503 3455 4039 3740 8852 6908 7882 8027 8439 1255 4791 24296 10535 5698 174351 191086 6210 8909 156063 530
internal_value=-0.000416698 -0.0011244 2.82118e-06 5.77369e-05 -0.000993996 0.00012766 0.00309491 -0.00110228 0.00266274 3.19075e-05 -0.00050644 0.00053336 -0.000363665 0.000412782 -0.00122831 -0.00109543 -0.000496623 -0.000385819 0.000508009 -0.00123261 0.00041135 -0.00309516 -0.000991681 -0.00111939 -0.00095364 0.00026667 -0.00022577 -0.000369028 -0.000506113 0.00870209
internal_weight=705726 262650 443076 438833 254668 431897 13501 248893 8054 418396 201775 216621 196633 211511 240839 231895 191130 187091 208056 223043 204316 25551 197492 190584 180049 195877 179209 171182 164972 3198
internal_count=705726 262650 443076 438833 254668 431897 13501 248893 8054 418396 201775 216621 196633 211511 240839 231895 191130 187091 208056 223043 204316 25551 197492 190584 180049 195877 179209 171182 164972 3198
cat_boundaries=0 28 55 83 111 139 167 195 219 246 274 302 329 356 384 410 437 465 493 521 548 575 603 628 656 684
cat_threshold=0 66080 2129984 0 4194304 1207992320 0 16384 2150105088 0 0 262152 128 134217730 256 536871936 128 0 65536 0 0 268435472 1048832 2 1048576 16384 0 1 671088640 536903680 33 0 134479872 536936448 1 131072 0 0 0 1 0 135270400 8 1073744128 0 0 4227072 131072 2080 4100 0 4194304 0 1074790400 335544320 16 0 0 524296 0 32800 1 0 266240 33554434 65536 0 1342177280 0 2147483648 131072 32768 0 0 18432 0 264192 4356 73856 262154 0 192 32768 0 131073 65536 0 0 1280 32 537395204 2048 16384 262144 0 8389636 32768 0 0 16777232 0 536870912 526336 0 256 0 16777216 263176 67108865 17472 67108864 2 2147483658 1024 0 65536 1 37749024 8192 768 67110016 0 0 168820736 0 0 73728 0 134225920 1024 0 4096 64 0 0 8208 4096 0 4100 2147483648 0 0 0 0 268451840 8388672 1073741840 16 8519744 4097 262144 0 2148532224 524296 0 545390624 16 16896 131072 0 4194308 0 2097152 0 0 18874368 1 302055424 4194320 1052672 16777280 0 0 1196544 34 1073742720 0 67108864 536870912 32 0 0 16388 536870912 0 1024 2097152 4 4096 0 0 512 131072 0 4096 4113 64 1048576 8388610 0 134217728 268468224 17825792 8192 256 0 0 262144 9232 524416 68157440 536870912 32768 0 170393600 16 0 0 671219712 1049600 0 64 2147487776 0 268435456 2147483648 2113536 524800 2147483648 32800 16384 0 8388608 0 1310720 128 134217856 0 0 0 822083584 0 0 2048 8704 1140852736 67108864 10240 0 18874369 1342177280 65536 4096 4096 32 268435456 8 262144 134217728 2415919104 0 33554560 4 0 257 0 0 2097152 524288 0 2415919104 65536 131075 8192 0 196616 2 0 0 16 262144 0 0 0 2147485700 1 2 4096 4194312 524304 0 0 0 0 134365184 2147483648 67125248 70 268436480 0 131072 1073742336 135331840 64 32 65792 0 2147483648 0 132 32 2147483648 0 2 32 8912896 536870912 1048640 16777216 4096 32 1048577 20971520 0 4 4 16777216 0 268435592 2 67108864 0 4325378 67108880 65536 0 0 0 4521984 32 0 4096 67108864 1073742868 1056768 528384 12352 0 256 64 512 8388608 0 268959744 0 16 0 1 2097152 135270432 134217728 1032 136380424 65536 66816 0 131072 0 34080 16384 16384 4096 67108896 0 0 8388612 0 0 0 525312 0 0 0 2097152 2147483648 1073741856 67633154 8 0 131072 131328 0 576 0 1082130432 0 0 1073742336 0 0 16777216 571084800 537919488 1140850688 1024 0 33554432 0 65536 4 2152202246 1073741920 2 16781316 0 0 2097152 134217728 16384 134217728 0 16 8388608 8 536870912 0 536872192 4096 0 2048 16777216 524288 16785408 0 0 2684354560 1 1073742344 262144 2048 4194304 1049088 25165824 4718592 8388608 33554432 536870912 67248128 0 32768 0 142606336 0 16704 0 1 1576960 512 0 0 0 8192 0 0 134221824 67108864 0 1074790400 2148007936 8388672 131072 512 32800 268435456 0 16777216 67108864 32768 268435968 16777216 2097152 8192 49152 1073741824 8192 0 0 0 2113536 0 32 33280 536870912 33554432 1024 536870912 0 134217728 0 268566536 2048 8388608 2097152 134217728 536870912 0 262160 0 131072 10485760 1024 1572864 0 262144 2052 0 131104 18435 0 262144 2097156 0 0 1073741832 17825794 0 0 262144 2148532224 2684354560 8704 2147485696 32 0 33554432 1074790416 1140851072 8 512 2097152 134742016 0 0 0 536879104 0 0 67108865 0 4456448 130 64 4 0 262144 268435456 576 0 8 4194304 163840 285212672 268435456 2048 4 4194304 16777216 37748739 0 0 262146 2147483648 0 524288 2149581056 16448 134217728 262144 1536 268435504 0 536871040 0 2048 528 0 9216 65536 64 33554432 0 134217730 2147483648 4096 32768 2 0 0 0 134217728 1048576 514 33619976 0 2097152 17047552 0 0 16392 0 33556484 537919522 16512 0 524288 1116733448 33556480 0 64 768 4 0 0 67108864 134217728 4 1048576 1 1 0 2 268435984 0 536870912 67109056 33554432 2147483664 131072 4 134219840 33685504 0 0 2056 0 0 0 2 134217728 0 67372032 256 256 2048 2147483680 65536 0 8388608 2155872264 37748800 0 2 0 64 2 0 0 131072 2 67371272 2097920 0 0 0 1048576 167772160 256 1064960 2147483648 1048576 2097152 131072 1024 16896
is_linear=0
shrinkage=0.05


Tree=78
num_leaves=31
num_cat=26
split_feature=26 36 36 37 36 37 37 36 36 37 36 22 22 36 37 36 37 36 36 32 37 36 36 36 37 36 36 42 36 37
split_gain=79.6688 60.3383 54.2395 54.2039 49.8648 46.6289 55.6 45.7234 44.0948 43.4411 41.7354 39.68 79.3471 68.1124 66.4913 59.4741 54.865 53.7318 52.1149 49.1192 80.3218 57.0591 52.83 52.007 45.8121 44.4158 42.0656 41.3094 44.9449 39.9031
threshold=0.50003457069396984 0 1 2 3 4 5 6 7 8 9 4.5000000000000009 1.5000000000000002 10 11 12 13 14 15 21.035000801086429 16 17 18 19 20 21 22 23 24 25
decision_type=2 9 9 9 9 9 9 9 9 9 9 2 2 9 9 9 9 9 9 2 9 9 9 9 9 9 9 9 9 9
left_child=4 -2 3 -3 -1 -4 -7 -6 -8 -9 -11 12 13 -10 -13 -16 -17 -14 -15 20 -18 -21 -23 -22 -20 -19 -26 28 -27 -24
right_child=1 2 5 -5 7 6 8 9 11 10 -12 14 17 18 15 16 19 25 24 21 23 22 29 -25 26 27 -28 -29 -30 -31
leaf_value=0.0054049394403568171 -0.0049022284468012711 0.012982498957319122 -0.0062359172946653968 0.001294475525767061 0.0027556584260351432 -0.0033086839284323603 0.0030527763740334948 -0.0083254811093083914 0.0074941352258401043 -0.0064699630578122953 -0.0015866718982628038 0.029661958361739113 0.0036225613312653605 -0.0081748635506909122 -0.0075821194745631787 -0.0066886288335487216 0.019700700041775855 -0.0059387280146019419 0.0076160852377789579 0.013397275827018724 0.020973975095736008 -0.0074528401280152734 -0.0048891019547938758 0.00062275236420290543 -0.0059919560678666625 0.0056546583908743901 0.00054113508241189772 -0.0011506421374768651 -0.0040882868808241896 0.0011816307144049576
leaf_weight=3404 9465 5092 4056 14683 6535 16635 25233 5475 6341 4497 167365 5055 7538 2414 3772 4913 3219 5412 5428 3211 1297 4611 6120 9797 3580 1653 107066 142364 23650 96287
leaf_count=3404 9465 5092 4056 14683 6535 16635 25233 5475 6341 4497 167365 5055 7538 2414 3772 4913 3219 5412 5428 3211 1297 4611 6120 9797 3580 1653 107066 142364 23650 96287
internal_value=-0.000403657 -8.46032e-05 -1.10661e-05 0.00255547 -0.00128766 -0.000114773 -7.01184e-05 -0.00139872 3.06788e-05 -0.00155013 -0.0014102 -8.49599e-05 -0.000403098 0.00056627 0.000617755 0.000403883 0.00058442 -0.00107305 0.000295783 0.000789022 0.00354461 0.000431257 0.000233815 0.00151959 0.000447302 -0.00125303 0.000227053 -0.0011089 -0.00297019 0.000469766
internal_weight=706168 518892 509427 19775 187276 489652 485596 183872 468961 177337 171862 443728 305446 124829 138282 133227 129455 180617 118488 124542 14313 110229 107018 11094 116074 173079 110646 167667 25303 102407
internal_count=706168 518892 509427 19775 187276 489652 485596 183872 468961 177337 171862 443728 305446 124829 138282 133227 129455 180617 118488 124542 14313 110229 107018 11094 116074 173079 110646 167667 25303 102407
cat_boundaries=0 28 56 83 111 138 163 187 214 241 270 298 325 354 382 410 438 465 493 521 549 577 604 631 639 667 694
cat_threshold=0 1 2097152 4104 4194304 33554464 262145 0 327680 0 2048 1 268435456 134217728 0 16 32768 0 0 67141632 2048 8421376 67113222 8192 0 0 131600 32768 1048608 2147491844 0 2151677952 83886080 4194313 32 0 0 1024 32 8388608 1024 8 4 1073807360 16640 8192 0 134217728 0 0 0 0 16777216 71696 2 4 262208 32 1049664 524288 536870930 0 201326596 0 536872960 2101636 2147483648 0 4104 1089 0 0 0 0 16 67108864 0 1024 2048 0 33554432 0 4 134230528 0 0 69206020 2147484672 0 0 1048576 2 134217728 134480000 0 0 0 1 0 16781328 0 16 12288 4097 8388608 0 0 0 512 16385 536871200 0 8388608 1090781216 0 0 0 4096 134348800 2685403136 0 0 2 33554464 512 75497472 129 134217728 512 32768 524289 33556480 0 128 0 0 1074790400 805306496 142671905 0 32769 0 131328 0 262144 1048576 8192 2147483648 2 33554433 0 1048576 264 1050624 16785408 537526272 2048 132 0 0 16777218 0 65536 65536 0 536870912 0 2 33686528 0 0 8192 268435456 24576 134283392 8388610 2049 134217728 0 0 2147487746 537526275 0 134218240 98304 4096 2 1073742338 256 0 16777218 10620928 0 1024 4128 128 135170 262144 536870912 0 262144 0 0 0 4096 0 2097152 4194432 134217728 131072 18432 268967936 0 524288 134217728 32832 160 1048576 1024 64 536870914 0 4194336 0 0 268435456 4 135004160 0 67109120 131072 0 541065216 1 262144 67108864 1048576 8192 8388608 1073741860 268435456 0 66048 0 0 32 136314880 0 0 8 66594 0 2156920832 512 16777216 2304 4096 128 0 2048 4210688 1179648 9344 256 0 0 2147483648 384 0 1 67371009 0 8192 67174400 0 128 67108864 1 33554433 8192 8388608 0 8192 0 0 1212416 2097154 2240 0 1048576 1073741889 512 4194304 0 0 32768 2052 65536 16 1073741824 0 0 0 402669568 0 2147485696 16795648 40960 1 32768 512 0 537919490 0 268566528 65536 8704 4194312 17039360 0 0 4325376 8388608 0 33554433 128 1114112 0 1074790400 33554432 4 0 65536 33570818 33554432 4 512 139268 0 131072 2080 2048 2147483648 524288 0 1073741824 0 4194304 4096 0 2097152 134217728 1 1 2148667396 2147483648 8 0 0 65536 369098752 67108864 0 0 0 65552 3221225472 8388869 0 0 0 0 4128 0 268500992 0 33554440 536879104 0 32768 17301504 1 131072 33554432 262146 131201 0 2415921156 16 8913152 0 0 4 0 0 0 513 262144 584 0 1181696 2048 0 8192 2147483680 0 0 1 1048576 262144 0 0 2 524288 256 0 0 0 2148012032 134217728 131072 402915328 0 32 0 0 0 16777216 73729 2147483648 134217730 262160 1048608 67633152 134219778 0 67109888 262146 69992448 512 1048576 7340296 0 1073741824 2130432 536870928 0 36 2147483648 0 8 0 0 64 8 33792 4 0 0 0 6144 0 32768 1028 2097152 0 0 65536 0 128 131072 2147483648 0 3221749760 256 16777472 0 32 0 1073741824 0 8192 16384 4259840 0 1179648 2097408 1638416 67108864 2064 0 100663424 16384 262208 2097152 294914 0 0 268468752 8388608 16384 0 2097152 8388608 0 67108864 1 2147483648 524288 76 6291456 1075838978 512 1024 0 2147483648 4194432 0 0 0 65536 0 10485760 2147483656 64 1 285212672 1053312 0 0 0 8388608 32768 0 130 2818572288 0 0 262144 11534336 0 16777216 512 1033 0 4198400 0 16777216 2097152 2 0 64 128 1024 6291456 268435456 2684354560 268435456 268435456 16777216 65536 1048576 8390720 525312 0 268435456 0 12288 1050624 268435456 2 0 2097152 2048 16 67633152 1 0 262664 16400 0 1024 0 0 128 524288 33554432 134217730 0 20496 0 0 131072 16 0 138412288 1073758720 16777216 0 268435456 67174400 4097 134217728 2097156 268435456 0 1073741824 1028 2147483648 4 0 33554432 1075855360 0 16777225 0 1074003968 0 0 64 0 0 262144 4096 1085440 268435456 2147516416 536870978 262144 2147483649 1207959552 2394688 65536 2684952592 1107362080 278530 1074479376 8388613 4 0 0 0 1048580 134234113 0 2101248 1025 1107296288 0 24576 0 4194304 33554448 268435488 50331904 1090519040 128 1152 196608 0 4 0 0 0 0 0 536870912 0 32 16388 33554440 128 8388608 2097152 0 4194336 0 8388608 268697600 134479872 33646656 0 0 0 8388608 0 0 8388608 4096 0 285212672 2048 1088 69206016
is_linear=0
shrinkage=0.05


Tree=79
num_leaves=31
num_cat=26
split_feature=35 42 6 36 36 42 36 36 36 36 36 36 36 8 36 6 36 36 36 36 42 36 36 36 36 36 36 36 42 36
split_gain=81.3215 74.3868 67.823 67.2411 53.5081 55.8568 72.4466 52.9582 50.5862 48.3805 43.4709 41.0338 40.4154 36.4072 49.7102 42.344 54.5779 48.4923 43.0656 40.2292 39.8315 49.6904 36.3515 34.6682 34.4773 33.4014 32.5146 31.4208 31.2108 33.8714
threshold=1.0069045424461367 0 1.8806459903717043 1 2 3 4 5 6 7 8 9 10 0.54608362913131725 11 0.69554200768470775 12 13 14 15 16 17 18 19 20 21 22 23 24 25
decision_type=2 9 2 9 9 9 9 9 9 9 9 9 9 2 9 2 9 9 9 9 9 9 9 9 9 9 9 9 9 9
left_child=2 10 9 -4 -3 6 -6 -5 -7 -1 -2 -8 -11 15 -15 16 -14 -18 -17 -20 21 -16 -10 -19 -9 -22 -23 -21 -25 -30
right_child=1 4 3 7 5 8 11 24 22 12 -12 -13 13 14 20 18 17 23 19 27 25 26 -24 28 -26 -27 -28 -29 29 -31
leaf_value=-0.0045870784356661322 0.0040029538511879934 -0.0074405815250996633 0.025495959407534664 -0.012904433164375085 0.015857013424301947 0.0057291556413528498 -0.0074809654479193665 -0.0085653730362154294 0.0028094762998255281 0.0033597715091577027 -0.0082332077685515984 0.0014172059915455199 0.0065382127966965055 0.0094322017364402884 0.020635056666772053 0.0085836337022853759 -0.0066095008665049294 0.0033575619757104966 -0.0062772467846413235 -0.0035349820580644511 -0.0102044536759436 0.011378361967254931 -0.0020403297728949599 0.0024048902876610298 0.0037908360157645985 -0.002807149040871826 -0.0019269303153708784 0.00067026456292976775 -0.0048161408819714317 -0.0010755852903838196
leaf_weight=8084 1618 3403 4278 2183 1542 2596 1464 3137 4940 12580 14871 22230 3162 2843 1498 3517 4716 6275 3220 5709 2180 2636 136442 8691 72743 76957 14200 166675 6566 104830
leaf_count=8084 1618 3403 4278 2183 1542 2596 1464 3137 4940 12580 14871 22230 3162 2843 1498 3517 4716 6275 3220 5709 2180 2636 136442 8691 72743 76957 14200 166675 6566 104830
internal_value=-0.000409082 -0.00129622 -8.43848e-05 0.0012313 -0.000989483 -0.000864382 0.00130511 0.000896105 -0.00124471 -0.000333811 -0.00450379 0.000619068 -0.000261075 -0.000346005 -0.00117505 -8.06176e-05 -0.000752006 -0.000908734 0.000422547 0.000312616 -0.00136525 0.000734533 -0.00137189 -0.000722662 0.00111739 -0.00185175 -4.45183e-05 0.000416195 -0.000912068 -0.00113727
internal_weight=705786 189106 516680 82341 172617 169214 25236 78063 143978 434339 16489 23694 426255 413675 100314 313361 134240 131078 179121 175604 97471 18334 141382 126362 75880 79137 16836 172384 120087 111396
internal_count=705786 189106 516680 82341 172617 169214 25236 78063 143978 434339 16489 23694 426255 413675 100314 313361 134240 131078 179121 175604 97471 18334 141382 126362 75880 79137 16836 172384 120087 111396
cat_boundaries=0 8 36 64 72 100 127 155 183 212 239 267 294 322 349 375 402 410 438 466 494 522 550 578 606 613 640
cat_threshold=537788432 37753120 22 10485826 167821328 520 37753345 266 10240 2147483666 8258 2151678080 524290 1 0 256 1073741826 8388736 0 256 0 0 0 134283264 0 67108864 67108864 8388608 1073741824 64 0 0 2105344 4096 1024 4 1 1538 0 1049600 0 32768 0 0 0 0 133120 4457480 0 524288 268 131136 2097152 0 2048 1073758226 0 4194304 4096 67108928 0 0 4 65536 4194371 1100480512 570490880 2148532224 811663488 25183266 603980192 32 2147549184 0 0 0 4 4 1073741824 2064 2147614720 16809984 192 557056 0 256 0 8454144 8322 2048 524320 0 0 1024 131072 0 256 2147500040 0 16384 4194304 0 0 0 0 1048576 2048 0 0 8192 134218754 1024 67108864 1048576 33554440 0 1073750016 2097152 1074069508 0 131072 268452104 0 524291 1024 33570816 32768 16392 32 2 83951616 512 0 268437504 0 2048 0 20 1048576 142606464 0 4096 0 0 2147483648 0 256 134217728 4096 1638920 0 268435456 0 64 67108864 2147483648 65536 32770 4096 0 0 0 0 2097152 2 2147483648 8388864 268468224 0 2048 536870912 0 16 0 117571840 1050624 0 67108868 2147491840 2 2147516416 1049088 2147483648 16 8192 1048576 16384 8 196608 1081348 0 1073742336 131072 0 4096 48 2048 0 0 8 256 67109896 33554432 0 0 0 4194304 134217728 4194304 3072 10240 2 32 4194304 0 16 16385 0 524288 0 4198400 304 0 1073742336 2176 2 0 268443652 0 0 8256 16778752 544 536870912 0 536870930 0 0 16777472 1024 1028 0 0 0 1024 1073758240 262144 0 262400 134479904 81920 0 0 12 512 8913152 0 1 134742016 33554944 538968064 0 2048 2149580800 0 0 1048576 131584 134217728 0 0 0 536870913 0 3 128 4 67108864 33557504 65536 0 16793600 33554432 66688 0 1088 4096 0 150994944 32 17825792 8192 4096 4 269484032 0 2048 6 0 0 2097152 4096 1073750016 2151809024 0 0 8 41985 1073741824 131072 33554432 0 133120 8720 262144 0 32 0 134217728 32 0 268443656 0 512 32 32768 0 1048576 268500992 2 2 49152 536870912 2148532224 0 16777216 2097408 36880 134217856 4194336 8 4194308 536870912 0 10 0 0 4 2149580800 100663361 256 0 16777248 268435460 16777216 73728 301989888 2147483648 0 73728 0 0 268435456 32 4224 67584 138412032 512 2147483648 0 4 0 33554432 1024 67108864 0 0 0 268435456 0 33554432 0 16384 256 33554432 16779264 67108864 16448 0 1077936128 2228224 32768 0 134217744 536875520 402669568 32768 2281703424 0 150994944 2097152 24 134348808 4177592386 268436534 2148532224 3221258272 268436496 4329480 128 0 33554432 16 1 1082130432 73856 1792 2684370944 0 40960 0 67108864 2147483680 8388608 2097152 16384 536870912 2048 2147483650 8192 4194304 0 262144 32 0 0 0 4096 33554432 8519680 1 32768 2164261888 0 2147483680 536870912 67108882 8272 0 0 0 0 16777728 553648128 0 8 0 0 1310720 8196 75497472 0 0 131072 0 33571072 536870912 1073758208 0 2048 1048576 256 4098 537001984 16 67108864 8388610 536870912 4194304 67108864 1024 0 4096 1028 134217728 536870912 257 0 1024 16 0 0 18 203423744 0 16777225 0 139312 1048576 524288 16777216 64 4194368 134217729 0 1081352 4096 0 917504 272 0 1 536870912 0 536870912 536879104 0 131072 0 0 4 268435456 65552 0 0 8192 16384 2 67240448 0 16 0 0 4194304 32 16416 2147484673 0 0 269484032 16779264 268451840 16777344 128 16384 4096 134217728 0 1082130434 268435456 0 536870912 134285312 33554432 0 0 0 4194336 33536 0 524289 538968192 262144 2048 167772160 0 134218256 5121 0 0 0 0 0 0 4196352 4325408 0 8448 16384 809500680 8 0 0 0 0 1 786496 0 16384 66 0 20480 2164260864 0 0 2148007936 268435456 0 4096 2147483648 4368 16778240 1073741825 16384 33554432 1073741824 4229121 30887936 2214660736 513 33554707 131592 33554433 131584 1048576 0 33554432 4194304 3556769792 262144 0 131072 0 1073741824 8 0 0 1064992 1027 262148 256 1157627904 268435456 16777216 0 0 32896 8192 0 128
is_linear=0
shrinkage=0.05


Tree=80
num_leaves=31
num_cat=25
split_feature=28 37 37 37 36 22 37 36 22 36 36 36 36 36 36 36 37 36 37 37 37 36 30 33 37 37 36 36 36 37
split_gain=77.9851 112.592 65.0756 58.9265 59.9699 56.8407 79.366 72.8618 72.0203 76.4368 61.2039 52.7933 52.564 52.2162 51.2651 48.9125 48.0042 47.9594 46.2745 45.1792 43.6335 42.5195 42.3142 46.401 44.7528 43.9786 41.3178 40.948 40.7944 39.6002
threshold=0.99950000643730175 0 1 2 3 4.5000000000000009 4 5 1.5000000000000002 6 7 8 9 10 11 12 13 14 15 16 17 18 1.0000000180025095e-35 75.534999847412124 19 20 21 22 23 24
decision_type=2 9 9 9 9 2 9 9 2 9 9 9 9 9 9 9 9 9 9 9 9 9 2 2 9 9 9 9 9 9
left_child=2 -2 14 -3 -5 8 17 -8 9 -4 -11 -12 -10 -9 -1 -14 -13 -7 21 -6 -17 -15 23 24 -18 -25 -26 -21 -20 -29
right_child=1 3 5 4 19 6 7 13 12 10 11 16 15 18 -16 20 22 -19 28 27 -22 -23 -24 25 26 -27 -28 29 -30 -31
leaf_value=0.056833775520272925 -0.011634010765306652 -0.0063801091452594903 0.011933293523670452 -0.0061279162878187694 -0.0038655591128904489 0.073775522286381665 0.014942429947195281 -0.0084203239335192224 -0.0085216572497320564 0.0088613263979175801 -0.0093046835788589671 -0.005300354674294897 0.0055380760871069608 0.02305527253456157 0.008360216588176551 -0.0068424048174793028 0.0088357086826793829 0.016472071488524278 0.010709895863156328 -0.0045780206117391475 -0.001270991733357929 0.0049768942330054525 0.015646689168098183 -0.0066260558181795498 -0.0058912091532479678 -0.0007874699313384165 0.0013975861184481687 0.0034443598832458178 -0.00018735219461069041 -0.00066562333211310227
leaf_weight=1100 4813 10268 3449 5993 13271 1169 3021 2320 3101 4937 2067 3246 4084 1090 5847 5237 3877 7569 3160 7607 135814 10066 2375 3509 2365 22239 52152 13970 77289 289149
leaf_count=1100 4813 10268 3449 5993 13271 1169 3021 2320 3101 4937 2067 3246 4084 1090 5847 5237 3877 7569 3160 7607 135814 10066 2375 3509 2365 22239 52152 13970 77289 289149
internal_value=-0.000399664 -0.000937159 0.000113997 -0.000829564 -0.000713407 1.9907e-05 0.000991153 0.000579381 -0.000393233 0.000642107 0.000380898 8.90125e-05 -0.00109318 0.000333073 0.00490263 -0.000955159 0.000271376 0.00555206 0.000521061 -0.000621628 -0.00111148 0.00353721 0.000495649 0.000309889 0.00108956 -0.00145831 0.000719584 -0.000499538 0.00010238 -0.000408529
internal_weight=706154 345071 361083 340258 329990 354136 105684 96946 248452 100216 96767 91830 148236 93925 6947 145135 89763 8738 91605 323997 141051 11156 86517 84142 58394 25748 54517 310726 80449 303119
internal_count=706154 345071 361083 340258 329990 354136 105684 96946 248452 100216 96767 91830 148236 93925 6947 145135 89763 8738 91605 323997 141051 11156 86517 84142 58394 25748 54517 310726 80449 303119
cat_boundaries=0 27 53 80 104 131 159 187 214 243 271 299 327 355 380 406 431 457 484 512 539 565 593 620 646 672
cat_threshold=16 64 32 0 0 0 274432 135397376 2149597184 0 0 0 262144 0 16 1074790400 553648128 163840 0 136839296 0 67109888 0 4195328 0 1074003968 805306368 4718598 0 1 0 32 0 2097152 25165824 2099712 134217728 0 0 536870912 0 524288 134217728 805568768 270532864 2684354560 131072 8192 526336 2097152 0 65536 2147483648 1 0 1048576 8388610 266240 0 0 0 8704 2214593024 0 32800 1024 8388864 524288 528 0 537399296 1048576 33554433 144 4 128 0 0 1048576 67108992 8388608 513 136314912 143659008 0 67108872 65536 0 1024 134217728 0 272629760 268468480 524288 0 0 98304 20971778 0 16384 1024 0 258 536870912 4112 1140850752 1088 0 0 134348800 536879108 2147483648 1073766400 0 1 134218752 0 0 671088642 0 16777216 0 8208 0 32768 67108864 8192 4194304 0 0 67108868 0 0 1073807360 0 128 4194312 8192 2147483648 512 32 1073905664 20512 48 0 0 0 384 16384 65536 2097152 4194304 545276176 16 2097152 1073741824 0 0 1048576 2214854656 256 0 2147483648 0 512 4 262160 34603136 4096 536870944 16384 132 0 536870912 0 131072 2097152 4194304 1075315200 1073745920 0 0 0 0 4096 0 402657280 17825792 0 24640 2048 131072 2097152 1049600 129 131072 139264 8388608 1073741824 4718592 1024 0 4456448 2149580800 134221888 64 0 1 0 0 0 0 32 32784 0 0 0 2621440 268435712 0 262144 0 2147487744 2147483650 131328 268697600 0 134221824 0 0 0 8 75776 2214592512 131074 0 1048580 35651585 1048576 65536 8388608 0 2 1 2147614720 2097152 134742016 2048 0 0 0 0 32 2048 0 528416 0 536873216 4096 2 0 4194560 1073742336 537919488 0 8388608 67108866 268435456 0 257 2147516416 128 1114113 32768 512 37765120 0 0 0 0 0 2147483653 2097152 128 4096 268435472 264192 0 2147483648 16 65536 18432 0 2147483648 2 0 16384 4096 1342177280 1048576 2147483650 0 0 8 0 0 536870912 128 32768 0 0 33554464 2 0 65536 536870912 2048 1024 0 0 0 32 0 0 0 0 4096 2147549728 1 0 2 136839168 1073742080 16 0 16384 2147483648 270336 65536 0 0 64 1073750016 1073758208 16777220 0 4096 4 0 0 2052 0 0 16384 282624 393216 3221225472 32768 4 4194432 16908288 8 0 536870952 0 0 272662528 32 528400 536870912 1073741824 134217728 16 8 1048576 17039360 0 1052672 0 536870912 0 4194304 2 12582912 67112960 129 576 0 268435586 67108864 0 536870916 4096 256 0 134230016 8388608 16512 4194304 0 4096 0 131072 67125248 4194304 4194304 0 131584 0 2151682048 0 268435472 299016 2560 0 2147483672 0 32784 8389120 2147483648 1107296256 0 134217728 0 17825792 4096 67108880 0 2048 0 16777232 65536 1082130432 1140850689 0 131072 131072 0 545259520 0 32768 2 2 0 1024 128 256 0 256 536870912 1073872896 16786432 0 0 805306372 8388864 50331652 0 67108928 256 262160 0 4259840 67112960 2048 536870912 0 1310720 1024 4096 33562624 257 8388608 0 98312 32768 1048576 0 134217728 4096 0 0 1073808448 32768 0 2147500032 2147483648 65536 75563520 8388608 1 131072 4194304 0 524288 2 2048 0 134217728 402653184 2147483648 134225921 128 0 256 134217728 3072 0 0 4096 0 2097152 1 0 1052672 4112 4 0 403702272 67633152 0 67108880 2147483648 0 0 24640 67108864 537198592 16777216 131072 0 2097152 32 4194306 16777344 0 0 16 524288 202375168 0 1610616832 67174400 256 0 272662788 67108864 0 256 0 0 0 0 1107296258 0 8 0 4 268435456 4194304 134234112 16777216 0 302022658 20 8192 0 603979776 0 2147532800 4 0 34603008 65536 16 2162688 135266368 16 0 1024 0 0 16400 134217728 0 262144 134217728 262144 64 150994945 0 513 65536 16 0 33554432 0 0 1056 2147508228 16842753 0 0 131072 65540 1140916224 0 2147483648 0 262304 4 4202496 8388610 33554432 0 0 1152 8 2147483648 128 5 0 201326593 135266304 1048576 67108864 65568 92274694 32768 4194304 67108864 0 16777472 4 1073741824 0 33554432 0 2155872257 0 0 0 1048576 33554432 16 1073741888 0 0 16777216 134217748 0 16384 64 33554432 268437504 1614827520 262144 273219584 8 33554432 12289 16384 512 4 8 0 0 0 4 1074790400 0 32768
is_linear=0
shrinkage=0.05


Tree=81
num_leaves=31
num_cat=23
split_feature=35 27 36 37 35 36 36 32 37 37 37 37 36 37 22 31 36 37 36 36 36 22 37 36 36 36 36 37 36 42
split_gain=70.2906 66.6394 68.481 66.5093 54.7028 50.6564 49.6354 50.3204 102.039 87.8267 85.2437 79.4624 76.0801 65.628 56.6459 79.357 82.0382 56.881 55.1006 52.7384 51.525 49.9606 54.8616 53.534 53.0913 52.2523 48.2377 47.6271 47.0071 46.5173
threshold=1.1756802201271059 0.42879994213581091 0 1 0.61867865920066845 2 3 23.345000267028812 4 5 6 7 8 9 5.5000000000000009 3.0408500432968144 10 11 12 13 14 1.5000000000000002 15 16 17 18 19 20 21 22
decision_type=2 2 9 9 2 9 9 2 9 9 9 9 9 9 2 2 9 9 9 9 9 2 9 9 9 9 9 9 9 9
left_child=1 2 -1 -2 -3 -5 -6 8 18 -9 20 12 -11 -13 21 16 -16 -18 -8 -15 -10 22 -12 -24 -23 -25 -19 -26 -29 -21
right_child=3 4 -4 5 6 -7 7 9 10 11 14 13 -14 19 15 -17 17 26 -20 29 -22 24 23 25 27 -27 -28 28 -30 -31
leaf_value=0.0071428550681717114 0.0032142513866039615 0.03961556988324965 -0.0024547011644720953 0.0072118510674891948 0.0025101517406925567 -0.0083788491178678846 0.04552420026403059 0.010196747366654359 0.017541297245149235 0.021355292382156318 -0.0066956503484863154 -0.0081848099498874945 0.0014281432437633773 -0.0077709342933633303 0.019675559866814976 -0.0057959363650873291 -0.0057860339060356843 -0.0083379718877677166 0.0066793608286002618 -0.0046854465482008183 0.003175431951189528 0.0047918584407811845 0.0082286707806191132 0.0057835273718944624 -0.0067540107639089079 1.8510855205555733e-05 0.0055377437670377505 -0.0069983867855331512 -0.001288287336376931 -0.0009683840119578069
leaf_weight=1487 3697 3650 64322 1201 31799 15235 1993 6764 2390 1740 3085 5393 19567 3729 1574 7106 2780 1358 14046 24044 29639 5950 2817 5554 6103 77823 28224 3791 146879 181800
leaf_count=1487 3697 3650 64322 1201 31799 15235 1993 6764 2390 1740 3085 5393 19567 3729 1574 7106 2780 1358 14046 24044 29639 5950 2817 5554 6103 77823 28224 3791 146879 181800
internal_value=-0.000356889 -0.000271353 -0.00178411 -0.00326872 -0.000110676 -0.00463002 -0.000146847 -0.000251579 0.00014013 -0.000801366 -5.2025e-05 -0.000962242 0.00194964 -0.00125095 -0.000319735 0.0014028 0.00240888 0.00186344 0.00403193 -0.00111059 0.00239661 -0.00060029 0.000350162 0.000584943 -0.00112176 0.000355417 0.0025065 -0.00129772 -0.00112207 -0.00100362
internal_weight=705540 685407 65809 20133 619598 16436 615948 584149 341112 243037 325073 236273 21307 214966 293044 41042 33936 32362 16039 209573 32029 252002 89279 86194 162723 83377 29582 156773 150670 205844
internal_count=705540 685407 65809 20133 619598 16436 615948 584149 341112 243037 325073 236273 21307 214966 293044 41042 33936 32362 16039 209573 32029 252002 89279 86194 162723 83377 29582 156773 150670 205844
cat_boundaries=0 27 52 79 106 132 159 184 209 236 263 290 317 345 373 400 427 455 483 511 539 566 593 601
cat_threshold=0 8 0 0 134217728 1024 0 131072 0 2147483648 0 32 0 96 134218752 268435456 1610616832 0 2097152 8192 1073741824 0 33 8192 278529 40 16781362 2112 268439552 536875520 0 262402 268435456 813826048 3221227552 2048 16384 0 0 0 33554432 1048576 0 0 0 8388616 0 1073741824 64 8 8192 65536 4096 8192 0 8388736 0 196608 8393728 0 513 8192 8388673 16384 33554432 33024 0 671154176 1152 8192 536870912 33554432 0 134218752 64 0 0 131072 268435456 1048579 4 4 2097154 0 4194312 32 2064 128 0 0 0 1 263168 512 0 34095360 134230016 1049088 0 4 2097152 0 0 2097152 2080 16384 16 4096 268435456 0 16777216 2151677952 0 262144 2151677952 136380416 4194304 33554432 536870912 0 67633152 262144 268435456 4104 536870912 2048 268500992 0 8192 1074790400 1 28 4194466 32768 16777216 0 0 536887360 4096 17 2097152 512 32768 32 0 0 0 16 805306368 1073741824 0 0 16777216 67108864 0 1073872896 2064 1310720 16777732 2097152 2097152 16384 69206016 1056 134217728 1048577 1090519040 64 12608 0 134217730 8200 0 268435456 67108928 150994976 32 0 2097152 8388624 0 0 0 32768 4096 0 328704 33554432 4096 0 70 2048 0 536870920 0 1024 0 2147483648 809500688 2 540928 65536 48 71303168 67108864 4194308 0 0 805306368 33554432 0 131072 8388608 131072 8404993 0 268960002 1024 134217728 16777296 32 1310720 285212672 8388608 2 0 2415919104 671088640 0 0 0 536870920 16 0 536870912 16777216 8388608 0 32 16777216 16777344 142606336 268435456 262272 2147484192 0 0 65538 0 142622720 8388608 67371008 134217728 8 536870912 2097152 268435456 0 8192 0 0 1073741848 268435456 4194304 2097664 8388616 268435456 0 0 65536 66 524800 16778240 0 1048640 16777232 0 4096 5632 0 34865152 8388609 1048576 268435456 8 0 0 0 64 524288 134348804 96 0 0 65536 131136 67108864 67108865 0 1073741824 8912896 536870912 3355443200 256 4194304 0 536879104 65536 0 71303168 1073742848 0 1 0 268435456 16777216 16777728 0 8 131072 0 1073741824 8388608 0 0 269484032 128 64 0 8192 0 0 25174016 536870912 64 1024 16777473 1140851712 32768 131136 16384 8200 5242880 32 8192 0 1048576 1075843104 0 32 0 262145 532480 0 0 0 1024 1342177282 16777216 0 131584 0 256 0 17408 0 8388608 1048832 67108992 2 134234120 262208 33554432 512 0 0 268435520 2621952 16787456 64 524416 8388608 536870912 8388608 65536 218103808 0 65552 0 192 526336 0 0 2147745792 0 256 0 16 0 67141632 134217728 1140850752 0 33554432 0 131072 131072 2048 536870912 0 0 0 32 529 1074790400 2177 0 528 32 131080 0 16384 4100 0 536870912 2164260864 67108880 8208 0 0 2048 67108864 0 8 262208 0 2101248 536870912 0 0 0 4 2 8388608 2097216 335544320 16388 1073741824 512 8388608 5242880 268435456 1075879936 2147483648 268435456 1024 0 4096 1 33554432 0 1073741824 0 8224 131072 65536 0 1073741824 4 0 8388608 3221291041 17301508 268566528 268435712 33554432 0 1114112 0 0 1048577 41943040 16384 520 1342177280 0 4194304 65536 4096 1052672 0 0 33685504 0 1073741824 68 1151336448 33587200 34619944 268435456 160 0 0 2214592512 0 0 0 0 0 0 134217728 17301536 1048584 0 8704 37748800 0 0 0 34603008 0 1040 2097152 2147483648 2049 33554497 84180994 134217728 0 268435456 0 0 0 0 536870912 0 0 0 134217729 4128 64 0 33554432 131072 64 167772160 545260032 32 0 1048576 0 0 1073752064 256 537919488 24576 32768 32768 0 0 4 50331648 131080 0 1074790400 67109376 0 0 16384 526592 0 64 0 16777344 0 0 2147483712 65536 49152 16777216 0 537002048 0 2129984 1077936132 8388624 536870912 0 8388608 128 0 1075838976 131073 298011 2302689312 264196 1073750048 2048 21103104 2189558528 8
is_linear=0
shrinkage=0.05


Tree=82
num_leaves=31
num_cat=26
split_feature=28 37 42 36 37 36 36 36 36 36 22 37 36 22 36 36 36 37 36 36 37 36 36 37 18 37 36 37 36 36
split_gain=71.8384 104.447 70.1354 58.975 56.742 54.0568 51.1618 50.6308 39.7884 39.3484 38.3701 75.4864 62.9909 58.1311 68.6505 57.8148 54.9768 49.9365 47.4778 44.2327 42.6972 41.5813 40.5531 38.3799 38.0597 60.0991 42.1594 41.7239 41.8847 37.903
threshold=0.99950000643730175 0 1 2 3 4 5 6 7 8 4.5000000000000009 9 10 1.5000000000000002 11 12 13 14 15 16 17 18 19 20 0.98428574204444896 21 22 23 24 25
decision_type=2 9 9 9 9 9 9 9 9 9 2 9 9 2 9 9 9 9 9 9 9 9 9 9 2 9 9 9 9 9
left_child=4 -2 3 -3 -1 -4 -5 -7 -6 -9 13 19 -13 14 -10 -16 -14 -17 -15 -12 -19 -22 -20 -24 25 -11 -27 -26 -29 -30
right_child=1 2 5 6 8 7 -8 9 10 24 11 12 16 18 15 17 -18 20 22 -21 21 -23 23 -25 27 26 -28 28 29 -31
leaf_value=0.015148330186564463 -0.011104498609951439 0.0095098069646748218 0.0033743583692443235 -0.0072895926090805196 0.0053511972755757257 -0.0064007887500716707 0.00051136698298428487 0.0020274026191922341 0.011946832139440075 0.0039148250729088311 0.05867564496629777 0.012597125807798665 -0.0084144973918407369 -0.008364407393538725 -0.008216740731373141 0.0088407116556275377 0.00053140995989069551 -0.0051978108212870746 0.0048730119667678221 0.011595547204114903 0.0074716670393376013 0.00018671860218397729 0.0056723882131392254 -0.0016112185405184609 -0.0041266102978969486 0.0036036636799178707 -0.0037774490294603491 0.0039709136842588869 -0.0057119000299419289 -0.0009173066840071465
leaf_weight=4764 4675 4015 7641 2913 10015 4511 80188 9912 3887 3751 1278 3253 2991 3117 2461 5194 87296 2915 4406 8546 4740 79005 3656 133505 9677 2434 60484 5397 4642 144165
leaf_count=4764 4675 4015 7641 2913 10015 4511 80188 9912 3887 3751 1278 3253 2991 3117 2461 5194 87296 2915 4406 8546 4740 79005 3656 133505 9677 2434 60484 5397 4642 144165
internal_value=-0.000357404 -0.000874005 -0.000771691 0.00045164 0.000135411 -0.00119357 0.000165289 -0.00132279 6.28375e-05 -0.00122415 -2.7075e-05 0.000779761 0.000341525 -0.00037044 0.000568465 0.000299626 9.48249e-05 0.00050264 -0.00100771 0.00494662 0.000216912 0.000424298 -0.000872929 -0.00102472 -0.0013568 -0.00236407 -0.00273046 -0.000947099 -0.000747009 -0.000904041
internal_weight=705434 344405 339730 87116 361029 252614 83101 244973 356265 240462 346250 103364 93540 242886 98202 94315 90287 91854 144684 9824 86660 83745 141567 137161 230550 66669 62918 163881 154204 148807
internal_count=705434 344405 339730 87116 361029 252614 83101 244973 356265 240462 346250 103364 93540 242886 98202 94315 90287 91854 144684 9824 86660 83745 141567 137161 230550 66669 62918 163881 154204 148807
cat_boundaries=0 27 35 63 89 117 144 172 200 226 253 280 307 336 364 391 419 447 474 502 530 557 583 612 639 666 693
cat_threshold=16 64 32 2 0 0 270336 135397376 2149597184 0 0 0 0 0 16 1074790400 553648128 163840 0 170393728 0 67109888 0 4195328 0 1074003968 805306368 88604679 136183808 2181038080 520 610337416 85983232 4096 225 65537 67108864 0 268435457 2147483648 21041152 8 4160 134217728 0 140 262144 167772160 67108864 525824 0 0 0 32 0 0 1048576 262145 0 8192 65536 262144 2048 4718596 0 65601 16777216 0 0 0 16777216 2099200 0 0 0 536870912 520 0 536870912 805306624 268435712 2684354560 2048 8320 67635204 33554432 0 8388608 2684354560 0 2105344 0 40960 1073741824 0 0 8196 1073743907 64 0 0 16785408 0 1073741824 0 8388608 0 0 268435456 512 2153775616 67108864 0 274728192 131072 0 67109120 0 4194308 0 8421376 4194304 3145728 65537 0 1073741824 64 0 1048576 67108992 0 2097152 64 2147747840 4194308 1677721600 2 268436480 0 32768 67665920 0 0 2147483648 8388608 66048 2097152 1209008128 0 1081352 16388 0 66560 0 0 4194304 32770 0 0 0 0 8405248 0 67108865 0 0 258 2147483648 262144 2148532224 4 262208 1536 1024 64 34 0 25166848 16384 2147483664 512 2147745792 536870944 16777216 0 2048 134217728 0 64 134217732 512 524288 1073745924 0 0 0 8192 8388608 0 134221824 16896 131078 4096 67108864 262144 65536 32 0 8192 5242880 0 0 1048576 268443648 35656196 16777728 256 0 0 0 134479873 0 1081344 0 2148007936 32 16 1140850752 1024 4980736 0 134348816 536883205 2147483648 16384 0 0 1024 8388608 0 570425346 8388608 16777216 0 8208 0 67108864 0 0 16 16 64 4 0 0 0 2097152 1048576 8 512 16777216 1081344 288 32768 20576 48 256 524288 0 268435584 16386 73728 2097152 4194304 0 1081360 35651584 0 0 4 85200896 0 16384 2147483648 33554432 0 134217732 262144 34734208 135168 0 16384 524420 1 0 4227072 2147483648 2097216 4194368 512 0 0 0 0 0 4096 16 0 0 0 2621440 268452096 0 262144 0 2147487744 0 131328 302252032 268435472 134221824 1056 0 0 16777216 329728 1056 16941058 0 0 2097152 0 65536 0 0 2 128 1114113 0 512 4194304 0 16 0 0 0 2147483649 2097153 0 4096 33554448 264192 16384 2147483680 134742016 4259840 18432 0 4 0 0 16384 4096 1342212096 2 0 67125248 0 0 4194304 0 1149763584 2148532224 80 2147516416 0 0 24640 524288 0 8192 131072 0 2097152 32 4194306 16777344 8 32768 65536 557568 16777216 2147483648 0 134221824 2048 0 0 2097152 2105344 32 2048 0 528384 0 0 16908288 2 0 256 1073742336 0 8388608 8404992 67108994 268435457 64 2228480 2147516416 4 0 2 146800640 67112962 4194305 8192 8192 130 0 8388608 1610612736 0 256 8388608 151007232 0 67125248 0 0 0 0 131072 67125248 0 4325376 0 2097152 8388608 3221225472 32768 4 4194434 131088 0 134217856 38 0 0 4227072 32 134746112 536870912 1073741824 0 512 8 1048576 262144 0 1052672 0 536870912 0 1 2147483649 260 0 4194304 131072 2149580800 2 0 0 40960 8388608 1073741824 8 4194304 2147483648 33685504 538968064 2147489792 524288 135266308 0 0 0 0 0 0 526336 536871168 2155937824 4194304 0 0 135790592 1073742084 16 1048576 16384 0 270336 65536 1024 0 0 8192 1073741824 0 268435456 8388608 2147745792 1073742336 512 2052 0 0 16448 16384 262146 8388640 0 4 16777248 0 0 67174400 528 134250496 8392704 4194336 262144 528640 268435456 1073741824 0 35651584 0 4096 0 16384 1048576 0 0 34603008 16777232 67108864 4096 8448 0 4194304 16384 536870912 33554464 0 16512 4097 4472832 524292 33619968 5242880 65536 138412032 0 536870912 0 0 0 0 8192 4194368 4227088 8 0 8388614 0 512 0 430208 2227175425 0 0 16 0 16 4096 32768 5242882 536870912 524288 0 256 0 0 0 131072 1 536870916 0 536871040 2 65536 8388608 1140850816 0 266240 0 32768 2692743168 8224 512 8388608 2048 0 0 524418 16 0 1024 537985024 1 8192 4 2097152 268435456 4194304 0 67110912 1048576 16384 2147483648 512 335544320 536870912 2097153 0 0 1075839104 67108864 294920 262144 8 256 2052 33556544 0 1074790464 0 16777216 0 1024 64 0 0 1024 167772160 0 34 8388640 512 134742016 262144 262145 16 0 64 256 288 2 2147516416 0 536870912 285212802 262272 150994944 0 0 0 0 134217728 16384 8388608
is_linear=0
shrinkage=0.05


Tree=83
num_leaves=31
num_cat=17
split_feature=35 4 42 35 37 37 22 22 31 37 31 37 37 22 33 37 30 38 42 42 37 37 31 37 37 37 33 42 37 30
split_gain=62.6175 63.9847 58.0219 53.6257 59.8803 48.7692 41.3602 38.2344 79.2059 76.6303 64.4888 99.2437 67.2457 62.5386 58.6818 84.6777 79.4413 54.4951 53.9277 52.3004 45.408 44.2174 42.9561 52.9461 41.579 41.0335 40.0101 49.3799 44.1175 40.8016
threshold=1.1589285135269167 0.44253882765769964 0 0.74277594685554515 1 2 4.5000000000000009 5.5000000000000009 3.0408500432968144 3 2.4970999956130986 4 5 1.5000000000000002 72.174999237060561 6 1.0000000180025095e-35 7 8 9 10 11 2.0187499523162846 12 13 14 74.505001068115249 15 16 1.0000000180025095e-35
decision_type=2 2 9 2 9 9 2 2 2 9 2 9 9 2 2 9 2 9 9 9 9 9 2 9 9 9 2 9 9 2
left_child=1 -1 -2 4 -3 -5 -6 13 9 -9 12 -12 -11 14 15 -7 20 -10 -17 -18 -16 -13 25 -24 -14 -20 28 29 -15 -28
right_child=2 3 -4 5 6 7 -8 8 17 10 11 21 24 26 16 18 19 -19 22 -21 -22 -23 23 -25 -26 -27 27 -29 -30 -31
leaf_value=-0.0021805031377358452 0.0011878686882594303 0.114207181891302 -0.0070013160937675116 -0.004086445898053799 -7.0665644552839191e-05 0.010920702944774308 0.040219161753587723 0.025777071949273339 0.0036440249497738941 0.011765927200655037 0.028543515781702569 -0.0071914975612085933 -0.0065972587023080511 0.0041967975233437316 -0.0060508204688069726 -0.0044677236569992066 0.035181271587990157 -0.0068692856958374564 -0.0031962219312233796 0.0046307906822903701 -0.00059562135984844722 0.0089078749393198264 0.012988303750957345 0.0026529928366211862 7.6136225659195761e-05 0.0015032180837435849 0.00016268494052785467 -0.00069695840526727559 -0.0015519538128829003 0.0071168840398490446
leaf_weight=57229 6265 733 17136 13108 4916 6713 2222 5508 6757 7744 2285 1589 2817 6535 3073 7267 1335 13768 5642 2400 82364 6729 3032 11048 39431 50001 13791 72327 238369 12792
leaf_count=57229 6265 733 17136 13108 4916 6713 2222 5508 6757 7744 2285 1589 2817 6535 3073 7267 1335 13768 5642 2400 82364 6729 3032 11048 39431 50001 13791 72327 238369 12792
internal_value=-0.000382415 -0.000295091 -0.0029255 -0.000148407 0.0039523 -0.000200774 0.00253532 -0.000135188 0.000836902 0.00167936 0.00116511 0.00470695 0.000414058 -0.000298172 0.000477582 0.0014284 -0.000414924 -0.00187628 0.000958104 0.00672176 -0.000726989 0.00215812 0.00138544 0.00385271 -0.000371518 0.000761313 -0.000688233 0.000160498 -0.00103101 0.0020028
internal_weight=704926 681525 23401 624296 7871 616425 7138 603317 86628 66103 60595 10603 49992 516689 172875 83703 89172 20525 76990 3735 85437 8318 69723 14080 42248 55643 343814 98910 244904 26583
internal_count=704926 681525 23401 624296 7871 616425 7138 603317 86628 66103 60595 10603 49992 516689 172875 83703 89172 20525 76990 3735 85437 8318 69723 14080 42248 55643 343814 98910 244904 26583
cat_boundaries=0 8 34 61 85 112 139 166 167 175 182 209 236 262 289 312 319 346
cat_threshold=16386 71304192 4472832 1073872896 807403521 27399698 3372228614 129 0 64 67108864 0 0 0 4 0 268435458 0 0 32768 0 64 1048576 0 0 0 0 0 32 0 0 0 0 2147483648 134221824 64 1073741824 0 0 131072 0 134219776 2147484224 0 1074003968 0 32 134217792 0 0 0 1074266112 4194304 1048577 25165824 6 512 1028 0 3221225472 100663424 4194320 1073741824 1024 272 0 65552 8192 0 536870920 2147758080 0 134218768 1048576 2048 0 262144 134217736 0 16 268439560 0 32 4097 5242880 76283904 512 536875136 6295552 128 0 2129920 65536 2 148 2147483648 2048 0 1 0 1114176 0 8 0 0 0 524288 0 0 32896 1024 40960 0 4194304 64 42016770 8392704 268435520 6 528 0 264 0 0 8388616 33554432 1073741826 0 8192 0 9453568 1073741824 0 138412032 0 16 0 4 4 1 0 20544 8448 0 538968064 1 0 32 268439552 0 1024 1644167168 16640 0 327682 268443656 0 0 2097152 0 2048 33554440 0 32768 4194308 512 24706 201605313 579863040 570687492 8192 4194688 2961179160 133129 8 4 268435456 1111909376 2281709572 606093313 3222798592 16777216 0 0 1 33554496 0 0 256 1 16388 294912 1 134348801 0 266240 1614807168 0 0 16 8388608 2097160 262176 1024 1052672 0 545259520 0 512 0 0 8 786432 4096 0 4 67108864 4 0 33554434 537133056 134217728 256 524304 2 0 65536 0 0 1073742880 4196352 16777216 2097152 301989888 68 12 2048 0 537985152 77594624 128 1073741824 268468738 0 8 404 2147483648 2048 0 8 0 1048640 0 0 65540 0 67108864 20480 0 0 2 1024 8519684 0 16392 8 128 4194304 33554433 0 0 16384 2148532224 0 0 8388865 4198400 1048576 16777216 33554952 2147487744 0 66560 0 32768 0 0 2097168 2097153 0 0 32896 65538 134218112 142606336 0 0 8 8208 0 268470272 0 24 2097168 1049088 0 33619968 16779264 1078067200 33554464 16384 8192 384 2953314306 3800375680 1056768 2690664481 1073741960 4096 2147483648 1077936128 0 4 536870944 134217728 1 1073741825 4194304 2147500032 0 1024 134225920 1049088 268435456 1073741824 1 528 2080 0 33554432 2048 0 1073741824 0 4194336 268435457
is_linear=0
shrinkage=0.05


Tree=84
num_leaves=31
num_cat=28
split_feature=26 36 36 37 36 37 36 28 37 37 37 36 37 36 36 36 36 37 36 36 36 36 37 36 36 37 36 36 36 36
split_gain=61.5794 54.7884 53.9899 46.5155 45.186 45.1754 44.1707 42.2603 74.1846 64.3584 60.7732 52.8121 50.0714 43.8556 41.1994 40.3383 39.0628 36.6223 36.4662 35.9043 35.8289 33.0569 32.9575 32.0495 31.9474 31.3937 46.2837 30.9814 30.1053 29.3396
threshold=0.50003457069396984 0 1 2 3 4 5 0.90950000286102306 6 7 8 9 10 11 12 13 14 15 16 17 18 19 20 21 22 23 24 25 26 27
decision_type=2 9 9 9 9 9 9 2 9 9 9 9 9 9 9 9 9 9 9 9 9 9 9 9 9 9 9 9 9 9
left_child=2 3 -1 -2 -3 -4 -7 8 18 28 11 -10 -11 -12 -14 -15 -13 -8 -6 -16 -19 -17 24 -24 -22 26 -25 -27 -9 -21
right_child=1 4 5 -5 7 6 17 9 10 12 13 16 14 15 19 21 -18 20 -20 29 22 -23 23 25 -26 27 -28 -29 -30 -31
leaf_value=0.0042270186619528275 0.013107785335782824 -0.0042457614288570434 -0.0072163164437004535 0.0018363339681423342 -0.0015030572092077589 -0.0054923128752469609 0.0039592049973861286 0.0053859624424163867 0.050463830255507429 -0.0048801357206188535 -0.0069346602710596006 -0.0088714660465841737 -0.0051306134564538756 0.0077130153372134691 0.0036639174352769257 -0.0046613019099042826 0.0098352655774994139 0.0035008356599167652 0.016455261570602755 -0.003758586258691693 0.0093566742651248237 0.0001423559763154475 -0.0058114919919847359 0.011257535962783989 0.00014733505755214205 -0.0052774058876662207 -9.2030094200307166e-05 -0.001605126714316338 -0.010212753195613895 -0.00023328929225823193
leaf_weight=3996 3935 8438 5754 18573 1466 5218 4109 1107 1961 10524 3057 1799 6541 5247 11305 5812 14847 4927 4505 8113 1999 144751 5029 1571 8443 5699 14290 126283 4809 261287
leaf_count=3996 3935 8438 5754 18573 1466 5218 4109 1107 1961 10524 3057 1799 6541 5247 11305 5812 14847 4927 4505 8113 1999 144751 5029 1571 8443 5699 14290 126283 4809 261287
internal_value=-0.000348297 -6.73885e-05 -0.00112522 0.00234469 -0.00017699 -0.00125059 -0.00110908 -0.000114109 0.000485088 -0.000476066 0.000300448 0.00300314 -0.000373345 -1.62861e-05 -0.000249167 0.000100275 0.00208471 -0.000971653 0.00596163 -0.000157677 -0.00108565 -5.00584e-05 -0.00121246 -0.00139813 0.00150435 -0.00126434 0.000837166 -0.00151694 -0.00563523 -0.00027356
internal_weight=705395 518077 187318 22508 495569 183322 177568 487131 183445 303686 177474 18607 297770 158867 287246 155810 16646 172350 5971 280705 168241 150563 163314 152872 10442 147843 15861 131982 5916 269400
internal_count=705395 518077 187318 22508 495569 183322 177568 487131 183445 303686 177474 18607 297770 158867 287246 155810 16646 172350 5971 280705 168241 150563 163314 152872 10442 147843 15861 131982 5916 269400
cat_boundaries=0 28 56 83 111 138 167 194 221 246 272 299 325 353 381 409 437 465 490 518 543 569 598 624 651 679 707 735 762
cat_threshold=1048608 2147483648 0 4194306 67109376 4194312 32 6144 0 65664 0 8388608 0 17825800 0 1073807360 16648 40960 0 256 0 0 0 2048 2097152 71680 0 4 536879104 0 603979777 4 2147483648 1024 0 1048592 16386 268435712 134488068 0 1 0 1 0 4112 0 0 12288 1 8454144 4096 0 0 512 16384 264 2099264 294912 0 71303168 4194320 0 134225924 33554432 536872960 2359556 0 0 8 1 1 0 0 0 16842768 0 0 138412032 0 0 33587328 4194304 4 0 0 2097152 4096 0 32 262145 0 69632 0 2056 33554433 268435584 0 0 2048 32784 0 0 67108864 3072 268435456 67113222 67117056 0 0 131601 32768 671088656 536903744 32 1048576 0 0 536870914 1048576 32 0 0 0 4 262144 0 201326592 131072 589824 4194304 4 262144 4160 1048576 9216 8388608 1075838976 268435456 0 2147483648 262144 0 32 270565408 0 384 1048584 66592 0 2156929024 0 16777216 0 4096 1 0 0 16384 0 8320 256 0 0 2147485696 526464 65536 1 4194304 64 64 2097152 16777216 16 8 2155872256 16 1073741824 32768 262160 0 134217984 268435456 0 805306368 268435456 1048576 4 16777216 67112960 16777216 4 8388672 65536 516 65552 1073741888 262176 0 4096 0 0 1048576 8192 0 0 2 0 16896 67112960 1048704 16777216 8552448 32768 168296448 2048 1028 0 4195328 65536 0 805306368 54 67108864 67109376 16384 536870946 0 8192 1073741824 0 16 0 0 262156 576 1048576 0 0 132128 16777232 0 262272 4194304 0 1040 272 524288 256 64 32 135170 335618049 0 262144 2 524288 0 1073741824 0 8388864 0 9216 0 71320576 2098176 0 0 64 8 16384 16777216 1073741824 4128 8388608 1074266241 8388624 0 0 8192 2147483648 0 0 0 17 33554432 0 1024 1 536879104 536870912 1048576 1 33554576 0 14 134217728 0 1074790400 8192 0 0 0 49188 268435456 0 0 0 2 4 4 2098176 0 134217728 521 17039488 134217728 536870912 671088656 544 268435456 0 134217728 0 402653185 540676 128 256 1207959552 8388616 4194304 1024 2097152 0 263168 0 64 268500992 0 0 4098 4096 65536 4194560 256 16384 1073745920 17039360 268435456 2147483776 0 1048576 262144 33554432 0 0 1024 133120 0 1024 67108864 130 4194304 0 536870912 65536 2148534272 0 0 131072 268435456 76 0 0 1078464512 16785408 131072 0 8192 8388608 4 3280896 8462592 131072 67108864 0 4194336 4160 603979776 805306368 0 67109376 1152 0 0 0 0 16384 2050 0 268441616 16785408 0 1024 131072 0 16384 16384 0 2097152 2155872257 262144 17039360 134217744 16 0 8388608 17 1073741824 41943056 4202496 33554432 0 512 4096 16385 134235136 32 34816 0 0 0 128 0 0 65536 0 1 0 8 0 2048 0 524288 2195456 34078976 1074003968 262148 8320 0 33554432 0 65536 1024 33554432 4 8388868 131076 268435968 0 268435456 2 65536 0 0 8 1 16384 4100 16777216 1351090432 0 8 4194304 1073741825 32 65568 1179648 0 2151678016 268435460 1048576 0 0 0 0 393216 32768 0 16 273154048 67109376 0 65536 69206016 16 131072 0 0 0 0 128 0 138412032 2081 67112960 0 16777216 0 268697601 1048576 0 256 2048 139264 0 524289 1073742864 536895488 2176 8 0 2147484160 536870914 0 268435456 0 4 9437696 33 0 536879104 0 33554432 16464 5242880 4194304 131072 1 16777220 32768 64 2 4098 2621442 0 67108864 2151677952 0 538968064 0 2164260864 1114112 0 4096 134218752 1073741824 1073741824 136 64 512 538969104 512 2097152 268437504 0 0 16777216 1 536870912 33570816 512 0 98304 128 1048600 0 0 4096 4 1073741824 8 32768 8 256 603980033 0 256 128 0 131076 2684354560 0 16777216 0 8388608 136315136 0 2 0 0 131072 268435457 4096 16392 4325952 134217728 1024 4 8388672 0 16 294912 1048704 12582912 0 524288 2097154 32 2147483904 2097152 0 16384 0 603979776 327680 8388608 0 67108864 4 0 16777216 65536 64 0 0 4325376 134217992 2155937792 524288 8388624 0 8421376 536870944 67108864 32896 133120 0 0 2 64 8208 0 16384 0 4194306 0 0 0 140352 197248 33554432 16777216 1074004000 16777248 1074036736 4325376 0 536870912 4 1024 0 0 0 268435456 16384 1073741824 8 0 4096 8388640 268435456 0 1024 536872960 0 0 514 0 0 540672 0 2097312 786434 0 0 2688557056 67108872 0 4 0 152043520 0 32784 512 4 8388608 33554432 8388736 8200 133120 268435456 32 1 16777216 0 268435456 544 0 524288 4194320 301996032 1048576 302002176 0 67108864 1024 0 262144 32768 0 0 0 0 0 67108896 142606336 1 0 2147483648 2147483648 67108864 4 16842752 4210944 167772160 537001984 0 1073774592 0 0 131072 262144 262144 4 4096 0 8388608 4194304 1024 16777216 2181038080 1028
is_linear=0
shrinkage=0.05


Tree=85
num_leaves=31
num_cat=21
split_feature=35 37 28 37 37 6 37 37 37 37 37 35 37 37 37 37 37 33 12 37 7 37 37 37 41 30 37 37 37 7
split_gain=59.7468 89.7233 51.8424 61.398 54.902 51.7303 44.3838 41.6429 39.9827 38.4242 37.4317 31.7003 28.4705 26.5224 26.3156 26.2551 24.7141 24.6582 23.1631 25.5711 22.7296 41.5739 31.0882 29.2401 25.3179 24.3943 47.1833 30.3971 20.4824 19.6306
threshold=1.0069045424461367 0 0.99850001931190502 1 2 1.8806459903717043 3 4 5 6 7 0.61867865920066845 8 9 10 11 12 63.975000381469734 4.5000000000000009 13 0.53061881661415111 14 15 16 17 1.0000000180025095e-35 18 19 20 0.62245103716850292
decision_type=2 9 2 9 9 2 9 9 9 9 9 2 9 9 9 9 9 2 2 9 2 9 9 9 9 2 9 9 9 2
left_child=5 -2 3 -3 -4 8 -6 -5 -1 -8 -7 16 -9 -13 -11 -15 -10 -12 -19 -20 23 -22 -23 -17 -25 27 -27 -24 -29 -16
right_child=1 2 4 7 6 10 9 12 11 14 17 13 -14 15 29 20 -18 18 19 -21 21 22 25 24 -26 26 -28 28 -30 -31
leaf_value=-0.0034347400460722627 -0.011242383375911713 0.0084457964647368291 0.0049316296504399951 -0.0065571566596548947 0.0015135421858337467 0.016626413620780524 -0.0067701362084791111 0.0031368203205953907 0.11957660401742697 0.00065673847144486072 -0.0065244180323529638 -0.0027638940332673336 -0.00056633317052349759 -0.0021849633220983699 -0.0020352100406708594 -0.001869148488960365 0.0089691178676653879 0.00086377004704512044 0.012098101129861717 -0.0002115488993899406 0.0055455820152992335 -0.0077818993182335377 0.0027285462604952461 0.0012516641261586998 -4.557012748852285e-05 0.011291662676735493 -0.0014505711089083302 -0.0076359698268318905 -0.0025272250725392521 -0.0056123937823586018
leaf_weight=12460 4606 4128 3341 5525 8659 6938 4429 11971 493 9548 4328 14059 50958 23212 66100 23124 1017 49596 14353 7146 7119 3430 5269 78154 202238 4514 20674 4989 33466 19479
leaf_count=12460 4606 4128 3341 5525 8659 6938 4429 11971 493 9548 4328 14059 50958 23212 66100 23124 1017 49596 14353 7146 7119 3430 5269 78154 202238 4514 20674 4989 33466 19479
internal_value=-0.000373286 -0.0011346 -0.000961857 7.81864e-05 -0.00163862 -9.51208e-05 -0.00183355 -0.00027934 -0.000313033 -0.00213223 0.00105373 -0.000230517 8.63918e-05 -0.000256515 -0.00191971 -0.000182576 0.00699868 0.000729943 0.000953113 0.00232384 -8.35862e-05 -0.000836406 -0.00119518 0.000113503 0.000254455 -0.000963394 0.000275914 -0.00167753 -0.00216522 -0.00219754
internal_weight=705323 188744 184138 72582 111556 516579 108215 68454 434218 99556 82361 421758 62929 420248 95127 406189 1510 75423 71095 21499 382977 79461 72342 303516 280392 68912 25188 43724 38455 85579
internal_count=705323 188744 184138 72582 111556 516579 108215 68454 434218 99556 82361 421758 62929 420248 95127 406189 1510 75423 71095 21499 382977 79461 72342 303516 280392 68912 25188 43724 38455 85579
cat_boundaries=0 27 54 82 109 137 164 188 215 240 267 294 321 348 375 402 429 456 459 485 512 539
cat_threshold=0 64 2 0 0 0 33554432 135266432 0 4096 3221749760 2 536870912 142610432 0 1073741824 16777216 131072 0 524416 33554432 67633152 0 3146752 0 1073742848 838868992 0 12832 0 2629632 36880 0 270336 0 0 538968064 8388610 0 134217728 524288 524288 2304 256 1040 0 0 1024 4194304 2048 0 65 1048576 136 67108864 4198400 8192 0 0 0 1179648 33554464 1050624 268451840 0 268960768 8396800 33554432 1056768 0 4194304 32 0 0 0 0 4 8192 2048 541098000 16 1 2097154 67108864 0 0 4194306 268451840 1610612736 20 64 1080033280 8193 262144 524288 65536 4198400 8388672 134217728 0 1073741824 0 0 0 0 16777216 64 32 2048 134217730 0 0 1065216 0 0 201326592 0 268435456 268435456 1 33554432 8 33554432 8388864 262144 512 0 8388640 0 262160 4097 0 0 553648128 20971524 67108868 1 134217728 536870912 33056 8192 256 131072 268435456 0 1048608 512 1050624 269025280 8192 512 2 1048576 4194304 524800 536870912 1 0 4 2097156 0 0 294912 128 8388624 0 1048608 8388610 8519680 0 270336 0 2149597184 0 2 32768 262144 0 69206032 1048832 536870912 33024 4096 169869312 128 0 4096 4194304 0 64 0 1048576 536870912 64 536870912 0 67584 67108868 0 536870912 536875008 0 0 262144 805832192 0 17825792 0 16 0 134217728 3145728 0 4 8192 2099200 0 67108872 2256601088 8388608 0 276824066 0 536887296 88 0 134217728 1028 256 67109890 0 9216 0 1049088 0 0 65536 0 4194304 4194304 131072 4096 1073741824 0 0 536870912 134225922 0 536871424 16384 262144 34 4 525328 2097281 2048 0 65536 0 269484032 0 4096 1048576 4 4259840 1073741824 335544320 0 0 268699136 67108864 4 536870912 0 0 1073741824 393216 262144 65536 1073741828 512 0 604045312 8388608 16 16809984 16384 65536 16388 0 0 4194432 8 16810496 0 64 8 553713664 128 0 282888 536871040 8 4096 8388608 0 0 0 1610612736 1140850816 8192 0 0 134217732 2048 16386 2 1024 64 2147483648 65536 0 64 0 0 0 0 0 0 0 0 0 0 0 64 0 0 0 0 0 0 32 0 0 0 0 2147483648 67108864 18 0 0 6291712 18 2147483648 64 0 0 4112 8388608 0 0 33554432 0 0 8388609 0 16 0 67108864 524288 0 0 130 1024 4 4194308 0 70144 67108864 134217728 64 64 16400 0 536936448 0 4194304 0 0 270008328 0 536870944 0 4 2097160 0 0 0 1207959552 2048 4259844 50331648 536870912 0 1048576 262272 131088 18874368 131072 33816576 2 32800 524290 0 8388608 0 0 0 8 0 4608 0 1056 1024 36865 8192 33554432 536870912 2048 4 67108864 67633153 524544 134480896 0 8388608 0 0 67108864 0 2048 2147483680 41959488 1048576 134217728 150994944 0 0 0 1073741824 65537 16777216 536870912 0 4194308 570425344 2333254766 336745641 304770 8650768 0 1152 64 8388608 0 536870912 0 24576 2097408 1090527232 134218752 262144 0 67108864 0 8521216 0 25165840 4096 16 0 134217728 16 0 16777216 268959744 262144 0 2 65536 16384 33554432 3288334336 0 4194304 0 0 2148532224 33570888 256 0 0 8388640 2147483648 4194304 65536 4261920 0 541065216 32768 1024 524288 1310736 1145044992 1152 64 32768 8 0 0 24580 64 1073741824 1024 0 10240 0 8388608 8520704 0 0 0 0 134217728 134217728 0 19 2097216 9
is_linear=0
shrinkage=0.05


Tree=86
num_leaves=31
num_cat=25
split_feature=27 36 35 36 36 36 32 42 37 37 36 22 36 36 36 36 37 36 36 37 42 36 36 37 36 37 37 36 22 36
split_gain=55.2013 71.9592 50.1198 62.2654 47.5609 46.1615 41.6323 92.1701 83.8897 74.5401 60.862 60.3221 64.6928 58.3933 57.5829 56.4015 53.0792 47.9331 46.8857 45.4476 45.1166 44.5215 42.8501 43.1501 45.0594 42.3489 41.5463 41.222 42.7056 51.8446
threshold=0.41880261898040777 0 1.1756802201271059 1 2 3 23.345000267028812 4 5 6 7 5.5000000000000009 8 9 10 11 12 13 14 15 16 17 18 19 20 21 22 23 1.5000000000000002 24
decision_type=2 9 2 9 9 9 2 9 9 9 9 2 9 9 9 9 9 9 9 9 9 9 9 9 9 9 9 9 2 9
left_child=1 -1 4 -4 -2 -3 7 14 10 -10 -8 17 -13 -11 -6 -14 -17 -9 -15 -19 -20 -16 -22 -24 -25 -18 -7 -21 29 -29
right_child=2 5 3 -5 6 26 8 11 9 13 -12 12 15 18 21 16 25 19 20 27 22 -23 23 24 -26 -27 -28 28 -30 -31
leaf_value=0.0071134138481889486 0.0025600993919637259 -0.0075416140143060393 0.0092016643324044911 -0.0051993676673805604 0.020541537635424569 0.0055172018863879624 0.052667263888019358 -0.0053472553441614445 -0.0089051938369952479 -0.0071860798655916467 0.0039775860327045777 0.018184752144462499 -0.008713410356915292 0.005150948115288656 -0.0057661780287655007 0.017765735829928991 -0.0059197921237044097 -0.0053239643192587909 -0.0052435019492446701 0.0047860961067592014 -0.0055906199954760954 0.0036913786115645554 -0.0041526052612984024 0.0058529930767630134 -0.00052090035049430494 0.0027365830295203231 -0.002478894783623703 0.0071795678694126785 -0.0011792621084723816 0.00030441023365930243
leaf_weight=1967 30316 2190 1130 17466 2587 1826 1270 5061 4838 4428 8232 1991 1738 5621 2371 3520 2892 6810 20074 8330 5619 38987 9990 6577 181335 32140 55439 3547 155019 82465
leaf_count=1967 30316 2190 1130 17466 2587 1826 1270 5061 4838 4428 8232 1991 1738 5621 2371 3520 2892 6810 20074 8330 5619 38987 9990 6577 181335 32140 55439 3547 155019 82465
internal_value=-0.000337075 -0.00176929 -0.000200549 -0.00275851 -0.000124529 -0.00208081 -0.000222898 0.000130303 -0.000717785 -0.000901389 0.00388679 -0.000179599 0.00157248 -0.000774004 0.00227017 0.00113583 0.00153385 -0.000463188 -0.000663971 -0.000367854 -0.000777428 0.00181597 -0.000554274 -0.000431882 -0.000261543 0.000944554 -0.00180726 -0.000257697 -0.000377268 0.000516201
internal_weight=705776 61422 644354 18596 625758 59455 595442 347458 247984 238482 9502 303513 42281 233644 43945 40290 38552 261232 229216 256171 223595 41358 203521 197902 187912 35032 57265 249361 241031 86012
internal_count=705776 61422 644354 18596 625758 59455 595442 347458 247984 238482 9502 303513 42281 233644 43945 40290 38552 261232 229216 256171 223595 41358 203521 197902 187912 35032 57265 249361 241031 86012
cat_boundaries=0 27 55 83 110 118 145 172 196 222 249 276 303 330 357 384 411 419 447 475 502 530 557 584 612 639
cat_threshold=8 0 1073741824 8390656 67108864 263168 33554432 131072 0 2147483648 256 130 4194304 32800 1024 268435456 50335744 0 0 0 1073741824 67108864 1073741824 8192 16387 0 4146 134217728 1048576 0 4325376 65540 131072 4096 0 257 8192 192 0 33554432 256 2048 536936448 1088 288 0 33554432 0 1024 64 1048576 268435456 131072 32 16384 1049089 2147483648 196612 4194306 0 4194304 32 2080 128 256 0 0 0 0 134218240 0 8929536 134217728 0 134742016 4096 0 0 0 524288 6176 0 671088644 131072 2147484160 524304 33587200 128 1 0 0 2147516416 1024 66 64 2049 0 268435712 4097 268451840 16386 0 268435458 0 0 0 0 524288 3221225472 2149580800 16777480 2768240640 67438628 2218786880 268505344 536870944 76677408 192 34 64 16777216 4 0 16448 64 33685520 2099200 0 32768 0 0 0 0 2 16384 1073741824 32800 0 0 71303172 1048576 131072 268437520 2148794368 516 8388608 2097152 32 0 150995072 134217728 0 262144 2147484192 65536 4194304 65538 0 41959424 8388609 335544320 150994944 131080 536870912 2048 268443648 0 0 0 0 1073741824 268435456 4098 8388608 0 1073741824 16512 147456 34340864 524290 131584 1052672 8388608 0 33554434 262146 0 274 134218752 0 0 67207168 0 0 0 1 4196352 8388608 0 268435520 1024 0 512 67108928 524288 0 65536 1048576 18 36 0 4608 269549568 1318912 0 0 0 142606344 0 16384 0 1207992384 0 1048576 1075839008 0 32 32768 262145 528384 0 0 1024 1024 1073741826 0 0 133152 0 16 0 33555456 0 8388608 65792 67175552 16 134217736 34078720 2048 0 16384 0 1073741824 16777216 1088 1024 276824064 536871048 0 2097152 0 262145 0 268435456 0 2080 0 257 2147483648 0 393216 17410 8208 8208 294912 536871104 0 0 0 541327440 0 0 4 34603008 128 536870928 2097152 2684354624 1 4194304 16809984 0 2147483648 268435488 131072 0 0 2147483648 541196288 0 1048576 4096 0 0 269484032 153096192 8388608 2147483648 16777216 41945104 2080 67379328 0 0 1048576 0 0 0 134217728 33792 0 2097152 0 0 8 0 128 536871936 69206016 0 0 0 1703936 0 33554464 262144 268435456 4194304 0 2147614976 0 0 0 0 536870912 36864 16384 1212153872 75530240 536870912 0 167936 8194 17039360 16384 131072 0 16384 1088 720896 131096 8388616 2 2147614724 0 2147484672 256 0 16384 1024 603979776 262144 88080384 268451840 4194368 0 134217728 0 0 0 0 0 16384 0 0 1073741824 33554432 0 65600 0 41943168 0 0 786432 1024 32 134218240 0 1048576 0 131072 35328 131201 8192 67108864 16777216 131080 0 3222274048 100663808 536871507 2298496288 295044 1073774592 2281701378 4194464 2193752320 4 655360 8388608 2097152 34081280 4194304 16 1048576 65792 0 2147483648 65536 0 1073741824 0 32 2151677952 2168455168 0 536870944 0 0 1 4096 0 0 2147500032 2147484160 1048576 128 0 0 268435456 167772160 0 256 0 204864 0 81920 2097152 270532608 65536 1073774592 67109392 65537 83886336 8388608 16384 0 128 1048640 0 134217728 0 0 262144 1114112 0 268484616 16781312 4 12582912 268435712 0 0 134250496 1048578 131073 0 0 0 16384 0 2129920 0 135266304 8388640 2 4096 0 16777216 16 65664 258 0 0 75497600 268959748 134217728 534544 0 0 0 134217728 0 134479872 276824064 8388608 0 262144 4096 135266304 67108864 0 0 0 524304 2147483648 98304 2048 2097154 2147614720 0 1073741832 0 0 64 0 4 0 268435456 8396800 65536 2147483648 1280 4194320 128 536879104 66048 4096 0 1024 2 0 136314880 0 17825856 16777736 2147483649 2097152 524288 2147483648 8388610 8 0 128 16384 134283296 4194304 65536 0 1073742336 4194305 268435457 134218752 2228224 0 301989888 8192 2048 2 0 0 16777216 16 532480 0 2101248 2147487744 1024 536870912 1073741824 4096 8192 163856 0 0 1028 0 98304 0 65536 0 335544320 0 0 0 2148597760 1048576 268435456 1048577 67112992 16384 8388624 0 0 2048 0 4096 1048576 16 0 2166784 536870914 0 33562656 4096 260 163842 0 2147483648 0 16388 1140850688 1 8388608 16384 0 1075871744 2147483648
is_linear=0
shrinkage=0.05


Tree=87
num_leaves=31
num_cat=28
split_feature=3 35 36 36 36 41 36 36 36 36 42 36 36 36 36 36 36 42 36 42 36 42 36 36 36 36 36 36 36 36
split_gain=54.3393 47.2114 50.8547 48.4177 45.0559 40.906 47.6896 39.673 39.0578 36.7947 34.8404 44.9753 33.2549 31.5632 31.0536 30.5118 28.8696 28.814 28.0032 27.1079 25.7197 23.9126 51.2816 34.621 34.3162 25.997 22.7798 22.5522 22.1452 21.8684
threshold=0.29736290872097021 1.0012609362602236 0 1 2 3 4 5 6 7 8 9 10 11 12 13 14 15 16 17 18 19 20 21 22 23 24 25 26 27
decision_type=2 2 9 9 9 9 9 9 9 9 9 9 9 9 9 9 9 9 9 9 9 9 9 9 9 9 9 9 9 9
left_child=16 3 -3 -2 -4 7 -7 -6 17 -10 11 -11 -8 -13 -12 -9 -1 -5 19 -16 -18 22 -14 -23 -24 -25 -20 -26 -15 -17
right_child=1 2 4 8 5 6 12 15 9 10 14 13 21 28 18 29 20 -19 26 -21 -22 23 24 25 27 -27 -28 -29 -30 -31
leaf_value=-0.010272204807647664 -0.0043127437100990308 -0.0061173975586856603 0.004251249232425358 0.011492729427691296 0.0052526469209915362 0.0044228799817506272 -0.0057481406043060129 -0.009712645119477642 -0.0031976501717381478 0.0051012779048888318 0.0035917808579913977 -0.0063229249477570679 0.011294795659067259 0.0026412979154012807 0.0089737750057586885 0.0023810704638057237 0.0079281924370431141 0.001022411129119137 -0.0028941507420963994 0.0010908214991265292 -0.0032007653601399651 -0.0058879087041722698 -0.0069056848059723015 0.0036978905887317948 0.0074163963867760422 -0.00092658511367198215 0.00018471706340822543 0.00021214882945705393 -0.0020668901431625543 -0.0029388131663057541
leaf_weight=1944 8556 5178 6249 5101 2484 6877 4292 2155 11837 3024 17542 2924 1993 3714 6589 2855 994 6506 9694 16000 23048 3904 1581 4869 2342 120095 327334 22671 27624 45680
leaf_count=1944 8556 5178 6249 5101 2484 6877 4292 2155 11837 3024 17542 2924 1993 3714 6589 2855 994 6506 9694 16000 23048 3904 1581 4869 2342 120095 327334 22671 27624 45680
internal_value=-0.000323741 -0.000237946 -0.0008145 6.32495e-05 -0.000703056 -0.000821089 -0.000439707 -0.00203018 0.000136076 5.81173e-05 0.000136655 -0.00132115 -0.000613185 -0.00183745 0.000280808 -0.00233279 -0.00256763 0.00299643 0.000180569 0.0018844 -0.00209018 -0.000494631 0.000813431 -0.000784845 0.000232099 -0.000639728 6.63128e-05 0.000684843 -0.00137245 -0.00207303
internal_weight=705656 679670 233225 446445 228047 221798 168624 53174 437889 426282 414445 37286 161747 34262 377159 50690 25986 11607 359617 22589 24042 157455 28587 128868 26594 124964 337028 25013 31338 48535
internal_count=705656 679670 233225 446445 228047 221798 168624 53174 437889 426282 414445 37286 161747 34262 377159 50690 25986 11607 359617 22589 24042 157455 28587 128868 26594 124964 337028 25013 31338 48535
cat_boundaries=0 27 56 84 87 115 144 172 200 208 236 263 290 318 345 373 381 408 416 443 451 476 503 531 559 585 612 640 667
cat_threshold=1024 2281702401 0 33555464 138412032 32768 8 0 4104 0 131072 0 1073750016 0 0 131072 1073741824 20971520 0 1073758208 0 16 268439808 100663330 0 0 16 16384 0 262144 16781312 0 1048576 294912 65536 2097152 0 0 1048576 268435456 0 0 32 134217736 16 134217728 268468224 3072 128 67125248 69760 256 2147483648 1073807360 512 2 2147483648 32 1 84017152 0 65536 335544320 16777216 2048 8320 0 0 8388608 288 0 1090519042 0 0 524288 33685504 0 256 67191296 4096 268435712 1 0 128 211006670 278481064 336938 1114115 1067008 133120 128 16777216 512 0 0 34603010 266240 0 0 0 4096 528 65536 16384 8 134217728 8192 1048576 0 1048576 16777216 0 163840 0 67117056 12 0 4 32836 0 8388612 32768 67108868 0 131072 0 0 256 512 129 33554432 536870912 2149580800 1552 134283264 0 0 9 0 262144 2147483648 2 0 2 1024 2147484672 0 2147483648 0 1033 0 0 0 0 134480128 536870912 0 2097152 0 268500992 11010304 0 1 524288 33558528 2097152 0 2048 2149580800 10491904 2 4 0 65544 32768 0 268435488 0 0 0 4 0 2147484672 257 2147487744 0 2164260864 16 0 2147483648 262144 2214789120 268435456 262144 256 8192 134217728 32772 2147483776 2147549184 278537 0 2181574656 1076101120 393732 134242322 1631748488 257 65536 67110912 1073741824 2048 4608 0 1074266112 69206064 32 16512 8388608 1073741824 67108864 0 256 256 1048576 33554432 0 2 1073774592 0 0 32 16777216 0 2099200 603979776 4 536871440 0 4096 0 32 0 0 0 2 2048 262152 268435584 524288 67635204 0 2097153 0 0 50 33554432 549453824 0 557056 262144 33554432 2147483776 393216 0 2 16 4194304 17039360 0 1026 139460608 1024 0 0 537919492 33554432 268967936 134479874 0 4194304 67108916 4194304 0 0 2 536870912 0 0 32 537920000 8192 4 2 0 16777216 135266336 0 8320 256 33 2147483648 1024 1024 524292 139264 33554560 2048 16777250 0 0 0 2 0 0 32 1048576 1048576 0 4 8388608 1073741824 256 218105857 0 1342177280 2147516416 0 0 1 0 8200 258 0 0 17480 0 0 1048576 134218752 1181728 0 0 0 16777220 2147483648 2281701376 0 0 65536 8388617 4 0 2147483648 134217728 1073741824 8200 0 40976 0 0 268698752 256 268435456 16777216 1048576 1073741888 0 32 65536 0 268435968 32768 16779332 402653184 33947658 8938284 70258688 16785408 9 33 262144 32770 8192 4194304 4096 4194304 33554432 268699648 1024 270532608 0 16777248 33554432 2147516416 8388608 262144 16 12288 0 2097200 4194304 134217728 1024 0 0 16 32768 16777348 295174144 67371020 294 605110272 16778816 67108871 40 128 0 2147483648 2048 335544320 0 4104 32 16384 131089 536870912 1073872898 20971520 67108864 285736960 0 0 1024 0 0 16640 0 0 1048576 16777216 0 32768 21037129 150994944 537395456 2147483648 69271936 216007728 536879520 128 131072 0 8388608 134217728 2214723588 0 1073807360 1082130448 142606336 16809992 64 32768 134217728 32769 0 8388736 524288 1050624 128 0 4194304 1207959552 0 0 134217728 0 0 0 134217732 0 536870912 16384 0 134348800 135266304 81984 0 32770 1 131072 512 16 8388624 4 4718592 4194304 134250496 1073741824 65536 8193 16384 3145728 536871168 0 32 0 268435456 1073743936 33558528 1049858 0 0 16 2149580800 0 0 6291456 8192 262144 67371008 0 16778752 4 64 80 0 0 4 0 2129920 16777224 67239936 134320160 0 0 256 131200 536870913 1073741824 0 8388736 16384 0 0 16777216 1 268436480 134217920 131072 256 4 0 0 2147483664 0 0 1073741824 1073741824 4194304 2048 0 0 256 16 2048 129 2148007936 3 4 8388608 16777216 134217728 4194312 537395200 12288 256 589824 33554433 32768 0 65540 0 16777728 1048576 2560 4 0 0 33554432 0 4211264 4224 0 537395200 0 1048608 32769 5242880 0 1064968 8192 8388656 6 268959744 0 0 0 0 0 0 262144 0 16388 1024 12582912 131392 2048 131072 16900 16 0 0 134217760 0 24592 67108864 33587204 16777216 4096 525312 33558528 0 0 0 0 4194304 64 0 16384 0 4194304 67108864 0 0 537001984 2097664 0 32 0 0 16384 0 117440512 65568 8388640 8 4096 16777224 36 128 6144 1073741824 4734976 524288 536870912 2147483712
is_linear=0
shrinkage=0.05


Tree=88
num_leaves=31
num_cat=26
split_feature=28 37 37 36 36 42 36 36 36 36 36 42 30 36 36 36 36 22 37 36 36 36 20 36 36 36 42 36 36 36
split_gain=52.2715 94.6902 55.2341 47.6609 44.5048 41.9518 48.8179 42.2403 41.4244 37.2097 36.6227 36.5829 60.0344 72.2096 62.6299 53.4432 46.3975 37.1094 37.5116 34.8944 33.1375 32.5639 32.2068 41.152 35.2817 34.0094 32.0496 41.9321 37.9227 37.5638
threshold=0.99950000643730175 0 1 2 3 4 5 6 7 8 9 10 1.0000000180025095e-35 11 12 13 14 2.5000000000000004 15 16 17 18 0.26064173877239233 19 20 21 22 23 24 25
decision_type=2 9 9 9 9 9 9 9 9 9 9 9 2 9 9 9 9 2 9 9 9 9 2 9 9 9 9 9 9 9
left_child=2 -2 9 -3 -4 6 -5 -7 -8 -1 -6 12 14 -14 -12 -16 -15 18 -18 -13 -17 -9 24 -24 -21 -25 27 -23 -28 -29
right_child=1 3 4 5 10 7 8 21 -10 -11 11 19 13 16 15 20 17 -19 -20 22 -22 26 23 25 -26 -27 28 29 -30 -31
leaf_value=-0.00276228597313013 -0.010204913206870111 -0.0051209328950912987 0.0056028365952140767 0.0072297939711381438 -0.0047252005448848782 -0.0051310771533413131 -0.0057139025879673414 0.0033540868878951069 0.00046809115853660991 0.02014103248650051 -0.014149982405695739 -0.0044891075766018088 0.074904856410663606 -0.0085093583897163597 0.014600952016419907 0.0083014929089821523 0.20817098457903047 0.0060431067707175604 0.011046987534506503 0.0064200491385296155 -0.0009396131465479185 0.0066521169465358528 0.0073977433976197965 -0.0081032134222553519 0.00017179839831647228 -0.001203988882964946 0.0029151510268714377 -0.0055571200739314881 -0.0017290932878059107 -0.00021616971297844513
leaf_weight=2013 5240 6591 10608 4457 5151 6377 3054 6588 66777 5076 1972 7278 1599 1215 1538 2118 399 14622 1061 4179 23491 4131 3154 2377 180611 93143 5908 3289 145037 87223
leaf_count=2013 5240 6591 10608 4457 5151 6377 3054 6588 66777 5076 1972 7278 1599 1215 1538 2118 399 14622 1061 4179 23491 4131 3154 2377 180611 93143 5908 3289 145037 87223
internal_value=-0.000323474 -0.000764058 9.64793e-05 -0.000660936 9.02611e-06 -0.000577471 0.000469724 -0.000878361 0.000145507 0.00446303 -8.94106e-05 -2.57182e-05 0.00125271 0.00344764 -0.000171274 0.000455207 0.00250101 0.00321413 0.0108145 -0.000236885 -9.02615e-05 -0.000776606 -0.000149043 -0.000878389 0.000240407 -0.00106405 -0.00086971 -0.000148303 -0.00132199 -0.000373386
internal_weight=706277 344672 361605 339432 354516 332841 74288 258553 69831 7089 343908 338757 48015 18896 29119 27147 17297 16082 1460 290742 25609 252176 283464 98674 184790 95520 245588 94643 150945 90512
internal_count=706277 344672 361605 339432 354516 332841 74288 258553 69831 7089 343908 338757 48015 18896 29119 27147 17297 16082 1460 290742 25609 252176 283464 98674 184790 95520 245588 94643 150945 90512
cat_boundaries=0 27 53 81 109 117 145 172 199 227 256 263 289 318 346 371 397 424 449 477 505 533 558 566 594 621 649
cat_threshold=16 64 32 8388610 0 0 8192 1048576 2149597184 0 0 32800 0 0 16 1073741824 553648128 688128 0 170393729 16 67108864 0 1024 0 1074003968 805306368 4198404 0 65 16777216 262144 0 2097152 16777216 2099200 0 0 0 536870912 0 524288 0 805568768 268435456 2684354560 2048 160 526340 2097152 0 12648448 2147483648 8388608 513 32 2156924928 0 1049608 81924 0 1024 0 0 272629760 32768 0 0 0 48 289407232 0 16384 1024 0 256 536879104 0 0 128 262144 2 0 65536 5242914 1048576 8388608 0 16 1536 2147483648 536879136 16793600 0 1073742848 0 0 0 134217732 512 524288 1073745920 8454144 8388608 0 0 8388608 2176 262144 21004293 144572544 2684357120 520 606142600 2162688 4256 97 65538 67117056 0 4194305 576 21041152 0 64 0 0 8 0 33554432 0 302515712 1073741824 0 4096 131072 0 0 135266304 262145 0 8192 65600 0 134217736 134217728 65536 8 1073741856 0 262144 134217728 64 167837696 0 0 2048 10 2 0 5120 1 8404992 4096 67108864 0 0 4194320 67108896 262144 2148532224 9437188 0 256 5136 0 4194304 0 1 1073741824 1073745952 1 0 1048576 128 0 1074003968 64 537135104 262148 603979777 2 335544320 67109376 0 557056 0 0 2147483648 17301504 262144 16 32 41943584 1048640 0 0 12288 8388624 0 0 8 1111490560 0 64 0 1048576 0 1280 0 1073741824 0 4194306 0 0 268566592 1074003968 16384 2147614720 32768 0 0 0 262144 0 2149584896 0 2048 270336 268435456 4096 4196352 536870944 0 0 0 0 134348802 268435456 2214596608 65538 1024 0 2147483904 2147516416 1 4212872 809631744 75957888 2151677954 2252669184 0 268607492 0 1024 128 268435456 266242 1 0 0 2 0 0 536870916 0 8448 1073741840 419434496 33570816 4194305 1073742848 1 0 67108928 0 16793600 8192 4194304 128 1024 128 64 32 4100 0 0 0 32 0 2 16 16777216 16 0 1048576 4194304 2426880 2147483648 32768 71311360 64 83886080 135266304 65536 0 512 2 4 0 12288 32768 131072 9216 2147483648 0 32768 565249 8388608 65544 32768 0 64 32768 0 1025 201326658 16777216 0 0 512 4194304 0 4128 0 4096 16777280 8388608 1048576 0 0 1024 536871936 536887328 294912 32768 2147483648 0 2147483652 128 537412608 2049 0 2147483648 134742146 268435456 0 0 4194312 0 1 16 0 0 0 0 0 0 0 0 0 0 536870912 0 0 0 0 0 0 0 0 0 0 0 0 0 16777216 0 1048584 2097152 33280 384 524288 0 4194304 0 16 1073741824 1032 0 0 131080 16779264 134217728 0 134217728 16810016 0 64 4 557184 268439552 540672 8 4194816 33554432 2097152 256 65792 134234112 4195392 32 128 0 16 0 0 2147483650 2097664 264193 16 268437504 0 8388608 0 4672 0 1048832 2147483648 8192 131072 4096 640 1074004992 0 0 4194304 1073743905 0 0 8388608 0 8192 4100 19398656 8388864 0 0 0 134480384 2151677952 32768 524288 2097152 0 16 67108864 0 134217728 64 0 134217728 256 532 0 131072 2097156 64 65568 67108864 0 0 268435456 536870912 16384 1073741826 4608 32768 0 0 133120 524288 8192 16384 538460672 327156224 16 4 0 67633152 0 1073872896 0 16 262144 0 0 2147483648 0 0 64 2097280 536870912 4718592 0 524292 16400 1073741826 33554432 1050640 0 67108864 8 131072 0 0 0 0 0 536870912 0 8 262145 130 524289 134258688 0 537919744 163840 6 1048640 64 1 4 2147745792 1073741826 4194368 16 524802 67108864 1107443968 135267520 1078067713 1167331328 548407296 128 512 0 0 0 524288 73792 256 4096 16384 16777216 67108992 262210 262144 262161 0 0 2048 34078753 402653184 131072 67108864 2097152 0 0 2415919104 0 0 10240 1048576 20 0 567300 2097152 0 32 4 0 524416 8388624 0 16384 8 838860800 2147483776 0 0 0 269484032 0 0 0 131072 134747136 0 2214593536 4194304 536870928 0 0 2097156 285212672 16 0 512 0 8256 16875524 67125248 2048 2147483680 2147483652 0 131216 0 4 524288 0 0 0 0 1073741824 2147549184 4096
is_linear=0
shrinkage=0.05


Tree=89
num_leaves=31
num_cat=24
split_feature=35 36 36 22 22 36 36 36 42 30 33 42 36 36 42 32 36 42 36 42 36 36 36 36 36 36 36 36 42 36
split_gain=50.9515 59.2122 46.4818 40.7683 74.1183 69.6657 63.1757 61.7908 57.9904 56.0906 62.6954 58.0847 56.3461 52.0622 49.4704 46.4048 73.603 62.814 45.6266 45.192 51.7419 45.3646 43.4394 43.3243 41.5998 41.404 41.2311 41.1165 39.8076 52.1755
threshold=1.1589285135269167 0 1 4.5000000000000009 1.5000000000000002 2 3 4 5 1.0000000180025095e-35 75.534999847412124 6 7 8 9 20.945000648498539 10 11 12 13 14 15 16 17 18 19 20 21 22 23
decision_type=2 9 9 2 2 9 9 9 9 2 2 9 9 9 9 2 9 9 9 9 9 9 9 9 9 9 9 9 9 9
left_child=2 -2 -1 4 6 -5 -4 -7 13 10 11 23 -13 -9 -11 16 -10 -18 -6 20 -17 -21 -14 -8 -20 -22 -23 -15 29 -24
right_child=1 -3 3 5 18 7 9 8 15 14 -12 12 22 27 -16 19 17 -19 24 21 25 26 28 -25 -26 -27 -28 -29 -30 -31
leaf_value=0.0025972040624662185 0.011043958538291413 -0.0044572328972961829 0.0062354471707956275 0.01158751841204466 0.002386697854037795 -0.005837819197140332 0.0052039859358306295 0.02841586626387127 0.02339410616783752 0.0414203723315466 -0.0019069571282506526 0.0073592260139238117 -0.0056189584384630873 -0.0098926994537954401 0.0061070297328666701 0.018029460986904566 0.010143406531324785 -0.0015625811992836969 -0.0059188687640879733 0.0084076309360274441 -0.0074160265233600203 -0.0081689192662145731 0.0088706244590429414 -0.0045543726045148367 -0.0014356085290292892 0.0018330161848884698 -0.0013742458191512805 0.005287831005109097 0.0014889296943005658 -0.0026915474519879495
leaf_weight=30229 1094 22434 8389 6306 10948 5992 1109 1708 1603 848 52885 5282 3210 1355 3369 1647 6280 10189 6310 2266 1497 3339 1367 8160 261178 31187 92126 21626 85854 15916
leaf_count=30229 1094 22434 8389 6306 10948 5992 1109 1708 1603 848 52885 5282 3210 1355 3369 1647 6280 10189 6310 2266 1497 3339 1367 8160 261178 31187 92126 21626 85854 15916
internal_value=-0.000309177 -0.0025968 -0.000230274 -0.000319154 -0.000570025 0.000304013 0.00020166 0.000123669 0.000294923 1.68529e-06 -0.000136592 0.000491526 0.000807394 0.00253998 0.00569879 -7.44281e-05 0.00230178 0.00130082 -0.0010866 -0.00039962 0.00116075 -0.000947776 0.000556728 -0.00330954 -0.00121608 0.000723352 -0.00111402 0.00191099 0.00073523 -0.00145354
internal_weight=705703 23528 682175 651946 464825 187121 186389 180815 174823 178000 173783 120898 111629 24689 4217 150134 18072 16469 278436 132062 34331 97731 106347 9269 267488 32684 95465 22981 103137 17283
internal_count=705703 23528 682175 651946 464825 187121 186389 180815 174823 178000 173783 120898 111629 24689 4217 150134 18072 16469 278436 132062 34331 97731 106347 9269 267488 32684 95465 22981 103137 17283
cat_boundaries=0 28 56 83 111 138 146 154 182 210 216 243 251 278 285 313 340 369 397 424 452 480 506 514 542
cat_threshold=4096 1048576 67108866 4325376 4 0 75534336 0 256 0 65 8404992 33554436 256 2048 65536 144 8224 134217728 0 32768 1024 64 0 268435456 0 0 16384 514 2147516416 65536 2147483648 4096 0 3221225504 2080 0 0 262144 0 524288 0 0 8192 570425600 4096 1048576 0 4096 2097152 0 2048 4194304 67616 2 536887428 1 262144 67108864 134217728 0 8 8192 2097152 526848 256 0 536870912 4096 256 0 0 0 16384 1 2621440 0 16384 1048592 67633152 1090519056 4198464 102760448 0 0 0 67108864 8388608 4224 0 262144 128 2101248 545259524 0 8196 0 65 33685504 65536 2097152 258 1049088 1073741889 4096 8388608 0 2097152 2097152 4096 67108864 134217728 269549568 294912 1073741824 4194304 1081360 0 0 33554432 32768 4 0 2147483652 2097152 4325376 2048 16384 160 524288 512 1073741824 0 2147487744 4198400 0 0 2147484160 90243078 41959424 67404544 4202496 539033603 2147762192 1073741835 132 201588944 570425952 640 68165632 541065344 2688565768 1074923529 8 262145 131076 0 0 1024 8389632 1048580 4194304 258 310378496 0 2097152 33554506 128 260 4 0 2048 0 4 0 0 0 0 2147483648 536907776 0 2048 4 0 2147614720 0 268435456 16777217 4194880 2 2 2415920264 16809984 0 294912 0 65536 0 8390656 67633152 1024 0 262144 0 1 16384 512 1048576 0 134217728 589824 268435456 1073741824 2281701376 606093313 2148008192 0 2097152 134217728 0 67239938 272630789 16777216 16896 268468224 67108864 8388608 0 0 5505152 2 4194816 0 270336 0 0 2147483777 0 262144 16384 0 0 524288 524736 2499809280 34220036 1704192 268451976 1074397512 16785408 32 536871936 4194304 4160 2228224 2149580800 1156 16 0 1073741824 16384 16384 131072 4 4194304 67109376 0 72 16777216 133120 0 1073742336 4194304 2147483648 4096 0 0 134217728 131072 805830656 1107296272 2315272788 2151973136 421659648 704645120 32 0 2147483650 0 0 16797696 524288 0 0 16928 8448 0 16777344 0 278528 1025 524288 0 160 0 5242880 528 1056 34603264 0 134217728 0 2 0 0 128 70254592 0 0 0 0 0 4194304 83886082 4096 1048576 40 36864 0 8192 524290 0 0 512 536870912 8454208 0 137887744 1073742337 1153 1024 0 8388608 0 16384 0 0 1048576 2147500032 0 2048 16793600 262144 0 0 3221225536 32768 16640 131072 67141632 2048 0 135299072 65538 134217730 16384 201326593 0 1 36 0 0 67712 262208 17825792 570425352 16778240 0 8 268435456 2097152 2684356608 67108880 0 1048576 268435456 272629760 0 0 536870912 0 134217728 4194304 0 0 0 131072 1 262656 2097280 134217728 0 32 262144 0 2097220 4 2147483650 4194304 69632 0 524288 0 393218 0 138412032 0 0 16512 2 67117184 0 0 129 0 4194304 1073742080 32768 16777218 0 17 536870928 268435456 0 2164260928 2359296 0 0 570949664 262146 266244 0 0 8519680 0 0 536870912 0 0 0 262144 32800 393376 0 2 33554432 0 261 0 268435456 2 134217728 0 512 8192 526400 17408 268435456 64 0 292 6400 134217728 16777216 0 0 4096 8 0 33554432 8388608 33554432 268435456 67108864 32 0 0 1074004224 0 524288 17408 8192 128 0 262146 12616192 134217728 8389632 536870912 8192 2048 4608 0 536871938 524288 2147483648 4278272 268976384 3791917064 33554433 1107689491 268435456 184553474 129 2048 16384 131072 1077936128 128 67174400 0 67108868 0 67141648 0 512 2147483648 1056784 2 128 1024 2416083040 67108928 0 0 0 8 256 0 0 0 8
is_linear=0
shrinkage=0.05


Tree=90
num_leaves=31
num_cat=26
split_feature=37 28 37 37 36 37 36 37 36 36 36 28 36 36 37 36 37 36 32 36 19 37 36 36 36 36 36 36 36 36
split_gain=51.4718 44.7794 91.6941 67.3484 62.7087 45.4618 55.0361 45.1289 46.8198 43.8689 43.6636 41.9195 41.6638 39.083 39.6553 37.7455 35.6332 36.4547 35.1011 33.6671 32.0802 60.6029 49.8942 39.2558 35.7802 35.065 30.7348 29.6177 29.488 27.8893
threshold=0 0.8980313539505006 1 2 3 4 5 6 7 8 9 0.50099998712539684 10 11 12 13 14 15 20.32499980926514 16 1.1129159927368166 17 18 19 20 21 22 23 24 25
decision_type=9 2 9 9 9 9 9 9 9 9 9 2 9 9 9 9 9 9 2 9 2 9 9 9 9 9 9 9 9 9
left_child=11 2 4 9 -2 6 -4 19 -9 -3 -7 -1 -8 -12 -15 -10 17 -17 -14 -5 23 24 -23 -18 -22 -24 -13 -6 -25 -27
right_child=1 3 5 7 27 10 12 8 15 -11 13 26 18 14 -16 16 20 -19 -20 -21 21 22 25 28 -26 29 -28 -29 -30 -31
leaf_value=0.022542611050882747 0.047273957262881999 0.0044542184124388212 -0.011438105916457476 0.0018308673325948739 -0.0050900757897474726 -0.005573191053853419 0.035062031981913419 -0.0040798195657521467 0.003238466284962441 -0.0083961313172458748 0.0056297438316376576 -0.011483985249060389 0.056478222870629563 -0.0075459306907242453 -8.837488920785953e-05 -0.0041115772661964095 -0.0043071530729729577 0.0028914979254961895 0.0053888438614243086 -0.0039877985008701716 0.01313261446621574 0.0053077891579362546 -0.0081944972118416209 -0.0037207575600506793 0.0014488257594750171 0.0029866931818661527 -0.0033218161154559031 0.010983801399078553 -3.8725929674313098e-05 -0.0025595130900063255
leaf_weight=915 1600 1849 1697 2864 1779 4478 1519 9521 14604 11645 6713 3447 956 2497 198699 3373 7135 24637 12267 14803 1474 3157 2623 9378 5392 3656 9139 7175 266659 70102
leaf_count=915 1600 1849 1697 2864 1779 4478 1519 9521 14604 11645 6713 3447 956 2497 198699 3373 7135 24637 12267 14803 1474 3157 2623 9378 5392 3656 9139 7175 266659 70102
internal_value=-0.000323076 -0.000263411 0.000289706 -0.000555785 0.00484382 7.94233e-05 0.0026117 -0.000448862 -0.000345103 -0.00403369 -0.000116703 -0.0033794 0.00359418 -1.13625e-05 -0.000136675 -0.00026498 -0.000356705 0.00136237 0.00268721 -0.00292383 -0.00048703 -0.00133036 -0.00171938 -0.000229718 0.00317362 -0.00197419 -0.00413323 0.00320413 -0.000134986 -0.00177141
internal_weight=705753 692252 239380 452872 10554 228826 16439 439378 421711 13494 212387 13501 14742 207909 201196 412190 397586 28010 13223 17667 369576 86404 79538 283172 6866 76381 12586 8954 276037 73758
internal_count=705753 692252 239380 452872 10554 228826 16439 439378 421711 13494 212387 13501 14742 207909 201196 412190 397586 28010 13223 17667 369576 86404 79538 283172 6866 76381 12586 8954 276037 73758
cat_boundaries=0 27 54 80 108 135 160 187 215 243 271 295 323 350 378 406 434 462 489 517 546 573 601 629 657 683 712
cat_threshold=134217728 536903744 32800 0 0 65536 0 1179776 32 0 0 2 32 134217728 0 1073741824 16777216 524800 4196352 1048705 33556480 0 128 1024 0 1074003968 872415232 4194340 8388608 0 2097152 537133056 16 64 0 2048 536870912 131072 0 0 0 8388608 256 1024 268435456 1048592 0 262304 67108870 2097152 4194304 42008576 2147549184 4 16 0 1048576 2 0 0 266240 134217728 2415919104 0 524288 32 0 0 0 272 0 164096 1048576 1112014848 262288 67109892 8200 0 16843008 4 0 2147483648 6208 4341792 131072 536870913 1077936128 134217728 0 32768 0 0 104857600 2147483648 8388608 65536 144 134217728 1048576 0 0 134217792 32 0 0 131072 0 16384 16 0 67108928 0 65568 134234112 2097152 2214592512 0 16 0 0 2147483656 256 0 2048 134217984 136480 0 0 0 20480 8192 0 4194560 16809984 532992 256 67108864 67108864 64 4718592 64 536870912 33554432 524288 67108864 1152 2097154 100663296 4194308 0 0 0 128 277088272 16785408 2048 0 262144 8448 1048576 4198432 8388608 67108866 33554440 262176 16 32768 2147483648 1057280 0 0 0 1024 8448 8388608 1048576 0 268435456 65536 136314880 1024 4098 0 4194304 8388608 16777216 1 0 1 2097184 4104 4194304 1048584 0 65538 64 0 524288 8 268533760 0 0 2415919104 327680 256 8200 256 2048 262160 0 128 0 0 4 33817088 8388608 0 65553 64 32 1 16777216 64 0 8192 201850880 4096 0 268437504 134218240 403185668 0 256 1032 0 128 0 0 0 1048576 4194304 0 65600 0 2147483648 0 32768 32 524288 262272 256 2048 16 33 1280 536870912 0 33554433 17041408 67108864 4194304 134217728 335544320 805306368 4 0 0 256 16388 32 65536 4096 0 0 0 36866 268435456 0 1 8389634 2147483776 0 2112 0 8421632 1664 134226944 2048 69747712 0 268435456 0 0 0 16384 0 256 67109888 18350112 0 16777216 0 100667536 1280 64 262144 0 0 16777216 0 0 268435456 8781828 1 0 528384 2048 0 131072 8192 0 4 1310720 8388608 268439552 268435456 335872 2 0 71303168 16 536870912 268435456 6144 805831680 0 1073741825 524304 16385 0 0 512 131072 0 0 0 0 64 0 65672 67108865 16384 65536 2097152 268435456 256 67108896 32804 67108864 4198400 2176 0 0 262144 1 3147776 545259520 0 2048 8192 0 0 0 0 272629760 67584 2 8192 2097154 4194304 16777216 2147483648 16777216 16384 64 65556 2048 536875008 262144 268959744 536871176 1107363840 524289 0 268435968 0 512 0 0 0 134217728 1073741824 0 0 0 1 0 4194304 0 0 131072 0 0 16384 142610432 0 8196 8320 2114560 0 1441808 16777232 131072 2228228 536871041 536870912 536870912 0 8 0 0 33554432 268435456 32 264 536879104 67117056 524288 8912896 536936448 32768 67108865 8194 16777256 1 32 21233664 33554432 2097280 0 0 0 0 0 1024 32768 0 16 0 0 0 536872960 8650753 8192 0 0 4352 72 256 0 0 270532608 4096 0 0 8388608 0 8390656 134217761 33554448 2147483648 4104 8192 0 0 2097152 4196417 65536 16842752 65536 4194304 1073745928 67108864 2147483648 65536 0 0 270336 0 16777216 0 272 8193 1048584 0 0 2155880458 0 0 512 1032 0 2 0 67109408 262144 16384 134217728 134217744 1073741832 65536 0 32768 0 0 1032 0 16777216 65536 1024 524289 16777216 0 0 272891904 132 32768 0 272662784 0 36175872 8 75497472 0 0 1 0 33554432 0 1090519040 8388608 0 2560 131328 0 8192 97 0 0 557188 33554432 0 0 4194304 528386 524288 128 2147483904 262160 1048577 65536 4096 32768 0 1048576 2147516416 4 0 1075839488 16384 128 0 0 64 0 2214592512 66560 320 0 2097152 33554432 0 18434 4456448 0 0 2147483713 0 1207959552 2162688 2147483648 264192 872415232 131072 0 0 138412033 0 0 2147483648 0 0 1 0 134258704 4 16777472 276824064 262144 0 0 0 1073741824 1181696 32 532480 4194304 528 32768 0 393216 0 1 32 4096 539066368 524288 0 134217728 128 64 2147485956 16777344 0 1073760276 0 33554432 4 132096 0 0 0 2 0 8192 64 64 16777248 0 268435472 1073741824 1 83886112 16384 2147483648 256 33554436 320 33554432 1073741840 2 2147516424 0 16 16 0 1090519040 0 2147483648 16 0 2050 2147483648 4608 0 0 0 68157572 0 2147483648 8 2080 0 268435744 0 0 545344 272629760 16512 0 1048576 1024 524288 0 2097152 0 131072 524288 8 0 536870912 3
is_linear=0
shrinkage=0.05


Tree=91
num_leaves=31
num_cat=27
split_feature=37 28 36 42 37 36 28 36 36 36 37 19 37 36 42 36 36 36 36 36 36 37 42 36 36 36 36 37 36 37
split_gain=51.9831 45.346 80.3089 47.2797 46.002 47.3555 43.2164 37.8666 37.6435 35.2438 35.1476 34.8719 64.1804 43.8471 43.6048 58.2931 41.0849 37.2067 36.1154 36.0466 32.8866 32.3044 35.2567 46.8167 35.2556 34.4639 31.0838 27.6449 25.5849 24.3129
threshold=0 0.6055000126361848 1 2 3 4 0.62549999356269848 5 6 7 8 1.1129159927368166 9 10 11 12 13 14 15 16 17 18 19 20 21 22 23 24 25 26
decision_type=9 2 9 9 9 9 2 9 9 9 9 2 9 9 9 9 9 9 9 9 9 9 9 9 9 9 9 9 9 9
left_child=6 2 -2 -4 20 10 -1 -5 -8 -7 -6 18 13 -13 15 -14 -16 -18 -11 -17 -3 -20 23 -23 -25 -24 -27 -19 -29 -28
right_child=1 4 3 7 5 9 8 -9 -10 11 -12 12 14 -15 16 19 17 27 21 -21 -22 22 25 24 -26 26 29 28 -30 -31
leaf_value=0.0020686305720475097 0.04270509378713358 0.002264600687728813 0.10601096956710165 -0.011137628254837169 0.0073448305110598274 -0.003376940029658887 -0.014424667770753831 0.0032566184439140611 -0.0037615312997313411 -0.0034522109556410774 0.0010036424993668414 0.021276925572396223 0.014794113879198321 0.0024229500573216822 0.0038623685682551523 -0.0083474278319337902 -0.007120861253423736 -0.0065300931244441258 -0.0028507550681406424 0.00052281840116606422 -0.003963651263206666 -0.0065134812525074097 0.0033951062747482638 0.0043384554424295068 -0.0010368953477062572 -0.002833942087028449 -0.0016135522139945264 -0.0061792584325430586 -0.0016652197831704713 0.00051376320602219137
leaf_weight=3916 1852 3341 567 1571 6503 11243 2672 11018 8500 11666 28257 1533 2414 7980 4072 2016 3499 4345 12045 30187 20740 3532 11695 3585 53273 12268 19631 3666 107323 310768
leaf_count=3916 1852 3341 567 1571 6503 11243 2672 11018 8500 11666 28257 1533 2414 7980 4072 2016 3499 4345 12045 30187 20740 3532 11695 3585 53273 12268 19631 3666 107323 310768
internal_value=-0.000313209 -0.000249746 0.00246852 0.00108985 -0.00031014 -0.00023079 -0.00321544 0.000447421 -0.00480175 -0.000332001 0.00156452 -0.000280467 -0.000895241 0.00309088 -0.00113611 0.000431371 -0.0015776 -0.00174693 -4.62695e-05 -0.000131542 -0.00245569 2.87893e-05 0.00010295 -0.00101364 -0.000666004 0.000293264 0.000202121 -0.0015924 -0.00143885 0.000293915
internal_weight=705678 690590 15008 13156 675582 651501 15088 12589 11172 616741 34760 605498 167035 9513 157522 34617 122905 118833 438463 32203 24081 426797 414752 60390 56858 354362 342667 115334 110989 330399
internal_count=705678 690590 15008 13156 675582 651501 15088 12589 11172 616741 34760 605498 167035 9513 157522 34617 122905 118833 438463 32203 24081 426797 414752 60390 56858 354362 342667 115334 110989 330399
cat_boundaries=0 27 54 59 86 114 141 168 197 224 249 275 283 311 339 367 395 423 451 475 483 511 538 563 590 615 642 669
cat_threshold=671088640 8388672 32 0 1024 0 0 1179776 2147483680 16384 0 2 0 143654928 0 1048576 16777216 524800 4194304 1179781 33554432 0 0 0 0 1073741824 805306496 1179648 2147483648 0 0 1073741824 8388608 1073741824 131072 8388864 536911872 0 67371008 33587200 32768 0 8454144 1 4327424 0 8192 0 1 262176 2097440 8192 0 2147483648 2048 0 131072 32 2050 0 0 32768 16777216 134217728 65536 4096 524288 268435456 0 1075314688 32768 0 524352 0 2048 0 1073774600 0 524288 0 67108866 17825792 1024 557907968 2147745796 100663296 1049088 1024 8519680 71303168 67112960 4259840 32 2080 128 4096 262144 0 0 262144 134217728 1048576 536871168 134221824 512 8192 0 0 0 0 268959744 0 20480 134217856 16 1073741824 0 0 0 0 4718592 33562688 0 0 16777216 33554432 4194304 268435456 134218784 83886148 738197510 32 536936448 4194304 1048576 0 8 2 0 131072 16777216 264192 872415232 0 0 16386 134217728 1050624 0 2147483648 0 0 1 0 134258688 4 16778240 268435456 0 0 0 0 1207959552 1181952 32 532480 4194304 528 0 0 2097154 4096 0 67108896 262144 0 2097152 134217728 0 268435464 1342308352 524288 0 524320 0 4194304 8192 16793600 2048 262144 4128 73728 2 2147483648 2147483776 33554432 1 2099216 0 0 67108864 4194306 268435456 537919488 0 1073741824 20 0 167772176 1207963904 1024 524288 64 0 0 9437184 1082130432 0 81920 0 0 32896 0 2052 262144 8704 16777232 8388608 262148 268451904 64 0 4194304 136318976 131072 0 0 16384 0 278592 134217761 16 32768 8 8192 4 0 1075838976 64 0 603979776 2147483904 1073741824 3146240 0 2099200 33554432 32800 16384 32 0 134217728 8388625 33554440 256 0 0 0 524288 131072 256 16 1048577 16 69648 16780298 1694498818 67437058 2147483648 73400577 1098924096 268566788 132 18 0 69632 0 131072 8192 1074266624 8393728 532512 8388608 8388608 16777216 0 4194308 2147483648 24576 50331652 16384 0 0 0 0 262144 16384 8192 0 512 4096 2550136832 8388608 0 0 8388608 0 2147483648 0 262144 0 134217744 65536 28 6176 32768 128 65536 32770 0 0 2147483650 73728 1048576 1048578 0 544 0 1048832 8 1048576 32768 4 0 3145984 65536 65666 520 0 0 0 553672832 4 8192 8 2147483648 0 134479872 0 16384 4 32768 32896 0 16384 0 32769 134217728 65545 0 512 0 0 2048 0 786432 0 2048 37814272 16 513 2147485704 0 65537 0 12 1024 2 0 4 524288 16777728 33619968 512 512 0 0 2147483648 0 20973600 1048576 0 256 262144 512 2147483664 0 0 0 16416 2751463424 1048576 0 2048 4 147456 16842752 32768 67272720 1073741824 0 8388608 262144 2048 8388608 0 0 65536 262144 4096 4325376 268435457 65536 268435472 32 512 0 0 0 2148007936 33554433 603979784 34603008 67108864 0 0 131328 4194304 1 16384 536875008 8519680 8192 0 0 262144 8 268435456 8389120 0 8388608 0 1072 33554432 33562624 67108864 134480016 134217728 131344 2147549184 8 8192 4 4 6291456 537150528 553714720 16803852 35422210 294912 134225923 2147485952 8 32 512 0 301989888 272695300 16 20 1024 134217728 32768 1073741856 34816 0 128 536871426 268705792 2 0 8388608 67108896 16777216 0 0 0 0 0 0 2 536936448 0 0 0 8519680 0 1073741824 144 0 536871040 64 1090519040 0 32 0 67109124 1048580 2415919104 1048576 18 513 0 0 4194304 2147483648 4194304 2129922 0 512 4 2147614720 268959744 0 72482818 32768 0 256 32 1024 8193 2214592512 128 131072 16448 0 0 12587008 0 2097152 2147532800 2147483648 1073741824 0 138412032 1073741824 0 0 0 0 1 69636 538968064 0 0 67174656 32 135168 4 0 2415919234 536936448 33554448 132096 0 4194304 538968066 134217728 0 2097152 1179648 2097152 262144 33554624 0 4194304 4194304 134479905 553648128 0 0 537133056 0 1025 0 0 4325376 65536 2097664 0 20971520 1 128 1056768 2 8192 606076928 0 0 4210688 16 8 0 75497472 256 1024 2147483648 2147483648 0 65600 2116 132096 0 8388608 138412032 131072 128 67108866 256 134217728 0 75497472 65536 0 1073741832 536936448 128 8388608 256 0 0 512 131074 134234113 512 0 256 0 256 33554432 33312 402653184 32 0 2097152 538054660 0 0 67584
is_linear=0
shrinkage=0.05


Tree=92
num_leaves=31
num_cat=25
split_feature=37 4 36 29 37 37 37 36 36 36 36 36 36 36 35 36 36 37 36 20 36 36 36 36 37 7 36 37 36 36
split_gain=45.6711 40.1059 52.9312 41.6994 68.1937 50.4462 46.9964 44.5507 42.4977 41.175 37.8865 37.5792 35.5987 32.2967 29.0151 28.4694 28.246 32.2641 27.4257 27.089 34.8464 26.589 26.4696 26.0418 28.036 26.5672 47.4128 33.7651 32.5318 32.4753
threshold=0 4.1912307739257821 1 1.0000000180025095e-35 2 3 4 5 6 7 8 9 10 11 0.67103970050811779 12 13 14 15 0.090684186667203917 16 17 18 19 20 0.59929713606834423 21 22 23 24
decision_type=9 2 9 2 9 9 9 9 9 9 9 9 9 9 2 9 9 9 9 2 9 9 9 9 9 2 9 9 9 9
left_child=14 3 -3 5 7 21 13 -5 -8 -6 -10 -11 -12 -7 -1 -4 -13 18 -18 20 -17 -2 -21 -14 -25 27 -27 -26 -29 -28
right_child=1 2 15 4 9 6 8 -9 10 11 12 16 23 -15 -16 19 17 -19 -20 22 -22 -23 -24 24 25 26 29 28 -30 -31
leaf_value=0.037813472991536791 0.0014638935313287292 0.041889204504460278 -0.016631457707602028 -0.0050013920389956543 0.0063453973820495786 -0.0081785031198499582 0.0030292829871526763 0.011077551204762859 -0.0043014078573866193 -0.0076425036946450049 -0.0033457321301331557 -0.0039402356617439975 0.001968195609744755 -0.0025869477167894117 -0.0053119239125538568 0.015631961437549923 -0.0033885354553646291 -3.3156964893445165e-05 0.0099242978566105866 0.032275021556722697 -0.016560918340829602 -0.0073677610078083438 0.006858768328319287 -0.0028393509037952626 0.0036897714323976595 0.0089284256419873038 -0.010641861905533427 0.003217604788039913 -0.00037686869315401025 -0.002395751683858742
leaf_weight=585 1538 3152 1699 1180 6273 2888 14243 6913 8253 3358 14789 6482 15577 18142 11537 1793 1674 221990 4845 2566 3973 6794 11620 13138 9125 3281 2122 8140 233662 63394
leaf_count=585 1538 3152 1699 1180 6273 2888 14243 6913 8253 3358 14789 6482 15577 18142 11537 1793 1674 221990 4845 2566 3973 6794 11620 13138 9125 3281 2122 8140 233662 63394
internal_value=-0.000323636 -0.000270352 0.00170386 -0.000343683 0.000162683 -0.000651972 -0.000572997 0.00467516 -0.000447457 1.3183e-05 -0.000550247 -9.214e-05 -0.000474068 -0.00287415 -0.00336479 0.000819984 -1.69679e-05 7.5431e-05 0.00353943 0.00135 -0.00153893 -0.00450078 0.0025252 -0.00037204 -0.000465568 -0.000372496 -0.00124295 -0.000133853 -0.000246575 -0.00153677
internal_weight=704726 692604 24803 667801 252715 415086 406754 8093 385724 244622 371481 238349 363228 21030 12122 21651 234991 228509 6519 19952 5766 8332 14186 348439 332862 319724 68797 250927 241802 65516
internal_count=704726 692604 24803 667801 252715 415086 406754 8093 385724 244622 371481 238349 363228 21030 12122 21651 234991 228509 6519 19952 5766 8332 14186 348439 332862 319724 68797 250927 241802 65516
cat_boundaries=0 27 55 82 108 134 162 190 218 247 275 303 330 359 386 412 440 468 496 522 550 575 602 630 658 685
cat_threshold=134217728 536870976 32 0 0 65536 0 135266432 538968096 0 2048 35 32 143654912 0 1073741824 16777216 524800 0 1048705 0 4 0 0 0 1073741824 872415744 131072 2155872266 1024 268435456 11141124 512 32 0 0 67110016 8388608 0 1048584 0 0 65536 0 8388608 0 0 4096 64 0 16384 8192 4200448 2 4100 4 32 64 2097152 262176 536870912 68 0 0 134217728 131072 0 520 1107296512 4202496 262144 0 4128 1048576 134217728 32 67108928 3145728 0 8388608 2147483648 4 32 0 1048576 2 5120 536870912 8192 8388608 268435456 0 524288 32784 262144 16640 4112 16 0 8552448 0 38273024 16 67108864 8 4195328 0 262156 268439552 1073741824 67108992 0 288 16 262144 0 8192 256 131072 2048 1024 532480 0 1050624 8192 4096 1048608 136314884 128 64 8192 4 8454144 16777216 144 0 0 0 524544 524288 2138112 1024 2 36 0 0 33554432 16777216 1064992 2064 0 268435456 1048580 1179652 536872960 32768 0 2 0 0 0 1 0 0 4096 16777217 8388608 536870912 0 40 1073741824 0 2176 134217728 16777216 272892160 268435973 16779264 0 0 1050624 0 0 0 0 131072 271122688 0 2 67108864 4194304 0 1024 268435456 135266304 12591104 0 1048576 1048576 2147483648 537133312 0 0 4 1048576 131072 270532609 0 1024 0 524288 67125256 1048576 2048 0 0 526340 135266304 0 513 2097152 1342181384 0 67141664 1 16512 8 0 524288 65544 268533760 0 262144 0 65536 256 8192 1073741824 1024 16777232 0 1024 0 33554432 0 1048576 1 0 2147614720 130 32768 0 0 0 2097152 2105344 0 0 0 0 4096 9 17039360 128 2147483648 671352832 0 131074 0 536870912 524288 2098432 540672 2148532226 65536 4194304 402653184 0 8388608 4194304 20185088 262148 65536 263232 33554432 132096 0 67108864 524288 0 268566528 262144 262144 4 32768 2048 0 4096 67108992 0 0 4 512 4096 8 20480 1107296288 4224 268441664 0 4202560 0 256 268468256 536870920 16 0 16384 262144 0 32 8388624 0 16777216 0 536870912 8192 0 0 262144 545259520 1040 0 33554468 2048 0 0 32768 131072 512 73728 85991424 1077936128 0 16 525568 1 0 65536 0 0 1 0 2 0 16384 0 536870920 2 0 68157440 0 8192 0 16 128 8 4096 16 66592 4202497 524288 0 2048 2097156 134217728 67108864 268501248 0 1048576 270532608 4210944 0 0 65536 2097216 32 8388608 524288 0 545259520 2097152 35651584 8454144 0 1073741824 0 536870912 0 2147485184 0 0 536870912 268435456 2147516416 524288 1073774592 16384 33554440 4194308 33620224 12 0 0 2147495936 4194881 131073 128 0 0 0 142606336 0 2097152 1073743872 0 32 1074790401 1024 131080 1048576 100663296 2147483648 0 131072 536870928 0 8192 0 33558528 1048608 1048576 133138 0 1081344 139585 1048704 8388610 384 8388608 0 0 2105344 0 0 0 8388736 10240 1048576 1048576 0 0 0 0 2147483664 0 0 1073741824 65536 0 134217728 268435584 1074266112 268435464 6144 64 0 139264 0 4096 0 33563136 32 1073741824 1048576 33024 603979776 33554432 128 0 16 16777216 532480 32 0 65536 0 67125248 0 0 4288 155189248 1627390208 0 0 16777216 536870913 16384 33570816 2048 1048640 402653184 8388608 134217728 1024 131076 0 0 0 1024 0 64 1049088 4227072 65536 128 83886096 65536 1073741824 0 67110912 4352 262180 0 0 32784 1073741824 34603008 0 0 1073742336 134217728 1048576 0 0 1048576 0 65536 16385 8192 16512 8388608 1073741833 0 134479872 131072 268435464 2147483648 2 0 32768 0 2147483648 0 46137344 768 0 65792 2147483648 1073741824 33554432 0 1048582 404750336 33554432 2147483649 0 65 0 2147483776 0 16384 4194304 262 1048576 67108864 64 134217728 67108864 0 1073742849 536870912 268443648 1024 8448 67108864 2129920 0 0 16384 512 2048 16 32768 268435984 196 553648128 0 131072 0 16793600 2147483712 4096 268959744 536870912 0 1025 0 8388608 0 8405504 8388608 0 4194304 134217856 1048576 0 0 524288 1 2 8192 260 0 258 268435456 128 262144 0 4210688 65536 536879104 0 8 64 512 41943552 0 64 2147483648 262176 1073741824 2048 0 1024 536870912 0 1073741837 0 0 16384 0 64 2048 67174408 8388608 32 134225921 0 0 8388673 0 0 0 2097152 34734080 131072 16384 32 0 8651008 33028 134217736 0 67112960
is_linear=0
shrinkage=0.05


Tree=93
num_leaves=31
num_cat=28
split_feature=37 36 37 36 42 36 36 37 36 36 28 37 36 37 36 36 36 37 36 7 36 36 36 37 36 36 36 36 36 36
split_gain=43.1849 40.6747 37.6862 32.4371 34.454 52.9597 43.8007 33.6926 34.7005 33.7701 32.2457 92.1026 62.1423 47.7927 39.5074 39.3296 35.4478 32.1185 41.1145 37.4916 37.2852 35.4517 31.0664 29.8232 29.1301 28.9718 27.508 26.4131 26.1165 26.0658
threshold=0 1 2 3 4 5 6 7 8 9 0.78349998593330394 10 11 12 13 14 15 16 17 0.52618226408958446 18 19 20 21 22 23 24 25 26 27
decision_type=9 9 9 9 9 9 9 9 9 9 2 9 9 9 9 9 9 9 9 2 9 9 9 9 9 9 9 9 9 9
left_child=-1 2 -2 -3 5 -5 -7 8 -6 -9 11 15 -13 24 -14 -11 -15 18 -18 21 -21 -19 -22 -24 -12 -16 -23 -20 -28 -10
right_child=1 3 -4 4 7 6 -8 9 29 10 13 12 14 16 25 -17 17 19 27 20 22 26 23 -25 -26 -27 28 -29 -30 -31
leaf_value=-0.0042055518522487361 0.0075908306500230838 -0.0031836012912501016 0.00074989309065198186 0.012306146262011583 0.0062092097875039894 -0.0061761558777302106 0.00072624288532764376 -0.0032662548294612585 -0.0037081072933074833 -0.0028074515642901397 -0.0099505320523549032 0.012365972457761788 -0.0077095831585559885 -0.0033812297983128862 0.0070936241749714858 0.018566067308704689 0.0080899829263288009 -0.0034887580036954691 -0.0040085589989119069 0.0055391091490273039 -0.0087108818967887355 0.0037156002392234309 -0.0070238994457454519 -0.0022503217774751728 -0.0034865324323583636 -0.00052365897369942847 0.0019019802416172821 0.00091416277172997056 -0.0004984679069199333 0.0011904308098695084
leaf_weight=12626 6829 14903 27715 5964 4257 4711 101932 10858 3987 964 1872 2841 2597 11896 4320 3791 4586 7822 4244 3808 2262 5800 4493 66622 12968 56336 12355 36974 231106 34164
leaf_count=12626 6829 14903 27715 5964 4257 4711 101932 10858 3987 964 1872 2841 2597 11896 4320 3791 4586 7822 4244 3808 2262 5800 4493 66622 12968 56336 12355 36974 231106 34164
internal_value=-0.000314181 -0.00026135 0.00141079 -0.0003491 -0.000295669 0.000498699 0.000242021 -0.000464158 0.000887574 -0.00058152 -0.000518797 0.000465596 -1.85311e-05 -0.00069025 -0.000343995 0.00717845 -0.000584725 -0.000500549 0.000741024 -0.000670697 -0.00163712 -0.000380566 -0.0018874 -0.00170314 -0.00347451 -8.48896e-05 -0.000276455 0.000240729 -0.000357587 0.000409111
internal_weight=705603 692977 34544 658433 643530 112607 106643 530923 42408 488515 477657 70849 66094 406808 63253 4755 391968 380072 45804 334268 77185 257083 73377 71115 14840 60656 249261 41218 243461 38151
internal_count=705603 692977 34544 658433 643530 112607 106643 530923 42408 488515 477657 70849 66094 406808 63253 4755 391968 380072 45804 334268 77185 257083 73377 71115 14840 60656 249261 41218 243461 38151
cat_boundaries=0 27 55 82 111 119 145 174 199 225 252 279 306 333 361 387 415 442 470 497 523 551 577 601 628 655 681 708 735
cat_threshold=134217728 64 32 33554432 0 0 4096 1048704 32 2147484160 2048 18 32 134480128 0 0 16777216 655360 2080 1048705 33816704 4 0 0 0 1073741824 805306368 0 2147483648 8388608 2153775104 67633152 4194304 32 2080 0 135168 0 16384 134217728 295168 134217728 1048576 536870912 0 0 0 4096 2162688 0 0 2151677952 2080 17410 4 144 2147483648 536870976 69206024 4194306 0 67108864 0 2048 4112 0 138412032 1207963648 33554432 524288 0 1024 0 8196 0 0 67585 0 0 32897 0 34816 0 512 2097152 4096 0 32 262144 65536 0 2 131072 1032 1342177280 0 133120 16 0 4194576 4259840 268435456 133120 262144 4 32768 0 16384 2147484032 33554432 1 21495812 2148794498 67439104 4194948 2218852609 16777248 538968096 38 2147876865 1048576 131074 128 8392704 65536 524288 0 0 1152 0 33554432 33554432 268435456 512 335872 269500416 4096 67108864 256 0 1048576 16 16384 1 4096 0 2097156 0 4 4227072 8388608 0 1048576 262144 33554432 1074266112 65536 256 8388608 537133090 536870912 1140850688 1024 2684356608 1024 1024 0 4096 0 2097152 0 4096 2147483648 2 2048 0 16781312 2147483648 536936448 16448 64 65540 1073807360 612368384 0 65536 536871168 0 256 65536 8404992 268435488 32768 0 67108864 4194304 1 1074790400 256 2 2105348 0 0 1092616192 8388608 16 8192 4195073 0 268697728 32768 1050624 41943040 0 2 262144 525312 536870912 4194304 4194560 0 1073741824 0 0 536870912 134217728 0 320 0 32 0 0 0 4096 671088640 0 33554432 2147483776 285212672 2147483648 0 327680 0 8654864 83886085 16384 297795584 0 536870912 2 4 1048576 65570 2214592512 603979840 2097152 2 16777216 0 134217728 268443648 0 0 0 134217728 64 276824064 0 8 1024 16777232 203423744 32 67112960 0 0 98304 2147483648 67108864 286588928 0 0 0 1074855960 545260544 134217728 67108866 0 524288 0 4 34816 0 0 0 16777217 8398848 0 1048592 4194304 4096 1536 0 0 0 524288 32 2147483648 2 4 4096 0 8192 134348800 2420113408 0 524288 33587200 0 4096 8388608 1313408 0 8388608 0 134742016 16 67108864 1048576 0 65536 4 117440512 0 268437504 131074 768 268468224 0 0 0 4325376 0 134217736 2048 536870912 2147483648 1024 16779264 4196416 0 67239936 0 269484544 0 1048576 16384 512 0 65 65536 130 0 139264 0 4 514 33579008 138412032 524298 0 536871040 0 33554432 67108864 16384 2155888640 0 32 1048580 0 0 0 8 9218 0 32768 8388608 2097160 33570848 33554472 0 262152 0 2 64 4 0 262144 32770 65536 262144 0 16512 524288 0 0 83886080 0 1073741920 8192 0 34603008 512 262144 524288 268435456 64 67108994 262146 1073741832 25165834 0 0 134504656 0 0 524288 33556480 524288 0 536872961 0 0 0 4194304 0 512 0 0 65536 2097152 4194304 0 4096 65 131072 64 8 0 0 524288 8454144 0 32 0 604504064 1073759232 301989892 34614272 1048576 147456 0 32768 0 0 4096 0 32768 4096 16 2 133120 524288 0 257 0 0 0 16 16777216 1050626 0 67641344 16777988 33554464 134218242 268435456 3072 0 128 1024 1048576 0 0 0 67110912 0 65536 0 268435456 144 16 16384 0 0 33554432 2048 4194304 16384 528385 268959744 263232 134217734 8404992 0 4210704 0 17408 0 65536 1073741824 2281701376 65536 1048576 536870912 2 16777216 1073742336 65538 0 1075839488 1048576 1 32768 16793601 0 8192 131072 1073741824 1048576 0 131072 268435456 0 524544 0 268443648 3221225473 0 268435456 536870976 0 1611661312 541065216 256 2097152 0 0 8196 131072 2 0 0 0 33554560 0 8 2195472 4194816 268435456 1073742848 0 33591424 8192 0 537919488 1073872896 1610612736 4 1073743872 4200448 142608896 524304 262144 0 0 0 4 33554432 1082130448 16386 0 16777216 545260680 0 0 0 64 0 131072 0 0 2214659072 33554432 0 1065088 1073742848 17039360 268435714 16777216 0 32 4194304 0 0 0 0 134235144 0 8224 0 67108864 0 131088 8200 1 4096 0 0 536936448 2048 0 512 268443648 0 1073741840 0 0 0 524352 16 0 4096 0 0 68157440 256 268435969 1073742336 6144 0 270532624 1073750025 1073741857 2147614720 679477248 32768 1024 1107296256 17825792 536870912 0 0 0 2130000 0 2097152 0 4096 8457 1 0 131072 66816 0 67108992 4112 0 0 1073741824 2048 8196 0 67108868 36928 0 0 40960 1 268525568 2 1610743808 4194304 1048608 1073741824 0 8389632 0 131072 0 0 4096 1024 2048 16842752 0 262144 67588 0 2147614848 32768 32 0 0 268435456 2147483648 16384 2147484672 1048704 16384 0 1296 2684354568 4259844 0 0 512 0 0 75497472 256 0 8 2097216
is_linear=0
shrinkage=0.05


Tree=94
num_leaves=31
num_cat=25
split_feature=37 28 36 37 36 36 28 8 6 36 36 6 36 36 36 36 36 36 37 37 36 42 42 36 36 36 37 36 37 36
split_gain=44.134 35.6573 64.5871 36.1358 35.7166 34.0823 33.0476 31.7546 57.8978 46.2945 42.413 40.9736 49.8762 43.0168 40.2181 39.7867 39.3003 39.0914 34.2363 33.5542 30.9739 29.2462 28.2624 45.9689 31.0224 28.2084 28.0081 30.3085 27.4363 26.5989
threshold=0 0.57150000333786022 1 2 3 4 0.50099998712539684 0.49368855357170111 1.8243045806884768 5 6 0.68294227123260509 7 8 9 10 11 12 13 14 15 16 17 18 19 20 21 22 23 24
decision_type=9 2 9 9 9 9 2 2 2 9 9 2 9 9 9 9 9 9 9 9 9 9 9 9 9 9 9 9 9 9
left_child=6 2 -2 5 28 -3 -1 11 10 -10 -9 12 -6 -13 -12 -14 -11 -15 -19 -16 -8 -4 23 -21 -24 -17 -20 -28 -5 -25
right_child=1 3 21 4 7 -7 20 8 9 16 14 13 15 17 19 25 -18 18 26 22 -22 -23 24 29 -26 -27 27 -29 -30 -31
leaf_value=0.018666886458992116 0.052179041581701037 0.0019058982850344798 0.17596194537844109 -0.0025269150301553845 0.0057844745883648303 -0.0036051232206532058 -0.01032166503292003 -0.0084523172589288879 -0.014646072739298528 0.012079184657167653 0.0048296299789077068 -0.0048735188438454383 -0.0050040092381313066 0.0065906086939452107 -0.0072220478911826022 0.0033001459981376216 0.00044624481399189732 0.0050645931045108844 -0.0040281308439843342 0.012496370280247655 -0.0029445990662652745 0.00059177592557352614 0.0037255357812542855 -0.0075772813039654587 -0.0022690121338958106 -0.00069793781342962361 0.0043619747546309933 0.00036080212551553581 0.0028801152370933752 0.0006219325525242237
leaf_weight=963 1766 4461 406 4534 3169 20659 3481 2913 2027 6240 4091 4280 5052 4308 4468 4772 82715 6839 4389 2467 9473 8578 4865 2180 128608 142318 6505 185363 27259 16689
leaf_count=963 1766 4461 406 4534 3169 20659 3481 2913 2027 6240 4091 4280 5052 4308 4468 4772 82715 6839 4389 2467 9473 8578 4865 2180 128608 142318 6505 185363 27259 16689
internal_value=-0.000269219 -0.000213117 0.00264394 -0.000258213 -0.00018693 -0.0021189 -0.00305589 -0.000270196 -0.000696123 0.000317917 -0.00125096 2.83722e-05 -0.000588412 0.000480903 -0.00114397 -0.000717863 0.000488529 0.000583372 0.000483243 -0.00126979 -0.0037225 0.000917176 -0.00114625 0.000543402 -0.00141637 -0.000567807 0.000361941 0.000452368 0.00144754 -0.000297272
internal_weight=705838 691921 10750 681171 656051 25120 13917 624258 257263 90982 166281 366995 155311 211684 163368 152142 88955 207404 203096 159277 12954 8984 154809 21336 133473 147090 196257 191868 31793 18869
internal_count=705838 691921 10750 681171 656051 25120 13917 624258 257263 90982 166281 366995 155311 211684 163368 152142 88955 207404 203096 159277 12954 8984 154809 21336 133473 147090 196257 191868 31793 18869
cat_boundaries=0 27 55 82 110 136 163 192 220 246 268 295 321 349 376 402 430 435 443 471 499 527 553 581 608 636
cat_threshold=134348800 64 16416 0 0 0 0 1048704 32 0 1090519040 3 32 142606336 0 67108864 16777216 655872 0 1179777 50331648 0 0 0 0 1074003968 872415360 131072 2147483648 0 0 1073741824 8388616 10240 133120 1 536911872 0 67108864 33554432 32772 2097152 8454144 2147483649 2048 0 8192 4096 0 262176 32 8192 0 2147483648 4 0 0 1073741824 33554432 1152 0 134217728 655360 268435456 0 1310720 32768 0 528448 134217728 0 0 1610645504 0 0 12582912 4 17825792 541066240 20971520 2181038084 33554432 268435968 0 65536 2 67108864 4194304 1073741824 6144 0 4096 262144 0 0 8192 524288 2 857735168 4096 1024 8192 0 2048 0 1048576 524288 67616 36864 67108992 67108874 8388612 0 2048 1073741824 0 4160 4325376 129 65552 16 32 0 1073741824 0 0 2149056512 33689601 536871944 0 0 4104 0 0 0 131072 4325376 0 0 32 0 524292 2048 1073741824 0 0 134225920 4 16 8388644 262152 0 1073742848 0 65540 2147483648 0 268435712 4 66 1024 2181054468 2147483648 8388608 0 0 1156 0 1073741856 67108864 2097152 2097152 1048576 81920 0 1 16384 0 196612 2147483648 336592896 0 536870912 2 67108864 536875296 64 0 0 8388608 268435456 1 1048576 4194304 0 65536 512 0 514 2097152 2097152 0 0 256 8390664 1 1073807360 147456 272 1024 2560 512 262400 0 2147483648 0 134217728 0 16 402653216 524288 4194304 0 268959744 0 134217728 2147483648 16384 0 33554434 133120 8 16384 0 36864 131072 131072 2155872256 134217744 536871680 134219776 32768 4112 8192 2097152 2097152 1073741824 6292481 8192 0 8391680 1 2048 80 0 0 201326720 0 65568 0 16797700 50331648 65536 32832 64 2 134217728 264 2147483648 512 35651586 0 0 0 268500992 10 131328 671088640 128 2147484672 67108864 2048 16640 536907776 128 4210688 68157440 0 0 16777216 8 0 0 0 2147483648 0 65538 68 4210820 33554432 65536 4194304 0 2 128 8388624 2097152 0 0 0 66560 16516 268435584 67108864 8388608 4194304 64 16 16400 0 4198400 33554433 256 0 16777824 268500992 16777216 0 33554432 0 4195328 73728 16384 1 268435488 1048608 128 0 128 83886080 2147483648 512 1073741824 32768 0 0 0 131072 2147500032 2 0 4 671088640 536903680 0 16777216 0 1073750018 536871232 2148007936 131072 1048576 1073742080 1168 536887296 262400 268435456 2147484160 0 0 0 0 0 16 1024 8192 1 0 0 128 134479888 2097160 4194304 0 4194816 32 524288 16400 512 1050624 128 0 8 2101248 4196864 0 1074037760 2 0 0 33554432 32832 264192 872415232 0 0 0 671088644 0 0 2147483648 0 0 1 0 134258706 4 16777216 276824064 0 0 0 0 1073741824 1181696 32 532480 4227072 528 2129920 0 0 0 32 2050 134218760 3919183936 268439586 3221225472 2149584928 268435488 541233152 129 131072 8448 0 134283264 131072 134225922 544 160 1073742336 524288 524288 8 0 2048 2147550208 1064960 516 1 0 0 0 0 512 1 8192 0 0 12288 536870912 0 1073745921 0 0 256 0 0 4224 2097216 1073741832 33554498 0 67108864 138412032 576 0 0 1610612736 0 262144 18891264 0 16777216 1073741824 0 33556480 1179648 0 0 1048576 67110912 2 256 32768 32 1 2147483648 2048 0 2 16 1024 1073807360 8388608 4 0 671088640 512 1073741952 5121 2064 262144 0 67371008 264 262176 0 0 0 16777216 8 67125256 0 0 4096 32769 134217744 2147483648 34619392 8912896 8388608 134217728 35651584 36898 0 268435456 131072 4 4096 536870912 16777216 68157504 0 8388608 0 150994944 2097152 69704 32768 1050640 134217728 1073741824 1073872896 0 8 0 0 2560 134217736 8192 0 5 65536 64 32768 8192 0 0 2097152 550764544 536870912 268435456 8192 16 2097152 1048576 1140850689 4 4096 2181038080 4194304 2147483648 2064 16 1 0 65536 0 4 0 1026 2 0 0 4195328 512 536870912 67108864 2248146944 0 134283266 2148532224 134479872 134217728 4096 1 0 0 16777216 4 512 8192 2048 0 256 0 262144 5120 0 536870912 2147483648 0 335544320 2181300224
is_linear=0
shrinkage=0.05


Tree=95
num_leaves=31
num_cat=27
split_feature=37 28 37 37 36 36 36 28 36 37 36 36 37 36 37 36 36 37 36 36 36 36 37 36 37 36 36 28 36 36
split_gain=47.0338 39.4181 48.9434 47.8785 45.2759 37.234 36.9416 36.0546 38.8003 33.6997 34.3098 30.6565 30.0352 29.9775 29.5438 34.5675 33.3977 29.1916 44.7915 33.6606 29.6156 27.931 27.4926 24.3274 24.1375 23.6543 23.0903 22.7763 60.8998 29.6416
threshold=0 0.99950000643730175 1 2 3 4 5 0.63940659165382396 6 7 8 9 10 11 12 13 14 15 16 17 18 19 20 21 22 23 24 0.9805000126361848 25 26
decision_type=9 2 9 9 9 9 9 2 9 9 9 9 9 9 9 9 9 9 9 9 9 9 9 9 9 9 9 2 9 9
left_child=7 2 4 -3 -2 -5 -4 24 -9 10 -7 -8 -13 -11 15 -15 -16 18 -18 -20 -19 22 -14 -17 -1 -22 -27 -23 -29 -30
right_child=1 3 6 5 -6 9 11 8 -10 13 -12 12 21 14 16 23 17 20 19 -21 25 27 -24 -25 -26 26 -28 28 29 -31
leaf_value=0.075476514063941541 0.037241474754718035 -0.006869326680044233 0.0051747421631182346 -0.0045527862488169797 0.0044912924435017935 -0.0055681982628514315 -0.0045972756694196816 -0.01357837081532485 -0.0035260710180141323 0.0032563333077707205 0.0049545683809787584 -0.0052663304730215148 0.011666251795994587 0.006235866381611538 -0.0045885502438117289 -0.0039061313318796199 0.0093110542397074753 -0.0046058819215484608 -0.0070822686264098728 0.00046768506262820922 0.0024781923668496298 -0.00013662486438162507 0.0014756208052997143 0.0007338608536339164 -5.5540540592757814e-05 0.0014405500441674046 -0.0012273915801538583 0.016860494317066554 -0.0076635052626029933 0.0020873291455977177
leaf_weight=303 1711 4593 10681 6224 6040 2549 5725 2491 9079 7652 13779 4142 3505 3982 6328 3060 3586 6185 2144 34208 5957 292992 10786 26690 3789 11270 199993 1246 1059 13914
leaf_count=303 1711 4593 10681 6224 6040 2549 5725 2491 9079 7652 13779 4142 3505 3982 6328 3060 3586 6185 2144 34208 5957 292992 10786 26690 3789 11270 199993 1246 1059 13914
internal_value=-0.000272775 -0.000211246 0.000159287 -0.000596687 0.00408561 -0.000526763 7.06997e-05 -0.00298124 -0.00440973 -0.000453849 0.00175959 -2.20844e-05 4.13545e-05 -0.000570096 -0.000648083 0.000746822 -0.000822589 -0.000736224 0.000508774 -1.78753e-05 -0.000958806 9.55912e-05 0.0022558 0.000160445 0.00105057 -0.000861525 -0.000949182 -4.32537e-06 0.00181951 0.000930159
internal_weight=705663 690001 351801 338200 7751 333607 344050 15662 11570 327383 16328 333369 327644 311055 303403 33732 269671 263343 39938 36352 223405 323502 14291 29750 4092 217220 211263 309211 16219 14973
internal_count=705663 690001 351801 338200 7751 333607 344050 15662 11570 327383 16328 333369 327644 311055 303403 33732 269671 263343 39938 36352 223405 323502 14291 29750 4092 217220 211263 309211 16219 14973
cat_boundaries=0 27 53 79 107 135 163 191 217 245 273 296 324 350 378 406 433 461 489 517 545 572 599 626 654 682 708 732
cat_threshold=134217728 64 33 0 0 134283264 4096 1179776 32 0 1073741824 0 0 134479876 0 1048832 16777216 524288 4194304 1048705 33554432 4096 0 1024 16777216 1073741824 872415360 4718596 0 64 16777216 0 0 0 25165824 2099712 134217728 2147483648 0 536870912 8 524288 0 268697600 268435456 536870912 524288 8320 67635204 150994944 0 8388608 2684354560 16 0 1048576 8388610 0 0 8192 0 2149597184 67108864 0 32800 263168 0 524304 1073741824 536870912 131072 536870912 170393600 16777344 67108868 8192 4194304 0 1310720 1048576 2147500032 2048 131076 4194312 512 8 0 0 2097152 8388640 32 33554432 0 0 65536 1610612736 2048 1024 0 0 32769 0 0 0 1082261504 16777216 4100 0 1 32 2291142664 0 8 4 0 1024 0 0 272695296 1073774848 0 0 64 0 272630016 8196 20480 33555456 0 256 1024 0 33554432 512 64 2147483648 0 67648 2147483680 135266816 0 0 17 1536 0 536870912 16793600 64 0 0 268435456 2147483648 266240 0 528384 528388 65536 0 2048 0 4194336 128 2097152 264192 872415232 0 0 16386 0 2048 0 2147483648 8 0 1 0 134258704 4 0 268435456 0 0 0 536870912 1207959552 1181952 32 532480 4194304 528 32768 0 2097152 17301520 20 65536 16384 64 33554436 2048 536891392 0 524288 4104 34603008 9217 0 512 0 49664 0 4194304 0 0 1074790400 0 4195328 0 8 1073741824 32768 131072 8388736 0 134217728 8519680 0 8396800 0 34603008 0 2490400 16777216 4325380 2097156 538968064 16 2304 8 0 0 0 0 4 262176 16384 2147483648 0 0 0 0 262144 0 2097156 0 2147551240 8192 1342185472 4096 4196360 524288 134217728 0 2048 0 134348800 0 2218790912 0 268436480 524288 256 98304 8650752 4456448 256 262160 4194306 0 1107296256 33554480 0 278528 0 786432 0 33554433 0 16384 4194304 66048 33288 0 0 2 36868 1 8192 0 2130432 1073742848 0 33554432 4194304 2 4210816 132 8519680 0 8 0 52953216 8388608 0 1048576 0 134217728 2147483648 0 0 2097152 196608 0 8448 2621440 4194304 256 134217728 2 2097216 0 65584 537919488 1346371588 6144 4259840 1073742080 2048 0 276889600 8388608 32 0 0 67108864 0 0 0 0 32800 0 1107312640 8388608 4194306 69206528 128 67108864 64 0 16814088 268697600 2 262160 46153728 805306368 1073741824 0 134217728 0 0 0 64 0 0 0 0 131072 524288 1073741952 16 0 1073741824 4194304 67143680 65536 262144 64 1024 524288 17039360 8 65536 1073741824 2147483648 1073741824 16400 128 0 0 268435456 0 1 262664 512 131076 32 0 268701696 1088 2147483648 20 1346371584 0 2048 65536 35717120 0 0 1572864 0 4352 16384 1025 1073741824 4 8388608 67584 2048 4096 0 0 16 4 2147483648 8404996 0 1 16777344 69632 1088 4096 131072 0 0 64 1048576 32768 270008320 0 0 135794688 524288 131072 67108864 2097152 16 2 268435456 134217728 0 1073741824 8388608 0 12360 32 2097152 512 524288 1024 0 0 268569600 0 64 0 278528 67108864 32 67239936 2214723584 134283264 0 0 0 0 0 3229614084 0 2097152 0 1090519040 2113664 2 0 2147746816 0 0 196608 0 0 1024 8192 8390656 67633152 67585 1152 8388608 0 83886080 0 65544 536870912 536870912 0 0 67108864 1 0 0 0 13631488 196608 25174016 2151694340 0 0 2147516416 32 65536 1 1073741824 0 1056768 1073741824 134234112 0 134217728 4194304 16777216 0 33558528 8192 8388608 2048 4096 2097168 0 1073745920 2101256 65536 268435456 135299072 67584 2 272 0 541065216 8388612 0 1048576 134217728 545259520 0 1048592 0 0 16384 0 0 64 16777220 8192 2147483648 335544320 65536 16640 2147483648 8388624 0 16384 0 1 1073741824 8192 2113536 0 135270400 0 33628224 0 262144 0 268435457 67108868 16 0 0 134225928 128 0 64 32 0 0 0 0 0 0 0 0 0 0 0 0 0 0 0 0 0 0 0 0 0 16777216 0 67108864 268435456 163840 32768 16512 8388608 536871040 32928 32768 1073743905 0 2304 8192 16777216 268435456 4 0 0 0 16777216 1024 512 8192 67108864 16 0 536870912 0 603979776 8192 2050 8 532484 268435520 4194304 0 2097184 8192 131072 8 0 0 303104 4096 0 256 0 132096 268437504 0 134219776 0 0 0 8388608 1058 32776 4 0 147456 134217856 67108868 134283264 66560 0 8192 9221 0 1048576 0 34603072 2155872256 1077937424 32 0 0 0 0 0 0 64 1074003968 4096 128 0 0 67108864 20971584 268435456 32768 4128 1073741856 142606336 1073741824 128 4 335544320 1024 0 75497472 67633152 132160 268435456 536870912 0 0 68173824
is_linear=0
shrinkage=0.05


Tree=96
num_leaves=31
num_cat=26
split_feature=3 8 6 36 36 36 36 37 36 36 37 36 37 36 37 36 36 35 36 36 36 36 37 36 36 42 36 36 36 37
split_gain=38.214 35.9748 62.7412 47.9413 44.488 41.1843 38.2991 39.4151 47.4686 37.1705 36.3141 33.1731 32.7859 32.1122 29.4904 29.797 28.9108 28.0606 59.5399 38.6816 27.4207 26.7969 26.7732 25.4721 24.8734 24.5337 29.8374 24.0908 23.3432 23.07
threshold=0.29736290872097021 0.44268003106117254 1.3490244746208193 0 1 2 3 4 5 6 7 8 9 10 11 12 13 0.96463149785995495 14 15 16 17 18 19 20 21 22 23 24 25
decision_type=2 2 2 9 9 9 9 9 9 9 9 9 9 9 9 9 9 2 9 9 9 9 9 9 9 9 9 9 9 9
left_child=11 5 4 -4 -3 -2 -6 8 -8 -5 -7 -1 -9 22 -11 -16 -14 18 -17 -20 -19 -15 -12 -21 -13 26 -22 -28 -18 -25
right_child=1 2 3 9 6 10 7 12 -10 14 13 24 16 21 15 17 28 20 19 23 25 -23 -24 29 -26 -27 27 -29 -30 -31
leaf_value=-0.009189173739601127 0.0046908353204362045 -0.0074924752194261007 0.01322798838027428 -0.010465052726670466 0.0050717450434523918 0.0044489099284769533 0.016701859070534432 -0.0070910467569279328 0.0005550360765653018 -0.0063611028242401731 0.010026259434123453 0.0052674932836358533 0.0025340462778778109 -0.0031550570696858684 -0.0071205437323372369 0.036280763403340612 -0.005941517481294044 -0.0087122195851635394 -0.013757806341245894 0.019508039261376675 -0.011512121644326124 -2.2296827077007699e-05 0.0016737037571923576 0.0090497051870574562 -0.0025100077420003144 0.0013286491991253925 0.007285858203484364 -0.0017481135205120873 -0.0017973203588045551 -0.0021712946215119047
leaf_weight=2096 6254 3539 6107 2387 3949 6224 1477 3668 7810 4793 1849 1086 5936 6204 4178 1960 4456 3609 1431 2392 2281 306136 9055 8483 22685 84906 3230 29436 150133 7639
leaf_count=2096 6254 3539 6107 2387 3949 6224 1477 3668 7810 4793 1849 1086 5936 6204 4178 1960 4456 3609 1431 2392 2281 306136 9055 8483 22685 84906 3230 29436 150133 7639
internal_value=-0.000285888 -0.000214084 -0.000573588 0.000138485 -0.0012143 0.00015407 -0.00110326 -0.00121418 0.00195338 -3.10235e-05 7.76984e-05 -0.00217209 -0.00139346 4.79498e-06 6.49502e-05 0.000188809 -0.00128639 0.000308592 0.0019578 0.00113688 1.59967e-05 -8.83621e-05 0.00267064 0.00175034 -0.00163727 0.000145477 -0.000969378 -0.000582214 -0.00141793 0.0010336
internal_weight=705389 679522 343800 162832 180968 335722 177429 173480 9287 156725 329468 25867 164193 323244 154338 149545 160525 145367 21905 19945 123462 312340 10904 18514 23771 119853 34947 32666 154589 16122
internal_count=705389 679522 343800 162832 180968 335722 177429 173480 9287 156725 329468 25867 164193 323244 154338 149545 160525 145367 21905 19945 123462 312340 10904 18514 23771 119853 34947 32666 154589 16122
cat_boundaries=0 28 56 84 112 138 166 195 221 248 275 303 331 359 387 414 441 468 495 522 550 578 586 614 642 670 697
cat_threshold=131072 2156920834 256 2415935492 524288 0 0 144 0 128 0 32 1024 67108864 0 1073807360 540676 268435456 67108864 67108864 67112960 1 0 0 2097152 4096 2 4 128 2148532224 64 128 0 1140851200 262144 0 4 32 0 1 1073774848 0 2 133124 0 1048576 288 0 16384 268435456 4356 4096 266240 1073741824 0 268435456 1048576 32800 67108864 18874368 0 0 1073741826 36864 2064 268517376 0 16384 8388616 8192 0 0 256 0 1051136 2147483648 512 1073807360 0 131072 0 75497472 67108864 32 0 512 0 134217728 41943040 0 0 0 32 131072 262144 33554432 0 16777216 16781312 8388608 536870912 0 1090584576 1107362306 128 16785408 0 8192 1074266112 69632 0 537919744 0 262144 67108865 0 0 16384 41975874 1 65536 0 8192 33555456 0 33554432 524296 259 671088928 0 0 2097160 0 16448 0 1073741840 0 4195328 1 0 4096 0 65538 0 16384 1077956640 1073742336 1024 524288 512 0 2048 0 2147483648 0 8192 2147483650 2097152 0 32768 8 1048832 0 0 16814080 2109440 0 0 1073741824 132128 0 0 65536 524288 2752512 0 0 0 2147483650 0 0 0 256 6291456 524288 512 32768 2147745792 131072 32770 262144 2189443072 1082130496 2147483648 2 0 538968064 16777216 134217744 553680896 2097152 0 0 16 1677721920 0 32768 4096 2148008192 536870912 1073741824 524288 131104 1610631168 2048 0 0 0 0 0 36 2147483648 2281701378 0 0 65536 8388617 68 0 0 134217728 2097152 8204 134217728 40978 2147483648 4096 262272 0 4 0 0 1073741888 8 32 0 2097152 268435968 536870917 0 0 0 32784 2097152 4194304 128 32 33554432 0 17 8388608 134217728 130 64 0 131080 541065728 0 0 2 32772 538968064 318767104 33554432 536870912 67108872 1024 4 67108866 0 512 131104 0 8388608 1074266112 0 1073872896 0 262192 536870912 16777344 10485760 0 131072 0 33554432 0 16384 0 4194560 536870912 278528 136314880 2097152 0 269516832 16 4194304 0 83886080 1048576 0 268435488 524288 0 8 2121 1073741824 1048576 0 557056 0 67108872 1024 0 4104 8192 0 2147483648 268435456 1 0 0 16384 134217728 0 0 0 1107296256 8388672 262144 0 1048576 536870928 0 67109896 76021760 64 0 553648128 2147549184 512 268437504 32768 536870912 268435456 67108868 2147483648 512 536870912 0 0 0 0 536870912 1024 524800 0 2097152 16777408 8392960 0 5376 134758529 0 0 131138 8388609 0 0 2097152 0 4194306 66560 0 4096 1073741824 0 0 0 4194304 4096 8413184 33554944 288 642 32800 16777216 536870912 32768 2 0 134226944 536870912 2048 0 1048576 0 1207959616 0 0 8192 8224 32768 8192 536871168 4096 8208 16384 64 537137152 536903684 32 8192 268436480 57344 0 1073741824 0 0 0 0 8651776 0 0 4 0 524289 524288 0 16777248 8390784 33 536870944 0 0 67108864 1 0 0 32768 65536 268435968 64 0 524288 64 1073807376 2148007936 1073750020 32 192 0 268697600 32 16777216 0 65536 134225920 65536 130 0 33554432 32768 0 2 256 0 131072 301989888 0 16777216 2048 2147483648 131072 16 1074008064 1073742081 0 16777472 0 8196 0 0 2148532748 69208064 0 603979776 2152202240 0 0 0 0 1342177280 0 2155872256 0 134217736 1088 33563648 8388608 0 0 0 75497472 4194336 65536 2 0 128 4195392 32768 264192 16384 1024 0 8388610 1 68157440 2 0 0 8388608 0 33554432 4195328 134217728 8 33554432 67134465 0 8388864 128 4096 1024 16384 0 0 1051648 4096 160 0 2147483648 128 335544322 1024 4096 17 4194304 2147483648 0 1073872898 17842176 1074006016 268435456 0 0 0 256 0 16384 0 0 1048576 16777216 0 262144 69632 1157 889716736 301999116 16395 2228224 269558080 16777250 130 0 16384 0 8396800 1 142868608 1073741824 32768 1048578 2114560 0 1024 33554432 4 2097152 17825792 0 16384 48 1 0 4195328 1 1024 0 65536 0 536870912 65536 0 69632 0 67239944 256 64 83886080 0 12288 0 32832 202377216 2147762176 512 134217728 1024 0 514 0 0 4096 0 0 0 32 8 67109120 8388608 0 16 1073741838 0 1072 0 16 167772160 0 0 4194304 50331680 1073758272 0 0 4096 0 2048 805306624 33554432 67108864 0 524544 0 2097156 0 32769 4194322 576 64 2215641344 536936464 2415919104 33280 0 65536 2097428 2147483648 536870912 0 0 0 0 536871424 0 1048592 0 0 0 0 2097152 32768 4 4
is_linear=0
shrinkage=0.05


Tree=97
num_leaves=31
num_cat=24
split_feature=37 22 37 36 31 32 37 36 36 37 37 22 30 33 36 37 42 36 36 36 36 36 42 36 36 36 37 36 36 37
split_gain=39.3425 33.6573 72.2474 62.842 62.1989 87.7184 96.6824 78.0391 72.4463 63.1501 59.2065 57.03 61.702 69.828 76.5412 73.5377 56.3183 54.5281 51.379 51.2379 51.143 50.9974 50.6013 49.933 43.1546 42.7928 42.5912 42.0308 41.1165 40.7609
threshold=0 5.5000000000000009 1 2 3.0408500432968144 21.974999427795414 3 4 5 6 7 1.5000000000000002 1.0000000180025095e-35 72.174999237060561 8 9 10 11 12 13 14 15 16 17 18 19 20 21 22 23
decision_type=9 2 9 9 2 2 9 9 9 9 9 2 2 2 9 9 9 9 9 9 9 9 9 9 9 9 9 9 9 9
left_child=-1 11 -3 -4 5 6 -5 -7 -8 -9 -10 12 13 14 -2 20 -14 -17 -6 -15 -16 -11 -19 -24 -12 -21 -23 -13 -28 -27
right_child=1 2 3 4 18 7 8 9 10 21 24 27 16 19 15 17 -18 22 -20 25 -22 26 23 -25 -26 29 28 -29 -30 -31
leaf_value=-0.004564634513527197 0.008944767142581642 0.026544827751193979 0.012645630849500626 0.024199368749741136 0.01020821007058419 0.017268912889641375 0.027855666963292558 0.011630847190041033 0.013646620426887773 -0.01188962336205758 0.014248808595451995 -0.004539104144656303 0.038791797257069972 -0.0084572141454938212 0.020373246298909176 -0.0061987385857353973 0.0058624972539741416 -0.004229229386618516 -0.0049019911909945774 0.0051838674194494873 0.0059995769552235959 -0.0084967410338184536 0.0070281258255157804 0.00072665390970911019 -0.0015923089080902204 -0.0057140345907003903 0.009812931773291976 -0.00080656119899373828 -0.0011820764603730481 -0.00065773084352701574
leaf_weight=10163 4724 5128 3062 2861 1541 2036 1173 4708 3191 1735 1092 9637 1074 2208 1229 2701 3681 7723 19286 2606 4773 2884 6103 69494 11162 3097 2042 387900 37356 89179
leaf_count=10163 4724 5128 3062 2861 1541 2036 1173 4708 3191 1735 1092 9637 1074 2208 1229 2701 3681 7723 19286 2606 4773 2884 6103 69494 11162 3097 2042 387900 37356 89179
internal_value=-0.000268603 -0.000223434 0.000629042 0.000313761 7.64455e-05 0.000788001 0.00364027 -0.000306578 0.00217241 -0.000708152 0.0012576 -0.000365378 0.000326547 0.000188495 0.00113917 0.000819942 0.00595301 0.0004462 -0.00232319 -0.000758824 0.00616581 -0.00129719 0.000673219 0.00106718 -0.000324093 -0.000583025 -0.000951103 -0.000711033 -0.00052082 -0.000761754
internal_weight=705549 695386 99257 94129 91067 70240 19479 50761 16618 48725 15445 596129 198592 193837 96747 92023 4755 86021 20827 97090 6002 44017 83320 75597 12254 94882 42282 397537 39398 92276
internal_count=705549 695386 99257 94129 91067 70240 19479 50761 16618 48725 15445 596129 198592 193837 96747 92023 4755 86021 20827 97090 6002 44017 83320 75597 12254 94882 42282 397537 39398 92276
cat_boundaries=0 27 52 80 106 134 162 189 216 243 270 277 306 332 358 385 413 421 449 477 505 532 559 586 613
cat_threshold=402653184 64 524320 0 0 16 0 1704064 2153775104 0 0 268435456 32 134479872 0 1073742080 16777216 524800 6291456 129 0 4 0 0 0 1074003968 872415232 4194320 0 1048576 64 0 0 0 41945616 1610639360 2101248 1073741824 134218768 1048576 0 2 0 0 0 25088 1048584 0 64 134217728 1048576 8388608 1025 0 65536 64 0 8192 0 0 512 0 264192 64 4194304 16777504 0 0 0 1048578 4194305 2097152 4227072 20 0 16777216 134217728 1077936192 524290 131204 8978432 512 0 69210112 128 0 18907392 536936448 2 67371136 2147483648 2048 0 33554432 0 65600 0 32776 65536 4096 65536 1024 4096 0 128 1024 512 0 8388608 0 4 0 402718752 50331650 65536 33554432 16777346 4096 294930 2148532228 0 0 270352 16384 134217728 0 33554432 8 0 0 0 0 2048 4096 5243392 8388608 0 132 2 4194309 512 2 4194304 0 268443648 0 1048576 4194304 536870912 1024 34603008 131072 68157440 0 256 1 0 0 4206592 0 0 536870912 0 4198400 64 536870930 0 268435520 2 134217728 0 2147516680 0 32768 8392704 0 16 262144 536870912 16 8388624 0 0 67108864 0 4194304 33619968 1114112 12 264192 67108864 603979904 5259520 16 3221225472 1082130432 0 0 16 0 0 0 1 0 1048704 0 8389632 4 1073741824 0 0 34816 8192 32768 536870912 2138112 1 0 0 33554432 8 65536 16384 33816576 0 304381952 8388608 2097152 8194 34304 0 2 8388608 0 2 1048580 1073741824 4096 0 4194304 2147483648 32768 327680 0 0 20544 256 0 538968064 1048576 16384 2576 67108864 0 0 1107296256 8413184 12582912 65536 268443656 4 0 2097152 0 2 0 2097152 33154 0 524288 589830 268435456 1107296256 2181038080 538984449 2165833984 16777218 0 0 536870913 0 2147500036 0 8192 512 512 16386 131072 1048576 1073741848 256 16 256 0 16384 134348928 0 0 0 32768 69730304 2 16 68157440 16384 1 67108864 134217729 1141374976 1090519296 2048 17408 2147483648 0 0 4198400 136314912 32768 8388608 33554432 0 0 671088640 0 2 0 67108866 2147483648 16 0 1073741824 67239936 524288 134217728 8 512 536871040 268435464 16777216 8192 8 4 16 268443648 0 525312 0 0 1075052544 4 65536 0 1073791490 0 0 256 1050624 134217728 1310978 2147483648 0 0 79691776 2048 1049600 8320 0 16777216 0 128 4 4456448 1048576 0 2359296 2097152 68157444 512 262144 1 1 0 0 0 32768 1048576 0 0 4096 131089 136314896 0 0 0 0 32 0 132 1024 167772224 84180992 140509184 32768 0 16 1073742848 0 2147483648 0 0 2147483656 4096 1610612736 201588929 33571328 33820800 8192 144 2956984840 1125259273 8 0 67108868 1024 2151678480 67174400 17024 655394 0 0 131072 0 524288 0 0 0 18432 512 2048 0 16777216 2147483648 1048577 0 32 0 4096 133120 1056768 4 0 142606336 1 25231488 134217984 0 148480 2 19922945 0 0 0 524288 33554432 0 872415232 33554433 0 0 16384 72 8 0 0 0 0 8192 1048576 0 8192 0 1073741824 2130176 0 0 128 4224 32772 768 138412032 8388608 64 50495488 8192 33554432 67109120 2080 0 0 0 1024 0 1073741824 268435456 67108864 2147942404 0 67125248 0 128 65536 1 0 32 0 0 2 0 8388929 4096 1048576 0 8 2 524288 65536 3 32768 536879104 0 35651584 129 0 262144 2097280 0 0 67141696 0 16384 131136 65540 0 4194312 540672 32 0 33554432 4112 0 4194304 1073758720 536870912 128 8404992 0 0 1073741824 2147483909 2048 536870916 1048576 524288 268435456 524288 40960 8921108 131072 384 0 2148532224 33554432 0 36864 65540 0 134217728 8389632 0 0 8388608 545259520 16 0 0 33554432 0 2147483648 0 64 0 0 268697856 0 4 2147516416 1 134348801 0 4368 1614807168 0 0 16 0 3147784 262144 1024 1048576 1073741828 805306368 0 512
is_linear=0
shrinkage=0.05


Tree=98
num_leaves=31
num_cat=26
split_feature=28 37 36 37 8 11 6 36 36 36 36 37 36 36 37 36 36 36 37 36 36 36 36 37 36 36 42 36 37 37
split_gain=37.0439 77.9071 75.5707 40.5043 31.4778 54.1298 46.4634 48.9686 44.8574 39.1096 39.0039 39.3909 42.8165 38.2029 37.4001 38.3117 33.0475 32.9773 31.7141 30.4705 29.7725 28.4902 28.3526 28.142 26.9623 26.0258 25.9227 27.9975 25.6341 25.3103
threshold=0.5965000092983247 0 1 2 0.46077805757522589 1.0857142806053164 0.68294227123260509 3 4 5 6 7 8 9 10 11 12 13 14 15 16 17 18 19 20 21 22 23 24 25
decision_type=2 9 9 9 2 2 2 9 9 9 9 9 9 9 9 9 9 9 9 9 9 9 9 9 9 9 9 9 9 9
left_child=2 19 -1 -4 6 10 8 -8 -3 -10 -6 12 -12 -7 -9 -16 -13 -15 -17 -2 -20 -11 -5 -18 -19 -25 -26 -28 -23 -27
right_child=1 4 3 22 5 13 7 14 9 21 11 16 -14 17 15 18 23 24 20 -21 -22 28 -24 25 26 29 27 -29 -30 -31
leaf_value=0.060488501537595746 -0.013537365046316819 0.0053388356713783619 0.053942000529668382 -0.0081458847516230788 -0.0075906871879499668 -0.011508237120669881 0.0062648204766818996 0.0056217536365594685 -0.0049979662266778357 0.0035571496636149324 0.017335699071712687 0.0046175726035455004 0.00040523815419681313 0.010596383577360969 -0.0055876744762201926 -0.0038127405836390158 -0.0072544706392495724 0.005834637543682953 0.0049501057205533772 -0.0047660171049803282 0.00041481596097083244 0.0030260381740215728 0.0021011689768415834 -0.0069712439596639371 -0.0028482073936787616 0.0012616625357677741 0.0088984149570039868 -5.7579988821154784e-05 -0.00077309350460508805 -0.0019359585295267408
leaf_weight=1814 2600 2809 1052 1934 3362 1970 4542 5815 4583 4444 1890 4319 7568 4487 3472 4059 3316 7776 6999 6764 177985 4139 10721 4223 20570 13420 8731 95343 147919 137350
leaf_count=1814 2600 2809 1052 1934 3362 1970 4542 5815 4583 4444 1890 4319 7568 4487 3472 4059 3316 7776 6999 6764 177985 4139 10721 4223 20570 13420 8731 95343 147919 137350
internal_value=-0.000261411 -0.000315715 0.0021542 0.000879319 -0.000253394 -0.000620574 6.12787e-05 0.000567104 -0.000564843 -0.00067421 -0.00120434 -0.00109982 0.00203559 0.000116919 0.000449352 0.000329891 -0.00128229 0.000216644 0.000425606 -0.00484267 0.000521636 -0.00054069 9.17811e-05 -0.00140009 7.36232e-05 -0.00130231 -0.000104689 0.000215929 -0.000656117 -0.00119362
internal_weight=705976 690455 15521 13707 681091 314325 366766 202872 163894 161085 175448 172086 9458 138877 198330 192515 162628 136907 189043 9364 184984 156502 12655 158309 132420 154993 124644 104074 152058 150770
internal_count=705976 690455 15521 13707 681091 314325 366766 202872 163894 161085 175448 172086 9458 138877 198330 192515 162628 136907 189043 9364 184984 156502 12655 158309 132420 154993 124644 104074 152058 150770
cat_boundaries=0 27 55 82 110 138 165 193 220 248 277 304 331 359 385 412 439 466 494 520 546 570 598 606 632 659 687
cat_threshold=0 64 32 0 0 0 4096 1572992 2097152 0 0 32768 0 134742016 0 0 16777216 524288 0 129 0 67108864 0 0 553648128 1074003972 905969664 262145 2147483648 0 0 1073741824 142606336 0 2147616768 130 536903680 0 67371008 33587200 0 2113536 1114113 0 2048 0 8192 0 1 262176 0 8192 32 2147485696 4 0 64 32 0 0 2147483648 0 0 0 0 0 0 0 64 0 0 0 0 0 0 32 0 0 0 0 2147483648 369098752 33554505 288 0 32 0 16777216 65536 301989896 32 4194304 8192 2147483648 1 0 0 536870912 512 33554560 67117056 2151677952 512 268500992 0 131072 0 0 131072 16385 1048576 1024 0 0 2 0 514 0 0 0 0 0 8 8193 1073741824 131072 41943312 0 512 671089152 33816832 0 8394753 0 134217728 32 67108880 402653216 2147483648 1049088 2 134217728 0 16777232 268500992 1026 1048576 0 128 2147484672 0 268437504 16640 36864 1152 16384 1157628032 0 0 0 0 0 268435456 0 10485760 65664 0 0 4224 0 1140850720 67371008 0 136314884 4 0 0 1107296257 0 0 131092 0 269484032 0 0 0 268697600 4098 524352 331776 0 0 1 272629760 262144 0 0 0 16384 33554432 16777220 0 69279744 0 167775264 0 0 268435464 257 536871169 1073741824 16388 2101248 0 2048 2097152 1073741824 0 0 4 512 67108864 536875008 0 128 0 1077936128 0 0 1081376 67108864 0 2097152 4456704 2164264960 25182218 1 4096 0 67108864 0 8 0 2 0 2162688 16777216 536870912 0 1 537395328 32 134217728 0 1 1073741824 2148007952 262144 0 0 66 0 8 1 0 524288 8192 35328 0 0 536871008 36866 0 4 1073741824 514 2 1 0 4 134217728 536969216 0 0 33554432 1073750018 536871232 2147483648 131072 4096 1073742144 144 16384 393216 32 512 6291456 0 0 0 0 16 0 16785408 4718592 0 0 268435456 0 0 0 0 528384 33554434 133120 8192 2415935488 0 36864 2148008448 0 2147483664 16 256 134217730 0 4096 0 0 33554464 66073 2147614720 1 73728 134218240 8390656 256 0 0 1048576 64 603979776 33554496 0 16777216 524296 0 536870912 32768 16777216 595968 0 16777216 0 0 524288 0 512 537919744 0 0 33554500 285212800 278528 67584 0 1 2 128 786432 0 32 301989888 134217728 65664 4 272760832 0 2097152 0 256 16 16384 16 6144 262176 8388608 0 0 0 8 16384 0 17825792 2101248 0 134742032 2281701376 1056768 134217728 1 134217728 33685504 32800 268435456 301989888 2 2 536870912 1 0 66048 262144 2751463424 0 0 0 671088640 16384 0 2147483648 16777216 0 201326593 1073741824 134258692 4 16777232 268435456 8 0 67108864 0 1073741824 1181696 32 532480 0 528 0 0 36 16 4 2097152 1094713448 299520 0 276828160 0 1073741824 0 8 0 17825792 0 4096 0 0 0 0 49152 64 1073750016 131072 8667136 0 4194304 0 16777232 1536 512 134217728 2101248 8388609 269090824 16416 0 8388608 0 66624 2097152 16777224 4 0 8192 0 1073741952 0 2048 0 0 1 67108864 16 1073741824 40 0 4194304 1 524288 8192 0 0 1090519040 0 0 268435456 201327648 50335808 738197504 0 536936448 8388608 1049600 132 0 2 0 4194304 537001984 0 4 262144 33024 2097152 4194304 0 4194400 33554432 0 17 8389120 33554432 130 67108864 0 8 541067776 0 0 34 0 8 306184192 33554432 2147483648 65536 8192 16384 77594624 128 18434 0 268435712 0 8388608 67109120 134217728 67125248 8388608 0 302006400 0 67112960 8912896 4194304 0 8 2147485696 41943040 0 67108864 0 1073807360 16 2 0 0 524320 65568 32768 256 16384 2147483936 2048 8388608 128 2048 4194304 16386 0 16640 0 0 1075855360 8388609 2147483648 1280 570425344 33628168 540713 572522498 1418732736 84021280 32 0 4194304 0 0 17436672 1 5775360 32 1073741952 25165824 192 0 8192 0 268435970 1056768 10486272 68165632 0 1048576 0 0 512 0 0 4194304 2162688 0 0 16 150994944 0 2 16777232 8208 277086224 0 0 8912896 16896 671088896 67108864 0 2232320 4194304 0 301989888 0 0 8 0 16777232 16 4 8392704 262160 603979780 537001986 0 16809984 32 1048576 0 4202496 0 167780352 0 524288 2 134218272 0 0 8 0 16384 1 8208 65536 0 0 1
is_linear=0
shrinkage=0.05


Tree=99
num_leaves=31
num_cat=27
split_feature=37 28 37 37 36 37 36 37 30 36 36 36 36 37 36 36 19 37 36 42 36 42 36 36 36 36 36 36 36 36
split_gain=37.6748 35.2761 67.151 61.2985 54.2205 47.1026 38.6774 38.4918 54.1536 57.4284 48.2748 34.6581 34.1295 33.8076 34.4689 32.6183 30.2571 60.4182 47.8885 34.0622 45.8739 33.5252 48.8319 33.4121 30.5207 30.1034 29.254 27.5891 26.2728 26.0229
threshold=0 0.91275000572204601 1 2 3 4 5 6 1.0000000180025095e-35 7 8 9 10 11 12 13 1.1129159927368166 14 15 16 17 18 19 20 21 22 23 24 25 26
decision_type=9 2 9 9 9 9 9 9 2 9 9 9 9 9 9 9 2 9 9 9 9 9 9 9 9 9 9 9 9 9
left_child=-1 2 4 28 -2 6 -5 8 9 -4 -10 -7 -9 -14 -15 -11 19 -18 -19 20 -13 22 -20 -21 -25 -23 -22 -16 -3 -6
right_child=1 3 7 5 29 11 -8 12 10 15 -12 16 13 14 27 -17 17 18 21 23 26 25 -24 24 -26 -27 -28 -29 -30 -31
leaf_value=-0.0038234318651410222 0.038451560865008921 0.0053225555348348601 0.018204011988735946 0.002993589550279588 -0.0057120631414919439 -0.0039083644671951733 -0.0037748085795342198 0.005237883677910238 0.11751061619125687 -0.017682784203821827 0.012499298478642418 0.0039165470575126286 -0.0063406602942047835 -0.0048340997058615017 0.0041512532120924431 -0.00020908088482740064 0.0066096805290520857 0.0067963611871013213 0.012078262522990324 0.0050108170605718573 0.0018617823084723234 -0.0079145010683030759 -0.00082239009730645802 -0.0036373346540158947 0.00022281801625146649 -0.0021901542282849185 -0.0028837382248967816 -0.00018706812055926394 -0.007954290926695088 0.0076083754542332661
leaf_weight=10940 1993 1178 1175 2568 1782 7994 17575 6070 1317 1383 7437 2982 3963 4910 9005 9271 5164 3091 2237 6768 4004 2238 19673 6052 255003 63985 24058 206222 7782 7656
leaf_count=10940 1993 1178 1175 2568 1782 7994 17575 6070 1317 1383 7437 2982 3963 4910 9005 9271 5164 3091 2237 6768 4004 2238 19673 6052 255003 63985 24058 206222 7782 7656
internal_value=-0.000254225 -0.000208337 0.000249251 -0.00048583 0.00399515 -0.000399147 -0.00275814 7.83107e-05 0.00214929 -5.60017e-05 0.00513135 -0.000281239 -0.000106981 -0.000207263 -0.000124746 -0.0012166 -0.000215266 -0.00098559 -0.0012835 3.31668e-05 -0.00153437 -0.00149826 0.000197299 0.000214919 0.000124921 -0.00205918 -0.00216133 -3.01411e-05 -0.00457586 0.00240502
internal_weight=705476 694536 262184 432352 11431 423392 20143 250753 20583 11829 8754 403249 230170 224100 220137 10654 395255 96388 91224 298867 31044 88133 21910 267823 261055 66223 28062 215227 8960 9438
internal_count=705476 694536 262184 432352 11431 423392 20143 250753 20583 11829 8754 403249 230170 224100 220137 10654 395255 96388 91224 298867 31044 88133 21910 267823 261055 66223 28062 215227 8960 9438
cat_boundaries=0 27 54 81 109 135 163 190 214 242 270 298 326 354 380 407 435 443 471 479 506 533 560 587 616 644 672 701
cat_threshold=134217728 536870976 32 0 32 536936464 0 1572992 2149580832 512 2048 3 0 0 0 0 0 537395200 2097152 1048705 8388608 4 0 0 16777216 1074003968 872415232 4194342 0 0 2097152 0 0 2097164 8388608 2048 0 0 0 512 256 67117056 536870912 822083584 268435456 1048592 0 32928 0 0 0 12583232 2148597760 4 48 0 1048576 2 0 0 12288 2290089984 0 0 524288 32800 262144 4096 0 0 16777216 8519936 0 174063616 16 67108864 8200 1024 8388864 16777216 1 1049600 2181038340 5120 4194336 131200 1 1086324736 8192 0 36864 0 131072 37748736 32770 134217728 65536 128 134217728 1048576 0 0 134217792 0 0 0 0 0 4 0 0 128 9461768 267264 0 0 0 268444160 2147483648 0 2048 1536 256 0 1049360 536870912 0 1048576 1074266112 128 5120 0 2097156 0 1048580 0 67108864 536870928 532480 0 0 4160 4 1073741825 16777217 134742144 67108864 0 0 142610944 134217984 33554432 128 8 0 256 0 0 0 0 8288 0 10304 4112 512 67108868 16384 537198610 16777216 64 67108864 0 536870912 0 536870912 8 0 268435456 0 1024 1280 0 0 0 67112960 18882560 8 33619968 0 8704 4096 1073742080 2112 1342177312 32768 268439680 134742016 512 263168 16785408 536870912 0 4 8388608 524288 0 270532608 4096 2097152 0 256 0 1024 2147483648 0 1024 65 0 1052674 0 33554432 0 268435970 0 0 1610612740 16384 8388864 128 159391744 268435456 16384 1028 2147483904 262144 0 0 16384 4096 0 0 4096 4096 0 2097184 4104 0 67108904 1 65538 5120 0 0 8 1342275584 268435456 0 268439552 2147483648 256 0 256 0 262144 4 0 0 8388608 516 2181300224 2147483648 0 0 1048576 134217728 0 1075904512 67108864 1589248 2281701376 8388608 65536 2147485696 4 1048576 0 2097152 4096 2 0 1077968896 67584 0 133120 0 0 1073741828 1179648 0 268447744 1342701568 65536 128 0 268435456 0 536870912 4194304 4096 540672 1576960 1040 524544 16384 0 512 33280 0 0 0 4096 0 0 32832 136 1 0 2147483648 128 33280 0 0 262272 8 2 16 1024 256 536870912 512 2147483649 17039360 67108992 4194304 16 67108864 822083584 0 0 32768 268959744 0 10 2147549184 128 0 128 64 4194336 64 553648128 32768 134217728 33280 128 524288 71303168 0 16 8388608 0 0 268765184 2147500032 131072 0 262144 0 1052672 81920 2147745792 12288 16 0 0 64 16777536 0 0 270548992 0 1024 0 41943056 256 0 524321 16 32800 8 0 64 0 4325376 4259841 0 65536 0 4196352 4096 0 0 65536 33556480 0 1073741856 134217728 32 0 16 1 269484044 33554560 537001984 1048578 0 0 0 1032 0 0 2 3146272 262144 2048 536874312 541065280 293609484 278528 12544 273170449 402788356 8 4194304 536870912 8192 4196352 131072 0 1073742080 69222416 131072 192 16384 2147483648 16777216 1073741824 8388608 524296 1048576 0 0 1048576 1 1 0 0 4718592 0 2097154 36864 16813064 1279262786 26626 2147483648 74453248 1103118336 805437472 128 536871426 603979778 0 268435456 67108864 8704 16384 132096 2 67117064 0 0 134217728 4456448 2147483648 16384 32 8192 268436480 0 0 0 262656 0 2147483648 36864 67108864 1 0 536870912 2097152 524288 256 67108992 0 0 4194304 65696 536870912 536879104 16 513 135331840 0 0 1048576 4096 1048580 2097152 67125248 16 268435456 0 1048641 0 4194305 1073741824 0 0 32768 0 16384 0 33554432 16777280 268435456 0 524289 133120 0 131088 281018372 0 18874368 0 8 268435456 36176896 10 33554464 4096 129 1048576 32768 268435460 16 2097920 0 0 512 1073741824 64 4096 2214608896 1024 33562688 4 2097152 0 8388608 16386 0 0 8388864 1 134217728 0 2147483648 8 0 0 8388608 67108864 0 68157440 1 24608 0 134217729 134217792 1064960 0 35651584 80 8388608 32 138412032 2101264 0 0 0 0 0 4194304 4096 603981824 1 536870914 2048 1 8388608 64 4202496 16384 8654848 768 524288 32768 0 1048577 16777216 16 0 65 262144 1024 2097152 33554432 8 131072 0 8192 8388608 0 2359296 0 0 2214723584 4194496 4194336 131072 16777248 64 0 0 0 528384 16 268442112 0 268447744 0 201326848 0 256 262272 0 0 0 0 4194304 0 32 0 393216 256 0 536870944 528392 539066368 268960768 0 134217732 134217856 64 4 16777216 1024 16400 0 0 256 1024 2147483648 0 0 2 0 0 0 72 1
is_linear=0
shrinkage=0.05


Tree=100
num_leaves=31
num_cat=25
split_feature=26 36 36 36 36 36 32 42 42 36 36 36 42 36 36 36 36 36 22 36 33 36 42 36 36 36 36 22 36 36
split_gain=33.7174 53.3083 46.6253 34.8293 31.7334 29.8352 29.2018 70.3166 62.7597 57.2804 56.4111 48.4515 43.5911 52.4048 43.3857 42.1845 40.9224 40.146 39.6179 60.092 45.569 51.9204 48.3847 40.825 39.0666 39.052 37.9287 32.4728 43.8511 41.503
threshold=0.40472531318664556 0 1 2 3 4 23.345000267028812 5 6 7 8 9 10 11 12 13 14 15 5.5000000000000009 16 80.274997711181655 17 18 19 20 21 22 1.5000000000000002 23 24
decision_type=2 9 9 9 9 9 2 9 9 9 9 9 9 9 9 9 9 9 2 9 2 9 9 9 9 9 9 2 9 9
left_child=1 -1 -3 -4 -2 -6 8 26 9 -7 -9 -12 13 -13 -14 -15 -11 -10 24 -20 21 -21 -23 -24 -19 -16 -8 28 -26 -29
right_child=4 2 3 -5 5 6 7 10 17 16 11 12 14 15 25 -17 -18 18 19 20 -22 22 23 -25 27 -27 -28 29 -30 -31
leaf_value=-0.0066856073865031035 -0.0031858319874555536 0.0049904626204225633 -0.0053494867877439123 -0.00087711275983753121 0.0022699475692363621 -0.0073942075894349426 -0.012778596797592207 0.0072737966464497305 -0.0045458690443027543 0.024462605445943555 -0.005747943938862245 0.015638003793486895 0.005293021703207979 -0.0068618905795646895 -0.0060430698820341288 0.0014484288165505608 0.0046400256306361187 -0.0038252181470642662 0.018814666800109896 0.023627380190639855 -0.0062755000245033783 0.0091977088490930066 0.014471898164832186 -0.00040817983041972761 0.0072970114667712978 -0.00084806851603396469 -0.0046539849938815213 0.0051679559893482163 0.00056144866062999427 -0.00080828054413901735
leaf_weight=3943 9539 3066 4732 123828 21678 1797 1829 5314 6818 2531 5050 2127 5125 1631 4886 35814 23470 8739 1863 1142 4979 8271 1485 21618 3325 143979 16519 4564 79238 146775
leaf_count=3943 9539 3066 4732 123828 21678 1797 1829 5314 6818 2531 5050 2127 5125 1631 4886 35814 23470 8739 1863 1142 4979 8271 1485 21618 3325 143979 16519 4564 79238 146775
internal_value=-0.000256899 -0.000965645 -0.00079366 -0.00093917 -8.83606e-05 -3.96689e-05 -0.000112846 -0.000552131 0.000195544 0.00246413 -0.00028526 -0.000421401 -0.000295108 0.00118485 -0.000675483 0.00074988 0.00306157 -2.28942e-05 6.88362e-05 0.00154031 0.00110282 0.00178522 0.00140115 0.000225513 -0.000169849 -0.000831313 -0.00351599 -4.71329e-05 0.000750478 -0.000482275
internal_weight=705675 135569 131626 128560 570106 560567 538889 222274 316615 27798 203926 198612 193562 39572 153990 37445 26001 288817 281999 39358 37495 32516 31374 23103 242641 148865 18348 233902 82563 151339
internal_count=705675 135569 131626 128560 570106 560567 538889 222274 316615 27798 203926 198612 193562 39572 153990 37445 26001 288817 281999 39358 37495 32516 31374 23103 242641 148865 18348 233902 82563 151339
cat_boundaries=0 28 55 81 109 138 145 153 181 209 236 244 271 298 326 353 379 406 433 441 469 495 523 549 577 604
cat_threshold=0 2155872256 33554432 34603008 0 136314912 0 0 128 0 2097152 5251072 2147516672 16777224 0 603979776 0 268435464 2176 16384 131072 2147483648 0 0 0 16 2097280 33619968 939601920 0 536936449 2097152 2147483648 131072 2097152 1048576 1024 0 264197 4096 16384 0 0 0 4096 2 537001984 8192 0 8388608 268435456 0 256 32 1026 0 269484032 0 0 16392 8388608 0 270532608 2101248 65568 1073741842 268435464 0 0 16384 33620228 256 0 4194304 16777744 0 1073741824 524288 16908288 524288 2147483648 0 0 2097152 0 0 0 262144 16777216 0 33554432 133124 33554433 268501120 0 2147483648 64 36864 0 0 604012544 0 262144 268570880 67182720 0 0 4609 32768 0 2147524608 0 0 4 0 4128 67110912 16 65664 0 8388608 4194304 16777224 512 65536 16640 4097 0 134217728 64 0 524288 131072 0 198672 0 131076 1 131401 2772522016 268697620 67108928 33024 541065216 76679936 16793864 2168520706 330292 2147483712 2147549440 541065248 44173472 128 524292 8388608 0 526336 32768 0 2 256 4096 0 1073807360 512 1073741824 134217728 262144 12582912 16908288 64 805306368 1024 2147485696 65 1048576 16 0 16384 0 1048578 0 0 8389632 10027008 24 142606336 655360 2147614724 0 1048576 256 0 262144 0 67108864 8192 4194304 268484608 5242880 0 0 64 0 0 2148007936 4096 0 536870912 128 1048576 32 268435456 32 0 256 5120 65540 0 65536 0 2097152 32 1073745920 268438016 65537 67371008 0 1024 0 8388608 65536 0 0 4194313 109314048 140525584 1242562560 33559552 1207960222 71303696 268435465 1077936128 130 2 16384 0 1073741824 82048 4 16 262144 131168 16781312 25165824 0 1048578 268435458 1048576 16777232 33554432 0 64 65568 0 0 8 4194305 0 0 16779264 0 0 2147483712 2147483648 16908288 33554433 2 1048576 67141760 262144 16 16384 51201 1024 805306368 1310848 553648128 1024 32 0 0 0 32768 16 0 0 16 0 134217728 0 4100 12615680 0 8193 134217760 67108865 2097152 8192 0 33554433 33554432 1024 1073741952 0 0 8388640 16 33555744 0 64 2147483648 0 1073741824 16 67108864 16 536870920 147456 0 1210056704 8404992 0 672 0 536904256 0 0 0 268435456 0 0 8388608 67110912 4 769 1024 0 0 16384 12312 0 32768 0 0 0 1074331680 0 0 0 0 4195328 262146 280 0 16384 0 0 16777216 16777216 2147500040 4194304 4641 2048 32768 536903712 537395200 262152 16384 1 8388608 40 268435648 4096 272629761 65536 514 0 1024 0 1048576 134217744 0 0 1024 268435456 135266304 0 16777216 268435456 0 0 2097154 1 1207963648 33554432 0 262656 16 0 0 1024 16384 44040256 524288 0 1 32802 50331648 0 69210112 3758104576 34603008 8192 0 0 1 8 0 16384 0 32 16777216 2 524352 1611268224 1049600 1882224769 9978304 2684354561 2 32 0 0 4 2050 16384 1073742848 1048576 75497472 0 8192 65536 0 524420 4 0 2097152 0 209715200 1056768 128 142606336 262144 0 8192 64 2621440 2147483648 2048 0 16 9568260 0 33718304 16779264 0 2621952 536870912 16777218 0 262160 268959744 0 0 1024 0 0 8454144 671088640 0 8388608 2 4098 4096 4194304 262144 1048576 33792 128 32784 268500992 64 131168 0 0 0 2 65536 0 2097168 1024 0 65536 24580 2147483648 0 537133056 0 16 1048640 32832 2147483648 256 67108864 0 192 2449473536 134234112 0 0 2147483656 0 0 2097152 67108864 1089540 4 1056 8388608 269484032 131072 1 1024 0 2048 1024 524288 134742016 4202520 0 0 67108864 66560 128 134217730 16 0 560 0 0 0 1048576 32772 32768 8388608 2097280 1140850688 0 3221225472 1 0 1048576 0 1610612736 524288 134217729 0 1048576 0 0 0 0 1073741824 8 1073750304 0 66560 0 1280 5 65536 0 3221291008 17301508 0 33554688 33554560 0 1114112 0 0 1048577 109051920
is_linear=0
shrinkage=0.05


Tree=101
num_leaves=31
num_cat=20
split_feature=37 28 28 37 37 37 37 37 32 29 8 37 37 22 37 37 14 37 37 37 37 37 42 22 37 37 2 37 12 37
split_gain=36.3527 38.8815 30.4964 73.6617 57.0829 32.7171 32.0553 29.8488 35.9978 42.3386 28.8207 35.9927 39.4012 25.8761 24.0369 28.2802 23.3518 54.0515 35.808 29.0681 26.7469 22.8209 22.0775 21.8542 28.6199 20.9569 19.9164 19.1929 18.385 17.3236
threshold=0 0.52949997782707225 0.8980313539505006 1 2 3 4 5 20.394999504089359 1.0000000180025095e-35 0.44513851404190069 6 7 4.5000000000000009 8 9 3.0178571939468388 10 11 12 13 14 15 4.5000000000000009 16 17 19.540961265563968 18 1.0000000180025095e-35 19
decision_type=9 2 2 9 9 9 9 9 2 2 2 9 9 2 9 9 2 9 9 9 9 9 9 2 9 9 2 9 2 9
left_child=1 -1 3 13 -4 -5 -6 8 9 -7 14 -12 -13 -2 -8 -16 17 -9 -18 -19 -20 -3 28 25 -25 -22 -15 -17 -14 -21
right_child=2 21 4 5 6 7 10 16 -10 -11 11 12 22 26 15 27 18 19 20 29 23 -23 -24 24 -26 -27 -28 -29 -30 -31
leaf_value=0.021578110915357732 0.0060226155352498204 -0.012618939868103056 -0.0057882727330824287 -0.0061318485445719774 -0.0027365183161037047 0.23259998441637261 0.003301507187781791 0.0050963482040252972 0.0039338135225591431 0.013986297730064632 -0.0062338021290127277 -0.0042188662613375392 -0.00083072788345550099 0.018789560448287147 0.0020117488368548791 0.0013807694485516179 -0.0083078680093156519 -0.0028646279990939328 0.003224195872828137 -0.0010578078685591686 -0.0034688939078816872 -0.0032761761004484638 -0.00095256465712678239 0.0074134236127240795 -0.00055103197549213748 -0.0009296199679365597 0.2633936641478643 -0.00027347178832292789 0.0049468524150901088 0.00097866254896850644
leaf_weight=1001 7668 2496 13089 3311 17096 414 5480 16884 13838 856 3893 13822 15126 3085 16115 20550 5626 12539 9678 20305 10305 6899 143276 6242 18130 49491 313 187818 15944 63982
leaf_count=1001 7668 2496 13089 3311 17096 414 5480 16884 13838 856 3893 13822 15126 3085 16115 20550 5626 12539 9678 20305 10305 6899 143276 6242 18130 49491 313 187818 15944 63982
internal_value=-0.000252101 -0.00318536 -0.000208163 0.000244006 -0.000450814 5.34838e-05 -0.000353767 0.000125164 0.00227198 0.0103265 -0.00026775 -0.000719885 -0.000621217 0.00422723 0.000109854 2.99006e-05 -2.70881e-05 0.000462356 -0.000586591 6.97048e-06 -0.000353996 -0.00418662 -0.000417391 -0.000640302 0.000621589 -0.00115474 0.00786261 -0.000126212 0.000790676 0.0003412
internal_weight=705272 10396 694876 242667 452209 231601 439120 228290 15108 1270 422024 192061 188168 11066 229963 224483 213182 113710 99472 96826 93846 9395 174346 84168 24372 59796 3398 208368 31070 84287
internal_count=705272 10396 694876 242667 452209 231601 439120 228290 15108 1270 422024 192061 188168 11066 229963 224483 213182 113710 99472 96826 93846 9395 174346 84168 24372 59796 3398 208368 31070 84287
cat_boundaries=0 27 54 81 108 135 161 187 213 241 268 294 321 348 375 402 410 436 461 486 513
cat_threshold=268435456 32832 16416 16777216 0 65536 4096 1048704 2147483712 0 1073741824 524288 8192 134742016 0 0 16777216 524288 4194304 1572993 0 4 128 1024 0 1107296256 872415232 4194340 8388608 0 2097152 537133056 16 0 0 2048 0 131072 0 8 4096 8388736 0 134217728 268435488 1048592 0 295072 67108864 2097152 0 8454144 2147549184 8708 48 0 1048576 2 0 16777216 262144 131072 0 0 524288 32816 0 0 0 1073742096 0 8552448 1048576 1113587712 262288 67108864 8192 0 256 262148 33554433 545259520 4096 1342178304 65536 0 0 1145044992 16 536870944 272629760 6144 805306368 0 1025 524304 16384 2048 33554432 512 0 0 0 2048 0 64 0 65672 4096 0 67108992 8 536870912 16 32768 2147483648 8192 2147483648 131072 0 263168 0 8388738 1051136 0 512 0 134217728 2048 4096 2097160 138412032 12582912 16777216 532480 16 0 67108928 4096 16 0 2097216 67174400 512 16 0 32 2147483648 2147484160 0 272 1024 135424 16777216 0 0 4098 8 4194328 37748736 17039360 131073 0 1073741830 8388608 1024 2097152 272629760 1074003968 1049088 33554432 0 1 8388608 0 0 64 8 8 2560 0 1024 0 32772 538968064 301989888 1048576 0 512 0 4198416 134217728 0 2097152 0 65574 268435456 0 0 3221225984 1048832 8192 201342976 0 4096 536870912 133124 32 32 2048 131072 128 2684354560 0 0 2 142606356 16777216 0 8388608 32 0 570425348 2147745792 131073 4352 1050688 1024 536870912 8912896 32 536887808 2048 0 0 0 0 0 2129920 0 1 539492352 2097152 0 128 98560 2097160 0 262160 65536 1078198336 16777216 0 0 1280 0 0 0 0 8390656 0 67108864 0 0 0 144 536871984 144 64 67108864 0 0 0 16777216 536903688 1207959552 81920 2097420 0 0 262144 16448 402653184 67174400 537395712 0 65536 0 1024 16384 4096 0 805339136 4 0 1073750016 0 33570816 0 1610612736 402653192 134217728 16400 2147483648 0 0 1073741824 16448 1073741827 67109376 536870912 0 65544 0 16777216 64 0 134217728 268435456 4 52428800 134234112 0 536870912 2147483648 0 1073741824 268435456 8914944 268435464 536870912 262144 33849346 0 33562624 68157696 1310785 0 528 0 0 0 1 0 0 0 4195328 2048 0 512 2 2148532224 150994976 2147483648 1048576 2155872256 1048576 545259520 32768 33554432 0 10496 68157440 262208 8 1024 4 0 0 0 8194 268435456 0 1048576 1 0 64 0 0 0 0 0 1048704 0 0 0 0 0 0 0 0 0 0 0 1 0 0 0 0 0 1073741824 805306368 16908360 1208156162 1282 1048576 3288406048 1075396640 2181073024 128 2048 67108864 640 0 0 268435456 545538048 2048 65544 67108864 1 32768 0 0 33555456 1048576 8913408 536903680 8396800 0 16 134284288 0 0 18 4194304 0 67108864 0 536871168 5376 268435456 287488 2048 8200 134217728 2147483649 1024 0 0 0 0 0 536903680 8388608 1208090624 0 134284288 4096 0 536870928 4194306 0 0 2147483648 1040 268435456 1057025 33554432 536870912 335544352 2048 65536 9437192 2147483648 0 81920 19456 16 16 8388608 0 1 512 0 268435456 1114112 2416050176 32768 262144 1280 2147483648 2181038080 536870912 1048576 4096 524289 2048 5152 2048 1107296257 1073741824 0 0 32 134217728 0 65536 0 268435456 2 0 1
is_linear=0
shrinkage=0.05


Tree=102
num_leaves=31
num_cat=27
split_feature=37 36 37 37 36 37 36 8 37 30 37 36 37 36 36 36 36 36 42 36 37 37 36 36 36 36 22 36 36 36
split_gain=35.1868 32.4276 31.1457 29.6895 30.3082 34.8873 28.9477 27.9802 43.41 39.8972 126.238 76.2714 66.1117 49.9173 47.3508 44.5314 43.3157 38.3612 37.7525 41.4999 35.2644 32.4294 32.4658 32.3128 31.9555 31.2358 31.1422 27.6267 26.2562 25.0054
threshold=0 1 2 3 4 5 6 0.48222216963768011 7 1.0000000180025095e-35 8 9 10 11 12 13 14 15 16 17 18 19 20 21 22 23 2.5000000000000004 24 25 26
decision_type=9 9 9 9 9 9 9 2 9 2 9 9 9 9 9 9 9 9 9 9 9 9 9 9 9 9 2 9 9 9
left_child=-1 2 -2 6 5 -5 -3 21 -9 12 15 -12 -10 -13 -14 -11 -16 -15 19 -18 -19 -6 -23 -22 -21 -20 -17 -27 -24 -25
right_child=1 3 -4 4 7 -7 -8 8 9 10 11 13 14 17 16 26 18 20 25 24 23 22 28 29 -26 27 -28 -29 -30 -31
leaf_value=-0.0036943543204255888 0.0074696806272927466 0.0017101093657645922 0.00070988676650485672 0.0077210897356101305 0.0040074519830381548 0.00051787445751500514 -0.0029051787864630228 -0.0064320896557646286 -0.0078131190385319349 0.074092159171113628 0.014743300752229028 -0.01086035355575434 0.0070524047754193103 0.009914121444555269 -0.0088683624552836574 0.10077880285016133 0.012732192594148118 -0.0086757944981268095 -0.0078062399561905447 -0.0080579910366800466 0.0081675684914574945 0.0029270011492958576 -0.0033341608051171926 -0.0094338532803403992 0.0012585868455354478 0.0043639602642173841 0.0093027225380918881 -0.0017269053699781268 -6.4263324070934494e-05 -0.00097646379647534651
leaf_weight=11191 6156 4338 22214 6912 8827 28280 22180 5283 12536 1494 3213 2542 4268 3511 3094 689 2748 2883 3504 2060 4096 10906 6961 2587 23639 3140 7146 106741 316741 65756
leaf_count=11191 6156 4338 22214 6912 8827 28280 22180 5283 12536 1494 3213 2542 4268 3511 3094 689 2748 2883 3504 2060 4096 10906 6961 2587 23639 3140 7146 106741 316741 65756
internal_value=-0.000222848 -0.000177999 0.00147722 -0.000248523 -0.000180532 0.00124563 -0.00188756 -0.000263598 -0.000653909 -0.000561052 0.000258603 -0.000350477 -0.00103706 -0.000649221 -0.000743775 0.00577489 -0.000896769 -0.000426317 -0.000768808 0.0008596 -0.000664715 3.29392e-05 -4.60225e-05 -0.000448413 0.000233858 -0.0011774 0.00425217 -0.00102885 -0.000136463 -0.000707164
internal_weight=705636 694445 28370 666075 639557 35192 26518 604365 260930 255647 93917 84588 161730 81375 149194 9329 144926 78833 141832 28447 75322 343435 334608 72439 25699 113385 7835 109881 323702 68343
internal_count=705636 694445 28370 666075 639557 35192 26518 604365 260930 255647 93917 84588 161730 81375 149194 9329 144926 78833 141832 28447 75322 343435 334608 72439 25699 113385 7835 109881 323702 68343
cat_boundaries=0 27 55 82 109 136 163 191 217 244 271 298 326 353 379 407 435 443 470 496 524 552 580 608 634 662 690 717
cat_threshold=134217728 64 32 0 16777216 196608 4096 1048704 2149580832 512 524288 33 8192 8388612 256 0 16777216 524288 0 1572865 33554432 4 0 131072 0 1073741824 838860800 1049088 2147524608 0 2151677952 1073745920 4194304 2147487776 32 0 16384 256 0 138412033 0 32768 1048576 256 4096 512 134217728 4096 0 0 2048 4194304 65536 16386 4 64 268435456 13312 67633168 536870912 8 33280 0 1073752064 2101248 0 4194304 2147487752 65 0 192 0 512 8396804 0 0 16384 32768 0 0 0 4 1179648 8192 1074315264 50339840 1024 0 268435456 655360 8192 0 0 2 2147483648 134218832 8388608 1073744000 0 131584 0 128 0 2 16777216 0 0 262144 128 1073741826 16 131076 1 67108864 74753 1048576 67110912 8388608 268439552 8390656 0 32 67371008 0 73728 33554432 0 0 1073750016 0 2099200 0 0 272 0 32768 67110928 0 64 262144 4194304 0 8388611 65536 536872962 262144 0 134217728 671088648 0 524288 65537 1536 0 4 67108864 32 133120 0 0 33587200 0 67108868 18 4 0 512 65536 4096 1024 603979776 268435456 16 17 67109152 16384 0 0 0 787456 33554433 201327616 4718592 2148007936 2147483648 0 256 0 0 0 2097152 1 2147483648 256 4112 256 2097152 4194304 0 4194832 131104 0 0 41943040 0 0 134234112 0 4104 541065728 0 295936 1024 0 2097152 37748736 536870912 262160 1077936128 66048 65600 32768 268435472 0 0 83968 0 0 134742032 524288 0 0 8388608 268566528 65536 25190400 0 0 0 134217728 1073741840 8388608 0 65537 0 0 66560 64 128 8 0 2147483648 1024 33554496 16777216 8388864 2164260864 0 0 0 0 0 268500992 2621440 4194304 1077953792 1048592 16777216 0 147456 2098184 16 4194304 536870912 65536 8421376 134217744 8448 134217728 1073758208 0 1073741824 16 1073741824 0 33554433 0 0 0 8 2048 32 134217728 36864 8192 8388608 2164260928 65537 0 36 0 1073741824 138412032 48 0 0 33554432 0 0 65548 0 0 16908288 2048 16384 0 1610612736 0 0 0 1610612736 4198528 327680 0 8458272 2986344448 2147614720 0 0 268439552 131072 256 2048 0 128 131072 0 35651584 74752 0 150996996 33554432 0 64 64 8390656 0 16777216 8912896 2148532224 65536 0 1049088 0 8 2179 0 2 0 33554944 2 268435970 0 0 536870912 33554432 0 0 285212672 16 24576 2147746820 2097408 0 576 0 0 16779264 4194304 128 0 128 0 0 67108864 262144 0 2097152 0 0 0 0 65536 0 131072 0 8 327680 2097184 16386 344195072 268452096 67665984 512 1073741840 33554433 32769 8192 0 536870912 0 2147483648 524288 0 2 8 0 1073741824 2 0 8192 528384 2098176 268435460 134217728 0 33554434 0 268468288 64 32768 1209008640 6144 33554432 16448 155189824 3355508802 67244066 68288514 2147684352 131122 67149824 64 0 8 0 33554434 6291464 2176 2146304 0 1073742336 0 64 65538 2097156 2048 1073741824 8388608 513 9216 1048576 0 0 4096 1074003968 0 0 32 4096 2101252 0 2 0 134348928 0 2097154 67371008 0 0 32768 65536 536870912 8449 268435472 536870912 8192 10485760 32768 0 0 67178497 8 536870912 0 5242880 537395200 0 0 16 536903680 0 0 2281701376 16 1644167492 1082130432 131072 8650752 2048 536870913 536870912 524288 268439584 0 0 0 0 134217728 1073741824 0 570425344 0 1 67108864 0 67108864 18874368 0 0 1073872896 40960 16 1077944320 8192 1073741824 8 32800 0 0 0 0 1610743808 2147483648 1 1073808400 16896 131072 0 0 67108864 536870944 16385 0 262153 4 262144 0 4194312 16912384 0 0 67895296 0 4096 128 0 4096 139296 32768 1024 0 262144 0 1024 33570816 11264 64 0 2097152 4194304 0 8388608 512 2416476176 9437188 131072 8388864 16 1 0 0 68157440 0 3 16384 2048 134742016 524288 268435456 1 64 9 0 0 0 524288 32 8388608 0 65536 0 0 544 2097160 0 512 0 8224 4390916 4096 134217728 1048832 0 262144 0 1073750016 0 1081344 536887552 4194304 1026 134219778 4 268444672 268500992 0 0 41943056 32768 0 8388624 16384 0 536870912 0 32776 16777216 1 0 0 285212672 537395200 196608 1073741828 134217728 0 4194304 18874368 0 0 1179648 2147491840 65536 35651714 8 32 0 0 0 2147483648 0 8 33555456 268443648 0 4196352 528384 131200 0 0 0 0 16777476 4194304 65536 2097152 4096 2147484160 2147483712 4288 0 0 656416 16 1073741824 0 0 2101248 0 268500992 534528 1024 2048 263201 0 0 83886080 16777216 2048 2048 4104 0 256 0 2147483648 134217728
is_linear=0
shrinkage=0.05


Tree=103
num_leaves=31
num_cat=25
split_feature=37 28 36 22 22 37 36 36 30 33 42 36 36 36 36 37 36 37 42 37 36 37 36 36 36 37 37 37 36 36
split_gain=34.3429 33.5135 31.0373 29.7294 58.071 73.5851 61.0673 54.9725 52.4781 64.2473 66.8045 63.5439 55.1091 53.0932 50.1352 51.0866 49.9853 48.9236 48.467 48.1666 46.6677 44.7116 44.3312 42.3329 40.4978 38.1797 37.5873 37.2303 34.8599 34.2004
threshold=0 0.52949997782707225 1 1.5000000000000002 3.5000000000000004 2 3 4 1.0000000180025095e-35 73.235000610351577 5 6 7 8 9 10 11 12 13 14 15 16 17 18 19 20 21 22 23 24
decision_type=9 2 9 2 2 9 9 9 2 2 9 9 9 9 9 9 9 9 9 9 9 9 9 9 9 9 9 9 9 9
left_child=1 -1 -3 8 7 6 -6 -5 9 10 20 -12 -13 -11 -7 -16 -15 -9 -10 28 -2 -18 26 -17 -19 -23 -21 -25 -14 -29
right_child=3 2 -4 4 5 14 -8 17 18 13 11 12 19 16 15 23 21 24 -20 22 -22 25 -24 27 -26 -27 -28 29 -30 -31
leaf_value=0.024249695516898869 0.0068020927357947238 -0.0098200482764044476 -0.0022259816029372658 0.0036490349885884552 0.1086324334145231 -0.0047506022200185048 0.0061317700322705993 0.0032345858116601626 0.027447865560380282 0.007809873960596226 0.0095117199171753167 -0.0053744303532175797 -0.0026884052211949509 -0.0080656883651935175 -0.0052070019143172332 -0.0040314892863296137 -0.0075928203053660217 -0.0062173717941661601 0.0024147444418161747 -0.0031422089103440051 -0.004359767024027311 0.0058376229877453991 0.00088075911549591053 -0.0030503608331168123 -0.0014831461905898792 -0.00095050609466487137 0.0090999089610860791 0.0070272567761053509 0.011206198923461926 0.00034704117836649592
leaf_weight=950 1216 3217 8254 5928 1547 6219 7800 4847 1802 2420 4271 2775 918 2064 6701 9114 3129 3589 2909 1134 10791 3360 80317 11316 183757 72610 4689 5281 4003 249078
leaf_count=950 1216 3217 8254 5928 1547 6219 7800 4847 1802 2420 4271 2775 918 2064 6701 9114 3129 3589 2909 1134 10791 3360 80317 11316 183757 72610 4689 5281 4003 249078
internal_value=-0.000235727 -0.00284045 -0.00359026 -0.000189033 -0.000396246 4.59508e-05 0.00440933 -0.00105926 0.00032811 0.00020128 0.000994642 0.00142545 0.00115347 -0.000843912 -9.597e-05 2.22024e-06 -0.00106176 -0.00120556 0.0055417 0.00136527 -0.00252434 -0.000860669 0.00108995 0.000107487 -0.00133395 -0.000618905 0.00529868 0.00022249 0.00617143 0.000347378
internal_weight=706006 12421 11471 693585 495177 297056 9347 198121 198408 193697 110114 98107 93836 83583 287709 281490 81163 192193 4711 91061 12007 79099 86140 274789 187346 75970 5823 265675 4921 254359
internal_count=706006 12421 11471 693585 495177 297056 9347 198121 198408 193697 110114 98107 93836 83583 287709 281490 81163 192193 4711 91061 12007 79099 86140 274789 187346 75970 5823 265675 4921 254359
cat_boundaries=0 27 55 79 107 134 142 170 199 227 255 283 310 337 345 372 400 427 455 482 510 537 564 591 619 646
cat_threshold=536870912 64 32 33619968 0 131072 0 1048704 96 0 0 1 0 143130624 134217984 0 134217728 524800 1073741824 129 0 4 132 4 16777216 1073741824 838861312 264192 603979776 1048576 0 2147483648 402653184 1048576 0 2147483648 553648128 0 1 0 134258688 4 16777472 268435456 0 0 0 0 1073741824 1181952 32 532480 16384 528 32768 4194320 4325376 0 64 16777248 8388624 0 16779264 16779264 512 1 268435456 524320 1049088 536870912 0 1024 1342177280 40960 16392 33554432 0 1052672 1073741824 0 2147483648 131074 1048576 4098 1 32 0 2 268435584 0 16777216 33554432 0 33554432 151068672 18436 67125248 0 0 266240 2097152 0 16384 0 4194304 2 4 512 32 32768 32769 16384 0 0 0 1107296256 0 8448 1 8389633 64 4194824 8388608 0 16777216 657472 0 1073741824 4194304 0 6144 1024 8388609 1073741824 67371200 805323296 295424 8192 2194 809501224 1779566593 1 65 0 0 37748736 16 0 1081348 17 128 268566528 545259776 0 8192 640 4 2050 2097152 2147483648 2 0 1073741824 4096 0 0 2147483648 36864 0 1048640 0 0 1 0 2147500032 32 1073741824 1048576 0 16384 0 17842176 262144 134217792 0 64 0 16793600 16 268468224 2048 0 1081344 524288 2 1 100663297 16386 1 269484032 4 0 67108864 33570816 2097152 268435456 0 0 0 0 16793856 67108868 8388640 33 35684352 0 0 201851136 2080 4096 2147483648 0 0 2097152 1073741824 268435456 134217728 142606336 0 294912 4096 32 32768 0 0 33554432 65536 2147483652 1 67248256 0 4456456 67141632 20480 2149580800 1073741824 32768 1073741824 0 4096 4096 0 0 65536 2147483648 20480 2097184 16648 0 0 65536 1 524288 0 0 0 0 1073741824 1073742084 0 16 0 2097152 4096 4 268500992 4096 521 0 2048 34865160 524416 1 0 150994944 8 98816 4194432 268437504 536870912 12288 4259840 1 16400 0 8192 525824 2 0 32 0 73728 2164260864 16384 0 262144 0 0 0 524288 16388 2149580832 0 134217732 32 4210688 262208 65540 4194304 16384 0 65536 0 1048576 144 134217744 268435456 0 4096 0 65536 2048 2097153 1090519040 0 8 524288 17367042 268435456 1111639042 2315280388 606093313 3239575809 0 128 269488128 0 4160 0 1024 538968064 301989888 524288 2576 67108864 2147483648 131072 2147483648 4 8912904 536870912 268443656 0 0 2097152 0 0 8 16777216 0 16 2621440 36 8 131072 0 524296 268435456 32 4456448 0 32780 16 0 2248146944 1074823184 131074 0 16384 131072 1048578 0 0 134217728 0 0 4198400 0 524288 32 135266304 2147483648 262144 64 256 0 262408 513 16896 67112960 1 402653184 0 266240 1073741952 0 536870912 0 0 3145736 0 1024 1048576 16777216 805306368 0 65536 262144 0 2147483648 2147549184 8454208 128 40 262272 1025 0 1 0 1028 0 524352 0 9437216 6144 1073741824 260 0 1048576 0 0 0 0 65540 134217984 192 1 0 512 37748736 262160 0 524288 1024 2449473536 536870912 2097160 8388608 524288 131072 570425344 134217728 16 262208 0 1024 32896 2147483648 0 0 4 16 0 0 0 524288 1024 32 0 0 0 2 2162688 12582912 16 16777216 0 0 0 0 138412032 33554432 536875008 0 134234116 67698690 0 3221227536 646 33554432 4226 6291456 1140850688 262144 8388608 4194368 1048640 0 65536 4194320 0 0 1073742848 1107296256 0 0 0 2097152 32 4194308 32 0 8192 0 4194320 262144 67108864 8585216 0 68190344 4108 128 0 0 0 1048576 32928 0 272629760 0 0 1048576 0 0 1073741856 4 4194304 16 1 8192 0 301989888 537919552 2048 65668 0 0 0 134217728 0 470024192 262144 0 0 16777216 0 2147483648 65600 8388608 402653184 268443648 65536 2147483680 133120 8421376 67108864 52428800 805306368 0 0 67108864 12582912 134217728 0 32 0 1056768 32 256 33280 524816 0 4194560 0 67649552 0 0 8192 32 0 256 268435456 0 0 2097152 4194304 1073741824 268435458 303104 0 1024 67108864 2097280 0 16777216 8192 8421376 0 16384 262144 134217728 32 0 0 0 0 16384 8192 2097152 4098 8208 1572864 33619968 16 81936 67126784
is_linear=0
shrinkage=0.05


Tree=104
num_leaves=31
num_cat=21
split_feature=37 28 37 37 37 19 37 42 37 37 42 37 37 22 42 37 37 8 28 37 8 37 26 37 32 37 37 37 17 37
split_gain=34.5318 28.7513 92.6335 59.5571 43.9068 30.001 54.8939 44.3008 31.9511 28.3436 27.6325 24.6006 23.0542 20.9749 20.672 19.8787 18.3326 17.8811 17.2833 27.3305 17.2241 17.5145 16.8947 16.3684 16.1905 90.403 52.6025 38.3227 27.377 27.2904
threshold=0 0.79443591833114635 1 2 3 1.1015238761901858 4 5 6 7 8 9 10 1.5000000000000002 11 12 13 1.0434281229972842 0.63940659165382396 14 1.2470288872718813 15 10.624264717102053 16 23.425000190734867 17 18 19 0.21428572386503222 20
decision_type=9 2 9 9 9 2 9 9 9 9 9 9 9 2 9 9 9 2 2 9 2 9 2 9 2 9 9 9 2 9
left_child=18 2 20 17 -4 8 -7 22 -5 -10 13 -12 -9 -11 -6 -14 -13 -3 -1 -20 21 -2 -8 -17 26 -26 28 -27 -18 -28
right_child=1 3 4 5 14 6 7 12 9 10 11 16 15 -15 -16 23 24 -19 19 -21 -22 -23 -24 -25 25 27 29 -29 -30 -31
leaf_value=0.004968424242526197 0.0088182279557108226 -0.0032942432292859592 0.004172247048191813 -0.003239520707785497 0.0016624671261411374 0.0063045036766129535 0.00079494700667891442 0.0013145638212893912 -0.0019967319332921132 0.00070266913135615951 -0.0012524609009344268 0.0039744390776605748 0.00011889061208634338 -0.0016289223042219858 -0.0010081034530501354 -0.0058613067251542146 0.0036680968826577664 -0.014389979833426176 -0.013694219926595237 -0.0032061585666069204 0.10694994807870409 0.027491709860524228 0.22483188328561907 -0.0021142505426617305 -0.0060509032975806735 0.0036510784981028653 -0.0017311677923887174 2.9830484448090114e-05 0.023296233839253808 0.00081042743378190174
leaf_weight=1450 2585 15367 17661 8796 26238 5972 32117 7840 23448 15265 28305 6780 13528 38195 58729 3649 7446 2445 1290 8220 549 1219 280 92071 13347 15024 15084 88481 3175 151109
leaf_count=1450 2585 15367 17661 8796 26238 5972 32117 7840 23448 15265 28305 6780 13528 38195 58729 3649 7446 2445 1290 8220 549 1219 280 92071 13347 15024 15084 88481 3175 151109
internal_value=-0.000247444 -0.000203482 0.000550443 -0.000340721 0.000246982 -0.000251701 -0.000844038 -0.00103188 -2.95267e-05 3.51579e-05 0.000138696 0.000310141 -0.00148464 -0.000915449 -0.000224617 -0.00167263 0.000442909 -0.00318689 -0.00303072 -0.00380875 0.00768504 0.0065046 0.000604403 -0.00192623 0.0003835 -7.31689e-05 0.000685321 0.000426383 0.00409495 0.000467122
internal_weight=705665 694705 106981 587724 102628 569912 155457 149485 414455 405659 382211 328751 117088 53460 84967 109248 300446 17812 10960 9510 4353 3804 32397 95720 293666 116852 176814 103505 10621 166193
internal_count=705665 694705 106981 587724 102628 569912 155457 149485 414455 405659 382211 328751 117088 53460 84967 109248 300446 17812 10960 9510 4353 3804 32397 95720 293666 116852 176814 103505 10621 166193
cat_boundaries=0 27 54 81 107 133 141 167 192 199 226 254 262 289 313 340 367 393 418 445 472 499
cat_threshold=4096 536870912 32 33554432 0 536870912 4096 1181824 2148548608 512 0 0 32 134742016 0 0 16777216 589824 512 129 33554432 0 0 1024 16777216 1073741832 905969664 34 2214592576 0 2097154 537133090 0 0 134217728 272637952 0 0 0 0 320 276824064 0 8 0 16777232 134217728 32 67112960 0 0 98320 2147483648 8192 32 3221225536 2 536870912 4128 0 8192 0 4202496 0 524289 33587200 134217728 4352 8388608 262656 0 8388608 0 138936320 262160 4096 0 0 0 4 16785409 67174400 0 603979842 2685411328 4352 16777216 4 65536 1073743874 2097408 2147483648 0 134217728 0 1048576 262144 0 536871936 65536 8912896 0 0 0 4194320 0 4 0 12288 16777232 0 0 72 8388672 16777216 16 1344274432 262144 0 0 41945088 0 134219776 524320 0 32768 268435464 268435456 3076 8 2097152 1 262144 16777224 1279459330 352258 2147483648 1275076864 1212171296 134349060 132 268435520 0 0 8388618 0 16 0 16777216 0 0 0 1025 0 8388624 67108864 1050624 134217728 131088 3221258272 268435456 10240 67109892 1048576 4194304 65537 262144 8716288 8192 67108864 16842752 256 2147483648 4194304 8389120 0 1075871744 0 18 33554432 0 1074790400 1207975952 256 8 536936448 0 0 96 8 0 4194304 604012616 134284320 293614604 38060032 8448 1073741987 2147488000 2147614720 4194304 8 4202496 262144 65544 256 0 268435464 268435456 0 0 0 262208 0 8388608 524288 33558528 2048 33554432 32 2 1 538972164 268435456 2147483712 512 2416181248 0 0 8388608 0 0 16777216 8388608 0 134414336 4096 1026 34340872 1048592 0 0 134217985 33718272 3221225512 0 2048 0 0 1073872896 0 0 0 1 151142470 2717909024 1413615624 71844358 268441600 3145856 0 4 2097152 4194336 0 16 4 16384 0 2147483664 1073741824 16416 131072 1 1074790912 0 0 65536 8388608 8 537919488 0 0 67633152 134217728 134217728 32896 98336 66048 0 2392064 4 0 0 16793600 9437185 81952 18876416 2717908992 0 0 0 65536 536870913 536870912 805322752 1073741828 4194304 0 16777216 0 128 17825792 0 0 0 0 0 0 0 1048704 0 0 0 0 0 524288 0 0 0 0 0 129 0 0 0 0 0 0 805306368 0 2147483712 0 2097152 262144 0 0 134217728 272629760 0 0 0 0 320 0 0 0 0 0 134217728 0 67108864 0 0 0 0 8192 1179648 10518528 262148 5308480 1024 0 4194306 671350785 536870944 0 0 16384 8388608 1024 256 268435456 16384 0 4194304 0 128 0 0 1056768 8388608 2097152 16 4096 128 69210112 0 276955136 1342177280 262144 32 65536 4194304 134217728 8388608 33554432 0 335544320 32 32768 2 2048 1350631424 4196352 0 0 32768 536870928 4096 268435456 0 1024 131072 1073872896 1074003972 32 64 4194304 0 536879104 33554432 0 268435457 32 2097184 2 2048 268501120 4194304 0 0 32768 2097168 524288 4734977 268435456 1024 192 65536 0 536870916 603979793 0 0 0 0 4096 1050628 4104 2 0 0 16 67108864 67108864 0 512 8192 18 5242880 4 4210689 0 16843008 0 0 0 262148 201326608 16 0 8194 0 0 1048580 402653464 2 0 512 2097168 0 0 0 512 131072 33554448 1048576 65536
is_linear=0
shrinkage=0.05


Tree=105
num_leaves=31
num_cat=27
split_feature=37 36 37 8 11 36 36 37 42 36 36 36 36 36 36 36 32 37 37 36 36 36 36 36 36 36 36 36 36 37
split_gain=35.5555 33.5623 40.7404 31.0474 47.5175 40.8066 40.1818 35.8416 33.7674 57.9976 32.0052 31.0421 30.6913 30.1432 28.8309 28.5831 27.5826 78.0504 50.7386 47.4189 47.3417 43.4627 32.5171 32.3709 31.0338 28.4899 26.2281 24.202 23.1009 26.3649
threshold=0 1 2 0.49064357578754431 1.1000000834465029 3 4 5 6 7 8 9 10 11 12 13 22.365000724792484 14 15 16 17 18 19 20 21 22 23 24 25 26
decision_type=9 9 9 2 2 9 9 9 9 9 9 9 9 9 9 9 2 9 9 9 9 9 9 9 9 9 9 9 9 9
left_child=-1 2 -2 8 5 -5 -6 10 9 -3 -7 -11 -9 -10 -8 -15 17 19 25 -16 -19 -20 -22 -23 -21 -18 -13 -14 -17 -30
right_child=1 3 -4 4 6 7 14 12 13 11 -12 26 27 15 16 28 18 20 21 24 22 23 -24 -25 -26 -27 -28 -29 29 -31
leaf_value=-0.0034565286696834983 0.010025097382348426 0.012693993660472342 0.00063681212527947066 -0.0078983983968940134 -0.011933584374582491 -0.0077782172560737928 0.01004139640588031 0.0048307016505593162 0.0030407517800749907 0.0071556051481646375 0.0067164127275855974 -0.0040743065990799495 0.0031413803935889939 -0.0034391037451983533 0.037679697202414 -0.0027072964774262605 0.0058383049142337468 0.01363610916698328 0.013029496933077445 -0.0090864536433469031 -0.01212584129415863 -0.011823574758454726 -0.00074755492234337419 -1.7658924121644048e-05 0.010791005901888806 -0.010086581411180184 0.00094413714295296105 -0.0022133191482749518 0.0022898465609138552 -0.00017126854707019831
leaf_weight=12635 6247 1783 28646 3423 2442 1344 4220 2811 7569 3254 7079 2599 5175 5786 1989 9691 2026 2144 3587 1127 1590 2045 28661 55748 10096 13083 43633 128650 15757 290386
leaf_count=12635 6247 1783 28646 3423 2442 1344 4220 2811 7569 3254 7079 2599 5175 5786 1989 9691 2026 2144 3587 1127 1590 2045 28661 55748 10096 13083 43633 128650 15757 290386
internal_value=-0.000218405 -0.000170426 0.00134046 -0.000250605 -0.000653042 -0.0012626 4.98994e-05 -0.00113488 4.26459e-05 0.00123611 0.00202899 0.000915712 -0.00133007 -0.000143264 0.000172964 -0.000216708 3.23487e-05 0.00100558 -0.000547947 0.00424261 -0.000315914 9.12186e-05 -0.000825706 -0.000240684 0.00297423 -0.00314236 0.000582791 -0.00143879 -0.000152844 -7.67179e-05
internal_weight=705226 692591 34893 657698 277240 148482 128758 145059 380458 51269 8423 49486 136636 329189 126316 321620 122096 45607 76489 13212 32395 61380 30251 57793 11223 15109 46232 133825 315834 306143
internal_count=705226 692591 34893 657698 277240 148482 128758 145059 380458 51269 8423 49486 136636 329189 126316 321620 122096 45607 76489 13212 32395 61380 30251 57793 11223 15109 46232 133825 315834 306143
cat_boundaries=0 27 55 82 110 139 167 175 203 231 259 287 315 341 369 396 422 449 474 497 525 553 581 609 637 665 692 719
cat_threshold=0 2097216 32 2 1024 0 4096 1181824 2151677952 0 262144 32768 0 16 1 0 134217728 590336 0 1179777 0 0 0 1028 4194304 1074003968 872415232 514 2147516416 0 6291456 67244032 4194304 32 33 0 524288 8388608 32 8388608 262400 4 0 536870912 4096 512 0 134217920 0 0 0 0 71680 16386 4 0 0 65536 105381888 16 0 536870913 0 1073743872 2101248 0 134218752 1745354760 1024 524288 65536 524288 0 25231376 0 0 2048 0 0 64 32 2052 8388608 0 67108864 128 256 1140850720 67108864 0 4100 0 32 0 1107296256 16388 536870912 133140 0 336592896 0 0 2048 268697728 4352 64 4096 0 0 268435456 4096 0 1073741952 1056 0 4 1 1073741824 8 1310720 0 0 66 8224 9 2147483649 0 0 67584 32768 67141632 0 32 36930 0 4 1073741824 0 2 4194308 8650752 0 67108864 8388608 16384 131136 16777220 0 67108864 131072 3072 0 0 524296 257 536870945 1073741824 16384 2097160 0 0 2097152 1090519040 0 4194304 4 1 4227072 34734400 1073807524 4195060 402653440 605028416 436207649 2 2181038080 8192 0 0 2097160 2149580800 92162 16781312 256 1073872904 0 0 0 128 512 512 64 33554433 75497472 1048576 0 64 0 0 0 131072 0 136314880 8 0 16384 1024 2286419968 1048576 134217728 0 1073741856 0 0 4096 16777216 0 17024 872423488 512 2097152 0 0 0 36864 32832 524304 0 0 256 262144 4194304 32 1082130432 0 1073741824 16842752 21495824 262144 131072 64 0 8 1048576 0 0 2148532224 1073741856 2048 2 2147483648 0 256 2147516961 16384 0 67108864 0 4096 1073741824 4194305 0 134217728 33554432 536870913 0 0 524288 64 32776 33554432 65536 0 0 536870945 256 0 1090584576 69632 0 16777216 65536 16777216 524288 0 33554944 1611661568 1048576 131072 2052 4 0 512 131072 8192 48 81920 0 1073758208 0 8192 33 16777216 0 0 0 2147483648 2147483649 1073807360 0 131072 1040 1073741824 1140985856 268435456 3221225472 65538 4 268435456 268435456 67584 514 16 256 132 524416 536870912 0 268435456 134217728 65536 540676 131072 4112 0 4096 256 0 2147483648 0 32768 2147483648 65536 34 4096 0 0 0 2 256 0 0 33563648 0 4096 0 2147487808 128 0 1073741824 537002240 4 2097408 2147483648 65536 2097154 34078720 2181038592 64 8390736 131072 67108864 3407872 32768 3221225472 32768 65536 0 4 2155872256 0 0 41943040 524288 64 268435456 0 0 0 16 16384 0 1056768 32768 1028 8 8390672 67109376 67108864 140509184 32784 1073758208 2148532224 0 0 0 2155872256 167772160 524288 2048 0 64 16777216 8 4 2048 0 1024 134217728 0 32768 1028 4194432 0 140288 64 524288 136331264 16777216 8194 0 2097216 1024 0 0 2064 16384 1073751040 0 134242304 1024 256 1 0 262152 0 8192 0 32768 16 134496256 8192 0 16777216 16777216 0 64 0 8224 134217728 67109632 4195328 34619392 0 33792 268500992 32 337641472 131072 0 1 0 2097152 8192 8448 33554448 64 0 262160 20481 34078720 4 128 1024 131120 32768 16777248 0 33554432 135266306 0 269500672 4194304 1048576 0 0 1024 8388608 35651584 536870912 40960 0 0 33554432 4 262145 134250496 16400 128 16793600 8388608 786432 1048576 262160 33554688 1077936128 0 0 0 0 32 0 0 16777248 2 4194448 262145 65568 512 16777216 0 0 1024 64 40 65536 131072 0 2099200 1056 2097664 1342177344 0 18874368 0 0 2684354568 0 67108864 0 8192 0 1 8396800 67108864 134221824 33024 2048 67109376 2147483648 0 134217728 16777216 73730 0 1107329024 0 536870976 32768 16777728 0 67108928 0 0 0 0 0 0 2147483648 0 532480 786432 1024 131073 0 1082720256 0 1107820608 128 513 0 0 2097152 1064960 1024 64 268443652 150994944 67141632 0 16 0 0 0 16384 0 2147483648 0 8192 262176 65544 0 268435968 0 8 8388608 33619968 266240 0 16 0 268960000 0 16 536870912 131 128 1048576 268435457 33555456 0 536870912 0 0 3221225472 131072 65536 0 2097152 8 0 8388608 4096 1024 67633664 4210848 0 262144 4162 0 0 21561344 44040192 0 0 0 0 67108864 1 16 0 1090519040 0 525312 520 16400 16 0 134283264 2080 0 2048 268698624 8 33554432 0 281018368 65536 268435458 16777216 557088 0 0 128 1073741824 4096 8388672 8 0 16777216 0 1048577 2623488 0 576 134217728 536903680 276824064 0 0 268451856 536870912 1048576 33685504 776 2147488000 536870912 0 0 268435488 4194312 0 0 0 134217728 0 144 0 16777216
is_linear=0
shrinkage=0.05


Tree=106
num_leaves=31
num_cat=25
split_feature=37 36 22 22 37 36 36 36 36 33 36 37 30 36 42 36 36 42 42 37 36 32 37 36 37 36 36 36 36 37
split_gain=32.3576 27.6027 27.9029 55.4135 83.8632 65.2854 57.1346 46.9428 46.8009 45.0898 58.9668 60.766 57.6387 51.7027 47.8847 47.6054 46.2407 44.6227 41.0829 40.4669 41.5078 39.6902 80.1058 67.9646 44.6309 43.234 37.6255 37.5982 37.2535 36.3593
threshold=0 1 1.5000000000000002 4.5000000000000009 2 3 4 5 6 72.174999237060561 7 8 1.0000000180025095e-35 9 10 11 12 13 14 15 16 20.945000648498539 17 18 19 20 21 22 23 24
decision_type=9 9 2 2 9 9 9 9 9 2 9 9 2 9 9 9 9 9 9 9 9 2 9 9 9 9 9 9 9 9
left_child=-1 -2 9 7 5 -5 -6 -4 -8 10 -3 15 13 -11 -13 -12 -16 -14 -10 -15 -21 22 -20 -24 -23 -26 -27 -9 -18 -25
right_child=1 2 3 4 6 -7 8 27 18 12 11 14 17 19 16 -17 28 -19 21 20 -22 24 23 29 25 26 -28 -29 -30 -31
leaf_value=-0.0038791833889509813 -0.0029004401386694828 0.0084131150348973598 0.0024023537513605184 0.12044315652506149 -0.0061590237340226235 0.010572476147039201 0.007866697453257656 -0.0049278362251733033 -0.0035487504472596857 -0.0077143411352703535 0.024414412277689767 -0.0037994756084883397 0.046293258106513656 0.0049126003574693324 0.0062497936248630181 0.0053146846518732586 -0.0056880180767254797 0.0052575900098690651 0.018042197990863179 0.0048137678497169782 -0.00094493722246010716 -0.004715030696982838 0.024422693158544961 -0.0076180195739362858 -0.0054704595752130269 0.0083380935896851648 0.00025888462654344578 -0.00096187557410013229 0.00091097421052456224 0.0019211054556573862
leaf_weight=9471 14182 4148 10978 1031 5595 8729 5582 7119 10413 2420 1058 8365 909 4993 6050 4429 2507 3414 3171 2872 85245 6540 1250 2213 5285 4904 127330 273766 68741 12648
leaf_count=9471 14182 4148 10978 1031 5595 8729 5582 7119 10413 2420 1058 8365 909 4993 6050 4429 2507 3414 3171 2872 85245 6540 1250 2213 5285 4904 127330 273766 68741 12648
internal_value=-0.000229777 -0.00019024 -0.0001448 -0.000347391 0.000305932 0.00482039 6.7386e-05 -0.000783199 0.000222753 0.000360296 0.00113826 0.000872358 -0.000382183 -0.000637751 0.000545235 0.00596808 0.000934238 0.00526422 7.7835e-05 -0.000449684 -0.00069799 0.000272035 0.00240238 0.000968397 -1.31022e-05 0.000178961 0.000356346 -0.000908566 0.000577471 2.26937e-05
internal_weight=705358 695887 681705 486554 194691 9760 184931 291863 179336 195151 95298 91150 99853 95530 85663 5487 77298 4323 173754 93110 88117 163341 19282 16111 144059 137519 132234 280885 71248 14861
internal_count=705358 695887 681705 486554 194691 9760 184931 291863 179336 195151 95298 91150 99853 95530 85663 5487 77298 4323 173754 93110 88117 163341 19282 16111 144059 137519 132234 280885 71248 14861
cat_boundaries=0 27 55 80 108 135 162 190 216 243 271 278 305 333 341 349 377 405 432 457 484 512 539 567 595 622
cat_threshold=268435456 0 32 33554432 1024 65536 0 1048704 2149597184 0 262144 0 8192 143130624 8388608 1073741840 256 197120 4194304 129 50331648 0 128 0 0 1073741824 872415232 0 65537 0 1052680 4194336 32800 262144 0 2101248 0 0 268435456 1073741824 524288 2147483656 2048 0 8 65664 32768 0 0 36 67108992 2 33570816 384 33554432 16 0 17040384 64 32800 16 537001984 0 536938496 536875520 0 134217744 524288 0 1026 256 134217728 524544 24576 8 128 0 0 1179648 8388608 0 2147483648 131072 8192 67112962 16777217 544 0 2 0 0 0 167772160 0 0 73728 0 16384 0 2097152 1052672 0 1 16384 524288 4194304 67108882 4 160 273678336 32770 1073742336 0 16 0 0 33570816 0 2147483652 0 8196 0 16 67371010 16392 160 0 256 1073741824 0 2147487744 4194304 16384 0 1048576 1024 33587200 4096 2 2097152 33554436 0 0 1073741824 0 24577 131072 1 8192 67109376 1073741826 72 16781312 133120 0 0 1024 2147484672 0 0 8388609 1049088 1 0 67108872 151011328 0 0 8192 0 524288 256 2 0 16 17826048 0 0 0 147456 0 2621440 2 2113552 1048592 0 1073741824 65600 33570817 1048580 1 0 0 2181038080 65560 65536 16386 38010880 0 44072960 545259520 2097152 16785408 0 0 6 8404992 0 2 4 1073741824 0 8388608 4194304 2147483648 32768 134217728 64 20552 256 0 538968064 0 32 2064 67108864 0 131072 1073741824 24580 0 327682 268443656 4 0 2097152 0 2 8 0 33024 33554432 524288 524288 671088640 8 74240 536871040 2056 16777216 12288 327680 0 16 0 2097152 1024 0 64 8650752 1 0 0 49666 1048576 0 256 0 134217728 0 32768 67518657 536871456 33817224 8192 2151809170 2956984328 1611663361 262144 2147483648 131072 0 262272 2112 9437184 139392 128 83886080 0 0 2147483648 4457472 1048576 0 262144 2101248 68157444 0 262144 4097 0 0 0 64 294912 0 4 1024 4194320 67108864 4608 1183784 2048 1179648 0 0 0 0 32768 0 16 2147483680 134219776 0 16777216 2147483648 1048576 0 32 0 2149584896 137216 1048576 524290 268435456 1107296256 2281701376 538984449 2164785408 0 128 553910288 4261568 25165856 11042818 131076 513 473991428 264 34 6553600 0 2147745808 8388608 4194304 0 0 2048 80 25165824 0 256 33556480 67109120 67108864 512 0 0 4194308 32 4194304 33562624 0 4194320 0 8 1 68157440 262144 8192 67108864 1073741824 256 1 0 0 8192 32768 4194560 4194316 8388608 1073741824 35782664 8192 32 256 2080 4097 0 0 0 0 1073741824 268435456 201326592 144441348 64 4224 2097408 0 0 304119808 545259520 0 134217728 0 0 0 33554432 0 1048640 0 2098176 516 0 0 0 34816 0 32768 1028 2129920 0 0 0 64 67239936 272629765 0 2147500032 32768 2097152 0 1074003970 0 262272 8388608 4194816 0 274432 10485760 0 2147483648 0 262152 16384 4194304 142999556 2097184 16392 0 0 0 102760448 0 1048576 0 2048 2 0 33556992 0 1048577 0 0 66080 131076 8421376 4 2097152 0 0 16777248 2097152 8388608 2097152 0 32768 134217728 516 0 278528 131072 134348800 8404992 74241 67108864 64 33554465 524288 64 2147483648 0 0 134218752 0 0 0 0 0 134217728 805306401 33554432 0 65572 0 0 131072 524288 2147487744 512 0 17039616 0 4096 0 0 1024 33685504 8388608 1 0 4194336 134217728 720960 16 402653184 16 525312 1 262144 16 134217728 0 67108864 268435456 0 68 36 2 0 4096 0 0 0 393216 0 138412036 33570816 0 16384 8470528 65568 0 1048576 33554454 132 17440 0 1 4 2147500032 0 2147491840 512 512 64 131072 2148536320 16 134217984 16 256 0 16384 131072 0 0 0 557056 524288 0 1 67108864 147458 64 0 0 8912896 131072 2097216 16388 0 4 72 1048578 17408 0 8 270532624 2 0 0 0 335544320 0 16384 0 2105348 33554432 64 8216
is_linear=0
shrinkage=0.05


Tree=107
num_leaves=31
num_cat=23
split_feature=35 36 37 36 37 28 36 37 37 36 36 33 37 36 31 36 22 36 36 37 36 22 36 33 37 36 42 36 36 37
split_gain=31.8313 55.0468 44.1223 32.2175 26.4781 26.1622 68.083 44.4222 36.7102 31.6806 25.9798 23.8538 53.6837 34.3571 30.8833 43.0373 36.2051 65.0789 48.7362 53.7888 38.3868 35.7816 49.7737 42.216 47.3859 42.5674 41.5842 48.1179 40.6809 41.2651
threshold=1.167055666446686 0 1 2 3 0.6055000126361848 4 5 6 7 8 85.405002593994155 9 10 3.6153000593185429 11 5.5000000000000009 12 13 14 15 1.5000000000000002 16 74.505001068115249 17 18 19 20 21 22
decision_type=2 9 9 9 9 2 9 9 9 9 9 2 9 9 2 9 2 9 9 9 9 2 9 2 9 9 9 9 9 9
left_child=5 -2 -3 -4 -5 6 -1 -8 -7 -9 -10 14 -13 -14 16 -16 21 -18 -19 -20 -21 22 -12 25 -25 -23 27 -27 -26 -30
right_child=1 2 3 4 -6 8 7 9 10 -11 11 12 13 -15 15 -17 17 18 19 20 -22 23 -24 24 28 26 -28 -29 29 -31
leaf_value=0.046444961773419419 0.0082576856388179559 -0.010792497912281512 -0.010887144641777792 0.0027915045019439341 -0.0029474960436710277 -0.0038650665356345982 0.076763367794660739 -0.0088977142824104294 -0.0027034889113335572 0.0018018192082444693 -0.0054332851565180446 -0.0049844347743817248 -0.003868630312343452 0.0061244223107628122 -0.008139070702528825 -0.0012098290412881907 0.015238187168341331 -0.0077280105472059659 0.017135204030507414 0.010788819040533672 0.00031497792803574236 -0.0056761428549360286 0.00061876295428499317 0.0095327440935728137 0.0070212244460045219 0.0039072032293204868 -0.00056433211966215591 -0.0033313390536301004 -0.0055170528742735274 0.0003605391974433922
leaf_weight=1794 1242 2781 1397 3407 13094 9753 828 1871 12821 12378 3859 2791 1680 9116 3499 70265 2519 2523 7041 2457 61069 5775 155447 4358 2682 2394 220536 30913 3440 52158
leaf_count=1794 1242 2781 1397 3407 13094 9753 828 1871 12821 12378 3859 2791 1680 9116 3499 70265 2519 2523 7041 2457 61069 5775 155447 4358 2682 2394 220536 30913 3440 52158
internal_value=-0.000225744 -0.0021012 -0.00271568 -0.00180217 -0.00118172 -0.000165633 0.00177883 0.000678519 -0.000214811 2.01613e-05 -0.0001696 -0.000125246 0.00194749 0.003544 -0.000169886 -0.0011313 -4.26035e-05 0.000974573 0.000701427 0.000945939 0.000485937 -0.00020231 0.000410685 -0.000505342 0.000659733 -0.000786441 -0.000689717 -0.0023362 0.000283063 -7.64265e-06
internal_weight=705888 21921 20679 17898 16501 683967 16871 15077 667096 14249 657343 644522 13587 10796 630935 73764 557171 75609 73090 70567 63526 481562 159306 322256 62638 259618 253843 33307 58280 55598
internal_count=705888 21921 20679 17898 16501 683967 16871 15077 667096 14249 657343 644522 13587 10796 630935 73764 557171 75609 73090 70567 63526 481562 159306 322256 62638 259618 253843 33307 58280 55598
cat_boundaries=0 28 55 83 109 136 163 190 218 246 274 300 322 350 378 405 433 462 488 515 522 550 576 601
cat_threshold=134217728 8192 2 0 0 131072 36864 1 768 1 65 8388608 33554432 256 2048 536936448 16512 32 134217728 33554432 0 1024 64 536879104 402653184 131080 0 1 2 64 268435488 8388610 536870912 0 0 1573008 2147491840 24 33554432 2048 0 0 268435712 0 553648128 32768 0 1086324864 1024 1 0 134217728 0 0 805306369 8388608 4 131072 0 268439554 134217760 524288 0 0 0 0 1073741824 32 8388624 134217728 1040 2048 265344 4 67125248 0 0 1056 2 8192 1048576 0 2228224 2048 2415923200 536875648 2147483648 258 268435456 8388608 3221225504 0 272629764 2048 0 0 33570816 1048578 1048576 0 0 8 0 1073741824 0 8 8192 536870912 8 393216 2147483648 0 0 1073741824 75563008 0 2048 8388992 536870912 0 67371008 33603584 0 0 1638400 0 6424576 0 8208 0 0 262176 0 8192 32 2147485696 0 64 32 0 4096 2147483648 0 0 0 0 0 0 0 64 0 0 0 0 0 0 32 0 0 0 0 2147483648 67108864 536870912 536870976 16416 0 0 134217728 8192 1572864 0 0 524288 32768 32 35127296 2 0 0 524288 4194304 1179649 128 4096 1048576 0 536936448 1073741828 905969664 0 0 0 0 0 1 0 33562690 0 0 16777216 33554496 4194304 0 67109924 83890176 738197510 0 536936448 8388608 1048576 4 0 2 0 131072 16781312 65536 0 0 2 1052672 1024 0 262144 65536 2097152 0 196608 12582912 0 0 2064 524288 0 4194304 128 16384 0 262144 0 536944640 135282691 8 1 2181332992 80 8192 0 4456832 8781826 1073741824 33603584 2147483664 1073741824 4096 1073741824 537001985 0 262144 0 0 0 0 0 0 67110912 4194304 33558528 0 0 0 12 1 134217728 0 65920 16777216 0 0 0 0 0 0 0 268435456 528896 0 18874368 402685952 33554434 0 65792 536870914 32 4202496 4 33558528 512 67584 1073741824 268435456 0 134217728 67586 1073741824 0 16777474 0 33587200 16513 2097152 16809984 32768 32 71304192 8 2097280 3221225472 65536 0 1073741832 0 0 1073807360 268435456 0 0 66048 9437184 524288 0 2048 4160 17842192 2164260864 0 1073741824 1179648 135266304 138412033 1024 0 0 0 16384 16 0 524290 4 128 0 4096 512 536870912 2048 0 0 33554432 0 2147483652 0 2147484672 7168 513 67239936 134217729 2147483680 96 2048 1073743872 0 2147483648 2151677952 0 2148532224 0 65536 4194320 1077936128 1048576 2097424 8388608 0 0 8388624 536870920 2147749888 0 132112 1052672 0 33554432 262144 134217736 0 32784 1073741960 16777216 0 0 0 0 0 8192 1025 0 0 0 0 8192 134217728 35651602 0 16 0 134217736 262144 65544 288 2181038080 1077936128 2 1073741824 0 0 0 16 18 0 4096 35653888 131072 1024 0 33554432 0 0 0 0 2147483648 528392 16384 1024 1048576 1073807360 0 16777224 536870976 0 16793600 131072 67109888 0 1082130432 1048576 524288 16777728 17 67109888 16384 2 1179664 8224 67371008 33570816 258 64 2147483648 4 0 606339072 2 147456 0 0 2097152 64 0 33554432 4 4194312 0 0 4 0 0 36700160 0 131072 1073774592 0 0 8388673 268468224 2415919105 1604 33554432 1075838976 16384 33587200 2097184 0 16 0 0 4194304 4096 0 0 8404992 16512 0 0 256 33024 1073743424 2164270376 2359392 3170336 548866 1077940490 0 16384 0 512 2113604 0 4194304 0 32 128 17409 8192 270336 1050624 0 0 2147483648 4096 2215116800 256 1073742080 0 2148040704 0 0 0 2097152 2101280 2 0 33792 32769 528384 0 1056768 8512 9984 0 69223424 16384 16777216 0 0 1048592 268435456 4096 0 528384 0 0 0 16777216 4194304 4194304 0 1073741824 1074790464 65536 0 0 1075838976 0 512 4194304 0 0 0 19520 1024 264192 270336 32768 8454656 33556480 8388608 1024 8 272629764 4194305
is_linear=0
shrinkage=0.05


Tree=108
num_leaves=31
num_cat=25
split_feature=3 8 37 30 37 36 36 36 22 36 41 36 36 37 36 37 36 36 36 36 37 36 36 36 36 36 37 32 37 36
split_gain=29.3289 32.3395 42.2474 39.845 149.276 62.6635 51.9583 51.7101 47.3743 47.1653 43.0413 44.8176 44.1427 39.0596 39.0521 37.7107 34.6028 33.9044 37.4185 32.6427 31.1205 30.5982 30.5274 27.7478 26.7196 25.6337 25.6106 25.4134 51.8398 29.7866
threshold=0.3000000268220902 0.44268003106117254 0 1.0000000180025095e-35 1 2 3 4 2.5000000000000004 5 6 7 8 9 10 11 12 13 14 15 16 17 18 19 20 21 22 20.304999351501468 23 24
decision_type=2 2 9 2 9 9 9 9 2 9 9 9 9 9 9 9 9 9 9 9 9 9 9 9 9 9 9 2 9 9
left_child=22 19 -3 6 7 -6 -4 -5 -9 -7 12 -12 -8 23 -15 -16 -17 -13 -19 -2 -20 -22 -1 -11 -21 -10 -24 28 -18 -29
right_child=1 2 3 4 5 9 10 8 25 13 11 17 -14 14 15 16 27 18 20 24 21 -23 26 -25 -26 -27 -28 29 -30 -31
leaf_value=-0.0072995095351069354 0.0043417785456811991 -0.0066050245983083344 -0.0073597091467842747 0.15347802437564317 0.01350523932712925 -0.009098168765567894 0.0062338096804654382 0.128238356693264 -0.0067445410385359008 0.021421233279418986 0.006355972980717284 0.0048024150059282691 -0.0051824974537788672 -0.0080400151296165737 -0.0082537490444929418 0.010320030205275865 0.019782366213410601 0.0030473465998553427 -0.0055778622255528987 -0.0025919536248772135 -0.0059287425835649115 -0.00097313786782924488 -0.0073019294825616759 0.0037178108318289939 0.00018873635240558435 0.018803375897219522 -0.00092094191642634333 0.0076616463131656378 -0.00066517258376406769 -0.0013872314040719092
leaf_weight=1913 6160 4494 4843 1523 3298 2885 1910 622 1188 1565 5013 7572 20323 3569 2937 3398 2531 11872 4397 6698 4770 154026 2885 6761 319344 5133 25269 3348 5831 79423
leaf_count=1913 6160 4494 4843 1523 3298 2885 1910 622 1188 1565 5013 7572 20323 3569 2937 3398 2531 11872 4397 6698 4770 154026 2885 6761 319344 5133 25269 3348 5831 79423
internal_value=-0.000206041 -0.000138022 -0.000478392 -0.000414392 0.000299162 -0.000170695 -0.000826515 0.00670343 0.00485512 -0.000370572 -0.000708155 -0.000461604 -0.00278783 -0.000203773 -0.000475145 -0.000286728 -0.000113045 -0.000589727 -0.000731468 0.000213649 -0.000928669 -0.000813566 -0.00173399 0.00308564 0.000145452 0.00356493 -0.00131635 -0.000298017 0.00232871 -0.000563445
internal_weight=705501 675434 343232 338738 124012 115546 214726 8466 6943 112248 209883 187650 22233 109363 101037 97468 94531 182637 175065 332202 163193 158796 30067 8326 326042 6321 28154 91133 8362 82771
internal_count=705501 675434 343232 338738 124012 115546 214726 8466 6943 112248 209883 187650 22233 109363 101037 97468 94531 182637 175065 332202 163193 158796 30067 8326 326042 6321 28154 91133 8362 82771
cat_boundaries=0 27 54 83 111 139 167 170 198 224 251 279 306 334 362 390 418 444 471 498 526 554 580 607 634 661
cat_threshold=134348800 0 32 0 0 2097152 4194304 136052864 4194384 33685504 0 1 0 524288 8388736 67108864 0 131080 2560 0 263168 0 32768 0 33554432 33554432 805306368 16 1614946304 513 64 32768 134217744 0 0 26624 2097152 0 525312 8192 0 0 0 268567552 0 8413184 0 0 16384 134217728 1073741824 8388608 0 33619968 1073741824 512 65540 0 268435584 0 8192 0 1024 64 17039360 8388608 134217728 0 557056 0 0 0 65536 2621440 4194304 1140867072 16 33554432 1073741840 0 33554441 0 1 128 1024 132 0 0 67108864 262144 0 2097152 4194304 0 0 0 0 2147483648 0 4096 0 65536 0 147458 268697600 268959808 67665920 152046080 16 301989888 32769 0 2147484680 0 0 4098 1 33554464 2147483680 268435458 0 0 536870912 33570816 0 1024 16850944 0 0 1024 0 0 2097152 16 16384 5120 4259840 2 67108868 0 0 0 1048584 536870912 16 0 134217728 0 0 0 12 0 64 131136 67241988 1073741832 1056 0 4227072 2052 0 65792 4096 262144 0 8454144 2717908992 1617961 1620050376 290314 2147492864 2148532224 0 0 8388608 256 2048 2097160 16512 128 0 2099208 128 4096 16777216 0 1073741952 2048 0 67584 134221824 16777216 0 2147483648 0 0 33280 1048576 0 6 1048576 268435456 538968064 0 0 16777216 0 1048584 64 33554432 100728832 1083392 2098176 268435456 0 4096 536870912 0 0 6144 134217736 4194304 4195328 67248128 262144 268697600 1073742848 65536 8388608 0 17047552 16385 268435460 67108864 0 134217744 528388 33554432 2105344 128 32 536870912 16777240 0 0 0 0 8192 0 0 1 4325376 268435456 0 1140981792 4194306 262176 0 0 0 8 32 2048 0 0 553649152 1074036738 0 2097152 4194304 2048 1048576 4104 1077936128 128 65536 0 0 1 69632 2147483648 0 0 134217856 0 2097152 603979776 0 0 524288 16384 2147483648 2304 268435456 1073741824 0 2097664 2147483648 268435456 4194304 1121 4 536870912 2048 3145760 524800 1 0 0 64 3221225472 65544 0 66 8200 4 1073741824 320 2164265216 0 0 1025 131072 32768 268435456 1073741824 0 6291456 64 32768 1024 0 1024 260 1207960064 4194304 64 67108864 35651584 32784 0 1040 0 1179648 8388737 0 0 16777216 0 1 16384 1088 16777216 8388610 4 4097 0 0 0 69632 1048576 536870912 268828672 67108864 0 4227072 0 8192 65536 262176 0 102400 0 262144 4 4194560 142610432 0 537920512 1060896 64 0 1073741824 0 1073741824 0 0 0 32 67108864 67108864 32800 67108864 18874368 0 512 1073741856 2147487744 0 81920 0 16384 512 271360 0 0 0 0 2560 2147483648 0 1610678272 49152 131072 0 67108864 67125248 32 1048576 64 1073741824 65552 0 16 268574720 8389136 268435456 262144 0 16 512 262144 1107296272 278528 131080 524288 536870920 4194304 32 2 0 0 8388608 32768 67108864 32768 536870912 0 288 32 131080 0 1024 536870912 2048 4 16781328 0 0 0 0 8 32 32 33587200 538968064 4112 0 5120 1048580 262147 2147483648 2282749952 0 33587200 2048 8392713 64 0 0 0 2097152 12 0 134225922 0 268468228 263296 268435456 4 0 0 1073741888 0 0 1073807360 0 2097152 4196368 0 4096 4227072 75497474 12582913 512 2147485696 512 8 67108864 0 0 1048576 8388608 4098 0 0 32 0 1081344 64 1 16777216 524288 131072 16 1 2281702416 66049 2 0 33554464 1081344 0 0 2147549248 33554436 131072 0 2415951872 16777216 0 0 0 16 0 1073741824 0 16777216 0 0 2 4096 2148008456 64 8388608 1048608 0 16 4194312 256 0 0 0 0 65536 0 65536 4 64 64 0 536870928 67584 2098176 32 1140851716 6 33686528 512 16384 0 512 512 37765120 4096 0 4096 9437312 2147483648 0 4096 536870912 0 8388624 75497728 2 0 8 1073774624 0 0 4096 33554432 4194304 65536 1074003968 805306368 11010048 67108864 67141632 2621440 0 1073741824 76578816 0 0 4194304 2147483648 536870912 0 8388608 0 64 0 1024 1048576 0 16 134742016 6144 16 268468225 1028 4 0 34816 1025 2097152 262145 0 0 67244032 16 4194304 0 0 0 134217732 128 1048576 4202502 134217728 1 0 0 536904448 268435968 1024 512 32 16384
is_linear=0
shrinkage=0.05


Tree=109
num_leaves=31
num_cat=26
split_feature=28 37 37 36 36 36 37 28 36 36 36 37 37 36 37 36 37 36 36 36 37 37 36 28 36 37 37 30 36 36
split_gain=32.359 62.4571 32.525 31.4989 29.9851 27.8501 26.8737 26.2431 59.5556 32.0513 27.8328 26.6282 25.6115 26.5157 25.1537 23.9228 25.068 26.1463 25.5466 23.776 23.3404 25.5267 37.5847 26.7201 44.2138 45.5354 36.5885 51.3508 49.4777 39.8537
threshold=0.99850001931190502 0 1 2 3 4 5 0.9805000126361848 6 7 8 9 10 11 12 13 14 15 16 17 18 19 20 0.93050000071525585 21 22 23 1.0000000180025095e-35 24 25
decision_type=2 9 9 9 9 9 9 2 9 9 9 9 9 9 9 9 9 9 9 9 9 9 9 2 9 9 9 2 9 9
left_child=4 19 -3 -4 14 -6 -7 10 -9 -10 -8 -11 13 -5 -1 -14 18 -18 -17 -2 -12 22 -22 26 -25 -26 27 28 -23 -29
right_child=1 2 3 12 5 6 7 8 9 11 20 -13 15 -15 -16 16 17 -19 -20 -21 21 23 -24 24 25 -27 -28 29 -30 -31
leaf_value=0.038149439044783941 -0.00052402833607251287 -0.0039167210588306398 -0.0040201083273533698 0.0017075854888783564 -0.0047195227893889607 -0.0063273753457419235 -0.0034598291377319294 0.015081634569929562 -0.008018147749958144 0.0071816162483583305 0.0072742176771357211 0.0014177948962794812 0.0026798167480459839 -0.0034415621805073682 0.0026203725585370544 -0.0068690862178340216 0.0025967869521863252 -0.00032343080136307826 -0.0013385521331863715 -0.010742281992870632 0.016312149842813269 0.015674839922678936 0.0017148964497047199 -0.010753640462874631 0.0038129453887492562 -0.0019786017399409106 -5.767016368751765e-05 0.10229703878001675 -0.0019762026849296926 0.011954880377692613
leaf_weight=1078 1243 10044 6611 2496 5111 3391 8793 1323 1107 2205 3236 13080 7390 10741 7889 2202 12779 271757 16369 3312 1747 1396 12472 1477 5683 32013 237305 1318 11731 8246
leaf_count=1078 1243 10044 6611 2496 5111 3391 8793 1323 1107 2205 3236 13080 7390 10741 7889 2202 12779 271757 16369 3312 1747 1396 12472 1477 5683 32013 237305 1318 11731 8246
internal_value=-0.000237068 -0.000583281 -0.000505325 -0.000420039 9.41135e-05 2.12572e-05 7.53534e-05 0.000119192 0.00199325 0.00116442 1.71702e-05 0.00176108 -0.000350198 -0.00250321 0.00294748 -0.000258327 -0.000326894 -0.000210686 -0.0021062 -0.00639236 9.42726e-05 5.05745e-05 0.00211964 -4.78391e-05 -0.00126519 -0.000930862 0.000135578 0.00205323 2.38041e-05 0.00484056
internal_weight=705545 344944 340389 330345 360601 351634 346523 343132 17715 16392 325417 15285 323734 13237 8967 310497 303107 284536 18571 4555 316624 313388 14219 299169 39173 37696 259996 22691 13127 9564
internal_count=705545 344944 340389 330345 360601 351634 346523 343132 17715 16392 325417 15285 323734 13237 8967 310497 303107 284536 18571 4555 316624 313388 14219 299169 39173 37696 259996 22691 13127 9564
cat_boundaries=0 27 54 82 110 138 165 193 221 250 276 303 329 356 384 410 436 464 492 518 544 571 599 627 654 682 710
cat_threshold=16 64 1048576 8388610 32 134217728 8192 1048576 2149597184 0 0 32768 262144 0 524288 1073741824 553648128 256 0 170524800 16777344 0 0 1024 0 1074003968 805306368 0 1073741824 32 0 4096 2147483648 266240 2155872256 0 67109120 8388608 2081 1024 8389632 67108880 16 0 0 0 0 33554448 67108868 8320 541065224 0 33554440 1 0 513 0 9437184 134217728 67108872 16388 0 1536 0 0 272695296 65536 0 278528 0 32 285212928 0 67141632 33554432 0 2 603979776 262152 0 4 96 2147485184 2147484672 33620032 2214592512 0 8200 0 262160 1024 0 131072 16416 0 0 134217728 65536 2147483648 0 512 524288 4096 0 524288 2048 16777216 8388608 16512 4100 16384 196608 32768 0 32 0 0 0 2149580800 0 0 270336 268443648 4096 4198400 2621440 134217728 0 2048 0 134348800 2420113408 67112964 2 2098176 0 256 32896 0 4194304 0 16 4194304 2162688 1107427328 34603184 0 262144 264192 540672 0 1 0 16384 4194304 0 1073774592 8 0 0 36868 0 0 32832 805306368 4 268435456 0 134250628 262148 65536 12648448 1 8192 8193 128 0 16384 38797312 2147483648 0 32 0 268435456 1048576 0 0 0 64 262144 1073745920 0 2097152 2176 536870912 0 0 1048576 1074003969 32768 33689664 1073741856 134217728 0 128 1073741824 67108864 1024 0 8388624 6292480 0 268435456 536870912 1048576 0 67125249 0 0 0 8448 16 0 0 33792 0 0 128 0 12292 512 65792 277872640 0 512 2415919112 16 0 16 0 2147483648 0 0 2147483904 0 268435458 1069072 33554432 2147549184 2 131074 4096 67112960 2149122056 4 1073741824 268435456 0 0 134217736 8388610 0 0 1024 524288 0 0 1032 0 2048 1024 1 16777216 536870912 33554560 16 4096 536870912 129 16384 132096 131072 0 536870912 268435968 0 0 0 0 256 128 64 256 545820672 544210944 2048 8192 1024 18874368 268435456 0 1048576 67108864 2048 8388612 2147483664 0 512 0 1118208 67108868 0 0 201326849 0 262144 33554432 134287872 272629760 33280 128 16777216 256 1048576 0 0 0 0 163904 0 8192 0 67108864 0 2415919104 0 0 2048 0 2147483648 0 0 256 524288 0 0 32768 0 0 1073741824 0 0 0 0 0 8192 1048576 172032 0 2097152 1082130432 65536 33554432 0 1073741825 4194560 67588 0 0 8200 0 35653632 8388608 0 256 0 128 2147491840 1 0 2097408 65536 67108864 8192 272629761 8388608 67108864 77832 671088640 0 32768 16777216 8192 8 1073741826 0 0 0 2 1049088 8192 131072 65536 1073745920 0 4194304 33554434 4 33554432 16777248 268435456 16384 1048580 512 67371264 536875008 8 4 0 0 67108992 536870976 536872960 272662528 256 0 0 8192 1048584 4096 0 134217728 1088 0 2147483648 133120 4096 0 1040 268435456 1048576 0 8 1090 134217728 8192 33920 603979776 0 1107296256 4194304 0 1572866 1 2098181 4096 0 0 0 0 0 0 2048 2147483649 263168 0 4096 4194304 0 0 1073741824 2147483648 1073742336 8650768 1 0 56 2048 0 1048640 805306370 0 4096 16 0 0 16 16777248 2048 0 67239936 135168 4194308 0 65537 0 262144 134217728 2097152 25165824 2097664 1075838976 0 0 0 1073745928 256 0 822083584 268435456 0 4096 160 4 33554432 8192 256 2718957568 0 32 64 2117636 65552 0 0 0 2048 134217728 0 536870912 1048576 2147483648 67633152 0 17664 536875008 2097152 131076 0 0 2105472 4194328 64 8 553648128 0 8192 512 0 4718592 0 4194304 134250624 0 268435488 0 33554432 37750784 0 295168 33554592 201326721 2147484672 0 0 32768 0 0 0 131136 2 524288 134217728 0 301989920 0 536870912 41943040 0 0 0 0 0 1114112 33554440 16 8 130 8409088 1073741824 0 1073741824 49152 268435488 2097152 0 0 268439552 33685504 2099200 0 256 67108864 536870912 0 268435712 536870912 1073758240 64 2181042176 0 524288 16 301990912 1 0 33554432 8454144 1207959552 16 65536 2048 0 16 0 128 1 50 8388672 524288 0 0 0 4100 0 4 512 8519682 0 0 0 0 536936448 0 131328 17825808 8388608 32768 67125248 1048576 536870916 4194304 16842752 8196 0 16384 4096 0 8388608 257 12616704 32 32896 2214625280 536870928 0 2214592512 0 16777792 0 1048592 5120 67108864 0 0 64 1 32768 0 32 0 536870912 0 0 131201 0 135298 4198401 33554432 2147483648 2 0 0 536870916 0 32768 1024 17838080 1073758208 0 67372032 0 262144 64 0 16384 4096 4194304 0 67108864
is_linear=0
shrinkage=0.05


Tree=110
num_leaves=31
num_cat=15
split_feature=8 6 6 12 42 42 42 32 42 28 7 42 41 42 22 1 42 22 31 42 32 42 42 22 42 31 42 32 42 42
split_gain=28.0882 46.8354 31.716 27.0204 26.1607 23.1544 21.692 20.9739 30.5516 20.5499 26.856 25.4473 20.8718 20.4178 17.5324 32.5784 17.0945 20.4641 17.3282 16.6171 15.8818 27.2784 20.9621 14.8002 16.7924 18.2212 16.7364 19.9973 27.0105 24.657
threshold=0.49662688374519354 1.8509864211082461 0.59900078177452099 1.5000000000000002 0 1 2 22.365000724792484 3 0.63940659165382396 1.5861341357231142 4 5 6 4.5000000000000009 18.214126586914066 7 4.5000000000000009 3.0923500061035161 8 20.914999961853031 9 10 1.5000000000000002 11 0.84845000505447399 12 22.304999351501468 13 14
decision_type=2 2 2 2 9 9 9 2 9 2 2 9 9 9 2 2 9 2 2 9 2 9 9 2 9 2 9 2 9 9
left_child=2 4 13 7 -2 -4 14 16 -9 12 11 -11 -6 -1 -5 -16 17 -3 -19 -7 21 -15 -22 24 25 -21 -25 28 -28 -29
right_child=1 3 5 6 9 19 -8 8 -10 10 -12 -13 -14 20 15 -17 -18 18 -20 23 22 -23 -24 26 -26 -27 27 29 -30 -31
leaf_value=0.0017056924850853473 -0.0045888971574855305 0.0034872113726661883 0.001915468019078187 0.0048233880092769304 0.067009163493469845 -0.0015751419888504648 0.00044584994693492864 -0.0074807156710838436 0.00012407880731328815 -0.0035152929298613248 -0.008510563454478948 -0.00088776942450859988 0.0016950863531451227 0.0017098374891439756 0.018945759283667398 0.34125644143648204 -6.6676376301066936e-05 0.040564305874363042 -0.005274486606477541 0.006993585187633493 -0.002188717516671396 -0.0036351217351184963 -0.00023321642712214599 0.0010206670408699715 0.0002926553189072048 0.0014168924731857713 -0.0010614543284937412 -0.0018291583450856658 0.0016069178649950333 5.1097957495055418e-06
leaf_weight=8101 9811 4461 33709 14868 409 11869 23459 14520 22350 21193 6077 148659 7450 3274 5704 239 13941 1255 330 2934 13299 12013 77253 44379 45482 23227 18087 34986 31127 50718
leaf_count=8101 9811 4461 33709 14868 409 11869 23459 14520 22350 21193 6077 148659 7450 3274 5704 239 13941 1255 330 2934 13299 12013 77253 44379 45482 23227 18087 34986 31127 50718
internal_value=-0.000184136 -0.000556532 8.32604e-05 0.000315565 -0.00101207 0.000355711 0.00124178 -0.000405616 -0.00111266 -0.000877589 -0.000989385 -0.000872519 0.00162373 -0.000625762 0.00241631 0.00471274 0.000898664 0.00311623 0.00799968 0.000197426 -0.000810935 -0.00230164 -0.000559341 0.00028392 0.000891387 0.00190041 4.12024e-05 -0.000235865 0.000567408 -0.000697159
internal_weight=705184 294726 410458 101127 193599 296518 44270 56857 36870 183788 175929 169852 7859 113940 20811 5943 19987 6046 1585 262809 105839 15287 90552 250940 71643 26161 179297 134918 49214 85704
internal_count=705184 294726 410458 101127 193599 296518 44270 56857 36870 183788 175929 169852 7859 113940 20811 5943 19987 6046 1585 262809 105839 15287 90552 250940 71643 26161 179297 134918 49214 85704
cat_boundaries=0 8 16 23 30 38 41 49 57 65 73 81 89 97 105 112
cat_threshold=536903936 4199168 8421504 64 34865280 1828717129 2449475617 264 67158080 42995968 98336 1145045616 574619648 202376257 268435496 32 16908294 134217728 262144 134218240 603979776 296943680 8320 16908290 2164260864 271364 2147483680 16392 278533440 16785536 215110 33570848 2148007956 1073807361 4196610 2148622338 16781952 16 33554432 2048 65538 4194304 47661664 2147486336 5 1476403712 8388616 639633409 256 6 2147483648 1074005252 2147484292 65544 131328 130 2 151257096 65632 8650756 35913728 134226580 4194840 1614973184 132 151339072 67109888 34091012 262202 536873098 1078985472 1082130440 8 16793876 67108864 269234180 3670016 574619648 1292370048 1086088 2 68356 83887104 2164786176 197004 3222292490 70016 132 2 131216 537412096 1648365696 9445508 335806721 2969583616 17829888 1 3074 402654208 2164802824 134300675 2101248 8454146 8327 74 68353 2231370880 16787458 2148172032 1073889314 196736 2222989312
is_linear=0
shrinkage=0.05


Tree=111
num_leaves=31
num_cat=27
split_feature=36 37 37 36 37 35 36 22 36 37 22 36 37 36 37 36 37 36 36 37 36 37 36 37 36 37 36 36 36 36
split_gain=28.9495 37.1212 32.6137 23.0027 26.3449 22.0245 20.8012 22.8609 38.9365 39.8949 38.6442 51.1429 50.4397 45.8753 45.003 40.0695 37.557 36.3733 36.0527 32.8229 32.8721 31.4677 31.5783 30.4547 29.9437 28.4451 40.8609 29.0708 28.3092 28.2697
threshold=0 1 2 3 4 0.61867865920066845 5 1.5000000000000002 6 7 3.5000000000000004 8 9 10 11 12 13 14 15 16 17 18 19 20 21 22 23 24 25 26
decision_type=9 9 9 9 9 2 9 2 9 9 2 9 9 9 9 9 9 9 9 9 9 9 9 9 9 9 9 9 9 9
left_child=1 -1 5 4 -4 -2 -5 8 -8 -10 11 -9 -12 -13 24 -16 -15 -17 -11 -18 -21 28 -23 -19 -14 26 -24 -28 -20 -27
right_child=2 -3 3 6 -6 -7 7 10 9 18 12 13 14 16 15 17 19 23 21 20 -22 22 25 -25 -26 29 27 -29 -30 -31
leaf_value=0.0086369542178491802 0.03825247737092996 0.00064927894111426474 0.0064951938572916429 -0.0028952111529149949 0.00038682170783320424 -0.0042898002174790008 -0.0049916471394661991 0.0032352464816083728 -0.0041520513853414709 0.005017899757795586 -0.0046440668769528529 -0.0061370621452638613 0.024395035886040806 0.0037336534345563835 -0.0047423488889914364 0.0047658856406256143 -0.0069453560923371464 -0.0034938243711397088 -0.0027262731269781988 -0.0047164440173161669 -0.0010731209689064213 -0.0033005946797737373 0.015014153909528495 7.7157598908986214e-05 0.0055975841054086879 0.0038594096991780014 -0.0059991342426478555 0.0030832952928393068 0.0073587947093250346 -6.0616296428070428e-05
leaf_weight=5261 359 28404 7855 12955 29834 9817 4173 6438 3741 6725 7788 5136 2042 4559 6380 6574 3593 12509 1174 6014 148615 5724 1421 220338 6567 7633 1232 8846 4225 129888
leaf_count=5261 359 28404 7855 12955 29834 9817 4173 6438 3741 6725 7788 5136 2042 4559 6380 6574 3593 12509 1174 6014 148615 5724 1421 220338 6567 7633 1232 8846 4225 129888
internal_value=-0.000203097 0.00122751 -0.000274765 -0.000231556 0.000967838 -0.00308236 -0.00030398 -0.000261943 0.000221274 0.000338105 -0.000455413 -0.0010323 -7.17966e-05 -0.00119999 4.96225e-05 -7.49048e-05 -0.00105295 2.93925e-05 0.000452723 -0.00118196 -0.00107193 0.000301975 0.000170915 -7.42405e-05 0.00360064 0.000311009 0.00269874 0.0015735 0.00405037 0.000111156
internal_weight=705820 33665 672155 661979 37689 10176 624290 611335 174782 170609 436553 174355 262198 167917 254410 245801 162781 239421 166868 158222 154629 160143 154744 232847 8609 149020 11499 10078 5399 137521
internal_count=705820 33665 672155 661979 37689 10176 624290 611335 174782 170609 436553 174355 262198 167917 254410 245801 162781 239421 166868 158222 154629 160143 154744 232847 8609 149020 11499 10078 5399 137521
cat_boundaries=0 28 55 82 110 137 165 192 217 243 271 298 324 351 379 407 435 458 486 514 543 569 596 622 647 675 703 731
cat_threshold=0 2147484672 198724 4194306 67108928 0 2147484672 2080 16 0 262144 131072 0 0 8388608 128 33554688 4096 512 1048576 4096 0 0 0 0 4128 1026 16388 16 32 512 262160 541065216 65536 8388608 65536 2048 536875040 0 262144 2281701636 33554433 268435456 0 8704 0 16785408 142606336 1073741824 0 0 0 32768 0 32772 671088640 64 1073741860 0 1024 65536 0 1704064 536887296 0 0 3 32 134479872 0 1073741952 16777216 512 0 1 128 0 0 0 8388608 1073741824 905969665 1048578 24576 0 2147483649 1073745920 4194305 288 8208 0 4096 0 0 12582912 33040 64 2 0 32768 0 134217728 0 2048 0 0 6291472 541065216 0 67108992 2064 67371520 536875008 2148007936 536870912 0 1140850692 0 1073750016 4100 0 1024 134221824 1024 0 65536 268435456 1024 0 0 0 67584 34816 0 128 536870916 4 0 0 128 1052672 0 1048608 0 0 0 0 131072 8192 268500992 0 0 524368 32768 16 65536 2147516416 18432 268697600 6 32768 278530 2148532224 134217856 33554432 1024 0 10 1024 268435744 0 0 2147483648 2147483648 4194304 0 402915328 0 0 16777216 0 0 16777216 133120 0 32770 1073750016 32832 101187584 17827840 16384 67108864 2147483648 2415919104 294912 68 32 131072 0 167772160 1073750016 16384 0 268436480 0 1576976 1073741824 0 0 16 0 268435464 0 36 3158016 1073741824 536870912 8388608 33554464 36864 32768 0 536870912 2048 0 1107296512 0 8449 1 1024 64 4194824 545259520 64 16777216 524352 0 1073774720 4194304 0 2048 0 8388608 20612 32 16648 0 0 0 67108864 262144 16 0 16777216 0 3221225472 1082130688 0 16 8192 0 4128 0 0 0 2097673 268436480 2048 34603008 524288 1 67108864 0 67108872 524288 1024 0 268435456 0 0 2 2162690 4194304 36896 268435456 524288 0 262272 0 146800640 0 33554432 0 4194304 524288 0 1073743952 524812 16 4194304 0 0 0 131096 16777216 0 16779264 16960 4456448 16 536870912 512 538968065 0 142737408 1342177280 26632 8 0 0 1048576 1073741824 0 32768 134217920 196608 32768 512 167772192 32768 0 0 33554432 33554432 536870916 8 131072 64 262152 67143680 0 2147483648 262400 16777216 1073741824 0 2147487744 128 0 0 1073741824 524292 32 0 134217732 32 16384 262144 16384 4194304 262144 0 32 0 1074266112 4202496 134234129 0 536870916 4096 2097152 65536 67110912 2097152 16777216 0 8 524288 1 33555456 0 75497480 2097152 1024 41943040 0 8421376 0 4211712 1073741824 134217728 134217728 8 0 0 128 0 4194305 0 131072 0 0 524288 256 2065 101188096 1048576 67108864 262144 0 0 0 128 272629760 0 1024 65536 8388612 0 532492 1 33554436 32768 131584 538970112 258 512 1073741824 0 8404992 0 0 2097152 4352 536870912 0 4194304 16777216 0 8388608 553779200 8192 2049 2147485698 0 0 16 768 512 11534338 262144 16384 524288 43008 1065092 0 0 16785408 0 134217728 0 0 65536 0 65536 8388608 131074 0 2048 1082130432 16777216 2147487744 1 131077 8396801 134217792 0 4 1 256 142606336 0 4096 4 67109120 2 4226 2097152 16448 0 0 0 0 32 2147485712 276824064 4360192 0 2147483648 2112 67108864 603979776 16384 0 0 542720 0 0 33554432 0 2048 33816576 524288 1 33554432 536870912 0 2097156 0 20 0 0 2625536 16384 9216 1048576 1074003968 0 0 0 0 256 8192 1056 0 12615680 0 536870980 1207959552 17 8388609 0 2 65536 2105344 268435456 4096 134217728 134217728 1207959552 0 4194336 0 1073741824 65536 33554432 33619968 0 1048576 0 538968064 0 0 65536 67112960 33554432 536870912 20971522 4521996 4194304 2048 0 268435456 256 0 33554496 0 268468739 128 8388609 4 33554432 134219776 33554432 134291456 16384 16384 256 0 0 0 524288 33554432 17305600 131072 1048576 16385 0 4096 2684354816 142606352 4194368 67142144 2147483648 65568 0 0 0 1073741824 0 524544 2 768 33554436 2147483648 0 0 4194368 150994944 0 0 4194320 262144 2097154 16384 1073741840 327680 16777216 25165824 0 2 32 0 2 2147483648 4197888 536870912 67584 0 4194304 67108864 16777232 0 1048584 2147483649 0 65536 2308 0 524304 8576 528 0 0 0 134217728 0 268435456 128 33554432 8388608 67108896 805306368 0 0 0 257 0 4096 524288 1 4096 65536 131072 2147525120 142606336 4194304 0 268435456 8388608 555819008 134217728 65600 163840 524288 16 0 0 0 2151677952 541065216 262144 0 16 0 256 0 256 2147483682 0 1073741824 0 1073872904 0 268566528 32768 0 24 2130946 67633152 262208 131201 2228232 2684354560 8 0 0 0 0 4 0 0 0 134217728 4609 0 128 0 1073741824 131072 9
is_linear=0
shrinkage=0.05


Tree=112
num_leaves=31
num_cat=25
split_feature=8 11 36 36 37 36 37 36 36 6 36 36 37 36 36 37 37 33 36 36 36 37 32 36 37 36 36 36 37 36
split_gain=27.7568 54.0759 44.1892 41.3105 40.0783 39.564 35.6225 32.2365 29.0302 27.7781 60.0434 35.7337 33.433 32.6951 29.8075 29.4576 28.1962 25.905 27.7974 25.4001 23.8955 23.6308 23.5561 42.4671 42.0393 27.0543 26.8609 23.2388 23.1281 21.893
threshold=0.54608362913131725 1.1000000834465029 0 1 2 3 4 5 6 0.5619896948337556 7 8 9 10 11 12 13 64.314998626708999 14 15 16 17 21.585000038146976 18 19 20 21 22 23 24
decision_type=2 2 9 9 9 9 9 9 9 2 9 9 9 9 9 9 9 2 9 9 9 9 2 9 9 9 9 9 9 9
left_child=9 4 -3 -4 -2 -6 8 -8 -7 10 -1 -12 -13 -11 15 -15 -16 21 -19 -14 -9 -5 23 -21 -24 -26 -25 -18 -28 -29
right_child=1 2 3 17 5 6 7 20 -10 13 11 12 19 14 16 -17 27 18 -20 22 -22 -23 24 26 25 -27 28 29 -30 -31
leaf_value=0.0061561943998938084 -0.0084805082630689099 -0.013998036197807907 0.014506509364989274 -0.013666385547215349 -0.0085137500269819987 0.016136815766415926 0.0067005366618025034 -0.0071675979849140786 0.0012893983239912589 0.0039492730020688751 -0.0051897562060233861 0.0054495118641495026 0.0031860904900116896 0.0078047658281183603 -0.0047953781333587532 0.0012706166513321406 -0.0029144869038499697 -0.0074655643082865656 0.00085411850156147948 0.005152768192867932 -0.0018592285257321289 -0.0011037376495342977 0.0038720521317547082 -0.0086498985322596214 -0.0047147340848957449 -0.00065109728408876413 -0.0065910429186872791 0.0024626261972717002 -0.0018584058035046398 7.0348690396661306e-05
leaf_weight=2671 3769 2289 4609 3239 2808 1337 2299 3427 6619 8002 3372 2178 2648 3231 3972 12005 6567 2613 108328 1235 106010 5847 4051 1576 2931 51393 2892 14085 14276 315088
leaf_count=2671 3769 2289 4609 3239 2808 1337 2299 3427 6619 8002 3372 2178 2648 3231 3972 12005 6567 2613 108328 1235 106010 5847 4051 1576 2931 51393 2892 14085 14276 315088
internal_value=-0.000208526 -0.000627678 0.000101142 0.000227843 -0.00136028 -0.00120357 -0.00106555 -0.00129578 0.00216518 2.61791e-05 -0.000764228 -0.000992341 -0.000787345 0.000220484 0.000149172 0.00231193 5.21013e-05 4.92552e-05 0.000259482 -0.000952008 -0.00141905 -0.00251733 -0.00111497 -0.00259697 -0.000607912 -0.00097451 -0.00318848 0.000101712 -0.00261075 0.000160511
internal_weight=705367 253194 126925 124636 126269 122500 119692 111736 7956 452173 89223 86552 83180 362950 354948 15236 339712 120027 110941 81002 109437 9086 78354 19979 58375 54324 18744 335740 17168 329173
internal_count=705367 253194 126925 124636 126269 122500 119692 111736 7956 452173 89223 86552 83180 362950 354948 15236 339712 120027 110941 81002 109437 9086 78354 19979 58375 54324 18744 335740 17168 329173
cat_boundaries=0 29 57 84 107 134 162 189 216 241 268 297 324 352 379 407 435 463 490 518 544 571 599 626 652 680
cat_threshold=0 0 1073741824 8224 0 0 0 0 2147483648 262144 8192 1 66 134225952 33816609 0 1073741824 0 65536 2147516416 67141632 2147483648 131168 32770 0 4 1073741824 2 2 2147549184 2147549186 4 2415984640 0 65536 0 0 0 0 524416 64 32 33554432 0 1073807360 541700 4325376 4096 0 1073745920 65536 0 0 0 4096 2 16388 1052672 2147483648 0 1048592 0 2097152 0 1835136 0 537001984 557058 0 512 134218240 0 67125248 0 524288 4194304 128 0 0 0 8 318767104 1611661312 268435456 8388608 1048576 67108864 128 0 67108896 2214592514 0 4096 514 0 4227080 1090519041 16384 536870912 196628 0 336592896 0 0 1048576 268435584 16640 4194308 266240 32768 0 2 16384 8388672 0 4 69206016 0 134218784 8192 0 271056904 384 536872993 65536 0 2097152 0 0 1 1073741824 65536 0 4 1073741824 134479873 0 134217728 33554432 0 16384 524800 524288 0 16842752 2147500096 0 2048 256 570427457 128 0 0 134221824 524288 0 0 16777216 524288 0 0 1074790656 17 8192 4096 0 128 541073408 4194304 34 0 1081344 0 0 8 262144 16777216 0 0 16384 16 133120 32 72 1 1048576 0 81920 32 2048 0 16 128 67109888 9216 2147484160 16777216 0 524296 67108864 0 138412034 67149824 8388608 131088 58720256 0 0 532480 1090519040 0 0 0 65536 16 67108864 0 268435456 0 0 0 352452628 268500992 0 72 134221824 0 2415986688 0 8388610 16640 268468225 128 268451840 0 2 0 0 2 0 1342177280 32 4194304 0 4096 0 0 1 16777728 73728 32768 38797312 131072 2182610944 279040 0 8454144 0 4096 0 0 0 36 4096 16 536872962 16777216 33554432 33554497 0 0 2149580800 0 16777216 65600 2181038080 0 1078198272 8192 8388640 0 0 32 16777344 9437184 4 1073742336 2147484672 0 4194320 0 33554432 0 67108864 8388608 0 1 67108864 2097156 8392708 16777216 0 0 1073741824 4096 0 0 0 32768 1572865 32 2097152 8704 268435456 33554433 67108864 1048576 512 536887296 513 131072 2147484672 0 4096 2112 8192 536884224 4194368 0 0 32768 0 268435490 12 524288 570425344 8 64 0 0 8 8388608 1048576 1082130432 16 4194304 16777218 0 66 0 0 1 16 549453824 16777216 33554432 0 131096 64 512 0 2142208 4194304 134250512 0 33570816 0 2304 536870912 131072 1073774592 0 8192 4 0 4096 0 33554432 268435456 1024 2097152 537919616 32768 0 524304 262145 1073741824 12582912 0 0 0 0 524288 1032 1 4194304 2147483648 17301536 2048 0 536870912 536870912 1 0 2147549184 65540 268435456 16777248 2048 1073774592 67108864 4096 0 101191680 0 142606848 67108864 69 0 8 82176 1073774592 0 0 0 256 0 2 0 0 65552 0 32 262144 67125248 64 2147483648 4 0 384 1075838980 0 128 512 33554433 0 0 33587232 524356 32 0 64 16 2048 67108880 18432 64 0 0 262400 16384 0 20480 524304 512 4096 7340288 2 0 8421888 0 2048 268435456 8388608 0 524288 64 524288 64 0 1024 8388608 0 0 0 0 0 268468224 1028 805306368 4194436 0 2147483680 4194304 16896 65537 1024 0 524544 40960 0 128 0 2048 262144 536870912 0 1573120 2147483648 512 134217728 0 0 0 16777216 134217728 4096 2097152 65664 2147483648 16777216 0 134217728 4194304 16781312 134217728 0 2147492096 131072 33554448 134221832 64 524288 1073741840 0 1040 32768 269484032 16 67108864 0 8 256 4194304 131072 512 1048608 1073741824 0 1610645505 0 262144 260 9216 128 0 0 0 135266304 1024 2147745792 256 524420 0 536870912 32896 262656 0 16777216 0 10485760 262144 0 0 165888 589828 8 1073741824 4096 131200 8388608 2 0 0 34078720 16777216 128 0 2228224 67108880 65536 0 64 0 2147483648 2147483656 4096 268435456 2147518464 16416 65536 268435458 1048576 0 0 0 0 0 0 2147483712 128 2147483648 0 4194304 2148007936 131084 0 4194560 1082163200 1073741824 32768 0 2148081664 16386 33554432 2147484160 268435456 0 536870912 536870914 4198656 541065216 2164297728 8388608 0 0 0 33555488 0 0 268959744 18 16777216 0 0 2097152 1073742864 67178496 33554432 4194304 0 1048576 536870912 8192 100663296 131073 0 512 1048576 262208 2147491840 8320 0 1 0 268705808 1 0 0 0 17301504 0 2147483648 8196 0 0 4194304 10240 68 2097153
is_linear=0
shrinkage=0.05


Tree=113
num_leaves=31
num_cat=26
split_feature=28 36 37 36 36 8 36 37 36 36 11 36 36 36 36 37 36 36 32 37 37 36 36 36 36 36 37 36 37 36
split_gain=28.3421 54.7746 51.7805 32.0974 28.9704 26.053 41.3544 37.4214 36.8774 30.1595 26.7743 35.3274 32.1823 28.8138 26.2245 25.6252 25.4632 24.4949 22.2711 49.5375 36.2128 33.1089 33.0988 28.4811 22.8489 21.8336 21.3914 21.2657 20.3085 20.147
threshold=0.58149999380111705 0 1 2 3 0.63001489639282238 4 5 6 7 1.1714286208152773 8 9 10 11 12 13 14 21.275000572204593 15 16 17 18 19 20 21 22 23 24 25
decision_type=2 9 9 9 9 2 9 9 9 9 2 9 9 9 9 9 9 9 2 9 9 9 9 9 9 9 9 9 9 9
left_child=1 -1 4 -3 -2 14 -7 -8 -9 -10 11 -11 -13 -12 15 -4 -15 -16 19 25 22 -21 -20 -22 -25 -18 -14 -23 -5 -19
right_child=2 3 5 28 -6 6 7 8 9 10 13 12 26 16 17 -17 18 29 20 21 23 27 -24 24 -26 -27 -28 -29 -30 -31
leaf_value=0.042853194845846466 -0.0126366236100105 -0.0077002298907001736 0.0070693662842657148 0.11169274136945129 -0.0032490982106142979 -0.0091422761103523622 -0.0074295707455401512 0.0070290593131491774 0.0050823500671279944 0.0053187465884652731 -0.011448964906608197 -0.0079356554031129456 0.0036124607879478078 0.0084567907409647935 -0.0027841528508388172 0.0011630984200168115 -0.001828792953924291 0.0018193912535498112 -0.0081989943805487134 0.014749951271029502 -0.012147127909558264 0.0093057375081525891 0.0080462465429313023 0.0070843215357805529 -0.0028180517727050105 0.028918781382212846 -0.0026380745071644869 -0.0044025577544495823 0.0030479925173979268 -0.00010329531145360505
leaf_weight=1721 2473 1868 3152 495 5628 3087 2706 5981 8754 3201 2200 3021 4635 4387 9385 11139 968 20478 2462 1640 2799 2152 10754 2936 44191 3550 66888 9352 10020 453583
leaf_count=1721 2473 1868 3152 495 5628 3087 2706 5981 8754 3201 2200 3021 4635 4387 9385 11139 968 20478 2462 1640 2799 2152 10754 2936 44191 3550 66888 9352 10020 453583
internal_value=-0.000219492 0.00199929 -0.000264749 0.000832056 -0.00423601 -0.000217603 -0.000723077 -0.000625794 -0.000537783 -0.00067064 -0.000822298 -0.00149734 -0.00171819 -0.000221845 -2.90565e-05 0.002081 -7.55557e-05 -9.14766e-05 -0.000277176 0.00129225 -0.000716231 -0.000262258 0.00161034 -0.00133218 -0.0010403 0.0058015 -0.00150401 -0.00121146 0.00190599 -4.13703e-05
internal_weight=705606 14104 691502 12383 8101 683401 185664 182577 179871 173890 165136 77745 74544 87391 497737 14291 85191 483446 80804 17662 63142 13144 13216 49926 47127 4518 71523 11504 10515 474061
internal_count=705606 14104 691502 12383 8101 683401 185664 182577 179871 173890 165136 77745 74544 87391 497737 14291 85191 483446 80804 17662 63142 13144 13216 49926 47127 4518 71523 11504 10515 474061
cat_boundaries=0 25 52 80 107 134 160 188 216 244 272 301 329 356 382 410 436 463 491 519 547 575 603 630 651 678 706
cat_threshold=1441792 2684354560 0 0 1073741824 142671872 8192 2048 130 604012544 0 67108864 0 32772 2113536 65536 2147483649 2048 0 8212 0 0 32 32 8192 0 64 288 0 0 0 0 1704064 0 0 0 32 0 524292 0 0 16777216 0 0 1 33554432 0 1049088 0 16777216 1073741828 905969664 16 0 1052672 512 32 1 524288 8192 64 0 1090519040 0 0 402653184 201329664 4160 738197506 0 536936448 8388608 1048576 1048708 0 2 0 0 0 2048 0 3019898880 0 1 0 134217728 16384 2048 2147483648 16781312 0 67108865 1073741824 134225936 4 16777232 0 2056 0 0 0 0 1444096 0 532480 0 4624 536870912 32 0 4128 0 1073741824 0 132 48 0 0 9 64 8200 2048 67239936 0 0 2049 268451840 2048 0 16672 4128 262144 16384 1073741825 545259520 2147483648 1048580 134217728 1024 2097152 256 1 528 2147483648 17301504 0 512 134217728 129 67125248 0 524288 4194312 0 0 32 0 536870924 33554496 536870912 0 1048576 2416246784 65536 8388608 134217729 6144 16777216 0 4160 16777344 2048 0 768 512 301989888 0 268451840 0 134217730 0 0 1179648 0 0 4096 33280 2147483648 3221225472 12582928 134217792 16386 131072 0 4194304 16432 16385 0 0 2149580800 0 0 1073741824 1024 536871052 0 0 256 67108864 0 0 2148532224 16 4194816 0 131072 132096 134217729 0 138412032 2112 536870912 0 525824 0 0 67108928 17408 0 0 67108992 134217728 0 4096 0 2560 32 64 64 0 1078468608 65536 0 1048576 65536 1032 67108864 132 4194304 69208066 67108864 268435456 0 4718592 16 4882432 1107296256 0 536870912 65536 268435456 68157440 4096 0 131072 268435584 0 0 0 0 0 268435456 131072 131072 1073741952 32768 0 0 1 0 8 262144 0 0 2 0 33817600 8388608 1077936144 2097152 327712 36 0 536870912 32768 32770 0 65536 4096 1048578 2 536871424 1024 0 0 64 0 0 1107296260 8388608 4194336 0 8192 12582912 8240 0 131072 0 0 1073742336 2147483648 512 4202512 32768 0 5244160 0 266240 536870912 65536 0 536883200 67174656 2 0 8192 0 1073741824 536936452 2147483648 168034304 8 134217728 0 66 0 32 0 0 32 16384 2 2097168 32896 64 65540 0 65538 67110916 268435456 2097152 2 0 0 0 0 143130672 0 0 268435456 16384 1074069632 34162688 64 67112960 8192 1077936128 65536 0 0 0 32768 0 16 33816576 402653184 32 32 0 0 0 4 536870912 276824064 32896 0 2147483648 168296448 196736 16400 16 33280 0 262144 4 8192 0 0 33554944 2181038080 16 512 0 2097152 0 3221225472 0 0 0 0 2155872256 0 4096 41943040 0 64 268435456 0 16777220 0 0 0 0 1048576 0 1024 0 4096 8256 2156920832 536936448 64 536871424 67108864 65536 1080037440 0 32768 0 0 1048576 1048576 268435456 8388644 0 1075838976 67108864 4194304 8 0 2 0 8192 8192 134217728 0 1 536870914 268435520 0 163840 0 2228736 0 67117570 4194304 128 0 0 2415919136 262144 2229248 0 0 135266369 0 0 8192 0 2048 8192 8388608 0 536875008 0 67108864 2147483648 0 4160 0 4194304 0 8192 34603016 0 196608 20971520 0 2084 2228224 0 32 1048576 1 33554432 4194304 32 524292 40 8 134234112 0 33554948 541065216 2097156 2147484672 32768 0 1 65536 16782336 67108864 2 2097168 768 512 16 16777220 0 0 0 0 0 2147483648 0 0 526337 1048576 0 131072 128 2214854656 2147549184 8196 1 128 4 16640 0 4144 67108864 134217728 2 0 0 8519680 8388608 1048608 0 0 4194304 268435456 2147483680 524288 256 9437312 0 0 67109121 65536 131072 524288 32768 0 0 0 0 71303168 1074823168 2105472 134250496 262144 67141632 0 16 0 4608 268435456 4194304 0 0 0 268435456 32 0 98304 4 256 805322752 33554432 16777220 0 8192 0 134218752 1073741824 1 536870920 384 536870912 536870928 2147487748 2097152 0 65536 33554433 0 0 0 516 262162 67108864 4096 4194304 83886088 25165952 0 2147493888 131072 25165824 0 256 201326592 1024 8388610 8 8388608 34604048 0 0 262272 0 64 0 0 0 0 0 0 0 0 0 0 0 64 0 0 0 0 0 0 32 0 0 0 0 2147483648 33554432 8 0 8388608 0 0 8192 0 67371008 16 532480 0 0 512 0 33554436 83894272 276824576 134217728 16908290 0 5 536893440 0 2080 8 536870912 0 134217728
is_linear=0
shrinkage=0.05


Tree=114
num_leaves=31
num_cat=16
split_feature=35 42 22 22 42 42 41 32 42 30 42 32 42 42 42 9 42 42 32 42 30 42 42 42 32 28 35 22 42 32
split_gain=27.1191 35.0539 21.6021 44.7904 40.9323 40.9848 40.3498 59.2412 58.5685 41.9592 37.4371 34.4155 40.3326 31.0634 31.3555 27.6268 21.4741 21.3137 21.0285 20.7587 20.5431 131.17 50.7883 41.8912 25.5105 22.2897 19.8127 19.4315 19.4107 18.6289
threshold=1.1947729587554934 0 1.5000000000000002 3.5000000000000004 1 2 3 20.494999885559086 4 1.0000000180025095e-35 5 20.435000419616703 6 7 8 24.813255310058597 9 10 22.144999504089359 11 1.0000000180025095e-35 12 13 14 26.115000724792484 0.8980313539505006 0.87822669744491588 1.0000000180025095e-35 15 24.015000343322757
decision_type=2 9 2 2 9 9 9 2 9 2 9 2 9 9 9 2 9 9 2 9 2 9 9 9 2 2 2 2 9 2
left_child=2 -2 6 13 15 26 9 8 27 -1 -9 12 -7 -4 -15 -5 -16 18 28 -13 22 25 -18 -23 -25 -22 -6 -8 -12 -21
right_child=1 -3 3 4 5 11 7 10 -10 -11 17 19 -14 14 16 -17 20 -19 -20 29 21 23 -24 24 -26 -27 -28 -29 -30 -31
leaf_value=-0.0014077914806555347 0.0011882689264754442 -0.0053192759692646538 0.0011992255161031196 0.0028465006875544765 0.012689441884044328 0.0082552318057997325 -0.00083124740822338459 0.0036362096659006472 -0.0047606782306872462 0.026071211863211954 0.009326921961356106 0.00023089619089640135 -0.00059702756953333713 0.00012937223208997484 -0.000607771251925518 0.1197228376039533 -0.0094229421397179214 -1.9248507520419624e-05 0.00085327696944680347 -0.00070150524463143268 0.22321136115219131 -0.0078106373748006138 -0.0019978020297829581 -0.00030717347692140601 0.022713796087433982 0.016185061120296076 0.0010843336951917304 0.0058545228963660769 0.0023097965879375695 -0.0026154520451924569
leaf_weight=39550 5089 11702 18212 22641 3595 5808 2254 28104 13164 917 3221 55158 6536 40821 44376 932 5993 60797 36140 93240 587 4475 71429 9456 388 524 68780 2725 10114 38477
leaf_count=39550 5089 11702 18212 22641 3595 5808 2254 28104 13164 917 3221 55158 6536 40821 44376 932 5993 60797 36140 93240 587 4475 71429 9456 388 524 68780 2725 10114 38477
internal_value=-0.000187622 -0.00217291 -0.000139197 -0.000316526 7.27128e-05 -0.00010079 0.000303193 0.000667045 -0.00201926 -0.00110399 0.00101932 -0.000471001 0.00208586 -0.000901919 -0.00110307 0.00207079 -0.00146496 0.000603901 0.00137438 -0.00063993 -0.00189742 -0.000231676 -0.00222963 -0.00152041 0.000304414 0.0162322 0.000918168 0.0025977 0.00307157 -0.000980904
internal_weight=705205 16791 688414 491428 295167 271594 196986 156519 18143 40467 138376 199219 12344 196261 178049 23573 137228 110272 49475 186875 92852 15430 77422 14319 9844 1111 72375 4979 13335 131717
internal_count=705205 16791 688414 491428 295167 271594 196986 156519 18143 40467 138376 199219 12344 196261 178049 23573 137228 110272 49475 186875 92852 15430 77422 14319 9844 1111 72375 4979 13335 131717
cat_boundaries=0 8 16 24 27 34 42 49 57 65 72 79 87 95 103 111 118
cat_threshold=2 67113984 20979968 134349824 270532625 27268242 2298478720 129 73547904 2717908994 67437056 71311360 2147549968 2164523024 134217739 5 17301510 1352155136 1375733888 2147484180 1612709889 136462336 1083392 130 70889516 1620750728 327176 688384 76022272 33568772 811678 2147485696 1895841792 16908288 16812044 1090715648 214050 1143275616 8232 67174402 4194464 32 65793 83890240 139526 918784 335691818 1074270536 25165824 136445952 134611618 75596288 32770 100663300 343933544 337641472 288 513 814220352 537002028 1049600 805605376 5243905 570425508 73 4718720 72368384 2432714754 8602249 135399425 538968064 2148663296 16897 2147484672 16777488 132744 342900736 18363713 69214208 263256 134348800 2688581888 134234305 100663426 1883246720 570429440 80 256 0 262272 0 0 0 11 128 16384 1073741824 262288 64 3225420288 16 134218251 132 83889166 2147483648 524288 101187616 130 134754434 1073750016 2 512 2147484672 256 0 269500416 17825856 2097152
is_linear=0
shrinkage=0.05


Tree=115
num_leaves=31
num_cat=25
split_feature=8 36 26 36 36 36 36 36 36 36 33 36 36 5 36 36 36 36 36 36 8 36 36 36 36 36 36 36 36 36
split_gain=29.4937 32.1616 30.6073 42.7831 39.1657 37.3347 30.9916 26.69 26.0049 23.1121 23.5562 32.6718 22.3767 22.5477 36.1863 33.2639 29.6855 26.4918 22.2336 21.7059 21.2771 41.3801 24.5571 21.8621 20.4977 20.661 20.3883 18.9636 18.4316 18.1558
threshold=0.46823260188102728 0 0.88265991210937511 1 2 3 4 5 6 7 64.524997711181655 8 9 0.53958922624588024 10 11 12 13 14 15 0.87192323803901683 16 17 18 19 20 21 22 23 24
decision_type=2 9 2 9 9 9 9 9 9 9 2 9 9 2 9 9 9 9 9 9 2 9 9 9 9 9 9 9 9 9
left_child=7 -2 5 -4 -5 -3 -7 -1 -8 -6 11 -11 -9 14 -14 -16 -15 -18 -17 -10 23 -22 -23 -21 -12 -26 -13 -25 -20 -19
right_child=1 2 3 4 9 6 8 12 19 10 24 26 13 16 15 18 17 29 28 20 21 22 -24 27 25 -27 -28 -29 -30 -31
leaf_value=0.0037876864751731926 -0.0051558290999266388 0.005796409399694758 0.0091743437537707261 -0.0084633178995393056 0.0055581158597305729 -0.008427203127967544 -0.0056401379849548633 -0.0025551442612003709 0.0038230952383337029 -0.013901236328875279 -0.0063804644275793909 0.0093388656539226955 0.004644668224754833 0.0035254962002467197 -0.0046201227403345202 0.0033796696041844378 -0.003174236290375697 0.0025663911803603225 -0.0039143286087509471 0.0041600564910579674 0.010392271886608698 -0.011739659837517761 -0.0043924318851993943 -0.0062356854469743754 -0.0048105036474981383 0.00022498562840477245 -0.0033659356368780924 -0.00089488953443186416 -0.0004513965462219383 0.00022404340824372926
leaf_weight=7546 5830 2852 4697 2800 8246 2704 4849 7993 3590 1081 3324 1302 2025 9513 3533 3579 6932 11668 4416 3117 1496 1603 19080 2588 6023 161142 13973 72793 75078 250167
leaf_count=7546 5830 2852 4697 2800 8246 2704 4849 7993 3590 1081 3324 1302 2025 9513 3533 3579 6932 11668 4416 3117 1496 1603 19080 2588 6023 161142 13973 72793 75078 250167
internal_value=-0.000179012 -0.000530733 -0.000463011 -9.35391e-05 -0.000205594 -0.00111578 -0.00125994 0.00011812 -0.0011285 -0.000121155 -0.000235542 -0.00204805 5.88133e-05 0.000115862 -0.000578657 -0.000733401 0.000337069 0.000239835 -0.000530939 -0.000961732 -0.00109807 -0.00246562 -0.00304617 -0.000711793 -6.16605e-05 1.57768e-05 -0.00144822 -0.000881559 -0.000704673 0.000320656
internal_weight=705540 323090 317260 202588 197891 114672 111820 382450 109116 195091 186845 16356 374904 366911 88631 86606 278280 268767 83073 104267 100677 22179 20683 78498 170489 167165 15275 75381 79494 261835
internal_count=705540 323090 317260 202588 197891 114672 111820 382450 109116 195091 186845 16356 374904 366911 88631 86606 278280 268767 83073 104267 100677 22179 20683 78498 170489 167165 15275 75381 79494 261835
cat_boundaries=0 28 56 83 111 139 167 192 219 248 276 303 330 357 385 413 441 469 497 525 553 581 609 637 663 692
cat_threshold=0 0 0 1073881088 0 1073742896 262144 0 136314880 0 0 65536 0 0 0 133120 0 0 0 2151677952 33555458 268697600 536887584 0 134479872 0 8405248 2415919105 3221226496 2147516416 268435520 0 128 0 24576 8388608 67108864 128 524288 2183135232 8 0 4608 65536 16384 0 134217736 2 67112960 2097152 0 0 16777216 0 2 4 4194304 0 524288 1048576 134217728 0 65544 1114112 33554432 262160 8192 0 2 32 0 2147483648 1073774592 2097152 1 0 2147483648 32768 5275650 0 65536 35651584 201461760 2048 18874369 1 134217728 0 0 65536 1048578 279552 4096 0 33554688 65536 2048 32768 0 536870912 4194370 16777280 4096 134217728 2048 0 2 0 33554432 0 1073742144 2147483808 2147483656 128 0 128 69206016 0 0 67108864 32 0 0 67108864 4096 266240 20 16384 1048576 2080 536870912 147456 0 16 0 8192 3221241856 1 4 33554432 1056 2048 16777216 2 0 135168 0 0 4734976 0 1073766400 8388608 262144 0 0 256 0 512 2147483648 0 65536 49152 133120 0 603980289 67108864 1064992 0 536903680 75497476 0 0 0 33570816 8400896 8388608 1 1073741824 2138112 1082130696 2147500032 536870916 262144 0 0 262152 0 68157440 64 8388608 0 4096 0 0 0 2416005120 524288 4194304 4194336 16384 8192 64 1073741824 2 142606336 4352 134217728 128 524288 256 32 0 0 0 24 2147483648 2097152 6144 1544 0 0 131072 16 67141632 285609984 0 139264 1 9216 0 128 4196352 0 0 0 0 36864 2 33554433 0 1048576 268435456 1024 4198400 4194368 268435456 0 2 8192 65536 33554434 8 0 0 0 2 2147483648 0 131072 268435457 2415984640 0 0 4128 134348932 8388608 0 1073741824 0 2097412 4194304 0 2097152 33558528 1048588 512 0 20971520 0 67108864 0 1536 0 18874368 8192 2214592528 11 0 0 32 1107296260 133120 8388640 0 0 16 268435713 0 4097 0 4194560 2097152 32 2147483648 0 0 128 32 268566528 1073807360 0 136 134222336 2097168 2147485696 8192 2 16640 805339137 262144 268435456 1073741828 2 0 0 0 0 0 0 134217744 64 262656 0 0 0 805306368 3355508800 270336 0 262144 8448 2147483648 2049 1073750016 256 16777344 16384 167772161 1073741828 0 33554432 67108864 0 0 0 0 262144 0 4194328 0 64 0 32768 0 16793600 512 6 64 4194304 32 0 16779264 134219776 32768 2147483728 256 131328 134217728 32768 0 16777216 0 0 640 1073872960 2048 16 134217728 8388608 67112960 2 0 2147635200 134217729 0 0 131072 1024 32768 8421376 67108872 0 1024 2098176 131328 67108864 2560 67108864 0 0 0 0 538968128 134217728 0 65536 64 1048576 262152 2147483648 65536 128 2392064 8192 16777728 1 32 71843840 0 32768 2147483648 1 0 0 16777476 0 0 16 134217728 0 67125280 4195328 134234130 2148532224 2147483648 8454144 131328 512 17416 1073742336 0 16777224 1028 0 1 0 2147483648 2 570425344 0 32 0 32768 0 0 0 4 0 8192 570425348 0 17408 0 537411584 134217728 131088 33554432 2147483648 1073750144 0 67108872 2097152 34611200 128 0 0 0 0 268451840 4194304 0 9 0 0 67112960 0 2097152 268443648 0 139264 0 4194304 8192 256 2048 0 67633152 0 2 2097152 8192 0 0 277086720 0 1073741840 268443648 0 0 2148564992 0 1282 32 0 538509312 8388608 131104 262144 0 0 2 0 0 267264 134217728 65536 0 67633665 8388608 2164260864 0 8192 37748736 536870912 4640 268435456 0 1207959552 536870912 0 0 1073807360 96 4096 516 0 8 1026 557056 1 0 48 0 0 1048576 65536 80 1049632 100663296 2 0 16842756 32768 0 0 0 194 0 67108864 262144 1073741826 262144 536870912 0 0 4194304 128 320 1073741824 0 135425 8388608 0 67108896 1082384 1048576 0 512 12584032 2415920128 0 0 0 0 16 0 2147483648 4 2 1024 3088 1073741824 0 512 0 8388608 0 1073741824 5308416 524288 2281702400 163840 1 0 4194304 2147483648 136 4 67108900 32768 0 1024 0 0 4 65536 4096 0 67109376 256 301989888 1073741824 1073741888 2048 1544 0 0 16777216 33554436 2097152 2560 0 2147484160 16384 16384 128 302055424 536870912 64 0 0 1073741832 1048576 0 260 75497728 0 134217728 25165824 2 4 2097168 12288 0 0 4194304 20 1024 268697600 0 0 536870912 32 2147483776 16 0 0 8 0 1082277888 8192 1
is_linear=0
shrinkage=0.05


Tree=116
num_leaves=31
num_cat=14
split_feature=8 11 42 22 4 22 32 30 42 42 42 32 32 42 42 33 8 42 31 38 42 4 42 31 42 32 38 42 28 42
split_gain=24.4148 35.192 28.5814 25.2004 46.8038 30.7513 28.7269 25.5144 25.1127 25.111 24.9523 25.0715 40.4493 24.1607 23.6548 21.8279 20.7928 21.8089 20.1413 18.6962 26.8722 18.1801 20.8236 17.6736 33.7902 17.2288 16.637 15.8598 15.6985 15.5211
threshold=0.49064357578754431 1.1000000834465029 0 4.5000000000000009 7.140923500061036 1.5000000000000002 20.945000648498539 1.0000000180025095e-35 1 2 3 20.494999885559086 21.775000572204593 4 5 75.975002288818374 0.87192323803901683 6 1.7730500102043154 7 8 0.30622421205043798 9 1.0088500380516054 10 23.605000495910648 11 12 0.93838900327682506 13
decision_type=2 2 9 2 2 2 2 2 9 9 9 2 2 9 9 2 2 9 2 9 9 2 9 2 9 2 9 9 2 9
left_child=14 2 -2 5 6 7 9 10 -8 15 25 -12 19 18 -1 -5 27 -18 -7 20 -13 22 -16 24 -10 28 -26 -4 -3 -25
right_child=1 3 16 4 -6 13 8 -9 23 -11 11 12 -14 -15 21 -17 17 -19 -20 -21 -22 -23 -24 29 26 -27 -28 -29 -30 -31
leaf_value=0.001107100765234334 0.0006703062405339355 0.0036532512413850419 -0.0041776975349659294 0.04585724612509319 0.11185531933992526 -0.0085537000374826255 -0.0047527604741697043 0.031720877628589994 -0.0046281471814171972 0.0034993781465515409 -0.0059413579322922577 0.026769212857460756 0.0017376540037049651 -0.00079023060823415483 -0.0049588904294228207 0.0060092543275830357 -0.0076993989125735997 -0.0034464926803986929 -0.0013842529960337831 0.002846312585342692 0.0078729829057579536 -3.814565968572048e-05 0.00061548947399102383 0.005676756995474869 0.028003611273102982 -0.0088747281691287979 0.0014178918147922381 -0.0010093895100215689 -0.0042426768088648092 -0.0024972644492499809
leaf_weight=56302 25037 3728 7954 1333 1536 9986 5745 957 2055 2459 3184 1886 20492 41986 5615 740 5415 25764 7674 1321 1589 339259 3495 9018 2926 3045 1099 97597 3611 12908
leaf_count=56302 25037 3728 7954 1333 1536 9986 5745 957 2055 2459 3184 1886 20492 41986 5615 740 5415 25764 7674 1321 1589 339259 3495 9018 2926 3045 1099 97597 3611 12908
internal_value=-0.000198026 -0.000538996 -0.00104061 4.36175e-05 0.00110654 -0.000381937 0.000763047 0.000694165 0.000261096 0.00450033 0.000495406 0.0012604 0.00178734 -0.00110022 5.56315e-05 0.00853527 -0.00132495 -0.00245951 -0.00265124 0.00592037 0.00783491 -9.8061e-05 -0.00230216 0.000878931 0.00326427 -0.00160173 0.00591861 -0.000989915 -0.000291213 0.000217768
internal_weight=705716 301045 161767 139278 39819 99459 38283 39813 33751 4532 38856 28472 25288 59646 404671 2073 136730 31179 17660 4796 3475 348369 9110 28006 6080 10384 4025 105551 7339 21926
internal_count=705716 301045 161767 139278 39819 99459 38283 39813 33751 4532 38856 28472 25288 59646 404671 2073 136730 31179 17660 4796 3475 348369 9110 28006 6080 10384 4025 105551 7339 21926
cat_boundaries=0 8 15 22 30 38 45 53 54 60 68 76 77 85 93
cat_threshold=4718600 1879048194 100691984 2147745792 1818230820 268435488 134381568 225 197248 2164260864 4194336 67240067 4096 278078784 67108992 16842758 2231369728 1074012418 2147484452 8 1573120 16777216 197248 336592896 33824768 67453953 33570824 271122496 85983264 128 1028 536875008 38035456 1589545 572538880 17310848 83890338 2 4227072 43143936 1140916736 4195045 257 336593984 301989921 671088656 134221824 2164394248 75579409 34603016 4327040 2182096897 8 2113 16777220 2164260864 131334 512 2097152 17957120 68874 268959744 16819206 134881280 4472840 19403010 201326596 2 524292 135266304 1073751300 2147483904 2097160 0 16777216 64 25 604013314 33559328 8421892 1073741824 1311104 755044865 16777216 272 524292 135266304 33841408 1820 2179073 2097152 2097184 98
is_linear=0
shrinkage=0.05


Tree=117
num_leaves=31
num_cat=28
split_feature=37 28 37 37 36 37 36 36 37 36 36 36 36 37 36 36 36 19 37 36 36 37 36 36 37 36 36 42 36 36
split_gain=27.2208 24.1051 45.6205 42.3663 38.9652 31.8745 32.983 30.6769 29.4994 30.3189 25.9619 25.3949 23.2101 23.2233 22.5034 22.4494 22.15 21.9236 45.0018 41.0641 31.1231 27.5571 26.843 24.1045 23.875 24.0542 21.6313 21.4887 36.005 24.643
threshold=0 0.91275000572204601 1 2 3 4 5 6 7 8 9 10 11 12 13 14 15 1.1129159927368166 16 17 18 19 20 21 22 23 24 25 26 27
decision_type=9 2 9 9 9 9 9 9 9 9 9 9 9 9 9 9 9 2 9 9 9 9 9 9 9 9 9 9 9 9
left_child=-1 3 10 4 -2 -5 -7 -8 9 -4 -3 -10 -9 -14 -15 -13 -6 22 -19 -20 -21 -22 -17 -23 -24 -26 -25 28 -27 -29
right_child=1 2 8 5 16 6 7 12 11 -11 -12 15 13 14 -16 17 -18 18 19 20 21 23 24 26 25 27 -28 29 -30 -31
leaf_value=-0.0027573621415870712 -0.0047930068822580555 0.0026591943545727138 0.0040752480384257219 -0.0055243358753590717 0.050517486450909754 -0.0043343166939561638 0.0065647346426441992 0.0036839046239039164 -0.0035495824301982172 -0.0035239137401665344 -0.0075913483718688425 0.0026986282984945739 -0.0019533933442048819 0.0044645858789086473 0.00010757108772383729 0.0029207227718253156 0.0081349030589632724 0.0057703678315511736 0.0056101043356571708 -0.0073648597103152975 -0.0058774259813597629 -0.00567391181566678 0.0031460246454283469 0.0031574185102474757 0.0021522759931621341 0.0038781409841682907 -0.0011541638340832384 0.0024342297199769604 -0.0020111161465101433 -0.00024225616348427792
leaf_weight=12530 1961 1199 1749 3748 875 4862 6245 9497 7693 13589 6688 10919 14991 9410 206035 8276 6279 4576 3063 2115 4309 3308 5697 3411 12995 2446 73333 11057 29578 223692
leaf_count=12530 1961 1199 1749 3748 875 4862 6245 9497 7693 13589 6688 10919 14991 9410 206035 8276 6279 4576 3063 2115 4309 3308 5697 3411 12995 2446 73333 11057 29578 223692
internal_value=-0.000197096 -0.000155347 -0.000386351 0.000220772 0.0035681 0.000100864 0.000169288 0.00024991 -0.000315836 -0.00246759 -0.00415137 -0.000234575 0.000159777 5.98836e-05 0.000192325 -0.000179639 0.00527913 -0.000242609 -0.000906727 -0.00115396 -0.0013557 -0.00120493 -2.98306e-05 -0.000994842 -0.000111262 -0.000176568 -0.000814279 -0.000278924 -0.00149368 -0.000113147
internal_weight=706126 693596 429693 263903 9115 254788 251040 246178 421806 15338 7887 406468 239933 230436 215445 398775 7154 387856 94115 89539 86476 84361 293741 80052 285465 279768 76744 266773 32024 234749
internal_count=706126 693596 429693 263903 9115 254788 251040 246178 421806 15338 7887 406468 239933 230436 215445 398775 7154 387856 94115 89539 86476 84361 293741 80052 285465 279768 76744 266773 32024 234749
cat_boundaries=0 27 54 81 109 136 164 192 219 247 275 303 331 359 386 414 432 460 488 516 543 571 599 624 652 681 689 717 745
cat_threshold=0 0 1073741860 16777216 1024 196608 0 1835136 268435456 0 0 17 32 8388624 0 1073741824 138412032 589824 4194304 1 33816576 0 0 131076 0 1073741824 872415232 16 64 1048576 8388610 0 16 12288 142606336 2147483648 0 524288 32800 0 134217728 0 16 285212672 8388864 0 136839296 128 0 1056768 1032 0 17039360 1 4194308 8388608 0 2097152 262144 0 12 2155872256 2560 0 0 0 512 0 67108864 0 822083840 268435456 1048576 0 32928 0 3145728 8 8388672 2148859904 4 0 1310720 0 0 32 524360 10584096 525312 262144 4 134226048 0 0 16777216 1 16 33554432 0 256 132096 0 0 0 2 0 0 64 1073741896 536870912 36864 268500992 327680 128 134217728 1409286144 0 536887328 268435456 4096 540672 524288 1025 524544 16384 0 0 33312 0 0 0 2048 0 0 32768 136 0 2147614720 32768 134251008 268435712 0 262144 2097152 139264 0 0 6291712 33554432 4096 2049 262144 134217728 0 268437504 67108864 805306368 0 0 32768 256 65536 2214592512 65536 0 0 1088 25165824 134217728 16777216 0 2222981120 1024 0 0 0 2048 64 16384 0 2113536 262208 1024 16384 4198400 2048 268566528 2147485696 16777216 1082130432 1028 131072 4096 1073741824 0 24576 4096 0 8650752 2684354560 8704 0 131072 2048 262144 0 0 536871168 536870912 268566528 1048576 0 10256 67108868 2097160 0 4194560 4 512 0 67108864 1610612752 0 528 131072 2048 2112 1 8192 134217856 67112960 0 33554432 134222336 268435456 1048580 256 537001984 0 0 0 16 32 0 8224 0 65536 8388608 8 67108864 272629824 4194340 536870912 16777248 0 512 0 0 524296 16 2415923200 0 268443652 268435456 67109888 0 131072 262144 0 0 0 1048576 4194304 0 67108896 0 1 1207959584 0 0 68419592 0 0 525312 0 64 65536 65536 1056 0 268435456 131072 268435712 128 34048 2048 262144 0 16777216 0 33554432 8454144 33816576 2147483648 16 1073743872 268435458 67112960 268435464 81920 0 16640 524288 8192 32 1048576 4 0 272629760 64 0 0 268959744 0 8208 16 2097152 1073750016 536870912 0 67108864 142606336 268443648 33792 33562640 0 1073741824 4210944 1073741824 2097160 2151710720 2147483648 1024 0 0 2 8388608 0 0 8396808 0 0 1 4096 0 0 4195336 0 1 64 0 4 4718624 2228288 8193 1073741824 134479872 0 2147504128 67108928 0 0 0 262144 1073741824 8912928 8929280 67108866 65536 67108864 0 0 16384 0 0 2048 67108864 16384 200704 0 268697600 65536 33554432 2097156 268435457 4194304 65536 134217729 16777217 4096 4 2099200 256 0 2048 0 262144 0 131072 0 16842752 2048 0 16388 1048576 2181038336 0 0 0 0 1077936128 8192 0 32768 0 131072 33554432 0 0 65536 144 134217728 65537 8192 16777234 0 32 671088712 16777536 0 0 270532608 0 1024 0 33554432 0 2048 8912928 16 32800 8 0 0 0 1077936128 65537 0 16777216 1 0 4196354 0 0 0 0 2048 0 1073741856 32 16777248 0 272 2049 1048584 33554560 536870912 2148532226 0 67108864 134217728 1032 4194304 2 2147483648 67109408 0 2048 128 0 0 2097160 0 16777472 0 8421376 0 536870912 2147501056 0 67117056 134283264 256 8 2097152 0 8388608 16384 4325376 0 8388610 4 0 1073741828 2147483648 40 71434240 2129920 262208 33554496 536870912 0 539099136 1073741824 0 32784 0 537133056 8388608 65537 2 0 0 1073741828 0 4 4194304 0 33587200 1056768 0 0 73728 1 0 2147516416 2228224 17302784 0 0 0 2048 128 4 2048 8192 0 288 0 0 0 135266560 4096 1048580 0 67125250 20 4194304 524288 1 8192 0 0 64 33554436 541081616 1073741826 131072 128 0 0 0 0 2147483648 2147483648 34078784 134217728 2147483648 1024 2147483656 0 1048576 4194304 16 2147516417 262144 64 524288 2147483648 0 2129920 268435968 128 553648128 138412032 0 65584 2048 570425344 32768 720896 1024 67584 1153 0 18432 1073741824 2 0 4194304 0 0 0 2 8192 0 536870912 32896 0 256 4325376 1 0 0 128 4096 8388608 201326608 134283328 16777216 0 570425376 2148008000 1196032 0 0 536870912 0 256 0 8 1073741952 530 0 8 16777728 2147483652 0 268435458 8 0 134217736 0 16777472 134217732 512 2415951872 0 0 0 16 0 67108864 0 0 2228224 2 0 16656 4096 2 536873032 4195328 533004 524294 1207971856 4866177 151032068 128 0 2147485696 8448 34080768 0 0 1073774592 68157456 8192 524288 24576 0 4194304 8192 8388608 524306 0 0 0 0 1 0 0 0 524288 8388608 2150105088 102400 134217736 0 1048576 0 16 268436480 134218752 96 0 0 0 1026 0 2147483904 512 1311232 42992128 0 32 0 2147483648 1075838976 1032 256 268435456 0 1048576 67108864
is_linear=0
shrinkage=0.05


Tree=118
num_leaves=31
num_cat=27
split_feature=28 37 36 37 36 36 36 36 19 36 36 36 37 37 37 37 36 37 37 36 36 36 36 37 36 36 36 36 32 37
split_gain=26.367 76.4246 72.67 51.1944 41.2012 35.3755 34.8252 27.5113 26.6605 44.6837 37.2893 36.463 34.6435 33.2962 31.1827 25.3655 26.2787 36.5305 25.0513 26.5099 24.7392 24.1504 22.8958 21.8988 27.4093 23.4822 24.0989 21.8834 21.8524 21.2389
threshold=0.74950000643730175 0 1 2 3 4 5 6 1.0112815499305727 7 8 9 10 11 12 13 14 15 16 17 18 19 20 21 22 23 24 25 20.295000076293949 26
decision_type=2 9 9 9 9 9 9 9 2 9 9 9 9 9 9 9 9 9 9 9 9 9 9 9 9 9 9 9 2 9
left_child=2 5 -1 4 -4 -2 -5 -8 11 13 -11 -3 -13 -10 -12 -16 17 -17 19 -18 -20 -14 -9 24 -23 -25 -27 -7 -6 -24
right_child=1 8 3 6 28 27 7 22 9 10 14 12 21 -15 15 16 18 -19 20 -21 -22 23 29 25 -26 26 -28 -29 -30 -31
leaf_value=0.023816217817539655 -0.011455043140341736 -0.0034351629024744093 -0.0049289517656994301 -0.0067849237671733014 0.13971185197310007 0.0018958100965463063 0.010296986132253341 0.0061819294243555317 0.011245035971226301 -0.0047308936976634634 0.0036356582870217206 -0.0041487561267952609 0.0033793421461944975 0.0011677827676078946 -0.0060632231499154997 -0.0037342446158085381 0.0021946196043916874 0.0049969511142538897 -0.004294863601760443 -0.004305445179589625 -0.00070776589223931212 0.0035547181536990436 -0.0046674809329890271 -0.0027953492422440663 -0.0029521440231176535 -0.0021770043156053675 0.00039587153623860534 -0.0054781215825674915 0.015458047821737753 0.00015559399002187393
leaf_weight=1832 2117 7975 1537 2769 227 1612 2256 3950 2750 5741 6930 5358 6913 7186 3306 2528 2000 6575 5826 8718 212736 2261 4661 7901 11797 11674 303324 6968 4195 52020
leaf_count=1832 2117 7975 1537 2769 227 1612 2256 3950 2750 5741 6930 5358 6913 7186 3306 2528 2000 6575 5826 8718 212736 2261 4661 7901 11797 11674 303324 6968 4195 52020
internal_value=-0.000200792 -0.000304968 0.000695901 0.000443449 0.00487647 -0.00449314 4.03551e-05 0.000282402 -0.0002328 -0.000613514 -0.000742026 4.88866e-05 0.000125272 0.00267417 -0.000649912 -0.000744777 -0.000684319 0.00194892 -0.000788954 -0.00314801 -0.000673116 0.000187492 8.01837e-05 0.000127423 -0.00180361 0.000211553 0.000279119 -0.00305552 0.00732574 -0.000176612
internal_weight=705643 632196 73447 71615 5959 10697 65656 62887 621499 264296 254360 357203 349228 9936 248619 241689 238383 9103 229280 10718 218562 343870 60631 336957 14058 322899 314998 8580 4422 56681
internal_count=705643 632196 73447 71615 5959 10697 65656 62887 621499 264296 254360 357203 349228 9936 248619 241689 238383 9103 229280 10718 218562 343870 60631 336957 14058 322899 314998 8580 4422 56681
cat_boundaries=0 27 55 82 111 138 166 194 222 250 277 303 330 356 380 409 436 463 491 518 546 573 600 628 656 684 712 739
cat_threshold=0 1073741888 0 0 4128 0 0 1179776 2151677952 0 1048576 33587201 0 528384 0 1075052544 16777216 0 0 4718720 33816720 0 0 1024 16777216 4 838860800 262144 2147483664 0 0 67108864 268436608 1024 2147483648 263168 537395200 1 262144 0 100663296 2147483648 136 8388736 134217728 0 16 4194560 1073741824 512 16 0 0 2048 4096 32 2214592576 603979776 0 327712 0 4 134217728 268435458 8 0 32768 0 64 9437184 0 16777216 1024 16777216 234881152 32 0 0 16 65552 2147483652 16777216 0 0 143360 512 8388608 0 64 134217736 524296 134349312 536871040 8192 1343225856 4 32 8388608 268435456 32 536870912 117440512 0 0 0 0 0 0 0 65536 1 0 4026531840 0 0 4196354 142606336 16 0 2147483648 4096 0 67108865 33554432 142876688 0 0 0 8391816 0 0 0 0 133408 0 532480 0 16 0 0 2056 0 268435456 67111168 8192 65536 1073876992 0 8 2048 0 8192 1024 52428800 67109952 268435456 131072 0 1048576 0 0 131137 1 65600 16777216 268435456 0 35652608 67108864 33685504 2684354560 0 1073872898 786432 524288 0 0 0 1228964864 0 0 536887296 1 18432 0 1048608 262144 0 0 2097152 0 0 268435456 4 16 0 4096 0 0 8192 268961824 8192 0 0 150994944 0 524289 1048609 0 128 537001984 2156929024 0 1073741824 2 9224 0 65536 2147483648 66048 0 16384 0 0 2097152 134217740 4194304 3145744 0 0 0 0 65536 2048 2147491840 0 262144 524304 2097152 64 8390656 32768 0 0 8456450 8324 0 0 33554432 2147516480 0 8 0 65568 0 8 2048 0 262144 33554432 0 4194304 1026 544 8 0 196608 0 8196 524288 0 271616 134217760 73728 1049090 16384 4608 2147483648 2147483648 16777216 8210 134217732 8 4096 8388608 0 0 0 1024 0 41943552 67108864 2048 134217728 131344 32 268435456 0 67108868 0 4194304 4259841 1074003976 262146 12288 64 75497472 0 0 1073745920 0 0 6307968 0 2048 8 64 524288 1 268435456 8388608 16 268435456 67109888 524288 2048 6291456 268435584 64 4 2147483648 8192 0 142606336 0 72 64 0 2048 1344274944 8388608 0 33554432 41943040 1073741824 16384 32 131336 3221225504 8 0 4 8 0 1 1074003976 5242884 32768 278560 4260032 0 0 4194304 0 32 2147483648 1073741824 0 0 134217728 8388864 268435713 0 268959744 6291456 1 0 2 516 1056768 2147553792 0 0 0 4096 0 2147484160 2048 1073741824 270336 2097152 16384 2097156 0 1032 33562628 8388608 16384 0 0 4096 8388608 1048576 2097154 2097152 8405024 0 0 2 2228224 67108864 8256 68681992 131074 0 32768 67108864 0 4 2147483648 0 0 0 0 66048 0 0 8388630 67108864 67108864 0 0 943718416 0 33555456 8 268566528 2359296 0 0 1024 4194304 1075838976 134217732 805306368 0 0 524288 8192 1089 35651584 536870912 4194304 8454148 512 0 0 69632 33562626 0 0 0 67108865 1048576 33554436 0 33554944 0 4096 4160 539164674 268435456 16 8396816 262144 134219776 67108864 2097152 16384 524288 4097 524288 4194304 16384 0 512 0 0 0 0 134217728 0 2097152 130 131072 18432 1024 67108864 98304 16384 268435456 64 129 1342177280 4 0 327680 0 0 2147549184 1 2052 0 2147487744 1 0 2052 1025 0 0 2097152 2149580800 268960768 1048576 0 0 2147483664 0 0 2147483648 8388608 2147483648 1073741888 1082130432 0 8 1114112 6144 68 16777216 75548672 16 0 0 33554432 131072 8454144 0 2147500034 0 8388614 16908352 671088704 67108881 268435456 0 8388608 65536 1 0 16384 268435456 0 8658944 0 0 4096 0 67109120 0 0 2097152 2 8388608 139264 32 8388608 0 16 0 0 268443650 270533120 131072 134217728 0 0 1073741824 8404992 0 33554440 3221225480 131080 8192 0 17825800 0 0 20971520 83886080 2147485700 268443652 142608640 8388609 256 0 64 0 4 1 0 2097152 0 0 0 8193 0 0 84018698 0 524288 0 0 32769 0 0 8388608 4096 2156412960 513 16384 1052672 0 0 268435456 524288 524288 0 2 268697608 67108864 1 0 659456 0 16640 8 4194304 2 16384 268435456 0 0 0 8388612 262144 0 0 32 1342177280 0 1073750048 0 264 69632 0 0 66560 257 0 2152726528 268435456 1 2148007954 1073741824 65536 20480 0 0 2 1 512 2147483648 16384 0 0 2281701376 4194432 1073741824 393216 768 64 1 134225920 1 0 0 520 524336 8388608 269484032 33024 537001984 33554432 0 4096 0 536870912 1 0 0 67174400 16 268439552 36864 4096 272 1073741824 2952790528 536870912 8 256 0 262144 0 1024 1 0 0 512 1056768 0 20971520 2 8 2097152 0 1073741888 2048
is_linear=0
shrinkage=0.05


Tree=119
num_leaves=31
num_cat=19
split_feature=37 28 38 37 8 37 37 37 32 37 37 37 22 37 37 25 37 37 6 37 37 37 37 38 32 31 37 32 33 22
split_gain=26.2441 24.9042 26.5672 27.8199 24.9267 27.452 24.6481 19.8835 21.6902 81.6269 50.9179 32.6826 29.6273 27.8378 26.7372 26.4439 25.8524 21.7 18.5412 30.6076 22.7878 18.4787 20.2516 18.0798 25.4998 17.275 16.4264 16.4011 15.6024 14.9554
threshold=0 0.57150000333786022 1 2 0.48222216963768011 3 4 5 23.425000190734867 6 7 8 4.5000000000000009 9 10 5.5268676280975351 11 12 0.7258056402206422 13 14 15 16 17 24.304999351501468 4.0031001567840585 18 20.365000724792484 69.024997711181655 5.5000000000000009
decision_type=9 2 9 9 2 9 9 9 2 9 9 9 2 9 9 2 9 9 2 9 9 9 9 9 2 2 9 2 2 2
left_child=-1 2 3 28 6 -6 -3 -7 9 12 23 -12 -9 -13 -11 -14 -15 -16 21 -20 -21 -8 -23 24 -10 29 -22 -5 -2 -19
right_child=1 4 -4 27 5 7 18 8 10 14 11 13 15 16 17 -17 -18 25 19 20 26 22 -24 -25 -26 -27 -28 -29 -30 -31
leaf_value=-0.0023269698905450708 0.089763318530217434 0.0031604164303734254 0.0012656168837997612 0.08350477401401829 -0.0057261216740138836 0.0044046114354518622 0.002714402494529661 0.0027879005851871976 0.0031916219801326599 -0.0053565982764373077 0.0017610984860309932 -0.0071059358896779726 0.0078879201035376278 -0.0087220524849747402 -0.0037640619158508821 0.061305449033219266 -0.001762960751211168 -0.00058816763893324855 -0.0047990851062148015 0.0036005190087851427 -0.0021098543075123003 0.0013974800134728045 -0.00047057035468532073 -0.00068357080636702316 0.019658772001600745 -0.0066401159834514004 0.00052835254446391151 0.0055592865445413427 0.24088014957248066 0.0027159849885498469
leaf_weight=15289 394 9235 7488 258 3330 6416 3970 21751 3310 5367 12519 3693 5263 13145 13874 2242 77386 104084 3511 7230 7282 15496 169583 2949 2023 3206 167381 2269 382 15073
leaf_count=15289 394 9235 7488 258 3330 6416 3970 21751 3310 5367 12519 3693 5263 13145 13874 2242 77386 104084 3511 7230 7282 15496 169583 2949 2023 3206 167381 2269 382 15073
internal_value=-0.000161734 -0.00011632 0.00226673 0.00599351 -0.00015418 -0.000499227 0.000111679 -0.000447681 -0.000509495 -0.00015217 -0.00104031 -0.00133332 0.00225168 -0.00165225 -0.000648943 0.00496103 -0.00147818 -0.000512393 4.87029e-05 0.00040398 0.000493323 -0.000299722 -0.000372184 0.00273423 0.00446997 -0.000299798 0.00037935 0.00341312 0.0142313 -0.000202357
internal_weight=705399 690110 10791 3303 679319 295631 383688 292301 285885 170860 115025 106743 29256 94224 141604 7505 90531 136237 374453 185404 181893 189049 185079 8282 5333 122363 174663 2527 776 119157
internal_count=705399 690110 10791 3303 679319 295631 383688 292301 285885 170860 115025 106743 29256 94224 141604 7505 90531 136237 374453 185404 181893 189049 185079 8282 5333 122363 174663 2527 776 119157
cat_boundaries=0 27 28 55 82 108 133 159 186 213 240 267 294 321 347 374 402 429 430 457
cat_threshold=671219712 0 32 2 262144 65536 8192 1048704 4202496 512 524288 524288 0 1024 134217728 536870928 16777216 524288 4194304 128 33554432 2 16777344 131072 0 1107296256 805306368 131089 0 64 0 0 0 0 0 0 2048 0 0 0 0 64 0 0 0 0 0 0 32 0 0 0 0 2147483648 67108864 16385 64 260 16384 1056 2097152 4194304 524288 528 0 1048576 16384 8389120 134217728 128 67125248 0 8 2560 1 0 0 0 2097160 4194560 32 33554432 2 0 4 16 16809984 0 0 0 2147483648 570425668 0 0 266240 134220032 545259649 134217728 9043968 268439584 0 0 0 0 134217728 0 4194320 2097184 268435456 266240 360448 0 536870912 64 33685568 4 1050624 65536 32768 1056 8192 262144 0 257 402655488 1073741828 65536 268435456 0 0 0 0 2048 20 0 0 70254592 8388608 2147483648 32768 262688 16777216 134221888 0 0 536870912 16400 2621440 1074003968 0 32 553648128 2101248 65536 2048 0 1048576 0 1040 4722690 268435456 1024 33554432 0 131072 67125248 545259537 4 8192 8192 268435472 0 1 5242880 2562 0 0 2147483664 8 0 16384 0 0 268435456 1048576 128 0 1073741856 12304 12 131072 16384 536870916 0 2147483656 2097200 0 0 34082816 8196 2 128 16384 0 32768 37748736 67108864 524320 2097152 0 0 0 4 2155872256 2147483648 0 4096 134217984 0 2147483904 262656 32 268468224 2155872256 32768 1073741824 8404992 2097152 327680 0 4096 536870912 0 32 2048 2048 536870912 16777216 80 32768 2 0 0 50331648 0 131072 1073741824 595722240 2147483648 32 0 16 524288 0 4194576 2048 0 0 2147516416 4194304 33792 67112992 33554432 0 301989952 0 16842752 65684 512 1048576 3145744 16777216 2155872264 16777216 0 16777216 0 16777216 0 0 33554944 1 1073741824 0 8388608 16384 0 4259840 131072 12 135266304 0 4 1 1052672 0 1073741824 0 0 0 4 0 6 2097152 0 4194304 2147483648 256 1073741824 1048576 8192 2129920 16 101711872 1073741824 1024 32768 0 536870930 2169503744 67109008 262144 2147483680 0 33554432 134217728 8 33554432 524288 0 2101248 0 134217744 3221225472 34603008 524288 67108864 134225920 536870912 32 269615104 262144 131136 2 536870912 0 16777216 1052673 0 0 8192 4259840 2097152 8 0 1610612768 4456576 2147483648 147456 1049344 8388680 1024 16384 262144 65536 512 0 0 4096 0 0 0 32772 16777216 0 4096 0 1310720 32 268435456 2 17039360 0 268435472 1073741825 1 0 1064960 256 67108864 0 131072 0 4194304 327680 131136 12292 0 130 16777232 2097152 1 16416 0 256 67112960 1024 6291464 0 134217729 65552 134217728 34603008 0 142606344 0 301989888 0 134234112 2097168 0 1048576 32 0 0 18874368 32768 64 33554432 86097 16416 8192 777 2097152 1312 16777216 67387392 16777220 17825792 0 0 0 134225920 24577 4194304 256 536870912 16 0 0 32 32 0 0 536870912 0 2048
is_linear=0
shrinkage=0.05


Tree=120
num_leaves=31
num_cat=26
split_feature=8 11 36 36 36 36 37 36 36 33 36 37 36 36 37 42 36 36 29 37 36 37 36 36 36 36 36 37 37 36
split_gain=24.2884 41.5346 41.1577 39.2841 34.6916 33.745 32.7612 26.5425 24.1306 21.9197 25.2823 25.5653 23.4154 21.2265 42.8963 20.8186 26.783 22.3064 20.0053 37.6868 35.729 34.8582 40.7495 31.453 31.1196 31.0762 28.167 28.1116 25.4893 28.7285
threshold=0.65543106198310863 1.1000000834465029 0 1 2 3 4 5 6 64.314998626708999 7 8 9 10 11 12 13 14 1.0000000180025095e-35 15 16 17 18 19 20 21 22 23 24 25
decision_type=2 2 9 9 9 9 9 9 9 2 9 9 9 9 9 9 9 9 2 9 9 9 9 9 9 9 9 9 9 9
left_child=8 2 -2 -3 -5 -4 -7 -8 -1 -6 -11 -12 -13 14 -10 16 -9 -17 24 -20 -21 22 -22 -24 -15 -23 -27 -26 29 -28
right_child=1 3 5 4 9 6 7 15 13 10 11 12 -14 18 -16 17 -18 -19 19 20 21 25 23 -25 27 26 28 -29 -30 -31
leaf_value=-0.0022976791279023623 0.0075849938428732173 -0.012679679063614953 -0.0099643739418575298 0.022572059797416791 -0.0056340667229400456 -0.0085808732845518935 -0.0070217923154150741 -0.0080832233419716789 0.0074717267750096187 -0.0093885817457261996 -0.0043646543852080555 0.012062820350393279 0.00083316332654490574 -0.0036937394356025598 0.00038962009882869688 -0.0072833194010660934 0.0028588638978599592 -0.0019229816638412418 0.0090518508512148297 -0.0059698204094757309 -0.0067618133511421459 -0.0037731530363420865 0.018323810166213844 0.0042943795554938324 -0.0047153892199270006 0.0047335143310585533 -0.0041508806197258358 -9.4903298504631084e-05 8.0045685470597767e-06 0.0045540793436733935
leaf_weight=12144 2393 2534 2449 3213 7621 2876 3179 1611 3853 2787 7033 5309 75937 8874 12309 3226 11662 52079 3128 3000 1224 5079 1064 9621 3840 4995 1918 295279 140533 14752
leaf_count=12144 2393 2534 2449 3213 7621 2876 3179 1611 3853 2787 7033 5309 75937 8874 12309 3226 11662 52079 3128 3000 1224 5079 1064 9621 3840 4995 1918 295279 140533 14752
internal_value=-0.000165019 -0.000659086 -0.00152043 -3.59075e-06 0.00014964 -0.00172097 -0.00153077 -0.0013204 9.17824e-06 -1.70976e-05 0.00019848 0.000346727 0.000597179 6.17051e-05 0.00184412 -0.00111279 0.000665274 -0.00153956 3.26868e-06 0.000413755 0.000320121 0.000410861 0.00302328 0.00401435 -0.000243714 0.000224687 0.000345388 -0.000157081 0.000227795 0.00207571
internal_weight=705522 183909 79475 104434 101900 77082 74633 71757 521613 98687 91066 88279 81246 509469 16162 68578 13273 55305 493307 185314 182186 179186 11909 10685 307993 167277 162198 299119 157203 16670
internal_count=705522 183909 79475 104434 101900 77082 74633 71757 521613 98687 91066 88279 81246 509469 16162 68578 13273 55305 493307 185314 182186 179186 11909 10685 307993 167277 162198 299119 157203 16670
cat_boundaries=0 28 57 84 107 134 161 189 216 244 272 299 326 334 362 390 418 446 473 501 530 558 586 614 641 668 696
cat_threshold=0 0 2415919104 134217728 8388608 536870912 4 17920 540672 32768 16842816 2048 0 256 2147484672 0 0 16384 0 2562 0 1089 0 1048577 0 65536 32768 1048576 0 1 128 32800 0 524288 1 0 2151677984 262144 0 1 2147483650 143663104 67109897 0 0 0 65536 0 49152 2684354560 131104 67108866 0 65536 0 0 2 65536 2155937794 67371072 16512 268435456 2048 0 0 0 8320 67108880 0 0 2147483904 0 268501120 16388 0 4112 0 1073745920 65536 0 16384 16 0 524290 536936448 2147483648 67108864 128 0 0 2048 128 0 0 0 5939208 1090519040 134217728 536870916 67248144 0 68157440 1 16777216 2048 268435584 1024 8388608 2147483648 0 1310720 1024 0 2147483906 1048577 4194304 2147483648 1075314688 16384 0 512 385 16384 1056 524288 4194312 128 0 0 0 4 2 1073741840 8 8388608 8 8196 65536 16793600 1075839042 131072 4 134217732 33 16 0 33554432 0 2101248 65536 0 262144 137216 268435472 131074 4194304 0 0 0 0 262144 0 2148860417 262144 134218248 32 0 0 256 0 0 0 268435457 32768 0 16384 65536 128 16 16 8389120 33792 262208 4 0 134217728 4 1536 2147483648 16777728 1075839008 0 8192 0 0 2147483648 1073742336 0 17 8192 8224 0 0 34340864 64 1090519040 2147483684 17039360 2147486208 0 0 0 0 0 2717908992 1073741824 75497474 1140850688 67117056 4194368 4194322 16384 0 67174400 0 64 33554432 0 134217736 2056 1024 0 553648128 33800 0 8388608 0 0 0 0 192 2147483648 0 1 18 4194304 133120 65600 131072 268500993 2048 8388608 1073741824 4608 8388610 0 2097152 0 512 0 34144384 268435456 4194304 131072 536870912 1 0 0 0 4096 32768 4 536871424 1024 0 16777216 0 0 2 3221225472 8388608 4718624 0 0 4194304 294912 536870913 67117568 8388608 0 66048 2181038080 0 4194308 0 0 3147008 8388608 1073741824 67373056 262752 0 4194304 2 0 541065216 67108864 1073807362 536871168 2147483648 1024 134217736 134217728 0 1048576 0 0 0 67108864 1056 16384 0 0 1 1088 4 201852936 2080899074 9218 2147483648 69337136 423755778 272630276 64 16 805306368 0 0 4194304 67108864 136323072 536936448 0 0 1024 134217728 536870912 16384 65536 536870976 268435456 4194304 524544 8193 256 4096 8 0 8192 0 8388609 33554432 0 20 0 285214720 16 16777216 8388608 3221225728 0 0 0 262144 1048608 8912900 2 16392 0 268436480 32 67239936 1048576 8 0 0 256 0 4106 16384 38 8388608 96 16 32 536870912 4 135266304 512 1207959552 131072 0 4616 1073741824 0 0 16777216 268435456 0 134217728 32 68 4096 0 8454144 3221225472 0 1 0 131072 2 32768 0 0 34816 18874376 8192 0 32 64 131072 0 40 2363392 0 0 675282944 4 671088646 0 0 32768 0 0 2097234 65536 0 8192 524288 67633152 65554 16 1073741824 0 16 0 524288 0 0 2147484160 71303169 0 0 5376 1081344 335544320 0 201326592 8 4195328 64 68 536870912 0 16384 4352 192 262152 16392 66048 0 524288 4 2164260864 33554434 0 16777728 0 4 0 0 2147483648 16778240 0 4097 0 4194304 0 2097152 268435456 64 0 0 0 0 67108928 4224 262144 33947648 0 32768 0 262176 0 1073741824 135274624 16640 0 32 0 0 524672 1048584 1536 0 0 536870976 526336 0 1 2147483777 0 167772161 1073741824 0 269484032 16384 512 0 33554432 64 12 65792 0 0 268435456 131072 268452096 4 256 0 83200 131072 0 0 0 17301504 2 0 2048 128 10272 0 1 67371136 16384 2147614720 671088656 65552 2149582848 0 20480 512 0 67108864 4194304 0 16 33554432 0 536870912 16777216 1 0 0 4096 2147483650 0 1107297280 64 0 4194304 524288 1056768 512 2147483648 0 0 134234116 1048580 16 131072 0 0 8393728 16777216 4194816 536870912 32768 2097152 0 8192 524292 2 4194336 1073741824 0 0 134222080 553648128 8392704 160432128 0 0 0 0 0 16384 4096 272 16777216 4096 32768 4718592 16 67108868 0 4198400 0 262144 285212672 0 0 1048576 134217728 0 2097152 67141632 8388608 4 8388952 1056768 167772160 262144 9216 268435456 0 8388608 65568 0 2097152 2048 0 0 268435460 33554576 0 16777216 67112960 184549376 0 4194305 1 256 0 134219840 67108864 67108864 268435456 0 84148224 4194344 67117056 4194560 32768 0 0 134217728 0 268435456 0 0 0 524288 0 1073741824
is_linear=0
shrinkage=0.05


Tree=121
num_leaves=31
num_cat=29
split_feature=36 37 37 19 36 37 37 36 36 37 37 36 36 42 36 37 37 36 36 37 36 36 42 36 36 36 36 37 37 36
split_gain=25.3608 28.5932 27.1051 21.3241 33.5194 28.7585 28.6563 30.7509 27.6203 26.3179 24.9062 24.3231 23.3798 23.3324 23.6218 22.5993 21.8713 26.5041 26.097 21.6979 21.1878 20.8167 20.5604 38.8929 30.3833 21.9862 20.3584 20.0668 19.2199 18.9425
threshold=0 1 2 1.0045269131660464 3 4 5 6 7 8 9 10 11 12 13 14 15 16 17 18 19 20 21 22 23 24 25 26 27 28
decision_type=9 9 9 2 9 9 9 9 9 9 9 9 9 9 9 9 9 9 9 9 9 9 9 9 9 9 9 9 9 9
left_child=1 -1 -2 5 -5 20 -6 9 -7 -8 -10 -12 -9 21 15 -15 17 -13 28 -16 -4 -14 23 -20 -25 -24 -21 29 -18 -28
right_child=2 -3 3 4 6 8 7 12 10 -11 11 16 13 14 19 -17 18 -19 22 26 -22 -23 25 24 -26 -27 27 -29 -30 -31
leaf_value=0.008409540409702888 -0.0036088728611027542 0.00058867099030323342 -0.001066367122344658 -0.0043608540744642143 -0.004372039515051461 -0.0029953688686195968 0.013234854624007017 -0.0036106661793667686 -0.0034405476920569586 0.00071681605104660239 0.0034084357469158777 0.0034277758351847973 0.0038502854693288182 -0.0040880512271784727 -0.0033531848715855268 0.0044607736766122397 -0.0012577693174787047 -0.0029085233924620647 0.0084058790088170632 0.0024507589525921986 0.00657084315217647 -0.0027846982883439619 -0.0035589085315893641 -0.0049750711650951912 0.0011773487805542271 -3.0198955287175089e-05 -0.0024634009735984177 -0.00056540082076251966 0.0037608605462752607 0.0055153002971151284
leaf_weight=5267 9773 27080 1821 7338 5312 8543 2798 8758 6087 7246 7789 2590 1832 2058 6900 8993 2500 15755 2321 10868 4402 17269 6379 2111 30085 264825 1777 211938 10435 4728
leaf_count=5267 9773 27080 1821 7338 5312 8543 2798 8758 6087 7246 7789 2590 1832 2058 6900 8993 2500 15755 2321 10868 4402 17269 6379 2111 30085 264825 1777 211938 10435 4728
internal_value=-0.000184848 0.00118247 -0.00025056 -0.000212029 -0.000526122 4.37926e-05 -0.000441714 -0.000373848 -1.46064e-05 0.00234212 5.38277e-05 0.000109846 -0.000473091 -0.000389443 -0.000259329 0.00199896 4.59553e-05 -0.0016323 0.000142625 -0.00036507 0.00341073 -0.00207265 4.95123e-05 0.00119866 0.000746732 -9.67867e-05 -0.000281863 -0.000386981 0.00234146 0.00234615
internal_weight=705578 32347 673231 663458 297815 365643 290477 285165 359420 10044 350877 344790 275121 266363 247262 11051 337001 18345 318656 236211 6223 19101 305721 34517 32196 271204 229311 218443 12935 6505
internal_count=705578 32347 673231 663458 297815 365643 290477 285165 359420 10044 350877 344790 275121 266363 247262 11051 337001 18345 318656 236211 6223 19101 305721 34517 32196 271204 229311 218443 12935 6505
cat_boundaries=0 28 53 80 108 136 160 188 216 243 270 297 325 333 361 388 415 443 471 496 523 551 559 588 612 641 668 693 718 746
cat_threshold=1073741824 2147532800 68 4194306 67109376 0 4128 67110944 1073742336 16384 134217728 131072 0 0 1082130432 0 33554432 4096 0 4096 4096 4196352 1024 2048 0 0 2 134217728 0 32 0 71565320 541065218 0 8388608 536870912 2048 536875300 4096 0 134217728 65 524288 8388674 0 512 16785408 67108864 1073741824 4325376 0 0 32768 0 0 32 8192 1024 16 8192 34603136 536870912 0 0 0 0 143130640 1 67108992 16777216 66048 8192 1 41945088 0 4 1024 4194304 1073741824 872415233 0 0 2097152 2097164 4229120 0 262144 16384 0 0 0 134219777 8192 2 0 67108864 0 0 146802944 134250496 0 0 4262146 32768 0 0 33554688 33816576 0 2097152 1572864 4 0 16793600 0 65569 18874368 0 32768 131072 0 0 5120 536870912 536888320 1342177280 2 0 128 0 8320 17825800 8388608 16 2097152 1 1048576 0 4 65600 128 4325376 4194304 134479888 268435488 0 0 540672 8192 1281 12583168 536870912 4194304 1342701568 4194304 0 0 0 512 1056768 512 0 0 65536 2147487744 73728 526336 139265 0 0 16777248 0 524289 32 1048576 128 0 9437184 0 524288 2 2147491840 1048576 33554432 0 65568 528 20480 134217728 9 0 66048 0 0 2048 0 851968 33554432 2097152 37748736 65538 544 0 33554432 0 8 0 67633152 0 8389888 0 33554432 1049088 33622016 4 16384 0 2147495936 64 67108880 4096 2147483648 1075843072 0 0 6295552 4096 32768 524544 33554432 524288 512 268443648 0 0 301989888 0 1 2048 2097152 64 4 4 2147483776 2147483648 16777216 0 134221824 8 4096 0 1048576 131584 0 1024 0 2048 67108864 8667136 134217729 131088 32768 268439560 0 68 0 4194304 65536 262152 33554432 67109889 0 0 2149580804 1073741824 1048576 4194304 0 16385 4194560 0 0 0 2147483648 134217728 0 0 0 1048576 142606336 68 805306368 8423424 131088 264 536870912 33554432 128 4456448 33554432 8396800 0 256 0 65536 8 268435456 2147483648 33280 3221225472 2097152 0 2112 262144 33554440 0 1 2048 4 8388608 4 0 1048580 1 2415951872 136577152 16896 872943616 4718600 2148696580 1114176 1082139145 265 2066 1048576 0 0 0 0 268436480 8 256 8192 0 536870912 0 8430336 2151677960 73728 16842752 16384 1073745920 1073741824 0 256 131136 0 2148007936 0 0 2048 0 0 73729 67125248 4194304 0 0 1140850688 0 64 8192 0 266240 33554432 0 64 512 32 9437184 1082130432 67108864 147456 130 402653184 0 65552 2105344 131104 8192 65536 33554450 262176 8388608 268697600 8388608 0 0 524288 1 0 33554944 0 576 8192 8 2048 0 0 67108864 2097160 2228224 64 4194372 16777216 0 0 8388608 0 16912384 8388608 67108864 16514 8194 0 0 288 0 0 2147483648 512 285474816 2129920 201326600 3145728 2147483649 0 0 536870912 0 0 0 266368 1048576 131072 67108864 150995072 0 541065216 1179776 18874368 268435472 1048640 32 0 2155872256 67108864 65536 0 512 0 4718592 1074792448 0 18874368 512 0 0 0 0 1 4325380 64 1343799304 128 32768 0 2149580800 0 0 0 1 98304 2147483680 0 8192 257 147456 4 512 33554432 0 2 16777218 0 8388608 469762048 4259840 2147488000 32776 0 64 32768 0 131073 4194304 0 0 16384 0 134217744 1 65537 0 1048576 32 536870945 1073741824 1 0 0 0 134217792 8650760 258 262144 1073742337 131072 16 1048576 33554432 16384 2101760 8650752 262144 0 33554432 1024 0 32 402653184 0 0 0 0 1 0 2097152 67108864 36864 2097152 6291460 1075576834 67174432 1544 2958098440 16781376 1453326344 256 537198592 0 131104 0 25165826 16777220 0 8650752 0 8 262144 2147483648 33554432 2 524288 1073815810 1280 262144 0 0 0 1048576 0 64 0 135266304 0 8 2 0 16777472 0 49184 0 0 8192 134742532 0 32 16384 68157442 132 2049 2097152 4112 1075838976 162 0 0 32 0 524288 525314 16400 0 0 256 0 0 268435456 0 4160 32772 67584 8192 1024 0 4456448 2147549184 65536 0 1073741824 0 536870913 8200 134217728 69632 0 135791104 0 1310720 2 0 10240 1073743872 268435456 4 0 528 0 262208 5120 0 0 4 0 0 0 545259520 131072 512 67117056 524289 72 0 81920 268444672 135168 49152 0 4096 0 262144 266240 268435528 64 2147483648 0 1107296256 8388608 0 0 33554944 2 16448 33 131072 2147518504 268435464 262144 4 0 0 67584 8978432 0 0 67108872 256 536870976 1075838976 67108864 4 4194320 0 49152 1073741824 8192 0 65536 0 2097152 0 101711872 1072 4718592 33556480 16 128 8 25231360 268435458 0 0 8389120 0 0 268435456 0 0 3146880 262144 135266304 0 512 1048608 0 131072 2097152 0 16777216 524288 4194305 2 24576 16777344 67108992
is_linear=0
shrinkage=0.05


Tree=122
num_leaves=31
num_cat=14
split_feature=28 8 41 30 41 22 41 33 31 5 38 22 14 41 41 38 41 22 39 35 22 33 41 33 33 31 41 41 41 41
split_gain=22.6816 31.1904 39.1762 27.3315 63.8786 48.9611 40.1866 20.631 27.8602 18.9585 18.7551 18.4536 17.4328 17.1489 17.1293 24.0065 16.004 15.3651 15.2517 14.3072 14.0385 27.0943 26.2808 26.0451 25.5346 23.7217 23.2366 22.6799 18.0783 16.6654
threshold=0.62549999356269848 0.65006887912750255 0 1.0000000180025095e-35 1 2.5000000000000004 2 85.045001983642592 3.6153000593185429 0.31218473613262182 3 2.5000000000000004 3.1964285373687749 4 5 6 7 1.5000000000000002 8 0.84455612301826488 1.5000000000000002 73.715000152587905 9 75.134998321533217 76.055000305175795 2.4557999372482304 10 11 12 13
decision_type=2 2 9 2 9 2 9 2 2 2 9 2 2 9 9 9 9 2 1 2 2 2 9 2 2 2 9 9 9 9
left_child=14 7 -3 6 5 -5 -4 8 9 -2 11 -6 -7 -9 15 17 -10 18 -1 -12 22 27 -11 25 -24 26 -23 -22 -27 -25
right_child=1 2 3 4 10 12 -8 13 16 20 19 -13 -14 -15 -16 -17 -18 -19 -20 -21 21 23 24 29 -26 28 -28 -29 -30 -31
leaf_value=0.024000194745168353 -0.0040026316495977848 -0.0066909778106727718 -0.0043191167886349191 0.19736795064787749 0.047264572035849356 -0.00016949126500525604 -0.00081017383701916803 0.0041214152866001939 -0.0028522829383541837 -0.00082998611874694208 0.015175813026206148 0.0043036688062009915 0.045484323309510133 -0.00043956671698002078 0.0013260564385474821 -0.0027585030750384462 -0.00063162581187059118 0.019846844822048872 0.3270939723796123 -0.0013881557701153958 -0.00090261776078754416 0.0080471831682241562 0.0013019063265146569 0.002579416503578626 -0.00075903853465826294 0.0076154285947653694 -0.00012735371839721623 0.00014023294544450172 0.0015923834432480357 -0.00018662333454384783
leaf_weight=359 4331 7951 31356 462 396 1742 75368 7697 18571 24255 1103 3656 3041 4110 18394 1352 36184 1775 162 51420 117005 1644 80644 6494 19373 6844 12182 110832 4396 52722
leaf_count=359 4331 7951 31356 462 396 1742 75368 7697 18571 24255 1103 3656 3041 4110 18394 1352 36184 1775 162 51420 117005 1644 80644 6494 19373 6844 12182 110832 4396 52722
internal_value=-0.000180233 -0.000231123 -0.00080363 -0.00064163 0.000194918 0.00546756 -0.00112626 -3.19347e-05 -8.1159e-05 5.09958e-05 -0.000294905 0.0029781 0.00397418 0.00203358 0.0013984 0.00452309 -0.00114485 0.00762896 0.0152059 -0.000547978 8.3669e-05 -9.52759e-05 0.000533101 0.000670657 0.000891125 0.00202158 0.000634628 -0.000378613 0.00372743 9.87892e-05
internal_weight=705821 683779 176495 168544 61820 5245 106724 507284 495477 440722 56575 4052 4783 11807 22042 3648 54755 2296 521 52523 436391 312119 124272 84282 100017 25066 13826 227837 11240 59216
internal_count=705821 683779 176495 168544 61820 5245 106724 507284 495477 440722 56575 4052 4783 11807 22042 3648 54755 2296 521 52523 436391 312119 124272 84282 100017 25066 13826 227837 11240 59216
cat_boundaries=0 3 6 9 10 13 16 17 20 21 24 27 30 33 36
cat_threshold=2148635808 26739112 270338 2097152 1073742848 17920 77725700 1612794944 89760 139264 2583691520 18881601 127121 33554560 2176 65578 9 876624289 857483266 131344 1 2148056109 1620582856 65024 67634216 1645216776 3848 826910658 119621826 134315 838992320 1714160640 7328 2214600833 2105536 17408
is_linear=0
shrinkage=0.05


Tree=123
num_leaves=31
num_cat=27
split_feature=36 37 37 8 36 36 37 36 37 36 32 36 37 37 37 36 36 37 37 36 36 30 36 36 36 37 36 36 36 36
split_gain=24.7391 29.1543 27.1757 20.525 25.594 25.0849 24.0171 23.9327 23.4651 23.5268 21.6976 49.4565 42.457 39.3396 35.636 36.3429 35.1829 34.1223 33.4023 32.242 30.7421 28.9602 39.5182 26.4045 26.2973 25.1637 30.7526 25.5623 24.297 23.6274
threshold=0 1 2 0.44268003106117254 3 4 5 6 7 8 23.285000801086429 9 10 11 12 13 14 15 16 17 18 1.0000000180025095e-35 19 20 21 22 23 24 25 26
decision_type=9 9 9 2 9 9 9 9 9 9 2 9 9 9 9 9 9 9 9 9 9 2 9 9 9 9 9 9 9 9
left_child=1 -1 -2 5 -5 -4 7 -7 -6 -10 12 -12 19 -13 -15 -16 -14 -18 28 -11 -19 24 -23 -20 -21 26 -22 -27 -17 -28
right_child=2 -3 3 4 8 6 -8 -9 9 10 11 13 16 14 15 18 17 20 23 21 25 22 -24 -25 -26 27 29 -29 -30 -31
leaf_value=0.0091108994082650854 -0.0035689957750526719 0.00065228879087834155 0.0042074830198603145 -0.0047876483336984303 -0.0044389746363176445 -0.0012377259687557764 -2.2474247591523779e-05 0.006415018510096235 0.0032318161045439275 -0.0055294725862055361 0.0075854748543276659 0.0066384113414471009 -0.0066144972445014083 -0.0070830991287531321 -0.0094834903890196331 0.003771596346578357 -0.0054324084273072899 0.0057143428238243732 -0.0069868339684578734 -0.0091614291376054709 0.012964783744652332 0.16018357267817285 0.015688688387559019 -0.0007555505835181997 0.0074131814924203402 -0.005341922255979209 -0.0064065888742159908 -0.00038664174659988615 -0.0081413123027234812 0.0025852067369713295
leaf_weight=4950 9912 28466 5447 4643 4408 2044 324006 4340 9847 2096 4140 3360 3490 3502 3148 1566 4724 5642 3787 1347 2261 780 2614 101302 4129 4298 1753 129390 9555 14719
leaf_count=4950 9912 28466 5447 4643 4408 2044 324006 4340 9847 2096 4140 3360 3490 3502 3148 1566 4724 5642 3787 1347 2261 780 2614 101302 4129 4298 1753 129390 9555 14719
internal_value=-0.000153436 0.0011742 -0.000219446 -0.000180532 -0.000462823 9.39069e-05 3.83625e-05 0.00307271 -0.000409561 -0.000359178 -0.00043622 -0.00092589 -7.60957e-05 -0.00110234 -0.00124846 -0.00110225 -0.0002749 -0.00016823 -0.000958304 0.00293568 -4.29388e-05 0.00425346 0.0078866 -0.000682326 0.0020084 -0.00017721 0.00153849 -0.000417729 -0.00356293 0.000785658
internal_weight=705666 33416 672250 662338 326501 335837 330390 6384 321858 317450 307603 130360 177243 126220 122860 119358 166277 162787 116210 10966 158063 8870 3394 105089 5476 152421 18733 133688 11121 16472
internal_count=705666 33416 672250 662338 326501 335837 330390 6384 321858 317450 307603 130360 177243 126220 122860 119358 166277 162787 116210 10966 158063 8870 3394 105089 5476 152421 18733 133688 11121 16472
cat_boundaries=0 28 55 82 110 138 164 193 219 247 275 301 328 354 382 410 436 462 491 519 547 574 602 628 656 682 710 738
cat_threshold=1024 2147484672 2048 2147483649 67108928 1024 16416 67110916 0 147456 8388608 0 8388608 256 0 8192 8388608 32768 1048576 0 2147487744 0 0 0 6291456 536875008 32768 134217732 2064 262144 536875072 2097152 541065216 0 2147483649 0 2056 536870916 0 262144 134217736 0 524288 2 536870912 65536 8196 0 0 2048 8 0 41975808 0 98308 268435456 0 262156 8192 0 0 1 1179776 2415927296 0 0 0 0 262144 0 1610613120 16777216 256 32 1048705 128 0 132 0 0 1073741824 872481280 0 131072 0 1048616 0 67108864 0 0 0 0 2048 134219776 64 64 0 131072 4096 8 75776 541065216 2050 8650752 4128 36864 262400 0 8454400 33554432 100663296 33056 262148 18874368 0 2147483648 2 24 0 268435456 0 1073758212 536870912 134217728 0 0 0 0 536870912 2147483648 33554432 65536 32768 131072 16777216 67108864 67371040 32 1 0 0 20 32768 2097152 0 0 0 536870976 2164260864 131072 4096 134219776 545259648 0 2048 524320 541065728 133120 0 32 8192 0 256 539000868 65536 0 136192 33280 1024 8208 0 2147483648 0 0 129 0 0 4194440 160 268435456 571473920 524296 64 67108864 0 0 0 2097152 262144 1048576 2048 65536 2 671219712 0 16777216 128 134217984 2097152 4194304 262144 48 0 524288 1 8389120 135266304 128 0 8224 8 4194816 0 1024 67108864 32768 131080 33554432 33554432 3221225472 512 0 16384 128 32768 0 2 0 4224 67371008 570425600 0 16777216 8392708 65537 0 1048640 64 524290 138412160 0 0 0 16 0 1536 64 4096 67108864 1040 8388608 262160 8392705 67108864 268435456 0 17826816 0 0 0 65536 0 545554442 4465664 268443648 0 512 0 512 0 0 0 32 0 2147483648 2147483668 4096 0 0 0 2281701376 33587200 134217760 16777216 1210056704 0 0 8192 33554432 67112960 262144 134217728 0 2113536 2099200 65536 0 8193 1078984704 0 32 16386 1342210048 1 4 65536 64 67108864 8388624 2097152 8192 0 17440 524288 0 4194312 2048 268435456 0 2147516416 0 0 16448 2097152 8192 2112 1048576 2097152 9437312 0 32768 0 8388736 0 2149581056 134218240 0 67174400 2147483648 262144 0 1024 4096 262144 134217728 0 536872960 0 1077936160 0 10248 536870912 16777216 80 0 8 1073741856 128 32 0 134217984 524288 33685504 2 1073741824 0 2097152 524288 2097152 2099200 1073741824 67108992 32 1024 67108864 0 65536 67108864 2 5 67108880 524288 8388736 0 0 8388608 0 0 0 268500992 143130624 0 0 1048584 0 1073807872 0 4 0 268435456 4194304 67142144 0 0 8552448 0 8 3221241856 147456 2147516418 4096 536903680 256 33554436 65536 131136 335544320 41945088 0 32 294912 16400 33554432 0 4194304 2048 8 196608 2147483648 0 0 33 0 1028 536870912 1048576 2162708 2147484160 0 2101248 0 8388608 0 67108864 4211202 0 8388609 32768 1073742848 33570816 16 0 0 4096 0 136448000 0 131072 0 1024 256 2097184 545263872 0 0 32768 12582912 16640 33554432 1073774592 0 0 536936448 17920 104857600 8192 2 8 0 0 268435456 0 0 0 0 131072 16793601 16384 0 1310720 2 8216 0 0 272629760 0 0 256 786432 1024 0 1073741888 0 1280 524288 196608 1073741824 65536 553648128 268435456 0 1024 0 1310720 0 8193 1 2097157 131072 4194304 8 1 64 4098 128 0 8 268436226 0 0 0 8192 268435456 1048576 16777216 16384 16384 1028 257 67108864 0 0 16384 4096 2151677952 1048576 2097153 66176 536870912 8 0 134217728 0 65536 134222848 262176 0 1024 0 0 32 1073741824 1140851200 65536 0 0 4 33570816 128 536870976 589824 8192 134217792 33554432 136 0 8388609 64 4610 64 2147483648 0 514 512 0 0 0 4096 1048592 136315140 0 16432 1073742852 8388608 262144 0 0 0 0 2147483648 0 1 32 0 268435520 67174402 131072 268435456 286720 516 0 69632 0 4196352 671088640 16384 524288 0 536870912 32 536936448 8 16 18432 2 0 4194304 1024 541065216 1610612736 2147483648 0 0 16916480 135266304 9216 129 524352 0 0 0 4 0 1064968 536870944 2049 1024 0 1 0 0 16386 0 8192 0 8192 256 0 0 1075978240 16386 524306 201326592 8388608 4096 1280 0 4587520 8193 0 2147483648 570425360 0 0 1075838976 0 0 0 16384 3 134217728 1048576 17825920 4194320 0 0 102400 256 525312 0 514 0 65666 2097152 16 33587200 64 201326724 16384 0 0 0 1024 0 0 2 16793600 0 2048 262144 2052 0 0 0 524288 4096 0 0 4112 1 0 2105344 4194312 16 537134592 25165824 2147483652 4 0 268435456 16777216 129 0 536870928 0 0 268435520 262184
is_linear=0
shrinkage=0.05


Tree=124
num_leaves=31
num_cat=29
split_feature=37 36 37 8 37 36 36 36 36 36 36 37 36 37 37 37 37 36 36 36 37 37 36 37 36 36 36 37 36 37
split_gain=23.8435 22.5721 25.1138 20.7258 30.1846 28.4093 24.8887 20.623 20.1174 19.6907 19.4766 27.9185 19.3032 26.8527 21.1545 19.8836 21.3549 30.4495 20.7842 19.0998 18.9238 17.8644 17.5664 17.3584 39.2586 26.5633 19.1769 18.9281 16.0743 15.7393
threshold=0 1 2 0.48222216963768011 3 4 5 6 7 8 9 10 11 12 13 14 15 16 17 18 19 20 21 22 23 24 25 26 27 28
decision_type=9 9 9 2 9 9 9 9 9 9 9 9 9 9 9 9 9 9 9 9 9 9 9 9 9 9 9 9 9 9
left_child=-1 2 -2 7 -5 -6 -7 -3 -8 21 11 -11 13 -12 -14 -16 17 -17 -18 -19 -10 -9 -22 24 -20 -26 27 -25 -28 -24
right_child=1 3 -4 4 5 6 8 9 20 10 12 -13 14 -15 15 16 18 19 23 -21 22 -23 29 26 25 -27 28 -29 -30 -31
leaf_value=-0.0031227153646532003 0.0076418719106373691 -0.0027051190246617065 0.00050054018418963506 -0.0053720050418316016 -0.0055358973050570921 0.0044403259694940191 -0.0040325447262262283 0.0095863317997711851 -0.0039440283911616886 -0.0020800822957157405 0.0072284677490235261 0.0035315856941045029 -0.0021319608800024425 0.00074887446903593169 0.0033900048497320177 0.0071123736702425229 -0.0023388488513090624 -0.0034090065236011325 0.0086596607274783358 0.0016043345220608963 0.0028433894299033854 0.0010669555097554254 -0.0034940236626151144 0.0045160268437870717 -0.0039737766967092945 0.0013843414493711543 -0.0022445144724373453 0.00027884640959801031 -0.00021359699532972343 -0.00051997380068698196
leaf_weight=10446 5392 8725 23033 3878 4585 8610 7477 2014 6216 3246 2997 10526 10037 17393 6134 2269 10524 3189 2269 15900 10792 4996 6992 3498 2995 19080 10511 6581 234669 240566
leaf_count=10446 5392 8725 23033 3878 4585 8610 7477 2014 6216 3246 2997 10526 10037 17393 6134 2269 10524 3189 2269 15900 10792 4996 6992 3498 2995 19080 10511 6581 234669 240566
internal_value=-0.000162003 -0.000126348 0.00125325 -0.00018519 -0.000503775 -0.000444086 -0.000380214 5.87664e-05 -0.000464016 0.000115633 6.47405e-05 0.00190815 -8.26014e-06 0.001484 -0.00010117 -2.97122e-05 -8.5274e-05 0.00144017 -0.000197621 0.000787304 -0.000391663 0.00273821 -0.000325997 -0.000115472 0.00115993 0.000514466 -0.000237151 0.00189916 -0.000325053 -0.000412107
internal_weight=705540 695094 28425 666669 289116 285238 280653 377553 272043 368828 361818 13772 348046 20390 327656 317619 311485 21358 290127 19089 264566 7010 258350 279603 24344 22075 255259 10079 245180 247558
internal_count=705540 695094 28425 666669 289116 285238 280653 377553 272043 368828 361818 13772 348046 20390 327656 317619 311485 21358 290127 19089 264566 7010 258350 279603 24344 22075 255259 10079 245180 247558
cat_boundaries=0 27 55 83 110 138 166 194 222 250 278 305 333 360 383 410 437 465 492 520 547 574 601 628 656 683 711 738 766 794
cat_threshold=536870912 1610612736 524289 0 0 134217728 0 1179776 268451840 0 0 0 8192 256 0 1073758208 16777216 537395712 4213248 128 50331776 0 0 0 0 1107296256 838860800 33554432 2147491840 2116 3 67113028 33554432 4096 67108896 512 8388608 134217728 0 1 8192 0 0 0 4096 0 1056768 4096 16384 131072 0 16777472 526336 0 4 16 0 8704 71303168 536875008 0 8421888 0 10240 675282944 0 262144 0 64 268967936 8388672 524288 16 1056768 8388608 0 4325376 0 0 0 0 67108868 1 2148679680 0 256 16384 1024 2097160 4194560 537657344 4202544 268435456 524288 0 8389120 0 0 134217728 0 131072 0 1 0 67109888 0 538968064 37748736 0 67108864 0 0 0 1032 0 67109888 0 0 4 0 0 262144 2 96 2 131072 32776 0 65536 536870912 2050 262144 536891424 36864 262144 2147483652 1082195968 32769 3221233664 32768 268435456 0 8388608 65537 4194304 16 0 0 16777216 2181038082 134283264 0 16396 65536 524288 64 0 8392706 138412032 16777216 65536 0 0 4096 0 64 0 5242880 268435458 65536 32768 0 0 65536 2147483712 0 0 268435456 196608 0 147456 4096 134217728 144 4096 32768 0 2166358016 272629760 2147483648 2097152 33554432 1544 262144 8388736 131104 0 0 256 32 537133064 0 8388608 0 65536 524289 80 0 1056 67108880 0 524288 2105344 2147516416 34734080 0 320 0 0 0 67239936 2147483648 67108864 32 0 16779264 2 16777216 2097152 33558528 0 1346388992 0 1073741824 8388608 32 0 0 0 0 512 2147483648 262144 1073815568 32768 33554432 0 2214593024 0 1064960 0 4 8388608 0 0 0 1476526080 0 8388625 0 0 16384 0 262148 536870912 0 8 1 537001984 0 1048641 536870912 2684355072 133120 0 1619001344 8388608 69206016 0 0 32768 2147483648 4325376 16777280 1073742336 1073741824 1610612740 0 2148532224 16384 0 0 67108880 0 134217728 1032 9437184 0 1073741840 131072 32769 0 0 2147483712 10248 2048 0 0 0 0 2147483776 8192 40960 32 1 8192 0 5242880 1073774608 69206048 1048704 0 134217728 67633152 0 2147483648 0 1024 272 2048 2097152 32 671092736 262146 0 12288 2147483664 256 2097152 2354053120 67174400 32 8196 0 2048 4104 64 0 65536 0 0 4 1241513984 0 0 8 8192 32768 16777216 4 134217744 0 1074036736 2162688 0 65536 24576 36 18874368 2174976 1 134251520 0 33816593 2 0 256 65536 0 0 0 4198400 2097152 4194304 0 1048612 0 536870912 0 0 2147483649 0 536871168 0 33685504 33554432 134219776 8388609 671088640 524289 268435488 0 0 0 0 134217728 0 4194320 2149613604 8193 524289 0 0 4194304 134250512 536870912 1049088 16777216 2688549376 4456512 2048 65536 262408 2147483648 0 65536 8390656 4096 0 0 67108864 67108864 0 0 384 0 8 2147745792 8388608 135168 0 3145728 8519680 17825920 0 0 134217856 268435456 32 0 8388736 0 262144 1082130432 786432 2097152 4194304 0 1024 8 65 0 0 262144 1 2147500032 16 128 0 0 0 0 0 256 134217728 0 41953472 4 128 2056 2097153 0 64 8 4262913 536870912 0 8 0 0 4096 2281832449 0 0 0 0 4194304 0 0 131136 1118208 32768 524288 2097154 16 67113984 402653186 536870912 69206020 2048 0 0 2048 8 32 0 262656 8200 0 1107296320 0 0 34 4096 256 0 2097152 41945088 514 131072 0 1 2147483648 134219776 8392960 0 0 4120 536870920 1048576 294912 32 32768 8 0 64 2097152 4160 67117056 67108864 67174656 0 0 4 0 1073741824 262156 0 0 2148012552 0 1408 0 8390144 0 4 0 0 2048 2 2097152 128 536870912 4 268435456 2048 66562 64 8 32768 18432 0 4194688 16781504 67371008 8388864 0 0 138416128 8388608 0 268435456 0 131328 0 0 524288 1048576 0 0 1049088 2115584 0 0 8388608 2 8 536870912 65552 65552 4 2147483648 536870912 0 520 256 64 0 32776 8388616 4196352 0 1024 0 0 285212672 537919496 16777232 0 2 0 16544 268435712 1610612800 75497472 16777216 268566536 524288 32 32768 69206080 8388608 1049600 1073741824 0 131072 2147491842 0 0 0 1073741824 0 0 8192 0 8192 0 536870912 66560 0 8388608 8192 67617 1342195712 4096 0 1024 512 1073743888 268435456 4352 0 541065408 33554432 268435520 2 0 0 16 0 0 0 2048 536936448 256 65536 20 524288 268443648 32 1342177281 0 0 0 0 1073741824 268435464 256 0 536871232 33554432 1048576 0 301989888 67108864 32 0 262144 8 16 2080 67108864 4608 12288 2147483648 0 0 8388618 0 0 402653208 0 0 524288 1088 33554448 2 0 0 17825792 67108864 1024 2112 33554440 0 98304 1088 4 134742016 2 0 0 256 8 8388608 16777216 131080 0 262304 0 67108928 8388608 1048576 3221487616 16389 2214608904 128 67108864 0 1024 0 2097152 1073741824 0 0 2 134217728 0 1048576 33554568 134217776 0 0 1073741824 0 0 0 0 1073741824 513 1073741952 2048 270376 32768 0 0 1077937152 2 0 0 293601282 4194312 0 1
is_linear=0
shrinkage=0.05


Tree=125
num_leaves=31
num_cat=29
split_feature=19 36 37 37 36 36 36 37 36 37 36 36 37 36 42 36 36 36 36 37 42 36 36 36 37 37 42 36 36 36
split_gain=23.6186 35.5389 34.2968 31.8076 30.9464 30.1076 28.5029 26.8098 24.9537 24.2945 24.2193 22.7094 23.7312 22.3435 20.44 22.8719 20.2496 18.3033 18.0993 19.6281 18.4374 36.0016 24.5175 17.8781 28.5164 17.0953 16.2483 37.3374 25.4837 24.6402
threshold=1.1129159927368166 0 1 2 3 4 5 6 7 8 9 10 11 12 13 14 15 16 17 18 19 20 21 22 23 24 25 26 27 28
decision_type=2 9 9 9 9 9 9 9 9 9 9 9 9 9 9 9 9 9 9 9 9 9 9 9 9 9 9 9 9 9
left_child=3 -2 5 -1 -4 -3 -6 -8 -5 10 -10 12 -9 -11 15 -13 25 -16 19 -18 21 -20 -23 24 -22 -15 27 -25 -28 -29
right_child=1 2 4 8 6 -7 7 11 9 13 -12 14 -14 16 17 -17 18 -19 20 -21 23 22 -24 26 -26 -27 28 29 -30 -31
leaf_value=-0.0039079860633577396 -0.0057216526998911934 0.016799848277578171 -0.0047327665848494243 -0.0031591494345346582 0.0038525433185246818 0.0021190335809549324 -0.0059932307062606971 -0.00333268350335635 0.015638017009994846 -0.0019409089718911395 0.0011478680315485852 0.0033976290578342492 0.0045810761880851203 0.00653954986796167 -0.0044069789639943069 -0.0037309546376771475 0.0051703801924708054 -0.0004761553029322699 -0.0067069877617284201 0.00099673001454367175 0.009338458919971088 0.0047397841854278505 -0.0012232258223551812 -0.0054290442202603916 0.00089828420752162831 0.0011338168112307479 0.0027982961083228455 0.0033625405123149463 0.00012597498119810703 -0.00049547010983078674
leaf_weight=7193 4048 1268 5911 9545 4514 4513 2854 1668 2402 15308 5103 1514 6261 3113 4602 11831 3404 147284 2810 16680 3401 3068 26139 4150 14344 10417 12947 3459 286497 79429
leaf_count=7193 4048 1268 5911 9545 4514 4513 2854 1668 2402 15308 5103 1514 6261 3113 4602 11831 3404 147284 2810 16680 3401 3068 26139 4150 14344 10417 12947 3459 286497 79429
internal_value=-0.000151503 -0.00061752 -0.000519687 2.80472e-05 -0.000637369 0.0032696 -0.000520663 -0.000621361 7.53643e-05 0.000124446 0.00294538 -0.00054195 0.00207021 8.07437e-05 -0.00066743 -0.00254286 0.000142008 -0.000502479 8.54628e-05 0.00155263 1.78795e-05 -0.0011369 -0.000615631 0.000109372 0.00166071 0.00204749 3.8099e-05 -0.000563189 0.000212887 -0.000331126
internal_weight=705677 196268 192220 509409 186439 5781 180528 176014 502216 492671 7505 173160 7929 485166 165231 13345 469858 151886 456328 20084 436244 32017 29207 404227 17745 13530 386482 87038 299444 82888
internal_count=705677 196268 192220 509409 186439 5781 180528 176014 502216 492671 7505 173160 7929 485166 165231 13345 469858 151886 456328 20084 436244 32017 29207 404227 17745 13530 386482 87038 299444 82888
cat_boundaries=0 28 54 81 109 137 165 190 217 243 271 298 325 353 361 390 415 443 471 498 506 534 562 590 617 644 652 680 708 735
cat_threshold=8320 2097152 32768 2097156 32 0 0 268435456 2147483656 0 2147483648 134217729 2147491968 134217728 65536 0 0 0 134482176 0 16384 262144 32768 128 0 4 69206016 9 0 8192 16 8388608 262176 268435536 4160 2164260864 2048 10485760 0 0 0 41943040 0 280576 134217761 256 32768 8 2048 0 8 0 65600 262144 0 0 0 0 0 16 4096 9437312 0 0 0 0 0 42205200 67108864 264208 134217728 0 32768 8 2048 4 1048576 4325376 4259840 1074003976 855703680 0 2147483648 2 264 18688 1048832 128 0 0 0 0 43008 0 2 16 320 0 33554496 4198400 8390656 163844 0 0 163872 0 0 8388608 2147745792 0 2181054464 2147483648 1073741824 67239936 0 2097152 8192 32768 8192 1 0 0 786434 33554944 0 0 0 0 524288 32896 4096 48 1081344 512 69664 0 2048 2415923232 32768 0 0 64 8192 524288 0 1056 134217728 16777248 81920 17 524288 32776 524288 0 16386 8192 0 0 8200 4194304 0 2 67109408 0 16384 5242880 2129920 262144 33554496 0 0 4456450 134479872 536870976 67108864 0 0 0 66560 6291456 0 0 1342701568 6291456 4 20971520 0 33554436 1056768 2 0 0 1073741824 65536 0 0 2147485696 0 0 0 16777216 306249728 0 512 8 524288 0 2147483648 1073815568 537395200 2 8 32 65536 151060994 2181103616 512 0 2129920 262150 4 553648128 16777216 1048576 134217732 2151680000 0 32768 131072 0 0 536871040 16384 805322752 0 2 16384 128 0 132 17825800 0 32 0 2155872512 64 2149597184 8388608 268435456 131072 10240 1342177280 32768 0 4128 8192 0 67108864 65537 0 2048 131072 0 32 0 16 0 1073741824 536879104 1026 131076 81936 2050 4096 0 2147483780 81920 16 0 2097152 17301504 136317184 0 4 0 2152726528 8192 0 268435456 16 8192 2147483648 8388608 0 24576 0 0 65536 2097152 32 8192 2147500160 0 2147483648 16809984 612368384 0 266240 33554432 393216 8392704 320 33554448 0 270336 0 2 0 1024 4194304 0 134217728 33587200 0 2048 8388608 2281701384 0 40 0 67141632 0 0 1024 134217728 536870912 1048576 65808 0 268435456 69664 134283264 128 536870916 32768 16384 256 272629760 0 0 68157440 0 33554432 69534336 33571072 537395200 8388674 134217772 2147745800 9474698 56 33554432 0 1048576 32 17039368 0 1115648 33554440 0 263168 0 268435460 65536 1073741824 536870916 279040 0 134349828 4 65536 1 1048576 0 0 0 0 0 0 1 8 4 0 131072 16779264 17825792 67239938 16 0 4260096 4 0 8388608 0 0 512 8388608 0 0 1052672 4160 0 75646976 20 1288 0 536870912 570425408 1024 4194304 0 18874368 0 0 256 12 0 0 268435456 33554468 262144 0 0 0 2281701891 0 4194432 131104 16777217 0 16384 16778241 32768 0 0 8454148 2281701376 525312 0 1048704 32768 2064 147456 0 1073741824 4194304 16 167837696 4194304 256 32768 2147484160 8192 4 0 0 0 4194304 0 1140850688 67108992 266304 268436000 33408 262144 4259840 0 1677722112 0 1073807360 131072 33554432 0 524296 1 0 512 1024 0 8388608 67108864 1024 0 0 0 0 541097984 32768 536890704 553648128 2060 1076363264 134254720 1161822720 5411073 4 4 256 0 301989888 272629764 0 80 0 8200 1048576 128 32776 2097160 311308 0 131072 0 1048576 0 67108896 134217728 10486848 0 0 0 0 0 2048 2 0 2 0 1677721600 8 65536 1073743872 4097 536870912 1088 32 0 0 532480 536887296 269485056 1 353370368 0 67108864 0 0 4194304 0 0 0 1073741824 0 528 0 4 268435968 129 2101312 2149580800 8 277872640 0 536903680 0 2483060736 0 131072 524288 4096 0 0 2147483648 10487808 0 0 1073741824 2097152 0 8192 262208 64 12288 1048576 131072 0 536871428 603979776 16384 67109144 2147483650 167772160 1024 64 524288 0 1536 512 0 0 0 3072 8192 0 0 2147483648 4 64 64 1024 2684354818 65536 2147549184 262912 536870944 0 134221824 0 0 0 0 0 8388608 524288 0 512 8388608 4194304 131072 2048 2097152 1 536871940 2052 262144 138413056 25699456 2182398208 33832960 948445313 285214720 128 65537 1048576 0 4194304 32768 134217728 32 4194306 1207963648 67142144 0 2048 33554434 0 16896 270336 1024 268435712 131200 12582912 0 0 262144 0 0 0 0 524544 1 33554432 0 16512 16 0 0 64 8192 0 0 2147485696 1 256 67108992 134488064 536871936 64 524288 12582912 536870912 0 134218754 4202496 0 536870912 4096 258 0 4196608 536872960 16 65792 8388608 0 1 512 524288 0 4 128 4 0 0 4 134218752 4194304 50348054 1212154881 0 0 0 0 16384 16
is_linear=0
shrinkage=0.05


Tree=126
num_leaves=31
num_cat=26
split_feature=28 37 36 36 36 28 36 36 37 37 36 37 36 36 37 36 36 36 37 22 36 36 37 36 36 33 37 36 36 36
split_gain=23.3478 50.0701 28.7304 26.5813 25.4969 25.1385 41.5041 34.8198 29.9417 27.4006 27.2403 25.6077 24.5975 23.5983 22.503 21.3824 21.1975 21.0762 20.6335 21.1355 67.6301 46.377 46.586 33.1683 29.5867 29.7871 49.3859 35.0655 29.2409 29.0989
threshold=0.99950000643730175 0 1 2 3 0.98450002074241649 4 5 6 7 8 9 10 11 12 13 14 15 16 5.5000000000000009 17 18 19 20 21 75.805000305175795 22 23 24 25
decision_type=2 9 9 9 9 2 9 9 9 9 9 9 9 9 9 9 9 9 9 2 9 9 9 9 9 2 9 9 9 9
left_child=2 4 14 -3 -2 8 -7 -8 10 -10 -4 15 -5 -11 -1 -9 -15 -14 -18 28 -21 -22 -23 -24 -25 26 -26 -28 -20 -27
right_child=1 3 5 12 -6 6 7 11 9 13 -12 -13 17 16 -16 -17 18 -19 19 20 21 22 23 24 25 29 27 -29 -30 -31
leaf_value=-0.00097277669057925791 0.00092564050708794925 0.0020258674626144834 -0.0050401192414535117 -0.0035160342078566749 -0.0082640952008475443 0.013508913166772231 -0.0084598779494930998 0.012248643098949142 -0.0058305607314438597 -0.0045846379962417748 0.0067366630842787163 0.0057207133520006288 -0.0030879435081008488 -0.0031098559267694185 0.0073045644216945815 -0.002236603512624813 -0.0029280883489460618 -0.00035918106795735375 -0.0039995838902653234 0.020035471169595292 -0.010566777181793703 -0.0058960073665221494 0.014702706617236917 -0.0066914976812162564 0.01566412938663822 0.014973799069989824 0.013763689796897724 0.00075674614670420139 2.8777689154102504e-05 -0.0026807836525560239
leaf_weight=3040 1133 10945 1237 5427 3327 1229 961 1255 2704 3871 6581 6531 9453 7878 6194 5363 8149 313780 8491 2032 1487 3786 2047 1906 5429 1455 1508 15673 252239 10304
leaf_count=3040 1133 10945 1237 5427 3327 1229 961 1255 2704 3871 6581 6531 9453 7878 6194 5363 8149 313780 8491 2032 1487 3786 2047 1906 5429 1455 1508 15673 252239 10304
internal_value=-0.000163007 -0.000457797 0.000117683 -0.000388564 -0.00571461 4.54382e-05 0.00202493 0.00125168 -4.47253e-05 -0.00011745 0.00301124 0.00192534 -0.000469314 -7.582e-05 0.00286912 -0.000267763 -2.91568e-05 -0.000413194 3.50537e-05 0.000101145 0.0010939 0.000676799 0.000984116 0.00150719 0.00115644 0.00149324 0.00255517 0.00123822 -7.25844e-05 -0.000547406
internal_weight=705415 344065 361350 339605 4460 352116 15339 14110 336777 328959 7818 13149 328660 326255 9234 6618 322384 323233 314506 306357 45627 43595 42108 38322 36275 34369 22610 17181 260730 11759
internal_count=705415 344065 361350 339605 4460 352116 15339 14110 336777 328959 7818 13149 328660 326255 9234 6618 322384 323233 314506 306357 45627 43595 42108 38322 36275 34369 22610 17181 260730 11759
cat_boundaries=0 27 51 79 107 135 163 189 216 243 267 295 323 350 378 407 434 461 490 517 543 567 595 622 650 678 706
cat_threshold=16 64 0 8388610 0 0 12288 1179648 2149597184 0 0 32768 262144 0 524288 16 553648128 256 0 169869440 16777344 0 128 4195328 0 1074003968 805306368 2147484160 2147484672 64 2148532224 134217728 268435456 16384 262160 1536 0 8224 16793600 32768 1073741824 1 268435456 2147483648 536903680 0 544768 4096 0 8912896 2048 0 8192 4 512 1073741824 0 0 32 1073750017 5243016 2444 8519680 0 8 33554948 35651584 0 0 0 0 134217730 2147483648 0 0 2097152 131072 32 1073741824 1024 0 4096 272629760 0 0 1073741824 8192 1073742336 262160 1 0 32 2048 0 1074790464 813694978 0 4096 16 0 8 16 16777248 0 0 131072 4096 8388620 268435456 0 134250624 262144 0 4194304 1 8192 1 128 32 0 34603072 1073741824 5243136 0 0 0 67108864 0 67109376 0 0 262144 4198400 285212672 2097152 128 33554436 0 0 22020096 0 536903680 4192 1082130464 524288 1073741824 256 1073741824 0 1024 524288 8388608 524288 67108992 0 128 1048576 0 67125248 4096 0 2097152 8192 0 32 65536 0 65536 0 0 25165824 2097664 512 0 0 0 0 537395200 0 822083584 268435456 2147483648 4100 8352 67108864 18874368 24 12583168 2718957568 268435456 4227072 268435456 16 4 16842752 1073872896 33554592 1048608 278560 1073741824 541696 0 1 0 16384 4194304 8 32768 0 0 524288 4096 0 0 65536 67109376 4096 0 67108864 0 0 135270400 133440 0 33558528 131096 2097216 2097152 8 0 526336 0 22020096 0 0 272 0 1073741824 1073741832 0 8192 0 64 8388608 262144 0 2225078272 65536 2147483648 256 0 0 541069316 16777216 0 12 0 0 1114114 0 0 8388624 8388608 32 134283264 16783360 16 128 0 0 2148532224 134217728 67108872 2147500032 0 1536 0 16777216 272629760 1073774848 0 0 0 131088 16777472 536870912 67113472 1024 0 4194304 33554432 8 8388608 1048576 65 16384 131072 32768 32768 256 32 0 2097152 8192 0 1 8192 268435456 0 4196352 524288 134217728 0 134219776 34816 134348800 4194304 2147487744 2 1024 524288 33685760 33280 0 0 1073741824 2149580800 134217728 16908288 32768 655360 1048578 6291464 0 0 524800 72 0 8388672 8192 0 65536 41943040 16 134217728 0 268435456 0 4194308 2057 0 0 67112960 65536 70148 16777472 34078720 536871936 67108864 0 0 196672 0 512 0 33792 1048672 4 0 1179648 256 64 0 0 0 536870912 0 4097 0 0 0 134219264 0 0 262144 32768 2147483648 512 2147551240 4194304 0 134218432 0 536872976 67108864 16 24 268435456 32770 512 67108864 0 2097152 16384 2097152 0 2 8388608 9 33554432 8392704 0 2099200 2 262144 16 33554432 0 536870912 132096 0 1073758208 0 536870976 268435588 128 0 33554432 0 0 0 17039360 3255828480 8421376 393216 8400896 8 17039360 4194432 0 104857600 16 0 4194304 262144 4456448 0 0 3 0 2048 512 1073741832 0 262144 0 4 0 0 4195408 268435584 268435459 0 1073807360 64 4096 67117064 516 16777216 64 32 134250496 0 1048576 16384 0 65537 65536 134217728 0 3145728 4194304 0 0 2113536 2048 0 2 4 1 134217856 0 0 135168 262144 4096 32768 0 34078752 0 4 33554432 536872064 4096 1024 640 0 2147483648 268435488 65536 17472 0 32 0 81920 0 37376 134217729 64 524288 536870912 0 1073741824 536870976 0 4 4096 33554432 65536 134217728 2384 268439552 0 0 33554464 36 4194304 1024 1 8194 1024 0 16777220 20971584 0 67108880 268435456 67108864 4195329 4194306 33554432 0 4 0 4096 33554464 67633156 32 2148532224 303038464 4210688 1026 0 0 0 16 1048576 1048832 1048576 0 33554432 574619664 0 16 0 128 0 17408 8912896 2147483648 3072 2097280 67108864 0 16777216 4096 139264 0 134217856 256 8192 0 33587200 64 1 16 512 1048576 79696128 0 0 0 0 2056 24 8388608 671088640 2147483648 0 100663312 0 134217736 0 16777232 1082130432 1073741824 4195328 0 0 128 0 8 4 18890764 8 524288 4 0 1073750016 75506242 8388608 16704 16777216 32768 4196368 2156134400 524288 0 0 0 0 0 0 0 0 0 0 0 2048 67108864 268435460 2 2097160 532544 2147483648 524288 2048 1 0 0 0 131136 0 16777216 8 4097 4096 0 65536 2147483652 536870912 2147500036 0 0 0 64 268435459 2147483652 33554432 2 8391680 0 134144 8388608 0 4 1073741824 1212153856 0 671088640 8392706 256 553648128 0 536870912 8192 262144 0 0 1090535428 0 1 0 32 0 268435456
is_linear=0
shrinkage=0.05


Tree=127
num_leaves=31
num_cat=20
split_feature=37 22 33 37 42 37 37 22 37 37 37 37 37 32 37 42 37 37 42 31 37 37 32 8 37 31 37 22 37 31
split_gain=23.6025 20.8864 39.7533 48.7457 44.261 35.2923 34.3133 30.0377 50.2818 40.8852 38.9244 35.0039 36.0608 31.8553 66.5863 35.3527 29.9153 28.1625 25.4759 24.768 60.3604 32.8893 24.5423 42.2147 23.8669 25.9473 33.4258 23.7497 40.0542 36.2192
threshold=0 1.5000000000000002 72.174999237060561 1 2 3 4 3.5000000000000004 5 6 7 8 9 20.435000419616703 10 11 12 13 14 2.0187499523162846 15 16 20.765000343322757 1.6895560026168825 17 3.5602000951766972 18 2.5000000000000004 19 0.80985000729560863
decision_type=9 2 2 9 9 9 9 2 9 9 9 9 9 2 9 9 9 9 9 2 9 9 2 2 9 2 9 2 9 2
left_child=-1 2 3 -2 -5 -4 -6 10 -9 -10 -3 -12 22 14 -11 -15 -7 -16 -17 21 -21 -8 23 -13 -20 -26 -27 28 -14 -29
right_child=1 7 5 4 6 16 19 8 9 13 11 12 27 15 17 18 -18 -19 24 20 -22 -23 -24 -25 25 26 -28 29 -30 -31
leaf_value=-0.0031187928722547389 0.0082867758498202052 0.0035826435976116194 -0.006492145890989909 -0.0032732380626948861 0.0056461272541539183 0.0052199492393928048 -0.0030727972697796261 0.012086114908192808 -0.0038135967458992116 0.015568063413038239 -0.0058347426717919489 -0.0024725090540308249 0.0054388629562513065 0.0022362796791049132 0.0087357632683725036 0.00082248747399342741 -0.00042997258808078202 -0.00059679830189247884 0.0022602615726753385 0.010297948866616769 0.00079900825728426998 0.00072852445455102728 -0.0057492209597842323 0.25359934077966939 -0.00068952237436936681 0.0040599070077667948 -0.0048548930070000697 0.00086348476208689693 -0.00025480898409418334 -0.0019831614246818342
leaf_weight=11039 4230 3872 2332 7896 9036 2900 5621 9102 8048 2590 4607 1293 4677 27181 3603 55459 96527 10830 12120 3489 11338 55277 11499 315 150135 2801 15364 17758 83710 70629
leaf_count=11039 4230 3872 2332 7896 9036 2900 5621 9102 8048 2590 4607 1293 4677 27181 3603 55459 96527 10830 12120 3489 11338 55277 11499 315 150135 2801 15364 17758 83710 70629
internal_value=-0.000158696 -0.0001222 0.000310979 0.00103586 0.000795717 -0.000379201 0.00112935 -0.000295832 2.21627e-05 -9.34869e-05 -0.000772329 -0.000871213 -0.000766554 7.54211e-06 0.00210365 -0.000128107 -0.000236202 0.000774543 -0.000324887 0.000781498 0.00261414 0.000335391 -0.00329604 0.00248602 -0.000612977 -0.00076733 -0.00255216 -0.00057881 7.0711e-07 -0.00115839
internal_weight=705278 694239 198646 96887 92657 101759 84761 495593 297233 288131 198360 194488 189881 280083 17023 263060 99427 14433 235879 75725 14827 60898 13107 1608 180420 168300 18165 176774 88387 88387
internal_count=705278 694239 198646 96887 92657 101759 84761 495593 297233 288131 198360 194488 189881 280083 17023 263060 99427 14433 235879 75725 14827 60898 13107 1608 180420 168300 18165 176774 88387 88387
cat_boundaries=0 27 54 62 89 115 141 168 195 221 248 275 283 311 338 346 372 399 425 451 478
cat_threshold=0 131072 278561 73728 0 131072 0 1179776 8192 0 1310720 0 0 8916992 134217728 1073741840 16777216 0 0 131200 33554560 0 0 1048576 256 1073741824 838860801 268439553 64 72 256 0 536870912 269484032 0 2576 67108864 0 131072 33554432 134234116 8388608 327680 8200 32768 0 2097152 0 2050 0 0 0 0 532992 201736385 536871520 537133576 8192 2147483792 2956984328 1074792969 8 0 2147483712 0 64 0 0 262144 8388608 32 32768 1073741825 134381569 0 262656 1077936256 0 134217728 528 2 2099208 0 1024 3145728 4 0 32 512 0 0 1052672 4194304 134217728 2097152 4353 262160 36 4096 0 2 1619001344 8256 4718592 536870914 16384 1028 65536 0 0 4096 8 0 32896 8 2147483664 4194304 0 192 0 402653208 8192 1 16779328 0 4194304 268435456 32 0 536870913 256 0 268435456 43010 9 0 0 135266304 1073872896 0 2097152 536875008 2097152 8 0 0 65536 67108865 786432 2097184 0 0 0 1107296256 65796 0 0 8192 536870912 4096 2097152 276889600 0 2097665 805306368 2048 262152 524288 4 32 0 4 32 0 64 16388 4194304 81920 0 65536 0 0 144 402653184 536870912 516 4096 0 65536 67108864 2097153 1358954496 2048 1048584 524288 134217728 64 16777216 16777216 8388608 0 8192 16779264 2048 41943040 4325376 16 536870948 0 1048576 256 16384 0 8445952 34078720 0 64 1048576 131072 25165824 2097152 1179664 541065216 65536 536870912 262144 0 8392704 0 2415919112 131584 524288 2 33554432 0 10485769 262272 0 0 0 135266304 0 134217730 128 8 0 0 67174400 8519684 64 1024 2097152 536871040 0 268468992 0 0 402653184 0 0 0 0 1048576 64 0 8 8388612 135266304 0 0 38912 16 536903744 2147484676 2097152 23068800 538050562 4196480 2218795008 2151743505 2147745792 134219786 389 16546 2097152 67108864 16 8388608 4259840 64 2048 269484032 33554512 16777216 0 0 0 256 0 0 536870912 32 524292 32800 2 8196 0 4194304 262144 67108864 1 2883584 512 67112960 4360 8388610 1073741824 9437184 0 0 67112996 0 0 0 0 33554432 1048576 0 10486784 1114640 0 16 1024 0 0 0 65536 4 67175432 3221766144 1073808128 16917 538968064 677515280 553681408 66 2623488 0 536936576 69206018 384 0 33280 0 8 404 0 2048 4096 8 0 1049152 0 2097152 4 0 67108896 16384 0 134217728 2 1024 786436 0 73856 2 0 134217728 16777216 134217728 8 16400 0 0 12288 1049104 268435456 1049088 0 65536 20973568 1048577 32 0 8192 0 0 0 16 0 0 0 0 262144 8388608 0 33556480 1073807360 35676928 1 49153 8912896 2148794368 269484032 1 0 1073741824 1073741840 0 16777216 64 0 0 8388608 32768 851968 67108864 8196 134217728 4259856 2149597248 167788544 0 0 16 2147516416 262144 256 0 1040 1050624 2048 0 0 0 16 0 8 0 64 64 2 3221225472 8 0 134217728 2162688 262144 134283264 0 1141112832 32768 0 8388608 2147745800 0 0 1 131096 2048 0 0 2048 8 0 0 54558724 32768
is_linear=0
shrinkage=0.05


Tree=128
num_leaves=31
num_cat=19
split_feature=8 37 37 28 37 37 42 28 42 30 37 37 37 24 6 37 37 6 37 28 22 37 37 37 37 33 37 37 37 30
split_gain=21.2585 38.0052 28.2335 25.064 34.6513 30.7948 20.7725 28.8319 28.994 34.5168 30.0992 26.8804 23.4999 32.5683 32.9714 19.941 17.1633 16.5774 15.9236 15.2644 13.8967 26.2584 30.28 23.2608 21.6241 21.7331 34.9761 31.3998 25.3796 22.6086
threshold=0.63001489639282238 0 1 0.63750001788139354 2 3 4 0.90849998593330394 5 1.0000000180025095e-35 6 7 8 5.204397678375245 3.8025169372558598 9 10 0.34534791111946112 11 0.55950000882148754 1.5000000000000002 12 13 14 15 76.055000305175795 16 17 18 1.0000000180025095e-35
decision_type=2 9 9 2 9 9 9 2 9 2 9 9 9 2 2 9 9 2 9 2 2 9 9 9 9 2 9 9 9 2
left_child=15 19 -3 5 -5 -4 -6 8 9 10 -8 -9 13 14 -11 -1 -10 -17 -19 -2 21 -20 -23 -22 -24 27 -27 -26 -28 -30
right_child=1 2 3 4 6 -7 7 11 16 12 -12 -13 -14 -15 -16 17 -18 18 20 -21 23 22 24 -25 25 26 28 -29 29 -31
leaf_value=-0.0023950513902073604 0.0037375421642685926 0.0095588433443644857 0.046560182770179509 -0.0061389034484001072 0.0007211369593112416 0.0023561792595243299 -0.011193581602806167 -0.0068935741419136141 9.7998338052385231e-05 0.035868506067043247 0.0023616573848978199 -0.0017281951194853791 0.0024562798789738577 0.0095186389864540203 0.37424037535249177 -0.003494056793705522 -0.0034000693077332112 0.0035445914317686193 -0.004104985258718075 -0.0080336851208881923 -0.0024361501239562491 -0.00233835400714304 0.0046245247013564526 -3.8732037778221877e-05 0.0048232104413282245 0.0034479164239993921 -0.0047965799868781613 0.00073272729065360228 -0.00072327900707212377 0.01119041444287161
leaf_weight=9804 607 4495 905 6600 45189 8048 4742 10452 17069 2430 8273 64627 4602 2061 560 5038 13811 6566 2289 2947 9051 8147 2729 338278 7962 4269 3755 83076 25814 985
leaf_count=9804 607 4495 905 6600 45189 8048 4742 10452 17069 2430 8273 64627 4602 2061 560 5038 13811 6566 2289 2947 9051 8147 2729 338278 7962 4269 3755 83076 25814 985
internal_value=-0.000145158 -0.00058543 -0.000491296 -0.000584341 -0.000712516 0.00199771 -0.000577298 -0.000901269 -1.49396e-05 0.00134265 -0.000337085 -0.00153353 0.00360861 0.00595861 0.00930291 2.60209e-05 -0.00101162 7.00092e-05 9.9179e-05 -0.00570126 6.61282e-05 0.000488574 0.000577614 -0.000102964 0.000764963 0.000669231 -0.000393048 0.00107564 -0.000985604 -0.000445263
internal_weight=705181 197418 193864 189369 180416 8953 173816 128627 53548 22668 13015 75079 9653 5051 2990 507763 30880 497959 492921 3554 486355 139026 136737 347329 128590 125861 34823 91038 30554 26799
internal_count=705181 197418 193864 189369 180416 8953 173816 128627 53548 22668 13015 75079 9653 5051 2990 507763 30880 497959 492921 3554 486355 139026 136737 347329 128590 125861 34823 91038 30554 26799
cat_boundaries=0 27 51 78 105 113 121 148 175 202 229 256 283 310 337 364 392 418 445 472
cat_threshold=8388608 2147483648 2 0 1024 2097152 256 1572864 4194304 2147483648 17301504 0 41943040 0 385 1140867072 32 2097152 4194304 128 0 0 0 0 33554432 1611661320 805306368 4 36864 98312 4 0 16924736 64 16777248 2048 0 0 1056 0 1048577 4194312 0 268435457 16 2147483648 524288 0 131072 2097280 1073745920 536870912 64 1048608 134234128 0 0 2097152 129 268444160 0 1081344 0 8704 134217728 8388608 0 0 557056 0 1048576 1073741824 0 0 536871948 64 16777220 33556480 0 64 160 0 0 2147483648 0 0 65536 0 1048576 0 0 1088 0 0 0 0 0 0 0 0 0 0 0 0 50331648 151519242 84934658 268435714 786432 1143013376 413221394 1610752000 32 67125761 838927360 4595728 2148655362 536883201 1052672 0 66 16 1073872896 0 65536 0 0 8192 0 0 0 0 0 1024 532480 0 0 0 0 0 0 0 0 0 16 0 0 1 4112 1073741824 0 12582912 16777216 0 8192 0 65536 268435488 1073741824 65537 2147745800 2147483904 33554432 0 1024 0 1064960 1207959552 128 0 8202 0 128 0 8193 2064 1073742336 0 2147483648 65536 0 0 0 0 0 0 0 0 256 0 0 0 0 16 0 0 0 0 16 0 0 8193 272629760 536870912 16392 2097152 262144 131072 16448 0 2097152 2097152 8388608 268435488 0 33619968 2 256 553648128 536936960 0 0 0 2 0 135168 4194304 33554432 335544832 4194304 32 8192 1048832 4096 0 33280 0 8 332 2048 134217728 262144 0 1048576 66112 8914432 8388608 8388608 8519680 0 4096 8192 0 128 0 524288 536870912 0 96 64 536870912 0 1 134217728 16384 1610612736 131072 1 537133056 134744064 67110017 0 524288 268959744 4194304 0 0 524288 134217728 0 256 1074003972 524288 2147483668 4194304 262144 4 32 134217736 0 512 0 16384 1 33587200 8224 1315344 268435456 1 133121 256 536872960 1 262144 0 0 0 0 0 65536 1048576 1073741824 1 16842752 4 268435472 0 0 536870912 0 266242 671088640 524288 0 1073750032 8404992 262144 16 8392704 268435456 1073741840 0 4096 0 1 0 16 20640 2097152 0 0 0 65536 67108864 393216 2415919136 8392704 4196352 524306 2147483648 0 8392712 0 0 0 65536 524288 268437504 0 50331648 0 16777216 0 129 4224 2097152 16777216 16 0 536870912 0 1572868 285212720 33554432 17334272 0 4608 8192 8388864 536870912 0 32 0 524288 268435456 4096 2 0 25165824 0 33554432 1 2 32 67633412 33816576 2 0 4 33556480 65538 4456616 0 0 256 16384 0 0 768 33554432 48 0 32768 4325376 33554432 2097152 0 64 1 0 1052672 67108864 0 1075838976 100663298 16777216 0 268435456 2147483648 2 1048576 0 524288 65536 24584 2097152 512 0 32 0 16777224 20979712 128 48 128 201457664 2147483648 1048576 67109120 4352 2097152 2151940352 545259520 0 4096 0 0 0 0 0 65536 0 8389632 0 0 65536 1024 16777216 805306372 268468226 16 32772
is_linear=0
shrinkage=0.05


Tree=129
num_leaves=31
num_cat=19
split_feature=37 19 37 42 32 37 37 37 37 37 37 37 42 37 3 28 37 37 42 26 42 15 42 37 32 35 32 14 32 37
split_gain=19.889 19.4807 34.5391 28.6086 31.0053 52.5057 27.8305 25.3029 24.1972 22.0258 22.5949 21.1744 16.8794 16.244 15.0459 15.0095 52.8102 32.5132 20.6996 18.1052 14.4369 16.9116 13.2889 12.9279 12.2924 11.953 11.7896 10.9446 10.877 10.8042
threshold=0 0.94392755627632152 1 2 21.675000190734867 3 4 5 6 7 8 9 10 11 1.988994896411896 0.79443591833114635 12 13 14 10.624264717102053 15 0.78571429848670971 16 17 23.474999427795414 1.2498883605003359 20.425000190734867 1.4107143282890322 20.425000190734867 18
decision_type=9 2 9 9 2 9 9 9 9 9 9 9 9 9 2 2 9 9 9 2 9 2 9 9 2 2 2 2 2 9
left_child=25 2 -2 4 5 14 -3 -5 -8 -10 -11 -9 -13 -14 -4 16 23 -17 24 20 21 -19 27 -12 26 -1 -18 -6 -16 -15
right_child=1 6 3 7 22 -7 8 11 9 10 15 12 13 29 28 17 18 19 -20 -21 -22 -23 -24 -25 -26 -27 -28 -29 -30 -31
leaf_value=-0.0020759079131917602 -0.0033698191160006596 -0.003290045899526391 0.0067447986469096471 -0.0018903819707243308 0.0016351937400578831 -0.0017946092930159448 -0.002435349243901791 0.0067569300395758708 0.0041040120392989493 0.0014748825999652271 0.049734446319904105 0.001980221723897173 0.0026352757836046489 0.0015326210385734618 0.20468434022387091 -0.0037587251254189076 -0.0045884759716651683 -7.8099788306265627e-05 -0.0016016931610536135 0.15501211477206206 -0.00070999815810310904 0.0047230319859295463 -0.0071722041915324945 0.0083138140482649347 -0.00068340443455635615 -0.0076989757246426803 0.0029606442001339664 -0.0017352530061311268 0.040198227054380857 0.00012439453486700336
leaf_weight=7904 9626 6820 2255 16449 2793 4128 14209 3905 7983 28881 554 29006 11148 19643 213 13784 1457 32963 28400 433 213903 7300 9105 4969 11737 1040 16426 14121 573 184423
leaf_count=7904 9626 6820 2255 16449 2793 4128 14209 3905 7983 28881 554 29006 11148 19643 213 13784 1457 32963 28400 433 213903 7300 9105 4969 11737 1040 16426 14121 573 184423
internal_value=-0.000160005 -0.000129927 0.000167703 0.000263036 -0.00112052 0.00179045 -0.000364623 0.000436627 -0.000308184 -0.000230138 -0.000287645 0.000562544 0.000504031 0.000351376 0.00676196 -0.000404369 0.000286612 -0.000567983 -0.000158536 -0.000439839 -0.000457278 0.000411245 -0.00192304 0.00495347 0.00076609 -0.0025014 0.00159151 -0.00109158 0.0127382 0.000249783
internal_weight=706151 697207 307388 297762 33188 7169 389819 264574 382999 368790 360807 248125 244220 215214 3041 331926 63543 268383 58020 254599 254166 40263 26019 5523 29620 8944 17883 16914 786 204066
internal_count=706151 697207 307388 297762 33188 7169 389819 264574 382999 368790 360807 248125 244220 215214 3041 331926 63543 268383 58020 254599 254166 40263 26019 5523 29620 8944 17883 16914 786 204066
cat_boundaries=0 27 54 62 88 115 142 168 195 222 249 257 284 311 338 345 353 361 387 414
cat_threshold=268435456 8388608 16416 64 0 0 4096 1179776 8192 0 4194304 32769 32 142606336 209715201 1073741824 16777216 524288 2097152 128 10240 0 0 0 0 1107558400 805306368 2155872257 4096 16777216 16 134221824 24 33562624 2147483648 0 512 0 1024 0 33554944 0 8650752 134217728 20 32800 268435464 0 0 0 4194304 65536 72 50331648 536873288 2147680290 303620 2097152 1073786884 1077953058 537002752 4 16 512 0 0 8388608 0 0 0 0 0 0 0 0 24576 0 192 0 8 0 4096 0 16384 0 0 0 4 1183744 32768 0 16777216 0 134217728 4194304 34078720 16777280 0 0 524288 8192 256 8 536871168 4194304 805306368 4194304 4325377 8388736 65536 516 1056768 0 0 1 327680 0 0 0 0 2692874240 262145 8388608 1048576 2129920 131072 16 33554432 327680 16 1064960 0 131072 2684354568 0 262176 4 2097161 0 0 4194304 4 134217860 262144 9 4784128 128 0 2149580802 671105024 2147483680 0 524288 0 0 1024 6291712 268435456 0 65536 0 0 54591488 0 8192 0 0 16 0 8192 16777232 0 32 0 64 2147483664 2048 2097664 8519680 1024 0 33554944 0 16384 268437504 131084 1073776672 268435464 262144 4 0 4194304 256 0 33554432 2155872256 4096 0 8388624 142872576 72 0 0 0 536870912 16777216 0 1048584 16384 268435456 8650752 33 16 16384 0 0 0 2048 0 16 4227144 16777220 0 294912 268698112 132 553648128 16384 0 36 16777232 16384 0 32 536871936 0 4104 536870912 541065728 0 4202496 2048 268435456 0 128 1048584 0 0 2097152 23592960 1327104 336265232 2214593024 536939032 262144 74448928 305 0 0 1048594 0 65536 0 2684354562 1074331648 1073807360 67108864 2048 0 1073741824 0 525312 268435456 268698624 0 0 4194304 83886080 0 134225924 16777216 25165824 16 1 0 2214592576 536870912 2150633472 537002242 0 131076 0 2 0 0 0 0 4160 0 0 0 0 65552 201850880 32 0 0 16 268533760 2147483652 8192 0 64 2 537919744 536870912 0 0 0 809566208 2147483648 32768 33554432 134218240 528448 0 0 0 41943040 8388608 1589248 16 4096 0 0 16842752 4 67117056 16910404 2751463456 4358152 73400962 269500417 538985856 83886082 16778756 142999618 73890 2147483696 2170880 226709536 131072 4 2120 0 40960 0 4100 1073758722 256 4 0 64 0 0 537001986 0 0 0 0 0 0 0 0 0 0 0 0 0 16 67108864 32 0 0 0 0 2147483648 2048 131072 0 2147483904 32784 0 576 0 2151694336 336256 0 720896 256 4 538968064 0 131336 0 4 8519680 0 0 512 8192 0 0 524288
is_linear=0
shrinkage=0.05


Tree=130
num_leaves=31
num_cat=23
split_feature=37 33 37 33 37 33 37 22 42 37 42 37 37 37 22 37 37 37 37 37 37 37 37 37 37 22 37 37 22 37
split_gain=21.2551 20.6736 50.3215 25.3165 45.5885 44.7273 63.379 53.6001 37.8438 37.6005 37.5115 37.0464 33.5426 32.9556 32.4764 52.5571 33.8955 33.2499 29.1891 28.4422 28.0343 25.6858 24.0302 22.3876 19.5221 19.3752 18.4884 18.1059 17.9328 36.9671
threshold=0 85.405002593994155 1 75.704998016357436 2 73.68500137329103 3 1.5000000000000002 4 5 6 7 8 9 4.5000000000000009 10 11 12 13 14 15 16 17 18 19 3.5000000000000004 20 21 3.5000000000000004 22
decision_type=9 2 9 2 9 2 9 2 9 9 9 9 9 9 2 9 9 9 9 9 9 9 9 9 9 2 9 9 2 9
left_child=-1 3 -3 5 -5 7 25 10 -9 -6 -2 -8 -10 -12 16 -16 -13 -17 -11 -20 -15 -14 -18 -4 -22 -7 -26 -23 -29 -30
right_child=1 2 23 4 9 6 11 8 12 18 13 14 21 20 15 17 22 -19 19 -21 24 27 -24 -25 26 -27 -28 28 29 -31
leaf_value=-0.0026890618762477783 -0.0024301053719404386 -0.0055648019996187093 0.01021435761650062 -0.0063368850690116944 0.0037745927730010844 0.0029245494791320715 -0.0068796854378569295 0.0017733877843710416 0.001950233947298355 0.0018926546722006861 0.0084485002448237319 -0.0061306870447658708 -0.003438889414002666 -0.0030966380511053188 -0.004645545113556567 0.015671843685434894 0.0042027957117028334 0.0034870037977708991 0.00098003667022814197 -0.0013614064619547285 -0.0015849962927582313 0.0008581710333237625 -0.00014360857630566355 0.0019585342344684621 -0.00064836741260314442 0.014215149351463896 0.0015944728297603199 -0.001450788210881071 -0.0040191703188309424 -0.0002631940862901666
leaf_weight=8466 10331 2764 3206 6224 8258 2263 1358 28006 13974 12012 3494 2781 11431 3426 3446 4197 4627 17803 20644 129167 6815 22025 28272 8636 10406 3653 86344 110775 7666 123111
leaf_count=8466 10331 2764 3206 6224 8258 2263 1358 28006 13974 12012 3494 2781 11431 3426 3446 4197 4627 17803 20644 129167 6815 22025 28272 8636 10406 3653 86344 110775 7666 123111
internal_value=-0.000150886 -0.00012062 0.0017406 -0.000160456 -0.000676452 1.9261e-05 0.00120832 -0.000166512 -0.000508062 -0.000522438 0.000729616 0.000739259 -0.000678131 0.000999018 0.000921292 0.00228612 -5.18483e-05 0.00318477 -0.000690445 -0.000880628 0.000842624 -0.000799581 0.000396916 0.00315743 0.000989974 0.00614982 0.00117222 -0.000698865 -0.000824009 -0.000427538
internal_weight=705581 697115 14606 682509 176305 506204 68400 437804 316988 170081 120816 62484 288982 110485 61126 25446 35680 22000 161823 149811 106991 275008 32899 11842 103565 5916 96750 263577 241552 130777
internal_count=705581 697115 14606 682509 176305 506204 68400 437804 316988 170081 120816 62484 288982 110485 61126 25446 35680 22000 161823 149811 106991 275008 32899 11842 103565 5916 96750 263577 241552 130777
cat_boundaries=0 27 55 82 109 117 143 151 178 205 232 258 284 311 339 366 389 416 442 466 493 520 546 573
cat_threshold=805322752 6291456 0 2 0 0 0 1179776 0 0 1 1 8192 8392708 0 0 16777216 1074266112 1614807042 128 2048 0 1 132096 0 1074003968 805306369 80 8192 0 2152202496 393218 1073741824 100679680 2147483648 1073741834 4096 1073741824 131072 0 33554432 0 0 0 0 0 8388608 1024 4194304 4096 16 0 4 12 1 1 2147483648 1073741896 8192 5120 0 1073741824 8388608 544 69632 0 134217728 2147483648 0 336592896 0 256 0 65536 2099200 0 1024 0 809500676 4227072 0 66048 1310736 0 1048704 8 8388608 4194304 44040192 0 32 64 2155872256 131072 4 16912 0 128 0 2129928 0 0 4194304 134221824 36866 0 128 0 65536 155189312 570819104 33280 32768 1145114640 335545888 604112932 136 262146 0 8192 134479872 32768 2147483712 64 33556480 2 67109488 1073741824 4210688 1073741824 0 256 1048576 0 4096 0 5259264 0 1 4 0 0 2149580864 67387584 570442272 262656 1056768 1610743808 541065736 1108482569 9 2147483680 32 0 134217728 0 0 16384 16777729 537919488 33280 1090519040 4227072 256 0 4202496 8388608 8388608 536871424 32 4194304 268435456 67108896 0 0 0 34603008 16777728 4196352 0 0 0 5120 0 0 16401 2048 134266880 0 66592 8 1048576 1 268435456 0 66068 2080 1 67108864 67110912 0 8192 0 65536 16842752 0 0 16793672 8208 0 0 1 524288 2064 67108864 0 0 545259520 134234112 75497474 65552 268435456 4 0 2097152 0 2 136 4194304 0 37748768 524288 0 8192 64 524304 0 0 67109120 0 4 67108872 33554432 537150464 1216348160 1024 524304 0 8193 33554432 0 0 1073775616 16386 0 4 2 65540 134283264 2147483712 0 0 134283536 65536 256 67108864 2 2147487744 0 134218752 0 64 68157442 2049 2048 65536 0 35651584 1073741824 65538 33554432 0 0 2097152 8912900 67108928 67109888 2113792 135168 0 1207992320 8388608 2048 4224 0 0 8 2147483649 1048576 0 0 0 0 1207959552 65536 655360 0 0 0 1040 2097156 1179652 32 67108880 33554432 4194304 16384 0 2164260864 1073743872 4194304 32770 32 1048576 33556736 0 0 0 33554432 16777216 8388608 0 2 2097152 0 80 1048576 2048 1 16 0 256 16384 262162 0 135283204 0 0 33554440 0 196608 8392704 0 2097152 16385 0 0 48 1140850696 32 4259840 0 1073741824 0 16842752 128 4194304 537001984 384 65540 32768 8519680 0 1107296256 8 24576 8388608 268533760 524288 1048576 16 1073741824 0 33619968 2080 1048577 33554432 0 4 1314816 0 16384 33554432 0 0 2113536 788480 32 75497472 4194304 147458 41943044 0 0 537919488 0 36872 0 524288 128 1 128 1048576 0 0 67108992 0 268435968 65538 1048592 4194306 0 2168455168 536936448 0 0 33554432 536952832 1073741824 0 16 66 0 0 0 528384 0 0 16785408 134225936 0 20 3 8388608 4098 1114112 16 16777224 536870976 65540 2048 536870912 0 2048 776 0 524288 2048 8389888 32768 8192 4 0 2048 134217728 8192 65542 32768 40960 262144 0 402653184 4587520 0 64 32832 262144 0 0 768 1 0 0 0 16 131072 16777216 131076 40960 2097160 0 2149646336 16 0 0 1140850688 150994944 134 0 0 0 16777216 262144 34078720 4194304 0 8 268435712 1049088 32 8519688 4096 0 4202512 134299648 0 8196 0 16777216 16777216 2621440 268468224 1074790400 16 553713664 411172880 8192 65536 16777232 8512 0 32768 0 8 1074266128 0 32 0 0 270532608 0 0 0 2097152 0 4194304 8454148 0 8 4096 134217728 6356992 1 0 4194304 0 2147516416 0 3221225472 256 0 0 0 35651584 4608 0 268500992 4096 32776 16777216 2048 34603048 524288
is_linear=0
shrinkage=0.05


Tree=131
num_leaves=31
num_cat=20
split_feature=8 37 37 30 37 42 42 22 37 42 35 37 22 32 32 37 37 37 37 31 37 31 37 37 42 42 37 37 37 23
split_gain=20.6607 29.6582 21.8537 21.8186 100.849 49.259 47.379 40.3038 31.8151 25.7517 25.0819 25.4471 21.1875 20.0279 19.3252 45.9818 33.5775 30.6311 28.836 25.8572 59.7694 21.77 19.2006 19.0202 18.6862 18.5139 16.3657 16.0742 17.9749 15.8922
threshold=0.43568417429924017 0 1 1.0000000180025095e-35 2 3 4 2.5000000000000004 5 6 0.90901944041252147 7 1.5000000000000002 23.365000724792484 22.115000724792484 8 9 10 11 0.81795001029968273 12 2.231799960136414 13 14 15 16 17 18 19 0.60004150867462169
decision_type=2 9 9 2 9 9 9 2 9 9 2 9 2 2 2 9 9 9 9 2 9 2 9 9 9 9 9 9 9 2
left_child=2 -2 -1 5 7 -3 -6 -5 12 -7 22 -12 -8 -9 15 21 -16 -17 -18 20 -19 -11 -10 -21 -20 -13 -27 -4 -29 -15
right_child=1 3 27 4 6 9 8 13 10 14 11 25 -14 29 16 17 18 19 24 23 -22 -23 -24 -25 -26 26 -28 28 -30 -31
leaf_value=0.0035019935550973966 -0.0049641506036028947 -0.0060822906317184794 -0.0025843840782158152 0.1030602988405559 -0.0042888815533685563 -0.0020532656138763567 0.10858776146642471 0.053117423114276599 0.017227109925465191 0.01217268396990885 -0.0068178328504539731 -0.0026104838353466888 0.0047541071823514608 0.031491659723491779 -0.0046523809851261267 -0.0061381263677844633 0.0062586125431743468 0.014370615058851642 -0.002045252328792724 -0.0034832881407986811 -0.00051791025999889937 0.00095652073124935511 0.0016600677760504779 0.00056956097783433801 -9.3799146580064724e-05 -0.003498160532811856 0.00066333859659811897 -0.0011439682991922163 0.000193077619365363 0.0041027678458739284
leaf_weight=6363 4970 15299 5699 817 11741 35516 173 3024 2659 3151 4307 16529 10170 352 6242 2767 3589 2822 34924 6436 4170 1724 5257 27779 79789 7738 62686 25553 309146 4426
leaf_count=6363 4970 15299 5699 817 11741 35516 173 3024 2659 3151 4307 16529 10170 352 6242 2767 3589 2822 34924 6436 4170 1724 5257 27779 79789 7738 62686 25553 309146 4426
internal_value=-0.000153899 -0.000419744 0.000121373 -0.000365824 0.00014985 -0.000664559 -0.000221817 0.00537225 0.000101913 -0.000463874 -0.00017341 -0.000407622 0.00273928 0.00427079 -0.000212582 0.000630246 -0.000543177 0.00011879 -0.000354357 0.000461267 0.0032318 0.00523178 0.00252621 -0.000104849 -0.000492595 -0.0002215 0.000132037 6.70517e-05 0.000111925 0.00225466
internal_weight=705818 359057 346761 354087 129879 224208 121260 8619 109519 208909 99176 91260 10343 7802 173393 48849 124544 43974 118302 41207 6992 4875 7916 34215 114713 86953 70424 340398 334699 4778
internal_count=705818 359057 346761 354087 129879 224208 121260 8619 109519 208909 99176 91260 10343 7802 173393 48849 124544 43974 118302 41207 6992 4875 7916 34215 114713 86953 70424 340398 334699 4778
cat_boundaries=0 27 54 81 89 97 121 129 156 183 210 237 264 291 318 345 352 360 387 414 441
cat_threshold=536870912 0 524288 0 0 0 4194304 1835136 4194368 33570816 0 1 512 0 128 1140867072 8 4104 4196864 1 2048 32 32772 0 0 1107296256 805306368 0 0 16777216 134217744 553648128 0 0 2147483680 64 536870976 2147483648 131073 4096 134223872 8320 0 8912896 528416 541067264 128 0 0 4 0 128 32 536870912 1048592 1614946304 512 65600 0 134217744 1074012160 0 16803840 0 0 1024 0 0 1076887552 0 268439040 0 8192 0 0 0 134217728 1073741824 8388608 0 65536 610631680 33570848 296976 12582976 4229280 671088650 33554955 256 33280 66880 2701656104 1141211170 266240 67121761 1140850688 16 262144 335544320 536937489 536870912 8650752 131072 0 33554432 0 2097152 1073745922 134742016 4 0 1 134217856 131072 536870912 16777232 8 32 0 2101248 16 16385 545259520 3254780544 57624 939802630 3510714368 25165824 128 136318980 64 288 134234112 131072 0 2097672 0 512 0 0 0 33554432 0 8388608 262144 16777216 8388640 0 272629764 65536 0 0 4 4194304 20971552 67109376 8454148 0 268435456 67108864 1024 0 0 0 0 0 0 131072 2818572288 33570816 273154048 64 0 0 65536 2621440 4194304 67584 136 536870912 0 1024 648 142606336 131584 0 65600 0 131080 131328 33 1048580 268435456 4194304 131072 32 33555456 8192 1048576 133120 0 0 0 38010880 0 8 536870912 2048 32768 65536 4194304 2415919104 0 0 536940544 268435456 0 33554448 0 262144 0 4539392 1073745920 4 1048592 0 0 557056 0 136 1073775616 2 8192 2097152 268435456 0 16 4198404 8388640 1 0 0 64 67108928 20 0 0 0 33620000 1048576 4 16 1 268451840 4 2147483648 268435464 1024 64 2 0 0 4194336 19398656 524288 0 1093632 7606536 4194304 1073741888 9469952 65536 0 4100 0 0 0 0 0 1048576 0 1056 1048576 0 0 0 0 16 32896 4 67108864 4160 576 0 256 536870912 2147483648 545292292 0 65538 0 0 2048 8 33554432 0 0 0 32 0 67108864 16 0 8192 0 16 16778240 67117056 2621440 0 537927680 524288 0 2097216 337641728 0 8 4104 33554432 32768 4 0 0 536871424 268435456 1540 0 0 0 16385 2 0 32768 0 86016000 134218948 2483028992 598284 3289382912 1075847440 68288816 4196352 537264140 2164260864 268456068 656385 302137344 66712 37789728 10 0 32768 6 4456448 0 0 1048576 8519680 268435456 4325408 2048 0 546308104 8389632 1024 1048576 0 196612 32768 100663296 32768 2048 16777216 0 2048 0 16 268435472 8192 0 73728 262144 134217728 8192 0 0 2101248 32768 34111520 8192 1082916864 0 256 553648384 1610612740 2162688 0 0 0 2 0 0 262144 268435456 135532544 64 335855616 16777224 0 2147483648 134217728 0 0 0 2 134219776 0 33554448 0 2560 4194304 16 0 0 4202496 131136 2097664 4202496 0 0 128
is_linear=0
shrinkage=0.05


Tree=132
num_leaves=31
num_cat=24
split_feature=36 33 37 36 31 36 37 36 30 32 37 32 36 37 36 36 37 37 36 29 37 37 37 36 36 36 36 42 36 36
split_gain=21.7874 19.3911 43.7469 31.652 26.0798 34.8864 33.5227 30.0906 25.3064 68.7936 48.1824 41.0329 40.0126 36.7763 34.4195 30.5257 29.9971 24.1922 22.3845 21.2389 44.6714 38.8598 42.2919 52.5074 42.0046 37.4625 26.8528 26.7734 46.0542 32.017
threshold=0 85.405002593994155 1 2 3.6153000593185429 3 4 5 1.0000000180025095e-35 24.884999275207523 6 26.714999198913578 7 8 9 10 11 12 13 1.0000000180025095e-35 14 15 16 17 18 19 20 21 22 23
decision_type=9 2 9 9 2 9 9 9 2 2 9 2 9 9 9 9 9 9 9 2 9 9 9 9 9 9 9 9 9 9
left_child=-1 4 -3 -4 19 -6 -7 -8 14 13 -11 12 -12 -10 -9 -15 -14 -16 -19 20 -2 25 23 -23 -25 -21 -24 28 -22 -29
right_child=1 2 3 -5 5 6 7 8 9 10 11 -13 16 15 17 -17 -18 18 -20 21 27 22 26 24 -26 -27 -28 29 -30 -31
leaf_value=-0.0022211308998975931 -0.0053475869061150932 -0.0056540757301236869 -0.0022818199476311351 0.00547227089967477 0.0052317361591881304 -0.0073582603504279039 -0.0072700994465496301 0.0046831997986037854 0.006196324738251738 -0.0088475873570407065 0.019635257635698036 -0.00095009829071200376 0.015365651749745758 0.0023095222813256377 0.002762989167869526 -0.007667628898277718 0.0025423411536472252 -0.0066682578895699736 -0.0021980300729592785 -0.0044923954635214206 0.010740700381398072 0.022470307175919579 -0.0062759004286817221 -0.0076052964416656434 0.0034507710965834453 0.011526944094006598 0.00011594152281749759 -0.0041850958560351566 0.00052312835202528163 -0.00033595764995401624
leaf_weight=13312 5310 2373 2431 9369 2788 2959 2958 1947 1820 1600 2687 5866 2101 1679 2368 7746 7682 4181 29957 1126 3679 1501 2483 1172 15628 3940 198306 7266 62537 296526
leaf_count=13312 5310 2373 2431 9369 2788 2959 2958 1947 1820 1600 2687 5866 2101 1679 2368 7746 7682 4181 29957 1126 3679 1501 2483 1172 15628 3940 198306 7266 62537 296526
internal_value=-0.000158904 -0.00012034 0.00171 0.00295487 -0.000158617 -0.00101656 -0.00121936 -0.00100616 -0.000795822 0.000262571 0.00202638 0.00275249 0.00437615 -0.00286435 -0.00165425 -0.00411854 0.00288059 -0.00199975 -0.00233901 -4.6499e-05 -0.000276498 0.000338602 0.00023836 0.00253864 0.00173398 0.00466319 2.85732e-05 -0.00021107 0.000699866 -0.00040964
internal_weight=705298 691986 14173 11800 677813 78339 75551 72592 69634 31181 19936 18336 12470 11245 38453 9425 9783 36506 34138 599474 375318 224156 219090 18301 16800 5066 200789 370008 66216 303792
internal_count=705298 691986 14173 11800 677813 78339 75551 72592 69634 31181 19936 18336 12470 11245 38453 9425 9783 36506 34138 599474 375318 224156 219090 18301 16800 5066 200789 370008 66216 303792
cat_boundaries=0 28 56 82 110 137 161 187 213 241 269 286 314 342 367 394 420 446 473 501 530 558 566 593 621
cat_threshold=16384 512 128 8 0 67109376 0 0 2147483648 0 0 268435457 1073741824 134217728 0 4096 134217728 0 65536 2147516417 0 262144 1052676 589824 268435456 1064960 66432 33619968 67108944 0 0 4456704 393218 1073741824 34603008 2147483648 1073741832 4096 1073741824 537001985 0 33816576 33554432 0 0 0 8388608 0 67111936 4194304 4096 0 0 0 12 1 167772160 0 65792 16777216 0 0 0 0 0 0 0 0 4096 0 16777728 469762048 33554434 0 266496 536871936 134217760 6365184 67108864 33558528 512 198688 1048576 0 2147483648 16777216 0 134348800 1115684868 0 64 12288 134217744 4096 8 0 75497729 0 96 0 66 0 2 1056832 67108864 0 4194304 2048 0 134217728 1 2149580864 0 4096 4096 0 1048576 4 8 256 0 134217728 0 18496 67108864 0 553648128 8388608 1073741824 6144 65536 65536 2 805306372 32768 4194304 65544 1610612736 0 0 0 1073741824 4 0 800 0 32768 67125312 0 16809984 4227076 0 1354760208 2048 2097280 2147483649 66564 0 8 536870912 4194304 10485824 0 108 11534336 65664 2147483648 268435456 536870912 0 0 0 0 0 33554696 128 66 0 1024 1048576 134217732 16 2048 0 0 131 1028 33554432 9216 4 0 16640 0 0 0 0 4194304 0 0 8912896 0 0 256 0 0 262144 2621440 4231168 358679808 18 16777216 3072 196608 67108864 0 65536 142868480 0 2149580800 264 16 1073743874 0 0 537001984 262148 0 33554432 2048 0 32768 0 67108864 32784 16384 8 134217728 192 16777216 8192 1 196608 0 8421376 0 0 536870912 134217728 402653184 529408 276824064 1073741824 16384 513 2080 1077936128 536936448 4 16384 0 4096 134217856 0 2147483648 4096 0 0 0 536872960 64 16 75569168 1 2060 0 0 2097160 1073742848 0 18874400 25165824 33554432 256 1744846848 139265 536870913 786432 67117056 8192 4194440 2 0 8388612 0 65536 0 0 0 4100 262144 0 1048576 4719104 0 16785432 0 0 134742016 0 136314896 8388608 0 8192 1 67108866 0 0 41943048 0 16384 67108932 2684422145 0 0 2048 0 0 1032 0 16384 0 32768 2097152 0 2048 4194304 2101248 16 0 538214400 2048 1 33554464 272629808 6 134250496 258 1073741824 8192 2052 0 33554432 0 0 33554432 256 0 3 1 0 0 1074266112 688128 3489660928 16 0 1048576 0 64 1048576 2 5152 536870928 0 9437184 0 0 524288 32768 0 540672 4096 1073741840 17039360 0 32 38289408 0 67108864 0 4195336 0 16777220 268435456 0 32 65536 0 32 2097168 570425344 0 65536 136314880 0 0 262152 3254780160 0 0 553648128 528416 0 403177472 160 4 33554440 0 33554496 2147483648 32 0 0 69206016 536936464 0 1074790400 75497472 512 1073741888 0 0 4 17408 71303426 0 8192 0 1081344 67108864 0 201326592 0 274726916 0 4194308 4194368 33554432 0 32 1073872960 8396800 1077936448 134217728 131072 34078720 8388608 128 0 3221225472 1056768 0 0 134234112 0 0 0 8 512 4194304 8192 32 16777216 0 2214592512 536870912 4194944 0 16384 32776 524288 0 67108868 2147483680 0 256 8390656 2 16 2147516416 0 536870914 134348804 0 4096 8 0 0 4 0 8256 146 0 0 513 655384 8 4202496 4194304 2 4194336 0 0 0 0 16416 0 0 268443648 68157444 0 536872960 32768 0 536870912 0 0 64 262145 1 0 131072 8388608 32832 128 0 32768 169885704 2105344 402653200 0 2147483648 65536 0 9 17039360 16512 0 2048 0 537920512 1073741824 0 0 512 0 2 2147483648 21528580 2281963522 327680 1073873408 1275134216 83894338 2416969768 1 2048 2147483656 8585216 0 1074790400 16842753 32768 96 0 4 0 32 33554432 33024 2416445472 335872 0 133120 0 0 0 4096 1 0 0 0 2 4097 8 67108864 1073741824 0 1073741824 0 0 134221840 0 256 0 67174464 268435456 256 65536 0 8536320 4 256 32 1430257664 2 0 0 0 33554436 2
is_linear=0
shrinkage=0.05


Tree=133
num_leaves=31
num_cat=8
split_feature=19 28 4 32 41 41 22 31 33 41 41 0 41 26 7 31 41 3 32 18 32 41 33 28 32 22 33 33 5 41
split_gain=22.6407 22.8321 21.4086 19.1814 42.6334 34.3117 31.8889 49.6115 34.3133 32.4966 30.6164 24.3003 22.1271 19.0106 18.2696 15.0148 14.8249 14.5652 14.4794 14.0559 13.9708 13.4209 13.4383 13.2355 14.4641 12.767 12.2629 12.2421 12.1584 12.1104
threshold=0.97681722044944774 0.78349998593330394 0.21175676584243777 22.304999351501468 0 1 5.5000000000000009 3.0408500432968144 71.615001678466811 2 3 3.9917856454849248 4 10.624264717102053 0.82196864485740673 0.84845000505447399 5 2.2667375802993779 20.425000190734867 0.5736428201198579 21.115000724792484 6 35.190000534057624 0.5965000092983247 20.525000572204593 1.5000000000000002 83.024997711181655 71.725002288818374 0.53571751713752758 7
decision_type=2 2 2 2 9 9 2 2 2 9 9 2 9 2 2 2 9 2 2 2 2 9 2 2 2 2 2 2 2 9
left_child=2 16 -1 5 14 17 8 9 10 11 15 27 20 19 -5 28 -2 -4 -19 -3 -10 22 -6 24 -14 -24 -23 -8 -7 -21
right_child=1 13 3 4 21 6 7 -9 12 -11 -12 -13 23 -15 -16 -17 -18 18 -20 29 -22 26 25 -25 -26 -27 -28 -29 -30 -31
leaf_value=-0.0049246127031735785 0.0064296377465392967 -0.011067312751000494 0.0053201893409782321 -0.0014428623908230758 0.0068485636729720967 2.4216605179480655e-05 0.0023348784945375067 -0.0033428227980336622 -0.0023882705274552054 0.00051820326918461672 -8.4871181655703237e-05 0.078595207389402608 0.17170083432603109 0.13400214802797752 -0.016836396570643116 0.0018398392866361885 0.00034504894045020998 0.20707487711068287 0.055771196656849757 -0.00018608966719193266 9.0214802594412724e-06 0.00050039197796142027 0.00061558011186976238 0.00065326472969565457 0.0063195470451959061 -0.0006897505609029797 0.0032106655320120886 0.010504149199019595 0.0065050360117784034 -0.00095656489387617731
leaf_weight=2485 4117 664 3571 27784 1099 1384 1729 4040 29697 4170 21090 324 107 505 4730 14547 56879 215 733 100855 16776 74103 28209 21447 133 72747 8000 7016 6741 189711
leaf_count=2485 4117 664 3571 27784 1099 1384 1729 4040 29697 4170 21090 324 107 505 4730 14547 56879 215 733 100855 16776 74103 28209 21447 133 72747 8000 7016 6741 189711
internal_value=-0.000149729 -0.000433013 0.000133438 0.000166242 -0.000124381 0.000637147 0.000487087 0.00248626 0.000178471 0.0039662 0.00127105 0.0056429 -0.000523026 -0.000616953 -0.00179324 0.00254596 0.000446743 0.00491446 0.010432 -0.000633775 -0.00113829 0.00017036 -0.000212485 0.00079558 0.0124481 -0.000272393 0.000646205 0.0051495 0.00426871 -0.000617155
internal_weight=705608 352731 352877 350392 216672 133720 129201 17279 111922 13239 43762 9069 68160 291735 32514 22672 60996 4519 948 291230 46473 184158 102055 21687 240 100956 82103 8745 8125 290566
internal_count=705608 352731 352877 350392 216672 133720 129201 17279 111922 13239 43762 9069 68160 291735 32514 22672 60996 4519 948 291230 46473 184158 102055 21687 240 100956 82103 8745 8125 290566
cat_boundaries=0 3 6 9 12 15 18 21 24
cat_threshold=624514 1344389160 148482 67848 81952 16384 975306752 656673864 131753 805961924 86278144 163992 973606948 68585920 98365 32896 1049728 164104 806488169 662962370 8888 2221080608 1344770408 151856
is_linear=0
shrinkage=0.05


Tree=134
num_leaves=31
num_cat=28
split_feature=36 37 7 36 37 36 36 36 37 37 37 36 37 36 37 28 37 36 36 36 37 36 36 36 36 36 37 36 37 36
split_gain=25.1219 33.6843 21.3169 27.9347 25.0554 25.2005 21.8284 20.9505 22.5911 20.5835 20.235 18.9825 18.0164 17.659 22.9733 17.6579 44.1855 38.7167 29.0917 27.5972 25.8186 25.6995 24.4148 20.3427 18.3563 18.191 15.4576 15.577 15.2251 15.0408
threshold=0 1 0.52618226408958446 2 3 4 5 6 7 8 9 10 11 12 13 0.89978164434432995 14 15 16 17 18 19 20 21 22 23 24 25 26 27
decision_type=9 9 2 9 9 9 9 9 9 9 9 9 9 9 9 2 9 9 9 9 9 9 9 9 9 9 9 9 9 9
left_child=1 -1 7 -4 -5 -6 -7 8 -2 -8 -9 -12 -11 14 -13 17 21 -14 -19 -18 29 -17 -21 -22 -24 -25 -26 -28 -3 -20
right_child=2 28 3 4 5 6 9 10 -10 12 11 13 15 -15 -16 16 19 18 20 22 23 -23 24 25 26 -27 27 -29 -30 -31
leaf_value=0.0077327201426217965 0.0078718932669697549 -0.0021289636731476633 -0.0062729564933978804 -0.0058997492614581487 0.0047929268672804119 -0.0056616729651266604 0.0049468038977382479 -0.0027888399577332846 0.00096708460296255217 -0.0043421466320623181 -0.0019370016147068237 0.0065094743905304737 0.012727985368633888 -6.0981405790642988e-05 0.00072454751881708421 0.0035851263997351934 0.0059168989761769616 -0.0089298311378317174 -0.0029632210428808814 -0.0065755199576029155 -0.0070857026393846834 -0.0085432002914235996 0.0048473856258520716 0.006643775789915974 -0.0036808811372399663 -0.00054305636733131823 -0.0060910357446149659 -0.00072959043222527999 0.0010260150827790526 0.0089493101282730522
leaf_weight=6301 2761 4892 3569 2205 5853 5563 4287 6424 9490 4388 9401 2893 3093 412622 16843 1328 3202 2108 1124 3393 2412 8516 4823 3313 5375 55995 3492 77857 26589 4814
leaf_count=6301 2761 4892 3569 2205 5853 5563 4287 6424 9490 4388 9401 2893 3093 412622 16843 1328 3202 2108 1124 3393 2412 8516 4823 3313 5375 55995 3492 77857 26589 4814
internal_value=-0.000146079 0.00110801 -0.000217116 -0.000638936 -0.00056171 -0.000503367 -0.000600416 -2.77455e-05 0.0020113 -0.000509679 -8.35297e-05 -4.29805e-05 -0.00058902 5.37735e-06 0.00146605 -0.000512079 -0.000917935 8.93837e-05 -0.000153704 -0.000597282 2.69695e-05 -0.00410959 -0.00075144 -0.000276198 -0.000596753 -9.2719e-05 -0.000763821 -0.000591968 0.000439397 0.0031728
internal_weight=704926 37782 667144 206710 203141 200936 195083 460434 12251 189520 448183 441759 185233 432358 19736 180845 107986 72859 69766 98142 67658 9844 94940 61720 91547 59308 86724 81349 31481 5938
internal_count=704926 37782 667144 206710 203141 200936 195083 460434 12251 189520 448183 441759 185233 432358 19736 180845 107986 72859 69766 98142 67658 9844 94940 61720 91547 59308 86724 81349 31481 5938
cat_boundaries=0 28 55 83 110 138 166 193 221 248 275 303 330 358 386 413 441 467 496 523 551 578 606 632 660 687 715 742 770
cat_threshold=512 2147491840 132160 131075 2097152 65536 135271456 32 0 8388736 0 0 0 16809984 0 0 537919488 4096 0 0 4224 16777216 0 0 4194304 536870944 2 4 262160 0 12352 2097152 536870912 0 134217728 0 1073752064 0 0 0 1207959560 33554432 524288 65 0 0 8396800 142606336 0 2048 32768 0 33587329 4195328 2052 0 0 536870912 1024 134217984 16 0 268435456 134217728 268435456 0 8388609 64 32 32 131072 4096 0 32 2684354560 33554432 0 536887296 32896 1310720 2147483656 209846272 1 0 32768 1048576 0 16777216 0 2147483648 33685504 8192 131072 524288 0 512 134217728 128 0 8 720896 6291968 128 0 0 33587328 536879108 33554432 536870912 640 1073766400 0 268435456 32768 0 40968 0 17 0 33554436 16777248 33554688 4 0 2147483649 302055460 0 0 0 134217728 0 2097152 0 0 1073741826 4096 17408 8192 4194304 262144 0 0 4194304 0 65537 1024 2147555328 1 268435456 0 16777216 64 294912 0 0 33554432 4718592 268436512 268435456 268435476 2148008192 64 0 0 2097152 33554432 1048576 0 4 2164260864 0 4194304 65536 0 512 272695296 0 0 8388608 262144 33587200 131584 10485760 0 1703936 2147483648 131136 536895488 2147483648 0 3145728 1073741824 67108864 0 67371104 0 786688 98560 3221225472 4 262144 0 256 2147483648 536870912 1208483840 0 34078720 0 524288 0 0 8388608 32 0 6144 0 32768 20 8 1 0 0 65536 1048576 134217856 64 33554496 16793632 0 671088640 16818176 1024 0 16 269484032 2048 402784288 268435968 2147483648 0 0 0 0 1073745920 0 98304 16777216 2151677952 2147483648 0 2 1024 134348800 8192 1048736 0 536870912 16777216 1026 1073750016 8716288 8 0 134217728 268435968 0 131072 0 0 512 4096 16777216 0 838860800 2147483648 513 524320 1048576 0 32800 0 256 256 0 2048 268435456 45312 0 0 4096 65664 256 16 1073741824 0 256 0 589824 1073741826 8388612 1024 1048640 536870912 0 1073774856 33554432 1280 0 131072 264320 4194848 32 0 393216 134217728 0 46145536 0 262144 0 0 1572864 263168 0 4096 2097152 0 8 1 33554432 0 8388608 128 131072 0 139264 0 2065 131073 8388865 0 64 8192 67174400 0 33554432 536870912 0 1048576 2147745792 1073741824 18433 4 256 0 266240 536870912 69730304 0 1152 4456448 0 0 16793601 0 1090535424 397312 0 33554432 0 0 33554432 0 8912896 524320 1048576 1115684864 0 1 0 0 32896 4 512 1 16 1073741888 67109024 2151677952 536870928 2097152 1056768 2148532224 65538 0 0 0 0 8192 1040 0 16785408 32768 1048576 0 1073741824 0 2105344 0 268435456 0 805838848 0 35651840 0 2147549184 4112 268435456 4 2148008192 64 0 1610678272 0 32768 8391680 16384 0 16384 262208 1 16 0 134217792 0 2147483648 0 0 16 1052672 536870912 2048 4096 256 2048 64 2684387328 0 67108876 1048576 8 4096 512 0 1152 2048 134217728 128 16 512 1048576 32768 1073741824 1048576 268435472 69238784 2 2 65552 512 0 0 0 0 67404040 64 64 1049602 536870912 67112960 0 2097153 16 2147483648 16780304 0 0 0 1073741824 0 2147483648 0 2147483648 65792 1 4196352 512 96 2625536 65552 0 24576 1140850688 0 0 0 0 4104 0 2 0 553649152 32 17825808 0 1073741824 65536 8192 402653184 0 20971520 268435456 8392708 0 8193 64 67108864 0 0 33554432 268435456 0 67108864 0 1048832 268441600 137364480 5242880 268451840 0 67108864 257 0 0 0 32 16384 4 0 2097184 32 8 0 8392704 0 2099200 67108864 0 8389152 134217728 65536 33280 1149239298 0 8192 512 2050 147456 4 0 1024 262144 32768 32 134234112 0 65536 8388608 4194336 0 0 16512 0 8389120 33562624 0 8192 2 0 0 128 1342177280 0 1344274432 16 17832970 0 131072 0 2080 1 0 0 64 65536 2214592513 12582912 4096 268959776 128 1 2151694336 0 2 16777216 128 0 134217744 2151677952 640 128 8192 0 268435456 0 134217728 0 0 131328 524304 65536 0 8 2052 1107316736 67108864 8388608 0 4096 4194816 134217728 16 2684354624 2 0 0 1032 65540 131072 0 16777216 4195328 0 138444800 0 0 4 0 134479872 4096 536871456 0 17321984 131072 0 0 4 0 0 33554434 16 2156134400 2147483904 2 0 1024 0 0 201330688 0 1 134217728 268435456 129 0 2048 805306368 18874368 201326592 0 0 0 0 640 0 0 536870912 17301504 2147483648 1024 8388608 76021760 263168 69206020 131072 65536 32800 4194304 0 0 0 1073741824 5 2050 131072 536870912 98304 37753088 0 0 4194304 536870912 536887296 0 2147483648 4194304 524320 1024 67108864 1073741968 131072 33588224 0 4194304 1024 0 0 2097152 0 1073741828 32776 0 0 0 1073741824 32771 2883712 2097152 33554944 262144 134221824 67117440 64 33556480 20 65536 4096 33554432 8192 0 131076 0 8 268435456 0 0 0 0 8
is_linear=0
shrinkage=0.05


Tree=135
num_leaves=31
num_cat=27
split_feature=36 8 36 37 36 37 36 37 36 28 36 36 36 37 36 37 36 36 37 37 36 36 36 36 36 37 36 37 6 36
split_gain=24.1179 23.5624 32.6605 30.7031 25.6922 24.1976 22.2564 23.5759 30.7804 25.3592 36.4034 34.0908 31.7083 26.3851 24.9887 22.075 22.0252 21.6696 24.8874 20.5442 24.931 18.6125 18.5621 18.3102 18.0778 19.2561 16.9537 18.6947 17.0076 16.8916
threshold=0 0.63503199815750133 1 2 3 4 5 6 7 0.89750000834465038 8 9 10 11 12 13 14 15 16 17 18 19 20 21 22 23 24 25 0.34534791111946112 26
decision_type=9 2 9 9 9 9 9 9 9 2 9 9 9 9 9 9 9 9 9 9 9 9 9 9 9 9 9 9 2 9
left_child=15 17 -3 -4 -5 -6 -7 8 -8 10 -9 -11 -13 29 -12 -1 -15 18 -2 23 -21 -18 -10 -16 -19 -26 27 -27 -28 -14
right_child=1 2 3 4 5 6 7 9 22 11 14 12 13 16 19 -17 21 24 -20 20 -22 -23 -24 -25 25 26 28 -29 -30 -31
leaf_value=0.007068761520340203 0.0078638430518785229 -0.0084148799923288581 -0.006594217840384298 0.0067095374597679891 0.0068572257566399432 -0.0061415529952571386 -0.0093568965213718432 0.013354136078701104 0.013348824882998446 0.0052108546793313837 -0.0094244953764172305 -0.0086457431303109764 0.00026006994227603664 -0.0068120436880280584 0.016333271412261596 0.00068283236900725246 0.0040215101105269381 -0.0021216769962767723 0.00093906674316044389 0.0068769472923839786 -0.0016414113844401279 -0.0019270428094384452 0.0019255361144036337 0.0018288232755063222 0.0034390748380881105 0.0010624093375764339 -0.0035405387512624955 -0.0027501587860782662 5.3578861230585424e-06 -0.0089285817207946355
leaf_weight=5563 2794 3431 2849 5011 3170 4077 1864 2772 3125 3004 1869 2527 1271 3715 1661 28838 4737 10149 11797 4051 44683 64965 14456 6044 7656 3393 4958 10329 436611 3982
leaf_count=5563 2794 3431 2849 5011 3170 4077 1864 2772 3125 3004 1869 2527 1271 3715 1661 28838 4737 10149 11797 4051 44683 64965 14456 6044 7656 3393 4958 10329 436611 3982
internal_value=-0.000142057 -0.000208264 -0.000691621 -0.0005992 -0.000516116 -0.000619026 -0.000700401 -0.000609912 0.00102475 -0.000828762 -5.3208e-05 -0.00139145 -0.00158497 -0.00140726 -0.000319793 0.00114895 -0.00116185 -2.66308e-05 0.00187046 -0.000130868 -0.000510309 -0.000961442 0.00167335 0.00226639 -8.51816e-05 -3.93934e-05 -8.12373e-05 -0.00181133 -2.74299e-05 -0.0048276
internal_weight=705352 670951 183264 179833 176984 171973 168803 164726 19445 145281 61080 84201 81197 78670 58308 34401 73417 487687 14591 56439 48734 69702 17581 7705 473096 462947 455291 13722 441569 5253
internal_count=705352 670951 183264 179833 176984 171973 168803 164726 19445 145281 61080 84201 81197 78670 58308 34401 73417 487687 14591 56439 48734 69702 17581 7705 473096 462947 455291 13722 441569 5253
cat_boundaries=0 28 55 82 109 136 164 191 219 246 275 303 330 358 385 412 440 468 495 523 551 579 602 630 657 684 711 739
cat_threshold=10 2147501056 198720 2 131072 4259840 1056 67108880 0 0 1 0 5 0 33280 0 8388608 4096 67108864 0 4224 0 0 0 4194304 67616 0 536870912 536870912 32 8192 131072 0 0 2147745792 128 2147483648 262176 0 9 2 1056768 0 131088 0 0 128 805306400 2048 0 16416 536875136 1048832 0 1082130436 545259520 2147483648 268435456 134217856 1024 0 2147483904 1572992 4202512 2147483648 524288 0 512 512 129 67108864 32 512 4194304 0 0 1024 0 536870916 33554432 1090519040 536870912 1073741824 2 0 0 8388608 0 4096 1 524288 65664 128 2181040128 65536 768 0 302055428 536871936 16448 134217728 2 134217792 1 1048576 2147485696 0 0 32768 4 266240 65536 4 0 131136 536870976 0 0 1073750144 8388608 1056 0 0 72351752 134217728 268435456 536936464 2147549184 0 0 65536 33554432 1073741824 0 0 524800 0 0 0 2088 16384 6 0 0 32 1077936130 0 16818176 536870912 0 266240 67108864 0 2097152 2081 67125248 0 1610612736 0 1048576 2162688 3162112 0 65536 0 0 8 0 8388610 0 32776 20 65536 67113028 10240 134217744 0 1 0 896 1 32 2097156 0 0 16384 2097152 0 3 65536 16785412 4194432 131072 0 256 4194304 64 67108866 2147492864 0 512 0 0 3162112 16 147456 16777216 0 67108865 536871424 1 0 0 32768 32768 0 0 262145 2080 0 134217728 0 16384 1052672 268435464 4 8917312 132608 524288 0 0 2129920 0 16384 1032 6 1 0 8388608 32768 64 1024 32768 8192 1073741824 1024 131072 1048576 4096 512 0 4096 16384 0 71303168 0 1073741824 67109888 2304 2151677952 2415919104 2097152 134217728 0 16777224 134217728 0 33792 1073741824 0 268435456 0 2147483680 131328 1 0 33554432 16384 8392704 0 2097664 35659776 4096 8388608 536870912 65600 1048576 67108864 0 0 8388608 32 131088 65536 8388608 0 0 268437760 0 16777216 0 262144 35127297 0 1073741824 0 34078736 536870912 0 1048576 131073 1048576 0 16777216 0 33816576 0 268435456 65536 16778240 8 1048584 135270400 0 0 134217738 268435456 268435600 536870916 268435456 384 67108864 8392704 134217728 33556480 0 32768 268435456 201328644 0 0 131072 0 2147483648 2147483776 8404992 5242880 0 262152 0 1048576 32768 1073741824 0 268435472 536870912 0 2097152 2097152 67108864 9728 8 0 0 68 0 2080 538976264 8388608 264192 4096 41943040 0 8454144 0 0 8192 75497472 4194304 131072 0 0 8388800 16777216 4 0 0 0 1073807360 2097152 83886080 131072 1082687488 2 67108865 256 524288 4194320 0 536871936 150995200 0 67108868 131076 2164260864 49152 8 0 0 0 0 65536 545259520 32 0 0 0 0 2 2181337092 2048 4194336 0 40960 4194368 8192 0 67108864 0 0 16777728 2147483648 0 541081616 49152 6 0 536870912 0 134217728 67897344 32 0 68222976 0 0 8192 0 16777216 537133068 4096 536870912 8 64 256 1048576 0 1024 0 128 1024 18432 0 2097152 16 68 65536 1 71305216 64 67108896 69206016 536936448 0 0 67108864 2 16 2147483648 0 2147745792 16640 0 0 553649152 0 26214416 524416 0 4194304 8200 0 0 0 268435456 786432 256 67108864 4096 0 27262976 33619968 131072 0 67108864 65600 536875040 16 2176 0 8192 33570816 67371008 2097152 272 0 0 268435456 0 0 37748736 0 4096 2147491840 268435456 1025 4194304 0 536871040 268435456 16896 1075839041 1088 67108864 0 262144 0 0 0 1572870 1048576 268439552 655360 0 0 0 0 524288 4194304 0 8224 0 545259520 0 64 2147483776 16777344 5242880 32 0 0 536870976 128 0 33816576 2098176 1082130496 0 12582928 0 139264 0 64 513 0 0 4096 0 3145728 16 33554432 1056 2151677952 67108992 129 12582912 0 268435584 16777216 276824064 0 72351744 32768 8388608 1048576 0 134219776 536871428 131072 0 0 16 8208 4194305 524288 2147483648 0 0 0 66048 65536 0 0 301989888 168224 0 0 524288 132 16400 268435456 1073741824 0 268730624 0 2148007936 0 0 576 262144 0 0 20 80 553648160 0 0 1049092 16448 1073741824 1572864 0 537919488 2281701376 1 67108864 537004032 268435456 541065232 1048576 0 524288 0 0 0 4 1 2147614720 1048576 0 0 0 134217728 2048 1024 0 0 0 2147483649 268500992 2097152 2415919104 134221840 65536 128 537133064 553681152 0 1024 4 0 268435456 33554436 134217856 4 0 1048576 604524544 0 0 8388612 65536 32 2149580804 0 134217728 134479872 2048 33554432 0 512 0 0 1149239296 0 4325376 0 0 0 536936464 2072 128 65536 0 6291457 65536 16777216 1074790400 0 3 40960 201327616 0 0 0 1 134217728 0 8389632 131072 0 0 134217728 1040 16 134217728 4 0 2147487752
is_linear=0
shrinkage=0.05


Tree=136
num_leaves=31
num_cat=22
split_feature=8 37 37 37 32 37 37 42 37 38 37 32 37 41 37 33 37 33 37 37 31 42 31 37 37 37 37 29 37 37
split_gain=19.1541 30.3315 27.2219 21.7011 19.9028 67.8824 47.8536 42.3655 36.6254 30.0167 28.9125 28.2303 27.5937 24.057 23.9156 23.1592 20.2004 19.5226 18.364 17.6513 15.291 17.0287 15.5522 58.23 33.208 30.9713 16.6519 15.1749 41.267 32.0176
threshold=0.36309744417667394 0 1 2 23.425000190734867 3 4 5 6 7 8 24.505000114440922 9 10 11 69.665000915527358 12 75.805000305175795 13 14 4.0031001567840585 15 2.4211499691009526 16 17 18 19 1.0000000180025095e-35 20 21
decision_type=2 9 9 9 2 9 9 9 9 9 9 2 9 9 9 2 9 2 9 9 2 9 2 9 9 9 9 2 9 9
left_child=2 -2 -1 -4 6 9 -3 -7 -8 11 -9 -6 -12 -13 17 -15 -16 -10 -18 -5 22 -22 25 -24 -25 -20 -26 29 -29 -27
right_child=1 4 3 19 5 7 8 10 14 -11 12 13 -14 15 16 -17 18 -19 20 -21 21 -23 23 24 26 27 -28 28 -30 -31
leaf_value=0.0042434644888440674 -0.0043571183723147668 -0.0047981510439775443 -0.0023467970259658439 -0.0012640694660868979 0.0060739771071795902 -0.0056484731800126586 0.0059048171974146781 -0.0047912893434973076 0.0037830276624077177 -0.00095728631215545872 -0.0039878041605622824 -0.00037291058407051272 -0.00040747797312559177 0.0081528732236775259 -0.0031549058233762612 0.049912848941489549 -0.0020148603047680626 -0.0024648857511465117 0.0025878488505700851 0.00029146248219132645 0.0042660219453311667 -0.0062481304419004366 0.010626770435179501 -0.0048116284068814748 -0.0012065879674538317 -0.0047168403709684009 0.0021102957664563453 0.0057399684030637697 -0.00053223818582321389 -0.00057574053080528269
leaf_weight=4138 5304 6553 6503 16175 3899 15881 16266 6581 22874 2929 14168 430 135857 477 10186 1096 19333 4887 19112 222931 1103 4438 5466 6365 8089 8488 19606 8982 42775 64966
leaf_count=4138 5304 6553 6503 16175 3899 15881 16266 6581 22874 2929 14168 430 135857 477 10186 1096 19333 4887 19112 222931 1103 4438 5466 6365 8089 8488 19606 8982 42775 64966
internal_value=-0.000144328 -0.000337061 0.000207659 0.000139799 -0.000292773 -0.000697803 -2.02698e-05 -0.00091675 8.49981e-05 0.00357527 -0.000667073 0.00562743 -0.000524624 0.0104603 -6.6584e-05 0.0132813 -0.000241926 0.00131562 -0.000135759 0.000217362 1.41235e-05 -0.00257353 9.21267e-05 0.000970855 0.000201051 -0.000148537 0.000949704 -0.000434728 0.00022098 -0.000896808
internal_weight=705858 456111 249747 245609 450807 181318 269489 172487 262936 8831 156606 5902 150025 2003 246670 1573 218909 27761 208723 239106 189390 5541 183849 39526 34060 144323 27695 125211 51757 73454
internal_count=705858 456111 249747 245609 450807 181318 269489 172487 262936 8831 156606 5902 150025 2003 246670 1573 218909 27761 208723 239106 189390 5541 183849 39526 34060 144323 27695 125211 51757 73454
cat_boundaries=0 27 53 80 107 134 142 166 167 194 219 222 248 275 302 329 337 363 390 417 444 470 496
cat_threshold=672137249 6291456 262144 128 1024 0 268435456 1048576 4194368 2147483648 131072 0 0 1048576 140509184 0 0 268435456 1077936648 1 0 0 4 12 0 1107296256 268435456 32 0 0 4194304 553648144 0 0 0 48 80 8388608 1 8388608 134217728 8396928 268435456 8912896 524320 541081600 1 0 0 4 16908296 16777472 33554432 268435472 1073741888 67108865 16842752 262144 0 8396800 0 0 0 0 268436512 0 8912896 0 16512 150995457 536870912 65552 0 2048 0 2105344 4194304 2048 262144 268435456 2 268435456 0 4 0 131136 67108928 0 2099200 8388608 0 17440 0 8192 0 2051 256 1073807360 32784 0 0 65568 18874368 131072 268437504 1048576 16777216 4098 0 0 33554432 0 131136 67108864 545392640 2147483648 32768 786432 65552 0 0 256 0 0 524288 32768 128 0 67108900 50331648 2228224 536872960 1048576 536870912 604242688 2348877152 2147746820 2097152 139477252 536871426 33559072 8 2147483664 4096 0 2 0 2147483648 131074 134217764 2048 404815872 4194304 0 536870912 0 528384 262160 419430400 0 539033600 2099200 65536 2048 0 1073741824 118865 196608 0 32776 1056770 134217860 2147483656 256 786560 1049088 0 8388608 268468224 8388608 8388608 0 0 16777216 36864 2147483648 0 0 0 32768 0 16777216 80 2097152 67108864 0 0 2625536 0 2097152 2149711872 0 0 134217728 0 134217728 512 33555968 335552529 65536 0 2097168 1048576 131072 98304 2051 2048 1048576 256 537002112 0 32800 268435456 0 0 2097152 134217728 402653184 134217728 0 0 12612 0 33555488 135266304 41943056 1 192 536870912 48 4 0 0 0 128 4194304 1 536871952 0 536903680 256 0 131072 0 2097153 524288 2097168 0 1048576 16386 532480 256 1082130432 2560 0 65536 2050 33554432 1152 0 0 0 301989968 0 16777728 131072 0 0 0 256 0 4464644 33554432 12 1073741824 8388608 262144 33554464 0 0 269484034 8200 131072 16 71303168 0 1 0 268436480 2 0 101187600 2147483648 67108864 524288 536870920 0 16 138412032 37 0 0 4194304 526336 0 33624064 1048576 2048 4202496 1082130432 32768 4096 0 4259840 4096 1073741824 0 0 10368 128 268977154 67305600 65536 0 1073741824 131073 64 8650752 512 67174528 0 12615696 0 50331648 0 2 71303184 0 165888 0 1 0 65536 0 2101248 0 524288 32 524288 8192 0 0 2166358020 64 3221225472 0 75497472 4096 0 2148532224 128 32 0 33554432 4194304 3221225480 0 16 1073758208 0 8421888 0 4096 67141632 1026 0 0 0 4194368 32908 128 3221225472 17825856 75505680 4096 0 1048576 16912 0 0 32768 0 8 134217728 67108864 1073741824 0 8388616 4096 0 0 4194304 2 0 0 4194336 10380 0 0 1052736 2147483920 65536 2097152 0 67108880 0 262144 16777218 0 8388608 1096 2 0 0 33554444 1048576 0 0 138559488 8 536870928 0 65536 10240 0 96 67108864 2147500032 536870912 2097152 1073790976 67174528 2 0 0 671088640 2147483648 9216 16 0 0 4096 1048576 134217728 16 134234112 8200 536870912 0 4 16384 64 67108864 16384 32800 16 33587200 16777216 2 100663312 0 0 0 1073750016 1048592 536870912 0 4096 9437184 1074266112 16 0 12296 536870912 0 2164260868
is_linear=0
shrinkage=0.05


Tree=137
num_leaves=31
num_cat=26
split_feature=8 37 36 36 36 37 36 37 36 36 28 36 37 36 23 37 36 37 37 37 37 36 36 36 36 36 37 37 37 22
split_gain=22.5934 37.1415 33.5283 30.0804 27.0176 25.1112 21.0249 20.9295 22.2198 19.0385 19.0352 31.2693 26.6776 19.2962 17.7864 17.7698 17.2546 31.8697 16.0375 15.9335 15.8639 30.844 22.862 18.3052 16.6078 15.7783 24.1761 15.371 15.2127 14.4079
threshold=0.66119274497032177 0 1 2 3 4 5 6 7 8 0.63750001788139354 9 10 11 19.21418380737305 12 13 14 15 16 17 18 19 20 21 22 23 24 25 1.5000000000000002
decision_type=2 9 9 9 9 9 9 9 9 9 2 9 9 9 2 9 9 9 9 9 9 9 9 9 9 9 9 9 9 2
left_child=4 -2 -3 14 5 -1 -6 -5 -9 -10 11 -11 -12 -14 -4 -13 17 -8 -19 -18 21 -15 -22 -24 -23 26 -21 -28 -27 -30
right_child=1 2 3 7 6 -7 16 8 9 10 12 15 13 20 -16 -17 19 18 -20 25 22 24 23 -25 -26 28 27 -29 29 -31
leaf_value=0.0079760244914394516 -0.0064744040061414021 -0.0084887129686333218 0.0054406601412822393 0.0058879565555356372 -0.0023772719153245473 0.0010336311514887897 0.0084674830644363951 -0.0059042690485945713 0.0052280013830238413 -0.011039005683465553 -0.00609980457901238 0.049470466928072124 -0.0058969493135455631 0.015615527322718249 0.17067510119359819 0.0056926807439978688 -0.0026018533325962152 -0.0028245957384270938 0.0013301582646629839 0.0069475854506178339 -0.0053593607910226273 -0.0082872552736342753 0.0046903397452368184 -0.0012312719296680126 0.0014474982307323137 0.002637049872319486 -0.0018003919492528082 0.0014172810123107339 0.00027766027037256504 -0.00033453319951158301
leaf_weight=3500 3967 3432 3817 2995 10039 11711 3466 4520 6738 1388 5205 747 4374 2818 283 6500 5266 3783 16581 3636 4713 1817 6140 108559 13335 7942 4840 16097 124734 312611
leaf_count=3500 3967 3432 3817 2995 10039 11711 3466 4520 6738 1388 5205 747 4374 2818 283 6500 5266 3783 16581 3636 4713 1817 6140 108559 13335 7942 4840 16097 124734 312611
internal_value=-0.000142335 -0.000623384 -0.000516159 -0.000419421 2.4084e-05 0.00209976 -3.79907e-05 -0.00052168 -0.000596141 -0.000499707 -0.00061244 0.00166889 -0.000746537 -0.00061721 0.00380686 0.00298464 7.61573e-06 0.0013202 0.000564417 -5.82464e-05 -0.000512945 0.000871754 -0.000721385 -0.000580921 -2.30825e-05 -2.75608e-05 0.00120556 0.000550769 -9.56382e-05 -0.000135044
internal_weight=705554 181348 177381 173949 524206 15211 508995 169849 166854 162334 155596 8635 146961 141756 4100 7247 498956 23830 20364 475126 137382 17970 119412 114699 15152 469860 24573 20937 445287 437345
internal_count=705554 181348 177381 173949 524206 15211 508995 169849 166854 162334 155596 8635 146961 141756 4100 7247 498956 23830 20364 475126 137382 17970 119412 114699 15152 469860 24573 20937 445287 437345
cat_boundaries=0 27 52 80 107 134 163 187 215 241 269 296 325 352 380 407 434 461 488 514 541 569 597 624 650 677 704
cat_threshold=545259520 2147483648 268435456 0 1024 2097152 0 1572864 4194304 2147483648 17301504 0 0 134217728 129 1073741824 0 524288 4194304 128 1073741824 5120 0 536870916 33554448 1091567632 268437504 536870912 32 0 131104 0 2 0 128 8 33816611 0 40968 2 134217728 262144 67239936 0 0 161 268435456 133120 0 16416 536871040 1048576 0 2155937792 269484098 0 8404992 0 4096 0 524352 65664 32 35653632 0 0 4194816 302055424 524288 16384 0 0 0 1024 0 0 0 512 33587712 2147483904 536871424 1056 4 2097152 67108864 0 0 3254779904 2049 4988928 0 8192 513 0 33554432 0 8388608 0 66048 2147483648 131072 4203008 0 4 4195328 0 262144 0 2214593088 4096 71368704 0 0 4194308 67108864 1090519040 536936448 2147483648 134217728 8 134217728 1024 0 0 32 0 0 0 16384 8 16 32960 68 67108868 0 2147549187 2 134218240 32 32 0 16384 0 0 0 268435456 135168 0 0 0 136 16400 268435472 35072 0 64 4 2147484672 0 33554432 2147485184 262144 1 4 36864 1073807360 2147483656 256 16908352 16777216 32 1048576 0 10240 1024 0 1 72351752 134217984 536870912 65552 2147483652 0 0 0 2097152 1073745920 0 0 8320 2129920 4194304 0 134217728 1073741824 2048 0 0 21233664 0 0 536870912 8388608 0 2097152 67584 0 0 4 33024 1052672 65792 603979776 1216610305 268435456 2147487744 2 0 2147483648 3221487680 65536 4194304 1048577 1140850688 0 67649536 2147483648 65792 4194816 0 0 2053 0 2147483648 33554432 33554464 1 0 0 524288 4194304 0 1074003968 69640 0 6176 2147483648 524288 552 0 0 268435456 8388608 4194304 268435456 67108994 16777472 0 1024 536870912 0 1048576 640 8 2 0 0 16777216 1073741825 0 1073741888 32 16 0 0 2148532480 393344 16 32 1074823168 32768 2189426688 4 8388608 68157440 8192 8 8 0 0 0 0 0 2 536870916 570425344 65536 1073741824 16416 8394752 16 2048 0 32768 16 4202496 0 1536 16448 4 2147483648 32768 0 0 0 2147483648 0 536870912 0 32800 512 2147500032 4098 33554434 2 0 64 160 0 0 2147483648 0 0 0 0 0 0 0 1088 0 0 0 0 0 0 0 0 0 0 0 0 33554432 2 0 67108864 131076 0 0 1179712 0 0 1073872928 1 180224 0 270336 0 67248128 285213184 134221824 16777216 0 67108864 2180 0 2048 2097152 0 0 67108864 526336 67371008 67117184 5242880 135296 2147483648 8192 0 2 4194576 0 536870912 1207959560 256 0 2 0 0 0 128 32768 0 0 0 32768 553648192 4 32 32 65536 65536 0 0 10485764 67108864 0 2105344 0 272647168 0 0 73400336 0 0 512 8388610 139460608 0 134218753 0 536879104 0 2147549184 268435456 2147483648 536903744 16384 0 0 0 12288 0 553648128 2162688 2048 524288 32 8454144 0 256 553648129 537001984 32768 0 46139392 0 0 135168 0 33816576 268435456 2048 262144 528 262144 8388610 0 536870976 2147483652 1073741824 2101248 0 134217760 263168 0 524544 128 1 32768 65536 2097160 0 131072 0 0 0 0 17334276 2 4202512 8388608 134217728 1050752 16777216 512 0 4194304 68157440 0 0 32 0 0 0 570425344 4200464 1024 8192 1 1074856000 0 16777232 0 69632 16777792 536870912 8388608 65536 16777217 67109376 2147484160 4096 256 0 0 1 0 0 33554432 16400 0 4195348 4096 16 32768 1342242816 1 16 16 0 4 1048576 295936 65536 16384 135168 134217856 2048 16795672 512 0 8 67108864 0 16384 16384 1028 134217728 268599296 536870912 0 0 134217984 0 0 1 0 0 262144 524416 0 2048 0 0 64 83886080 0 544 16 0 4 3145736 0 147456 64 0 67108865 536871424 33 536870912 0 0 0 1073743872 0 269615104 264224 0 8192 2048 4194321 4096 0 2147483648 294912 0 1 0 0 4194304 67108888 8388612 0 34603008 1 2 0 262464 536870912 132096 32 1048592 536870912 16 131072 67108864 1118720 38011152 0 1073741824 134250496 0 0 134217728 0 0 524288 65 33554433 1048768 0 1024 1048576 9437184 32 0 2048 0 128 536871936 0 512 67141760 1576968 134217730 0 1364197892 0 2 64 0 268435456 4096 0 8388608 65536 0 33554432 0 136314880 16 1 0 0 570425408 0 16 32 0 68 134217744 553648128 0 64 4 16384 536870976 1073741825 16384 537919488 10240 536870913 16384 8389632 34078720 1073741824 0 128 524288 0 8 0 4 536870912
is_linear=0
shrinkage=0.05


Tree=138
num_leaves=31
num_cat=25
split_feature=33 36 42 36 22 36 36 36 32 42 41 36 36 36 36 36 36 36 36 22 36 36 36 42 36 36 36 42 36 32
split_gain=19.1298 34.7409 29.2079 27.8542 18.3129 41.745 33.8218 31.1535 30.4011 76.8685 39.2373 50.0603 39.3191 38.6737 38.1088 30.509 27.0659 25.0266 24.2498 23.1887 47.728 42.1234 38.3687 33.5163 39.9343 33.7967 30.158 29.7094 39.083 28.1538
threshold=85.405002593994155 0 1 2 1.5000000000000002 3 4 5 20.494999885559086 6 7 8 9 10 11 12 13 14 15 3.5000000000000004 16 17 18 19 20 21 22 23 24 20.435000419616703
decision_type=2 9 9 9 2 9 9 9 2 9 9 9 9 9 9 9 9 9 9 2 9 9 9 9 9 9 9 9 9 2
left_child=3 -2 -3 -1 5 -5 -7 -8 9 -9 11 -10 -12 -11 -13 -14 -15 -16 -6 20 -20 -21 -22 24 -23 -25 -26 28 -24 -27
right_child=1 2 -4 4 18 6 7 8 10 13 12 14 15 16 17 -17 -18 -19 19 21 22 23 27 25 26 29 -28 -29 -30 -31
leaf_value=-0.0031188532917491908 0.0067764917109034324 0.0032959071944039468 -0.0028935612215820086 -0.004501804538083915 0.0023562292246069429 0.0049869925735963666 -0.0031385138484075121 0.0059459248763078041 0.0071311895062610908 0.0050869265869470867 0.0070146025585295221 -0.0075935203958761056 -0.0033116567389059218 -0.0093842877374281271 0.0042352171758803462 0.0011159250944477075 -0.0034298476638089091 -0.0013294148857908141 0.0033426740356936463 -0.0042431390841049512 -0.005960518022215703 0.0109974248526244 0.004742823025625645 0.0049355006499389818 -0.0064475591514794543 0.0029040343588682921 0.0028345943525905693 -0.00065274240060101969 -0.0049148788191811371 -0.00045450440948193176
leaf_weight=11481 4097 5388 5351 4457 12133 6515 6110 4060 1912 1250 5460 1506 3964 1269 2069 112506 14408 28929 7679 7580 3624 1979 1330 5903 1721 15208 24207 162054 14372 227130
leaf_count=11481 4097 5388 5351 4457 12133 6515 6110 4060 1912 1250 5460 1506 3964 1269 2069 112506 14408 28929 7679 7580 3624 1979 1330 5903 1721 15208 24207 162054 14372 227130
internal_value=-0.000115 0.00166139 0.000163953 -0.000153152 -0.000111854 0.000298136 0.000410462 0.000284608 0.000405638 -0.00138115 0.000645519 -0.000845267 0.00106629 -0.00286265 -0.00130863 0.000871601 -0.00353853 -0.000929569 -0.000276231 -0.000332885 -0.000761861 -4.70519e-05 -0.000925349 5.39544e-05 0.00169649 -0.000130764 0.00117198 -0.0008213 -0.00289728 -0.000221891
internal_weight=705652 14836 10739 690816 679335 194415 189958 183443 177333 20987 156346 34416 121930 16927 32504 116470 15677 30998 484920 472787 189059 283728 181380 276148 27907 248241 25928 177756 15702 242338
internal_count=705652 14836 10739 690816 679335 194415 189958 183443 177333 20987 156346 34416 121930 16927 32504 116470 15677 30998 484920 472787 189059 283728 181380 276148 27907 248241 25928 177756 15702 242338
cat_boundaries=0 28 36 63 91 119 147 155 158 184 212 240 267 295 322 350 378 406 430 458 466 494 521 546 554 583
cat_threshold=3221225472 288 10260 134217728 256 0 0 0 2048 1077936128 201326592 0 8388608 0 2151677952 327680 0 0 0 0 1179712 1074003968 16 2048 1075838976 0 0 805306368 512 268435456 1363157248 2348941880 2097161 17441152 271585290 8 1073741824 4194336 130 134217736 134217760 0 0 0 2147485696 1073741824 67108864 8388608 196608 134217728 0 262144 0 0 0 2147516416 131072 1342439424 16 98304 1073741824 2147483648 656 1024 0 4 1024 2415919104 4 0 0 1073745920 4194304 131072 268435456 1073741824 0 0 64 8 16777216 196608 0 2 20971520 32768 17301572 17827840 16 67109888 16384 262145 262144 8192 2147483648 0 2097152 335560704 262144 1152 0 545259520 0 32800 2048 2112 4 2097156 2147483648 0 134220288 0 0 8404992 0 0 34816 65536 1 0 2 8912896 4 256 0 0 0 851976 16384 263176 128 262144 0 16777232 256 0 8 0 67108864 559104 9216 1572864 2097152 18 0 1048576 2 67764608 8388608 276612 16407 2684356737 1358970880 27394048 72 2217258156 1385701832 65154 2112 24 131088 65536 16777224 268435456 0 4194304 268435968 0 0 18890754 16384 524288 0 268435456 1024 268435456 66 1048576 536870912 128 0 4194304 65536 135232 0 2147483652 262208 33554432 8388608 4224 65536 0 2 2156003328 0 0 8192 1073742848 46137344 34816 0 2048 4194308 0 0 0 1073741824 16384 2097152 69632 262144 135266304 5242882 0 65536 64 33701888 262144 4096 16384 0 4104 0 0 4194304 8388608 805306368 2148548608 0 33554720 2214592544 0 0 128 0 0 0 0 268439552 1342177280 0 0 64 0 1048577 0 0 2147524610 2097152 41947136 0 1048585 0 8392704 0 69632 0 33554432 4196352 2 0 8388608 1073741888 536870928 134217728 65536 3238002688 0 0 0 4160 16384 67108904 2147485696 0 0 0 65552 16797696 8388608 4 65536 532480 0 336085248 16 4194304 4 0 671088640 0 1536 0 2 131072 0 8388608 2147483656 131072 1048704 268437520 0 10240 4325376 537919488 16 0 1048576 1024 8388608 0 71303200 524288 0 0 0 0 64 147712 524288 4160 16777216 65536 2304 1048576 0 1073873024 67190784 2080 96 0 8 2097152 2147483648 0 1048580 33554432 2 524320 536876032 0 0 1073741824 0 2 2304 1024 0 0 65536 1024 1024 65537 18874368 268439552 0 0 0 1074282496 16384 131072 268435456 4096 0 2097672 0 8 0 133120 0 32768 4204544 1049600 0 0 65536 1026 16388 134217728 0 64 32769 33570816 0 16 536870912 33554432 0 8192 256 8389121 64 16 536870912 1107296320 16778240 0 134217728 1342177408 134217728 0 4200448 0 0 1073741824 131072 134217856 131073 2359296 512 33554432 0 0 0 33554432 0 2147483652 2097161 268443652 0 4327488 67141632 0 2147483792 0 512 1342177280 16384 4096 128 67108865 256 16 524288 0 32 268435456 0 0 2 0 4194304 524320 2432696320 0 131072 128 0 4202496 536870912 4096 512 16388 524288 270532608 2128 256 33554432 4210692 1108344832 1074006528 2151686144 3221291538 2147762192 538085387 128 0 0 0 0 67108864 2105344 8704 0 16 1048704 8388736 262176 17039376 67178752 268435456 0 1073758212 0 138412032 134217728 0 0 512 0 8192 2048 0 201850880 8192 2147483648 67108872 524288 0 33554464 8192 131072 0 1026 136382464 4194368 0 0 0 0 0 16384 73728 536870912 528385 0 4 524288 16777232 2064 67108872 8388608 537133312 536870912 4 4194304 64 545259524 131328 0 0 0 0 8 1073742336 6 8388608 2147483648 34 8 2097172 0 33792 2147483648 65 262144 537214984 3254784000 263424 6824000 2149581312 2147762176 4327943 18 0 4 1085440 0 8388672 0 1073741824 131072 0 536870912 0 2 1207967744 16400 8389696 8388608 2147483648 536870912 512 8192 2048 4096 134742016 1 1024 1073741824 0 1073741824 1
is_linear=0
shrinkage=0.05


Tree=139
num_leaves=31
num_cat=28
split_feature=8 36 37 36 37 36 36 37 36 36 37 36 37 37 36 36 37 37 36 36 37 37 36 32 36 36 37 37 36 36
split_gain=20.0461 25.5446 24.8993 23.4133 19.7017 19.6931 18.4992 20.2638 18.6185 18.1503 17.5207 16.9847 16.4635 15.488 15.4912 15.3387 20.0833 15.4252 23.2701 15.0545 14.7074 14.4634 21.5303 14.3221 43.7274 39.8975 35.5108 34.8225 36.7228 30.3242
threshold=0.48222216963768011 0 1 2 3 4 5 6 7 8 9 10 11 12 13 14 15 16 17 18 19 20 21 23.365000724792484 22 23 24 25 26 27
decision_type=2 9 9 9 9 9 9 9 9 9 9 9 9 9 9 9 9 9 9 9 9 9 9 2 9 9 9 9 9 9
left_child=4 -2 -3 -4 9 -6 -5 -8 10 -1 -9 12 -7 -13 20 16 -16 18 -17 -20 -15 22 -10 27 -25 -26 -27 28 -23 -29
right_child=1 2 3 6 5 11 7 8 21 -11 -12 13 -14 14 15 17 -18 -19 19 -21 -22 23 -24 24 25 26 -28 29 -30 -31
leaf_value=-0.001664806292393796 -0.0047455859855196738 -0.0053031102994126949 0.004197140046033449 -0.0042563949873885678 -0.002645688784839523 0.0092037899262279906 -0.0038514780047885638 0.0092701863753421321 -0.0048270880666322225 0.004260922680481111 0.00056044238005273784 -0.0023534683696421091 0.0011587823950181598 -0.003757707130472643 -0.0044049150040841537 0.0090875230951346538 -0.00026183014260668938 0.00011920675241071239 -0.002142305908230903 0.0022332535024691901 -0.00042256623104620916 0.027219969093980435 0.005115220640233703 0.0075834004734143482 -0.01008524582013063 -0.0073816327966607261 -0.00087206702804891738 -0.006559222275510335 0.0022421069156384672 -0.0003772353336346013
leaf_weight=2138 5403 3373 8454 7780 6764 1845 6459 3814 1928 6827 9732 5393 6574 3961 4355 1775 10855 326754 2638 8957 7831 2359 9348 3126 3042 9240 88053 2637 11344 132469
leaf_count=2138 5403 3373 8454 7780 6764 1845 6459 3814 1928 6827 9732 5393 6574 3961 4355 1775 10855 326754 2638 8957 7831 2359 9348 3126 3042 9240 88053 2637 11344 132469
internal_value=-0.000151511 -0.000453758 -0.000392933 -0.000344776 8.36027e-05 2.99835e-05 -0.000420082 -0.000354023 -0.000289423 0.00239945 0.00151767 7.75038e-05 0.00229686 2.72797e-05 6.63921e-05 0.000125582 -0.0014273 0.00019507 0.00185898 0.00103933 -0.00171567 -0.000382365 0.00136883 -0.000460697 -0.000912533 -0.00109409 -0.000917357 -0.00014658 0.00225408 -0.000390217
internal_weight=705228 308561 303158 299785 396667 387702 291331 283551 277092 8965 13546 380938 8419 372519 367126 355334 15210 340124 13370 11595 11792 263546 11276 252270 103461 100335 97293 148809 13703 135106
internal_count=705228 308561 303158 299785 396667 387702 291331 283551 277092 8965 13546 380938 8419 372519 367126 355334 15210 340124 13370 11595 11792 263546 11276 252270 103461 100335 97293 148809 13703 135106
cat_boundaries=0 28 55 83 110 138 166 192 217 245 272 300 328 355 382 409 436 463 491 520 547 574 600 628 656 683 706 734 762
cat_threshold=20608 0 524416 3104 0 32 0 2097152 0 0 0 262145 0 0 32 131072 16 8 2097156 0 33554432 268697600 268451872 64 262152 16 8388608 268468225 2148663297 0 0 16384 1024 2097152 4194304 524288 2151686672 0 524288 1 8388608 6144 4096 67125248 0 0 4198912 1 262144 0 0 2097156 4194304 1073741824 268435456 134217728 2147483648 1088 0 1024 65536 0 16777218 2147483648 0 67109000 570425344 65536 0 134234120 34 524288 64 0 0 134221824 16777216 131072 2147483648 0 4096 1538 64 0 0 0 16 32768 0 0 134217728 268435456 536871172 1075314688 0 4096 2147484416 545259649 1073741824 524288 268959776 2560 0 0 0 134217728 0 16777216 1075839012 1 0 327681 130 134217736 0 32768 0 0 0 0 131200 268443648 0 0 18432 4096 4096 0 272891912 2 0 18874372 0 2147491840 2097152 33554432 521 262144 67108864 131072 256 8192 16418 1073741824 0 0 4128 0 65536 0 2 96 2 16 8192 0 8320 2684354560 0 0 4194304 32896 4352 12 134283520 2048 536870912 536870912 288 4096 134217984 0 0 1050752 268451872 32768 0 0 1024 135266816 1082130432 1073741824 0 4104 0 0 33792 67108864 0 8 33554432 33587272 131072 8192 65536 268435520 131080 1 18432 67108864 4194304 4160 786432 8389890 268435488 2048 4 65536 0 12288 0 0 2151677952 1 0 0 2097153 32 2147483648 532480 33280 524288 2306 1 134250496 0 0 128 4 134742272 32770 1050656 0 0 1024 0 67108864 0 8192 0 0 1048577 33554433 2147483648 65536 2048 262144 67183168 67108872 0 0 516 67108864 1073743872 320 34603008 0 4352 0 524304 1 8 1024 16 134217728 0 196608 0 4194320 0 0 4 8388608 32 4 16777216 201326592 0 0 4096 16 4210688 0 16388 8389184 0 536870976 0 2097152 0 536870912 2147483648 33554432 536870928 33281 131072 0 2560 1073758208 536870912 0 8192 9344 84476160 0 1073741824 536870912 0 0 262144 4096 2048 2147483648 0 268435456 0 8388608 32768 2172649472 1140850688 32768 4194304 0 16 64 4194304 67108864 1 268435472 1073741824 262144 0 0 134348800 4096 4 537919488 2101248 0 524288 8224 42467328 1048578 0 16777216 536870912 0 4 16785408 64 2097152 4194304 0 32768 268500992 2147500048 0 536879168 0 0 24 0 1024 2147483968 0 0 12582912 2147483648 0 4194304 2281701920 4 16384 0 1082195968 0 33792 65808 4096 0 0 134217728 134217728 68157456 268959744 268517376 541065216 1073741824 0 268435456 4194312 64 524296 0 8192 2 0 524288 134217728 2155872256 0 257 2112 0 8 0 1 4096 2097152 8519680 2147491840 65536 3686400 384 2147483712 146833408 68157440 0 268435456 0 0 0 64 34078720 0 513 0 0 67108864 0 0 16777216 136314880 2 64 8 537395200 0 512 0 545259520 295698432 0 1048576 66128 268435456 2155874304 0 524296 0 1024 402653184 8389633 32772 4194304 128 0 0 0 0 128 0 8 67108872 256 0 0 268451840 2147484160 0 33554432 0 134742024 32 32 0 270336 1024 270336 0 67502080 4096 524288 262144 67108864 0 33025 0 0 262160 16384 65536 0 2097152 1048576 0 0 1073741824 131136 65536 32768 2097152 0 0 4224 134217888 1344339968 536872960 0 134217728 1048592 32 268697608 0 0 2 0 2048 1073741832 2 8388608 0 536871936 0 12582912 1073741824 1275101184 32 65544 0 2 671090688 0 0 2097152 0 0 0 16 128 1024 2048 50364416 0 66 1024 16 4 8519712 294912 1048576 131072 134234176 33554496 16420 1048576 8192 32768 32 0 16 0 0 402653216 1073807360 32768 0 0 0 2 8192 0 0 17301508 0 0 0 0 12582912 131072 268697664 0 0 8 0 16777216 16448 0 2149646336 805306368 134217760 69730304 2147483648 32 256 0 33088 67633152 0 1074790432 256 100663296 16 9502720 1073741824 8392704 67108864 277872640 128 16778240 16777216 1048576 0 66560 0 32776 536870912 268435458 0 134221824 0 0 512 0 0 0 0 536870912 4194824 134217736 1073741832 0 33554560 2097152 262400 536584 393280 2 1073741824 0 2097152 524288 0 2048 0 71303296 0 67108864 268435584 0 0 0 0 134217728 0 32 8388752 512 1048576 262144 0 2147483648 2147492096 512 0 268435456 2147483648 0 536870912 0 16 1376256 16777216 8421376 536936448 0 65568 2048 2048 4195328 0 65552 32768 16 4096 0 0 8388608 3489660928 2147516416 671089152 16777216 2162688 0 33554432 536870912 33570816 271056897 262144 16777216 8388608 536936448 270532608 65536 2048 1 0 8 2147614720 0 4096 0 33 6184 269484288 256 8388608 0 0 0 0 268443648 536887296 134217728 1024 16777473 67108864 32768 0 16386 0 2105344 0 8224 8388608 0 0 9437184 0 0 67108864 1114112 0 536871940 0 4194304 0 66048 64 16777216 0 2415919104 1077936128 33280 16384 0 0 537001986 65536 1073152 147456 81920
is_linear=0
shrinkage=0.05


Tree=140
num_leaves=31
num_cat=20
split_feature=8 37 37 32 37 37 37 32 42 37 37 37 37 37 38 37 37 37 32 32 34 37 28 37 32 37 34 34 42 42
split_gain=19.7176 24.9887 18.4694 16.8034 47.2365 24.3695 16.2343 20.6568 35.6409 33.7182 28.3739 25.7778 19.0195 19.9371 18.9599 16.911 17.9477 15.6728 15.3921 14.1762 14.1745 13.7974 12.7193 11.2341 11.1459 18.5269 13.7337 12.4076 10.8853 10.8464
threshold=0.44268003106117254 0 1 20.035000801086429 2 3 4 23.425000190734867 5 6 7 8 9 10 11 12 13 14 22.195000648498539 21.355000495910648 1.1150000095367434 15 0.6055000126361848 16 24.025000572204593 17 1.4450000524520876 1.7450000047683718 18 19
decision_type=2 9 9 2 9 9 9 2 9 9 9 9 9 9 9 9 9 9 2 2 2 9 2 9 2 9 2 2 9 9
left_child=2 22 -1 4 -4 -6 18 9 -9 19 14 -11 -12 -14 24 -13 -17 -5 -3 -8 -21 -19 -2 -15 -10 26 -26 -28 -23 -7
right_child=1 6 3 17 5 29 7 8 10 11 12 15 13 23 -16 16 -18 21 -20 20 -22 28 -24 -25 25 -27 27 -29 -30 -31
leaf_value=0.0035767518140621514 0.0065711917151372928 -0.0049744752251668486 0.0056118556315379103 0.0020929718954461941 -0.0072414149171431026 0.00042566219836354672 0.010087090730310689 -0.0056572769778791407 0.0018271820495429859 0.0021391147576353547 -0.0046830227628444259 -0.0048452700421738109 -0.0037592064118138618 0.0016196434931917804 -0.00042718228391124273 -0.0031364664694718773 -0.00036958179168029848 -0.0018996964401775064 0.0078205886828893231 0.07159036759651026 0.0014835300039612199 0.00092089835835220681 -0.0051644894746419832 -0.00084765570838490347 0.002259679111048163 0.0034388775218787584 0.04977690260452583 0.016465128241588991 3.1220891780392447e-05 -0.0038542520330747902
leaf_weight=4897 600 2174 2087 11805 1951 2745 6973 14066 1915 26838 4992 3181 13428 11896 3734 13779 136932 6767 6362 201 13865 35077 3888 83733 242 1572 587 397 284324 5133
leaf_count=4897 600 2174 2087 11805 1951 2745 6973 14066 1915 26838 4992 3181 13428 11896 3734 13779 136932 6767 6362 201 13865 35077 3888 83733 242 1572 587 397 284324 5133
internal_value=-0.000132923 -0.000398421 0.000130008 8.72749e-05 -0.00175799 -0.00320757 -0.000350375 -0.000404731 -0.000879631 -8.33251e-05 -0.00060568 -0.000303888 -0.00081284 -0.000674465 0.00218876 -0.000553271 -0.000476954 0.000152342 0.0018018 0.00181057 0.000897491 8.75286e-05 -0.00410091 -0.00042098 0.00429456 0.00631476 0.0108933 0.0136041 0.000134896 -0.00196159
internal_weight=706141 351355 354786 349889 11916 9829 346867 338331 136562 201769 122496 180730 114049 109057 8447 153892 150711 337973 8536 21039 14066 326168 4488 95629 4713 2798 1226 984 319401 7878
internal_count=706141 351355 354786 349889 11916 9829 346867 338331 136562 201769 122496 180730 114049 109057 8447 153892 150711 337973 8536 21039 14066 326168 4488 95629 4713 2798 1226 984 319401 7878
cat_boundaries=0 27 54 81 108 132 139 164 191 217 244 270 271 298 325 352 379 406 426 434 441
cat_threshold=2684354561 536870912 17301504 4 0 2097152 4194304 9437184 4194384 33554432 524288 2 8389120 134217728 128 16384 0 0 4194816 1 0 67108864 32768 0 33554432 1644167168 268435456 4194304 0 0 20 32768 0 0 2148532224 64 1644167172 21233664 131073 256 134217984 8388737 0 8914944 524288 0 2048 0 0 134217728 0 16777216 32 1 8388608 512 0 0 0 1073741824 3355443714 570425344 0 134217728 33562624 541327360 0 0 33554432 0 0 8 16777732 0 32800 0 2056 0 32768 536870980 2048 67108928 4096 1677721600 603979776 4368 268435520 24117248 0 0 128 0 2048 8 0 16 2 0 16 0 268435456 1073741824 1 0 805306368 0 4194304 32784 4 262144 1 0 536870912 16448 16449 4 2048 1073741824 163842 525344 0 2147483648 4104 257 268435712 1073741828 0 268435464 0 0 18874368 1073741824 536920833 2399208480 2147811332 0 1207978256 1610620928 33686052 144 4096 8 203423746 4194304 0 131072 0 16777728 2097216 16777216 0 537919488 33554432 270532608 262208 150994944 8 2097152 2097152 65536 2048 0 5242880 1 4098 0 0 33554440 0 131072 67108868 536870929 2097152 0 8192 16400 0 4 5242880 2050 32 65536 32784 37748736 0 0 0 0 268435520 1048576 18874496 2048 0 536870976 0 8388610 2550136832 2181038082 262144 0 69888 0 4194304 0 16 67633152 536870912 0 8388640 536954884 0 16 0 8193 0 0 1040 2293760 2147483648 0 1314816 256 0 2149843200 786592 0 64 0 0 0 33554432 268435472 262144 150994944 2101248 2048 0 4194304 131072 0 134217728 0 80 2048 201326592 4608 0 2621440 262144 2147483648 0 0 8192 131200 8388608 32768 1048576 8390144 8388608 65536 8 32768 1048576 4 16 2048 0 8 16777472 16811040 114753 0 4194304 256 33554432 0 131072 268435456 537001984 2147483648 0 1048576 16400 33554432 8192 1077936384 2048 0 196608 2147516416 4194432 0 32 0 132100 2048 1048576 553648144 20482 0 1074003968 524288 0 0 69206016 526384 0 2147491840 262144 0 524288 256 0 68157440 0 524800 16 0 0 2 33554436 536870912 805306448 2147483648 67108864 0 0 64 2097152 536870960 270532608 0 17301504 0 256 2147483648 0 8392704 2147762240 536876032 65536 1024 4096 1073758720 1 0 4 0 8 128 2097152 16 268435472 0 0 0 0 134217744 134500352 0 17825792 2101248 0 524288 8192 8396800 0 256 553779200 1610612740 65536 131072 0 64 2105858 0 4194304 0 268435456 524288 0 1074869268 2147483648 65536 16 1073741824 198656 4 67117072 0 262144 524288 8192 256 512 0 0 0 0 67108864 4210688 0 0 16 0 67174404 2 0 0 0 0 0 0 16 0 0 0 0 0 0 0 2048 0 0 16 4194304 71335936 2147619328 3498119200 2160066560 1343225985 269485056 33587201 308 134480897 269488128 37750784 1319064 2148794400 140645121 18874369
is_linear=0
shrinkage=0.05


Tree=141
num_leaves=31
num_cat=28
split_feature=36 37 14 37 37 36 37 36 36 36 36 42 36 36 36 37 36 36 8 36 37 36 36 36 37 36 37 36 37 36
split_gain=20.2226 22.4138 17.8486 62.0925 56.0266 41.1645 38.4039 35.2631 29.938 26.8338 26.2117 23.4075 26.5809 26.5539 20.757 20.4854 18.2282 19.1536 16.425 34.5124 31.8568 31.1037 26.7998 22.8179 24.0646 21.5906 20.7514 20.104 19.7617 19.1438
threshold=0 1 1.8750000000000002 2 3 4 5 6 7 8 9 10 11 12 13 14 15 16 0.33861377835273748 17 18 19 20 21 22 23 24 25 26 27
decision_type=9 9 2 9 9 9 9 9 9 9 9 9 9 9 9 9 9 9 2 9 9 9 9 9 9 9 9 9 9 9
left_child=1 -1 3 -2 8 -6 -4 -7 -5 -9 -8 12 -11 -13 15 -12 -15 -18 19 -16 27 -22 -20 28 -25 -23 -27 -21 -24 -28
right_child=2 -3 6 4 5 7 10 9 -10 11 14 13 -14 16 18 -17 17 -19 22 20 21 25 23 24 -26 26 29 -29 -30 -31
leaf_value=-0.0020621035517684127 -0.0055331469587179549 0.0018646765883879341 -0.0035020876258795631 0.015801969894150985 0.0067202716243771532 -0.0054962501734598605 -0.0025259782799768372 0.0045115620609487636 0.0042972662992564322 0.0047439978388216526 0.0063546563903066041 0.0048749207991955592 -0.0023265597006977222 -0.0036731952061865025 0.0059119864541939049 0.00053106396522419335 -0.0026421671929699481 0.00057440929107227263 -0.0038793635616226592 -6.6284167738167585e-05 -0.0038347504990702054 0.0033911340697811696 0.0071626871558147683 -0.0034894086694134811 -0.00053958191300411407 0.0025369196609576873 -0.0033202278545759428 0.0084478262062681886 0.00050994134973302713 -5.9549757075090527e-05
leaf_weight=5381 6179 31168 8551 1410 2960 2556 12502 4600 5146 2024 5062 4290 13951 2849 2663 16541 5246 87160 7303 1444 4048 4264 3815 4772 330492 6721 4398 2351 9202 106526
leaf_count=5381 6179 31168 8551 1410 2960 2556 12502 4600 5146 2024 5062 4290 13951 2849 2663 16541 5246 87160 7303 1444 4048 4264 3815 4772 330492 6721 4398 2351 9202 106526
internal_value=-0.000126546 0.00101853 -0.000189115 0.000316628 0.000545752 0.000310393 -0.000320994 0.000169537 0.00504797 0.00029343 -0.000266512 0.000144117 -0.0016319 0.000429281 -0.000210993 0.00130529 0.000255731 0.000377366 -0.000278145 0.0001972 8.13021e-05 -5.4875e-05 -0.000455165 -0.000392236 -0.000472001 8.84802e-05 -3.83533e-05 0.00458815 0.00166085 -0.00020192
internal_weight=705575 36549 669026 138371 132192 125636 530655 122676 6556 120120 522104 115520 15975 99545 509602 21603 95255 92406 487999 132415 129752 125957 355584 348281 335264 121909 117645 3795 13017 110924
internal_count=705575 36549 669026 138371 132192 125636 530655 122676 6556 120120 522104 115520 15975 99545 509602 21603 95255 92406 487999 132415 129752 125957 355584 348281 335264 121909 117645 3795 13017 110924
cat_boundaries=0 28 55 82 109 137 164 192 217 245 273 281 305 332 360 386 414 441 469 496 524 552 581 608 636 663 691 718 746
cat_threshold=0 2147483648 198656 128 67108928 4259840 67112960 32 2064 147712 1 655360 0 0 8389120 8192 33554432 4096 0 0 4288 0 0 2048 4194304 0 0 67117056 142802944 0 67108864 67117056 65536 0 272629760 603979792 1073741824 0 0 0 1073742080 0 0 67174401 0 65536 8388610 1048576 4194304 66560 0 268443664 268435456 4 2048 8388624 0 268435456 16785408 134479872 16777216 4096 33554432 0 4096 262144 570425344 0 168296448 0 134481920 16777217 524312 32768 4096 32768 0 2097152 0 4259840 0 268435456 64 603987968 0 67108864 0 2097216 269484032 0 4194304 2097152 8388608 0 1073741824 1048577 469762048 65536 0 33554432 4128 269484032 8192 0 0 0 536870976 1077936132 4 0 4196352 0 0 1074790400 2560 131072 41943040 1342177792 134483969 2048 134217728 0 0 16392 0 33024 33024 268959760 0 0 0 0 0 0 0 134217728 2552233984 2281701377 536870912 0 0 1024 0 0 135790720 0 2147516416 8388608 0 0 1310720 1073741824 0 155189248 512 4198432 268435456 33564672 0 16777216 536870912 64 1073741824 301989888 65536 0 34078720 0 0 0 0 0 0 4 131072 66560 0 2112 0 2418540544 67108864 25165824 128 4097 134217728 75499520 8388610 0 512 16384 33686016 8 262152 0 2147483648 513 1075970048 8388608 0 0 131073 12288 32 67108864 16779264 32776 16842752 0 512 0 8 16 524289 256 262672 0 8192 0 268435456 268435460 131072 4 1048704 2147483648 16 34 2147484160 0 0 16777216 8388608 0 0 9437184 2147483648 0 8388864 1107296256 0 393216 0 262144 136314912 1090519040 2080 0 0 0 4352 1073741856 68157456 262144 2147483649 167936 134479872 65536 0 1073741824 0 2048 0 0 2151677952 8388608 0 131072 0 16384 65540 1327106 2147483648 1 33554432 604307456 2181039232 8456492 2148532224 139264 2150122176 4227108 1 2147483648 0 8389632 0 536936448 2147483648 8 536870912 0 2097154 0 2097152 134242308 33554464 704643072 0 20971520 4202496 0 1024 256 512 1048833 256 0 4 201326592 4194304 33280 8192 34112512 16781312 0 0 8658944 1048576 34603008 16 0 82048 512 128 0 1048578 16777216 0 256 2097152 0 0 32 1048576 256 33555520 0 8392712 1 16384 0 0 0 131104 0 2049 34816 0 524288 0 268582913 0 0 541065216 16777216 2147484168 0 0 1 33808 256 8519696 0 1536 2149580808 536871168 1073741824 19923204 1073741824 0 0 33554432 0 134217732 64 524288 64 0 32 25165824 1073741824 0 134217728 0 0 0 1049616 1 1114112 34 0 0 16777216 256 0 64 306184192 65536 33554432 18433 0 80 8 4194304 16384 1 268436480 0 0 4194304 2147501056 0 513 1024 256 262208 0 8388864 268435456 2147483648 2097152 16384 65536 2147483648 0 536870912 2147485984 32 262152 262144 1 0 0 2147483648 4358144 512 32832 1048584 64 0 16 16 8389120 16 262144 0 0 16777216 0 0 0 524288 1073741824 2281701376 8389120 1024 570425344 131072 1075839048 8 67242240 0 0 65536 0 4194304 0 8389120 67108960 64 9437184 2097152 0 16777216 4194304 0 4096 2181038608 546 64 1048576 2 0 0 128 64 8912896 524296 1610612736 0 0 67108864 4 16777216 553650304 0 16777216 2151677952 67109376 129 512 32768 0 65536 512 68157696 0 1216 1073741824 67108868 268435456 524288 33554432 1152 0 8192 524288 0 2097152 0 0 524288 1052672 2147483648 32 16384 1073741824 0 9216 260 33554434 536870912 16777216 0 0 16384 0 16777216 0 131080 131072 0 8 0 0 16386 268435456 536875008 67108864 256 8929284 1073742208 2147516416 2147483648 512 32769 268435456 2097152 8 4194304 0 0 64 134217728 0 0 16640 1 81929 0 0 16777217 33554432 3221225472 64 1216348160 2147496960 0 4096 0 0 1 537940000 2097152 1073742080 0 0 2162688 335806464 0 2684354560 0 0 268451840 0 0 138412032 0 0 131072 1073741826 0 0 67112960 32772 0 16777216 1048600 128 65600 1090519040 0 16843840 0 2147484672 0 201326592 524288 2 0 512 0 8192 0 4194304 2155872256 0 134217728 4198432 256 0 2049 67108864 512 0 2228224 16384 2097152 2147483648 262144 4194304 16 2151678016 606077440 0 2147483648 262144 0 65536 1073742080 2147483904 4202498 0 0 132096 2056 0 0 4128 2 8 1 0 2097152 65536 1073741828 0 48 33554432 4 2308 0 2097152 32768 0 0 524288 4101 0 2147483648 2415919104 0 268435456 0 1024 269484032 1074069504 0 512 536870912 8 4096 0 0 603979776 77594632 131074 1075839040 8388612 0 2048 4096 0 18432 1073741828 0 1048576 65536 0 0 1048576 1073741824 1073741824 134285312 0 4194304 1 1040 4 134217744 142606336 2097152 0 0 0 0 268702976 0 67112960 2048 37820416 134217728 0 17039360 32768 16388 18 0 0 262144 80 0 1040 0 0 0 268435456
is_linear=0
shrinkage=0.05


end of trees

feature_importances:
store_id=1380
product_id=1246
third_category_id=273
discount_rel=243
dow=234
discount=105
holiday=89
temp=74
same_dow_mean=73
mean14=69
mean7=52
mean28=48
humidity=46
std14=39
obs_mean7=36
precpt=36
mean3=34
second_category_id=33
y_t=24
activity=20
y_lag21=14
y_lag28=13
city_id=13
y_lag7=12
trend=11
std7=8
y_t1=5
so_t=5
so_mean28=4
y_lag14=4
disc_mean7=3
wind=3
max7=2
act_mean7=2
understatement7=2
y_t2=1
so_mean7=1
so_days7=1
management_group_id=1
first_category_id=1

parameters:
[boosting: gbdt]
[objective: quantile]
[metric: quantile]
[tree_learner: serial]
[device_type: cpu]
[data_sample_strategy: bagging]
[data: ]
[valid: ]
[num_iterations: 200]
[learning_rate: 0.05]
[num_leaves: 31]
[num_threads: 0]
[seed: 7]
[deterministic: 0]
[force_col_wise: 0]
[force_row_wise: 0]
[histogram_pool_size: -1]
[max_depth: -1]
[min_data_in_leaf: 100]
[min_sum_hessian_in_leaf: 0.001]
[bagging_fraction: 0.8]
[pos_bagging_fraction: 1]
[neg_bagging_fraction: 1]
[bagging_freq: 1]
[bagging_seed: 17422]
[bagging_by_query: 0]
[feature_fraction: 0.8]
[feature_fraction_bynode: 1]
[feature_fraction_seed: 7040]
[extra_trees: 0]
[extra_seed: 6516]
[early_stopping_round: 0]
[early_stopping_min_delta: 0]
[first_metric_only: 0]
[max_delta_step: 0]
[lambda_l1: 0]
[lambda_l2: 1]
[linear_lambda: 0]
[min_gain_to_split: 0]
[drop_rate: 0.1]
[max_drop: 50]
[skip_drop: 0.5]
[xgboost_dart_mode: 0]
[uniform_drop: 0]
[drop_seed: 15215]
[top_rate: 0.2]
[other_rate: 0.1]
[min_data_per_group: 100]
[max_cat_threshold: 32]
[cat_l2: 10]
[cat_smooth: 20]
[max_cat_to_onehot: 4]
[top_k: 20]
[monotone_constraints: ]
[monotone_constraints_method: basic]
[monotone_penalty: 0]
[feature_contri: ]
[forcedsplits_filename: ]
[refit_decay_rate: 0.9]
[cegb_tradeoff: 1]
[cegb_penalty_split: 0]
[cegb_penalty_feature_lazy: ]
[cegb_penalty_feature_coupled: ]
[path_smooth: 0]
[interaction_constraints: ]
[verbosity: -1]
[saved_feature_importance_type: 0]
[use_quantized_grad: 0]
[num_grad_quant_bins: 4]
[quant_train_renew_leaf: 0]
[stochastic_rounding: 1]
[linear_tree: 0]
[max_bin: 255]
[max_bin_by_feature: ]
[min_data_in_bin: 3]
[bin_construct_sample_cnt: 200000]
[data_random_seed: 61]
[is_enable_sparse: 1]
[enable_bundle: 1]
[use_missing: 1]
[zero_as_missing: 0]
[feature_pre_filter: 1]
[pre_partition: 0]
[two_round: 0]
[header: 0]
[label_column: ]
[weight_column: ]
[group_column: ]
[ignore_column: ]
[categorical_feature: 36,37,38,39,40,41,42]
[forcedbins_filename: ]
[precise_float_parser: 0]
[parser_config_file: ]
[objective_seed: 15521]
[num_class: 1]
[is_unbalance: 0]
[scale_pos_weight: 1]
[sigmoid: 1]
[boost_from_average: 1]
[reg_sqrt: 0]
[alpha: 0.75]
[fair_c: 1]
[poisson_max_delta_step: 0.7]
[tweedie_variance_power: 1.5]
[lambdarank_truncation_level: 30]
[lambdarank_norm: 1]
[label_gain: ]
[lambdarank_position_bias_regularization: 0]
[eval_at: ]
[multi_error_top_k: 1]
[auc_mu_weights: ]
[num_machines: 1]
[local_listen_port: 12400]
[time_out: 120]
[machine_list_filename: ]
[machines: ]
[gpu_platform_id: -1]
[gpu_device_id: -1]
[gpu_device_id_list: ]
[gpu_use_dp: 0]
[num_gpu: 1]

end of parameters

pandas_categorical:null
