tree
version=v4
num_class=1
num_tree_per_iteration=1
label_index=0
max_feature_idx=42
objective=quantile
feature_names=y_t y_t1 y_t2 mean3 mean7 mean14 mean28 std7 std14 max7 zero_frac14 obs_mean7 so_t so_mean7 so_mean28 so_days7 act_t act_mean7 disc_mean7 trend understatement7 h dow y_lag7 y_lag14 y_lag21 y_lag28 same_dow_mean discount activity holiday precpt temp humidity wind discount_rel store_id product_id city_id management_group_id first_category_id second_category_id third_category_id
feature_infos=[0:73.334518432617188] [0:55.984825134277344] [0:73.334518432617188] [0:41.392345428466797] [0.014285714365541935:37.084465026855469] [0.064540930092334747:34.396240234375] [0.099014267325401306:33.396030426025391] [5.9604644775390625e-08:24.78974723815918] [3.5762786865234375e-07:19.407119750976562] [0.10000000149011612:73.334518432617188] [0:0.71428573131561279] [0:29.200000762939453] [0:16] [0:16] [0:16] [0:1] [0:1] [0:1] [0:1] [0.020802874118089676:3.4821879863739014] [-0.50000005960464478:1] [1:7] [0:6] [0:58.339408874511719] [0:65.781837463378906] [0:65.781837463378906] [0:58.339408874511719] [0:49.752281188964844] [0:1] [0:1] [0:1] [0:28.191699981689453] [18.360000610351562:28.780000686645508] [27.350000381469727:91.569999694824219] [0.97000002861022949:3.8499999046325684] [0:999.99993896484375] -1:235:555:212:554:417:96:145:817:438:556:822:182:431:229:648:537:586:875:1:151:237:18:488:118:95:312:200:284:140:131:291:628:214:76:174:241:877:167:202:409:557:242:602:843:577:150:198:434:436:532:704:343:211:469:154:494:549:81:359:684:263:790:378:74:183:404:405:678:490:253:441:34:57:62:593:172:540:420:144:256:314:493:232:303:215:423:128:458:147:621:692:424:152:187:446:607:885:301:517:129:250:750:191:406:722:442:744:209:672:707:126:234:812:149:781:860:561:46:222:439:521:578:474:373:455:59:254:194:35:461:166:500:806:60:173:55:61:541:178:29:876:273:596:216:367:457:481:585:2:449:571:84:236:300:100:647:597:148:471:20:176:179:330:348:564:177:305:382:713:856:502:850:890:311:225:188:295:197:570:189:171:740:562:714:16:78:278:11:357:758:22:503:388:104:137:196:780:142:279:294:181:230:507:8:157:544:883:221:402:58:381:595:765:135:358:669:162:204:307:468:77:742:483:565:121:75:327:410:530:579:829:847:17:249:467:217:699:476:462:662:612:625:371:258:523:87:395:536:146:339:546:702:19:473:514:658:813:109:3:698:9:757:799:168:320:160:184:276:124:756:201:482:418:119:805:68:265:675:411:159:271:552:169:283:324:480:671:288:308:484:513:566:496:624:190:582:67:452:40:326:608:664:90:679:333:893:7:103:134:454:161:296:427:143:353:477:33:479:666:708:199:233:534:736:286:741:72:542:205:361:475:506:102:510:522:581:239:105:354:539:91:110:274:580:251:309:583:262:376:508:163:101:360:370:567:213:261:489:498:891:36:111:195:346:603:164:777:548:132:231:425:193:238:297:430:687:787:504:599:130:543:864:247:551:317:867:207:610:66:281:398:558:569:208:257:259:563:226:246:264:723:319:364:24:535:355:386:408:4:107:429:282:447:550:609:112:486:600:734:872:43:136:206:292:518:630:895:23:192:45:450:25:372:531:94:268:293:419:682:465:335:379:435:629:815:865:153:186:387:576:681:572:632:798:6:272:426:645:654:228:363:54:397:894:315:640:881:344:649:270:784:341:511:27:526:613:897:347:827:170:495:768:255:334:660:844:98:487:709:746:383:650:837:737:227:350:674:71:158:260:325:516:210:751:466:575:604:0:453:492:627:863:464:588:710:633:139:472:636:821:830:879:56:501:519:298:30:63:156:180:269:313:448:218:512:701:753:851:93:244:369:533:605:721:389:659:13:302:415:224:456:12:203:414:80:115:460:505:573:802:5:392:290:53:240:416:594:733:52:64:869:478:670:559:667:316:394:444:760:69:336:509:545:432:538:712:800:349:693:338:835:399:639:252:277:635:275:616:634:849:155:368:631:820:220:243:365:400:732:772:778:831:853:525:528:743:786:833:779:873:28:318:855:133:527:668:97:245:266:413:113:362:584:106:814:219:726:838:858:866:92:26:366:859:377:795:803:755:248:688:331:385:696:880:651:892:731:463:491:48:529:665:762:470:618:289:459:823:120:352:896:31:390:796:267:771:832:391:792:407:680:428:606:767:816:622:683:747:878:70:99:568:587:65:374:443:547:592:655:804:657:83:223:384:396:598:700:738:825:848:323:642:826:836:50:287:337:351:695:735:321:421:497:852:375:422:782:715:310:485:716:37:138:108:123:47:720:748:761:49:122:412:788:834:652:809:857:705:515:637:646:870:499:776:789:14:82:127:175:685:811:819:730:846:871:10:304:440:520:524:619:638:694:862:676:718:724:117:690:841:641:328:380:401:589:623:686:752:884:322:393:727:749:839:889:403:437:719:840:703:882:41:85:451:617:706:769:306:620:42:165:32:89:842:79:116:185 -1:4:834:596:580:122:6:215:41:740:638:631:291:554:190:381:300:600:117:26:129:11:127:422:635:296:194:634:715:115:699:76:70:104:118:191:666:775:108:783:201:650:363:411:802:578:810:345:843:116:387:290:644:23:835:77:93:769:207:467:90:259:774:21:250:19:310:567:500:763:806:486:240:292:691:481:150:426:796:489:535:140:136:688:473:99:764:58:200:370:71:18:379:847:683:295:79:419:793:135:219:351:496:293:132:212:74:672:670:166:45:549:223:272:599:386:253:686:218:768:694:757:267:521:306:119:114:309:728:396:110:144:213:765:157:829:452:416:222:145:112:60:633:17:37:831:645:321:531:258:719:221:63:80:220:515:547:12:682:525:332:424:392:522:738:44:403:707:214:294:67:94:716:845:749:441:415:836:656:447:1:286:216:38:374:315:181:73:316:503:458:797:559:188:816:16:402:560:27:860:592:628:84:257:333:804:689:261:487:340:758:822:655:317:491:217:530:772:478:824:2:50:65:579:684:206:548:729:414:476:864:731:125:247:468:343:620:362:193:629:92:210:254:120:705:314:607:512:121:470:820:235:469:269:853:366:541:536:673:565:394:589:480:301:20:319:858:184:439:377:404:109:62:305:356:839:100:517:420:143:209:244:284:407:678:841:474:636:856:461:569:393:430:677:151:577:195:228:350:662:224:449:123:367:610:630:369:64:97:265:553:130:182:704:429:344:163:303:339:83:830:155:556:31:72:249:848:54:380:69:546:588:177:205:243:176:285:717:270:456:573:627:507:534:756:784:164:425:523:561:591:146:318:138:320:510:605:183:434:529:229:233:22:792:815:460:7:198:242:251:335:651:760:825:832:14:226:664:698:102:278:304:539:563:581:611:706:857:0:55:255:353:409:427:448:587:280:625:861:5:103:471:779:78:287:590:82:187:791:494:506:498:585:746:192:61:368:821:413:276:302:615:204:608:477:619:803:508:451:455:53:98:435:174:342:371:389:725:748:297:766:29:88:189:260:428:665:790:68:313:484:526:574:597:724:739:818:231:238:241:338:397:488:552:674:711:47:49:66:133:152:262:277:352:436:509:647:653:658:776:805:28:311:331:337:418:432:443:446:606:663:713:753:851:248:357:475:520:540:572:598:622:668 -1:0:12:16:3:6:13:11:4:15:5:14:1:7:2:10:9:17 -1:6:5:2:0:1:3:4 -1:4:16:20:29:8:21:10:18:28:31:5:24:7:30:15:11:25:22:23:0:27:14:3:6:17:12:13:1 -1:28:25:50:53:29:80:27:76:64:33:79:72:68:78:58:17:6:61:7:38:75:69:3:51:71:43:47:81:26:10:8:42:66:56:40:57:35:39:52:60:13:5:74:67:73:21:62:0:15:45:32:49:19:22:20:12:37:11:48:16:9:1:2:24:46:31:55:77:23:82:44:65 -1:60:113:81:77:103:123:154:65:94:181:168:105:82:167:86:172:104:98:101:149:58:180:1:127:230:128:170:112:179:156:100:131:10:229:109:99:2:24:7:157:142:184:110:66:114:59:190:216:191:177:140:116:97:176:56:17:160:218:213:106:183:96:72:42:16:223:74:19:231:89:78:173:67:63:227:121:51:161:199:88:193:111:139:52:46:205:115:145:9:153:166:71:83:146:6:129:55:192:221:11:182:169:215:224:148:133:8:0:174:188:225:27:93:163:122:76:222:194:195:26:75:38:15:187:209:135:18:61:95:159:204:212:3:119:92:79:203:126:189:41:48:137:158:164:197:57:141:44:150:186:130:14:62:214:220:54:219:155:69:87:217:228:207:102:132:80:4:226:68:73:136:39:40:117:178:90:144:200:118:33:201:29:143:165:232:22:49:50:21:37
tree_sizes=4859 3677 4840 3247 5037 5172 4932 4018 5173 3785 5149 5537 4328 5269 4271 4297 5375 4092 5301 5393 4489 5552 4667 5323 5522 4974 5397 5623 4482 5656 5476 4713 5496 5749 5368 5914 5879 5266 5737 5454 5603 6207 5905 4767 5976 5967 4968 6054 6296 5891 6340 6166 6117 6109 5208 6139 5304 4803 6044 3858 5535 5374 6116 6455 6520 6729 6447 6260 5514 6750 6301 6784 6552 5658 6877 5434 5502 7015 6713 6217 6539 6821 6702 5638 6871 5755 6956 6423 6766

Tree=0
num_leaves=31
num_cat=16
split_feature=4 27 27 37 37 37 37 35 30 36 35 35 37 36 4 36 27 4 36 42 35 4 36 36 36 35 36 36 35 37
split_gain=26065.8 2023.67 2008.12 549.317 507.088 335.005 303.357 239.02 162.386 161.481 156.196 130.493 127.039 124.41 121.965 114.333 114.233 93.4227 84.7668 81.2531 78.9532 73.3768 71.4262 62.6781 62.5559 61.5276 54.6427 54.0155 51.4969 52.6942
threshold=2.6375552415847783 3.222434520721436 1.9244822859764101 0 1 2 3 0.96571087837219249 1.0000000180025095e-35 4 0.61867865920066845 0.99583831429481517 5 6 1.3527785539627077 7 2.52177906036377 3.6698857545852666 8 9 0.91371211409568798 3.3831417560577397 10 11 12 0.90078967809677135 13 14 0.98110559582710277 15
decision_type=2 2 2 9 9 9 9 2 2 9 2 2 9 9 2 9 2 2 9 9 2 2 9 9 9 2 9 9 2 9
left_child=2 4 6 7 13 17 15 -4 9 -7 -8 -6 22 -2 -12 -1 27 -3 -13 -10 -15 24 -5 -18 -22 -17 -14 -9 29 -16
right_child=1 5 3 12 11 8 10 16 19 -11 14 18 26 20 28 25 23 -19 -20 -21 21 -23 -24 -25 -26 -27 -28 -29 -30 -31
leaf_value=2.6699999094009401 2.6499999046325682 2.7254102945327761 2.7066739606852934 2.6540805057039081 2.7237168550491333 2.7639196634292604 2.8477724552154542 2.649219584465027 3.2995332956314085 2.6808090448379516 2.5406182670554203 2.6873629630389559 2.6299999117851258 2.720060309544766 2.6302301186970114 2.6358327150344847 2.6927103996276855 3.0799997741806693 2.6464914487543383 2.7665024995803833 2.6815966844558714 2.7099999189376831 2.6254979081480201 2.6626596703940266 2.6694585269217073 2.5949999094009399 2.5949999094009399 2.6262703117892459 2.5799130780593997 2.5868083542882458
leaf_weight=1812 1083 5612 4753 2062 2779 1864 992 1191 2891 2634 493718 1516 2965 1439 4626 4342 987 21401 7210 2325 1635 3574 8329 4291 5095 25370 18096 7906 56439 6777
leaf_count=1812 1083 5612 4753 2062 2779 1864 992 1191 2891 2634 493718 1516 2965 1439 4626 4342 987 21401 7210 2325 1635 3574 8329 4291 5095 25370 18096 7906 56439 6777
internal_value=2.59998 2.6312 2.59702 2.60658 2.62001 2.63861 2.5962 2.61326 2.63048 2.62354 2.59594 2.61235 2.60252 2.62685 2.5959 2.60098 2.61005 2.6415 2.60936 2.63652 2.62837 2.62685 2.60704 2.6159 2.62377 2.60023 2.60028 2.60666 2.59789 2.60095
internal_weight=705714 61058 644656 50580 24331 36727 594076 19128 9714 4498 562552 11505 31452 12826 561560 31524 14375 27013 8726 5216 11743 10304 10391 5278 6730 29712 21061 9097 67842 11403
internal_count=705714 61058 644656 50580 24331 36727 594076 19128 9714 4498 562552 11505 31452 12826 561560 31524 14375 27013 8726 5216 11743 10304 10391 5278 6730 29712 21061 9097 67842 11403
cat_boundaries=0 27 54 81 108 134 161 188 216 243 251 279 307 332 360 388 415
cat_threshold=4194320 64 576 8388864 536870912 2147483712 8421376 65536 65536 71307520 0 0 536870912 0 0 66 8390144 0 9437200 0 67108864 524288 0 0 128 4 4 0 0 64 77594880 16 2147483712 8388672 65536 0 538972160 0 0 0 0 0 262210 536870912 0 0 0 0 524288 134217728 1048576 268435584 0 4 2 0 64 69206272 0 2147483648 8388608 0 2048 4096 0 0 536870912 0 0 262210 268435456 4 8396800 0 67108864 524288 0 1048576 268435456 0 4 4194320 64 16 8388928 536870912 16448 8388672 16388 16384 536875008 0 0 0 33554432 524288 64 536870912 4 16 8 0 0 134217728 1073741824 128 4 302514180 0 8 2147616768 0 135168 1 1073741856 0 268435584 128 1 0 16384 2048 64 402661376 16384 68157472 0 4 0 1140850688 0 17408 2147483648 4194304 524290 131072 0 69206080 163856 0 536870912 1 0 538968084 2147483648 134217728 4 2147483648 524288 0 537395201 36 16777216 8 16 0 134217728 0 268435456 0 532480 0 536870920 16416 0 0 262148 0 64 0 0 16777280 131072 1073741824 0 8192 67375104 0 262144 5124 289 536870944 4194816 8 4194336 8192 0 65536 0 2 67109888 16384 1073741824 25165824 16384 4368 1073741827 24576 0 67108868 32 0 0 0 536936448 2048 5243908 33 0 0 262144 0 0 0 1024 6144 0 16648 2048 0 0 1 36 2048 268435968 16781312 1 0 0 268437504 1048640 16777220 16384 67141632 0 131328 32 67108864 0 0 0 4198400 16779264 524288 0 262400 0 0 0 0 32 33554432 65536 8192 16777344 8388608 2147491968 64 67141632 0 8388608 32 64 0 0 0 67372032 2183135232 8654848 1088 0 0 0 0 16779264 8192 536870912 0 4352 256 538968064 1024 134217728 0 4160 1048576 0 1048608 1 0 0 0 0 0 16781312 131072 0 2 2097409 5767168 24576 0 553648128 1073741824 4198400 16777216 32 524545 33554432 0 4194307 2147745792 65664 0 0 0 0 8404992 25216 0 0 148480 20971528 0 14336 536870928 16 0 0 1 16 4096 0 268435456 0 8388672 131072 4194304 8196 3 134218240 536870912 0 536870944 37748736 1024 76038144 1024 8388608 1024 0 0 4194304 64 0 0 4194304 134221824 2048 524288 0 16 4096 4194304 33816576 8392768 288 16908336 0 20512 0 131072 0 1073741824 0 16384 262656 266240 0 0 0 0 0 0 0 4198400 17825792 2048 64 67108864 512 71303184 65536 2415919104 33280 1 65536 1073741840 0 134251520 0 1088 0 0 1024 32 17825792 0 16 4194304 0 0 268468225 0 8192
is_linear=0
shrinkage=1


Tree=1
num_leaves=31
num_cat=9
split_feature=5 5 27 37 22 37 42 35 37 23 27 37 4 28 35 35 35 42 35 28 27 22 35 27 37 35 6 38 42 23
split_gain=23558 1874.98 1719.11 565.805 472.48 251.18 231.135 215.604 202.696 159.548 143.46 114.678 114.445 102.379 96.6369 95.2139 88.5484 84.8408 84.5458 74.8333 72.4519 68.3704 69.505 57.4081 57.103 56.3677 49.606 48.9261 45.9357 44.1117
threshold=2.6278630495071416 1.815041780471802 3.6039527654647832 0 4.5000000000000009 1 2 0.90663462877273571 3 4.1218338012695321 1.3500000834465029 4 3.1554119586944585 0.52949997782707225 0.82508671283721935 1.1296388506889345 0.67103970050811779 5 0.96463149785995495 0.90021380782127391 1.9244822859764101 4.5000000000000009 0.88521882891654979 4.8749260902404794 6 0.93340539932250988 2.2440867424011235 7 8 9.0633039474487322
decision_type=2 2 2 9 2 9 9 2 9 2 2 9 2 2 2 2 2 9 2 2 2 2 2 2 9 2 2 9 9 2
left_child=1 5 3 12 7 13 -4 -3 18 -8 16 -9 21 27 28 19 17 -7 -6 -5 -15 22 -2 29 -16 -14 -20 -1 -12 -11
right_child=2 4 6 15 8 10 9 11 -10 23 14 -13 25 20 24 -17 -18 -19 26 -21 -22 -23 -24 -25 -26 -27 -28 -29 -30 -31
leaf_value=0.33419779700703889 0.10679935747229385 0.068814173308436019 0.1241567075252533 0.14499289870262147 0.14992511963846483 0.35977283239364627 0.14929165318703327 0.026579244397439084 0.035975489152758132 0.16140716608242769 0.1084964952038287 -0.00050249695777893066 0.14219952377265599 -0.003499988317489633 0.0078156545384302951 -0.0057664150025199534 -0.056395807778320942 0.0090633653641433772 0.055769604420444291 0.056992904311703257 0.05880131203517798 0.099579829895775587 0.050920180080669876 0.82274008544868138 -0.022584620767322861 0.098836024131237543 0.082868822862055158 0.039521021592493079 0.041489142179489139 0.041632862414776352
leaf_weight=359 633 2981 1266 4983 1725 426 9443 11465 6866 6579 322 23728 1077 18143 10587 1270 490931 1568 4387 5709 2406 1644 5811 13910 64750 8484 2247 511 1359 153
leaf_count=359 633 2981 1266 4983 1725 426 9443 11465 6866 6579 322 23728 1077 18143 10587 1270 490931 1568 4387 5709 2406 1644 5811 13910 64750 8484 2247 511 1359 153
internal_value=-0.000174878 -0.0029839 0.0295341 0.0208934 0.00598886 -0.00379413 0.0376944 0.00301847 0.0134359 0.0385757 -0.00399386 0.00192462 0.0265858 0.00152146 -0.00198704 0.0124605 -0.00430749 0.00620551 0.0186625 0.0140082 0.000810461 0.0222166 0.0198883 0.0410546 -0.00225165 0.0303069 0.0161161 0.0183123 0.00986623 0.0372405
internal_weight=705723 644761 60962 29611 53399 591362 31351 38174 15225 30085 569943 35193 17649 21419 77018 11962 492925 1994 8359 10692 20549 8088 6444 20642 75337 9561 6634 870 1681 6732
internal_count=705723 644761 60962 29611 53399 591362 31351 38174 15225 30085 569943 35193 17649 21419 77018 11962 492925 1994 8359 10692 20549 8088 6444 20642 75337 9561 6634 870 1681 6732
cat_boundaries=0 27 54 62 89 116 121 148 149 157
cat_threshold=0 0 64 77594944 16 2147483648 8388672 65536 0 538972160 0 0 0 0 0 262210 536870912 0 8388608 0 67108864 524288 134217728 1048576 268435584 0 4 4194320 131136 528 320 536870912 16448 8388672 16388 16384 538972160 0 0 0 524288 524288 0 536870912 4 16 8 0 0 134217728 1073741824 0 4 268959745 0 0 8198 176 0 272105472 0 64 524304 64 576 75497728 32768 2147483712 8388608 0 65536 541069588 0 0 256 0 0 64 8389120 0 17825808 0 67108864 0 0 0 268435584 4 4 22 0 80 8388864 536870912 64 545259584 81920 0 71307536 0 0 0 8388608 524288 64 1024 36 0 0 67108864 4718592 134217728 0 128 0 4 0 0 0 134742048 2050 4 1074003968 0 603979792 131072 268435456 536903684 1 65536 8448 0 134217728 262152 0 0 0 9045504 32 1064960 4194304 0 4194304 0 1024 128 0 8192 1 0 268435456 0 32 0 0 0 32
is_linear=0
shrinkage=0.05


Tree=2
num_leaves=31
num_cat=16
split_feature=4 4 24 37 22 11 37 37 37 30 37 37 4 6 36 30 22 22 37 36 22 36 36 37 6 36 23 36 36 39
split_gain=20153.5 1608.3 1326.72 477.271 387.341 348.105 227.599 199.727 166.133 160.805 148.947 143.524 136.377 133.471 112.477 102.195 101.731 84.1744 82.2124 81.0407 76.492 66.3523 66.2137 65.9349 60.3486 58.6654 58.1914 58.1058 57.4506 51.2037
threshold=2.6375552415847783 1.816993832588196 3.4040191173553471 0 4.5000000000000009 3.9142857789993291 1 2 3 1.0000000180025095e-35 4 5 3.2614529132843022 1.2128280997276308 6 1.0000000180025095e-35 4.5000000000000009 4.5000000000000009 7 8 4.5000000000000009 9 10 11 2.5119159221649174 12 6.4962506294250497 13 14 15
decision_type=2 2 2 9 2 2 9 9 9 2 9 9 2 2 9 2 2 2 9 9 2 9 9 9 2 9 2 9 9 1
left_child=1 6 3 12 10 8 15 24 16 14 19 -11 20 -8 -5 -1 23 -15 -19 -3 28 -17 -14 -4 -6 -9 29 -12 -2 -7
right_child=2 4 5 9 7 26 13 25 -10 11 27 -13 22 17 -16 21 -18 18 -20 -21 -22 -23 -24 -25 -26 -27 -28 -29 -30 -31
leaf_value=-0.014536801397800447 0.062010254754920925 0.05394539915212207 0.12109677901873957 0.083374137699686601 0.068562317006703025 0.21973714342236605 -0.054619034309833996 0.064727730766752894 0.095467049181461344 0.59907574973872013 0.034789775395907732 0.083631178472589898 0.073063995464351827 -0.026657414022739186 0.039709229169483135 0.094384361147274914 0.20888629279902285 0.034193973387312802 -0.0093197868123137042 0.025537480479274219 0.11187092475708729 0.035268299637815359 0.10747812996670965 0.098540424614514899 0.12112475308034783 0.027170623444402048 1.0251507114863061 -0.0025953028447659229 0.053371358161438988 0.17400359491021641
leaf_weight=13069 1285 1721 5314 1776 6022 1319 476006 1474 2225 1311 2249 2144 866 66287 7657 1158 6759 5919 20437 11939 1629 6857 6943 2990 1403 6750 6424 23268 4956 7433
leaf_count=13069 1285 1721 5314 1776 6022 1319 476006 1474 2225 1311 2249 2144 866 66287 7657 1158 6759 5919 20437 11939 1629 6857 6943 2990 1403 6750 6424 23268 4956 7433
internal_value=-0.000387053 -0.0029873 0.0270742 0.0192143 0.005204 0.0339898 -0.00374884 0.0118534 0.0291347 0.0120521 0.00254773 0.0212891 0.0250768 -0.00393793 0.00867977 0.00135245 0.0310259 -0.0022016 0.000188564 0.00675883 0.0204421 0.00579778 0.0297766 0.0273305 0.0177952 0.0064578 0.0395183 0.000290464 0.0179181 0.0368491
internal_weight=705590 644559 61031 28567 54826 32464 589733 15649 17288 12888 39177 3455 15679 568649 9433 21084 15063 92643 26356 13660 7870 8015 7809 8304 7425 8224 15176 25517 6241 8752
internal_count=705590 644559 61031 28567 54826 32464 589733 15649 17288 12888 39177 3455 15679 568649 9433 21084 15063 92643 26356 13660 7870 8015 7809 8304 7425 8224 15176 25517 6241 8752
cat_boundaries=0 27 54 81 108 135 161 187 214 241 269 296 323 351 377 403 404
cat_threshold=0 0 64 10486016 0 2147483712 8388608 65536 0 538972160 0 0 0 0 0 262210 536870912 0 8388608 0 67108864 524288 0 1048576 268435584 0 4 4194320 131136 528 320 536870912 16448 8388672 134234116 18890752 538968064 0 0 0 524288 524288 0 536870912 4 16 8 0 0 134217728 1073741824 0 4 524289 524306 64 64 2222981376 536903680 2147483712 8388608 0 65536 541069332 0 0 536870912 2181038080 0 64 545259520 0 16 0 0 524288 0 0 268435584 0 4 16 0 64 77594944 0 2147483648 545259520 0 2048 538972176 0 0 0 0 0 66 536870912 0 8388624 0 67108864 524288 0 1048576 268435584 0 4 18 0 64 8388864 536870912 2147483712 9437248 65536 0 71307264 0 0 536870912 33554432 524288 66 1024 36 8388608 0 67108864 524288 0 4096 268435584 4 524292 16 0 0 67108864 0 0 0 0 0 4194304 0 0 0 0 0 0 0 0 16 0 0 0 0 0 0 4 0 264 133120 2147483650 131072 134217729 1073741856 2048 268436096 4224 8388609 0 0 268435456 0 268435460 536870912 68160512 0 8192 0 67108928 0 0 0 4194304 524288 0 1152 67108864 16 268435456 536903680 1 8 8468 0 0 4108 256 1024 64 8913416 0 26214400 0 16 0 0 0 128 1024 268443648 512 0 1024 2147483650 262144 8388752 1064960 16 0 16416 64 2 33792 2 131072 8192 537003520 0 1026 8388865 262144 0 0 0 0 0 17825792 8192 0 128 1 4194304 262144 0 1342177280 0 8196 256 536879104 0 0 0 4096 536870912 0 1114112 2147491840 4194304 541065216 0 67633152 17835008 65536 8 1052672 768 8 0 1 536870912 67125248 0 0 32 0 0 128 0 0 33686528 17317888 544 262144 2 92282881 536887296 0 16 1040 0 2048 16777216 0 0 64 8388928 0 0 8388608 0 2048 4096 0 0 0 0 0 64 0 0 0 0 0 524288 0 0 268435456 0 4 0 8192 9216 0 75497984 4194304 1056768 8224 512 8192 0 1073741824 33554432 33587328 8404992 263168 2097152 1024 0 0 4194304 1048576 0 0 4194304 4194304 2048 2101248 2048 65536 0 20971520 8 1 32 67108896 1077936256 8388608 8388608 0 4194336 0 0 263168 10485824 268439552 4674 0 0 67109376 0 0 8192 4259840 524544 0 0 4194305 2688548864 16846976 256 8388624 0 0 8404992 512 0 0 148480 4194312 33554464 0 67108880 16 16384 128 1 0 4096 1073741824 36
is_linear=0
shrinkage=0.05


Tree=3
num_leaves=31
num_cat=9
split_feature=5 27 5 42 22 42 35 5 35 42 4 35 35 22 5 35 22 42 38 22 28 22 4 40 27 42 42 5 42 35
split_gain=17947.4 1499.1 1312.02 369.098 322.996 256.035 205.153 166.578 166.435 140.035 139.956 120.883 118.938 108.255 102.451 89.1554 78.3231 77.8634 76.2905 73.7956 70.6266 66.1894 65.1194 63.0398 62.3949 60.9744 58.8518 54.4495 54.018 46.9213
threshold=2.5596423149108891 3.472071766853333 1.7647651433944704 0 4.5000000000000009 1 0.80002030730247509 1.2268590927124026 0.83300098776817333 2 4.6186585426330575 0.93340539932250988 0.94524696469306957 4.5000000000000009 2.9367743730545048 1.1110839843750002 4.5000000000000009 3 4 4.5000000000000009 0.90021380782127391 4.5000000000000009 2.1259223222732548 5 7.757441759109498 6 7 2.2301716804504399 8 1.0063279271125796
decision_type=2 2 2 9 2 9 2 2 2 9 2 2 2 2 2 2 2 9 9 2 2 2 2 9 2 9 9 2 9 2
left_child=2 3 6 11 8 24 9 -8 -4 18 15 -2 -6 -9 21 19 23 27 25 28 -5 -13 -10 -12 -3 -1 -15 -14 -7 -24
right_child=1 5 4 20 12 10 7 13 22 -11 16 14 17 26 -16 -17 -18 -19 -20 -21 -22 -23 29 -25 -26 -27 -28 -29 -30 -31
leaf_value=0.29734405055905366 0.10318682382024649 0.16521224736838513 0.091825439083699084 0.1055776456045508 0.11268292304849709 0.085809364557223558 -0.053127650782512449 -0.024919651314662717 -0.0026280138238373662 -0.010575791530064316 0.14864761403346857 0.035353660663165386 0.043854634109844803 0.02657729042964542 0.079184296348218497 0.042476955752836477 0.45646204672214036 0.023075240938058864 0.03149055907062593 0.17744178420536855 0.042323359595505178 0.089943957251302345 0.024185210000464107 0.15367600166904968 1.1414688752021276 0.040804191067768315 -0.0060192553777078227 0.070339155660315039 0.087739020820440258 -0.0023674760908976001
leaf_weight=1151 2132 10008 1236 5806 1979 1132 476837 68876 22377 8439 1975 4188 5039 9025 9620 647 3133 6429 2140 5493 6770 1249 11658 4140 2737 703 18352 2573 4280 4845
leaf_count=1151 2132 10008 1236 5806 1979 1132 476837 68876 22377 8439 1975 4188 5039 9025 9620 647 3133 6429 2140 5493 6770 1249 11658 4140 2737 703 18352 2573 4280 4845
internal_value=-0.000551507 0.0248464 -0.00305745 0.0166776 0.00424444 0.032094 -0.00375752 -0.00389537 0.00184759 0.00259651 0.0285979 0.0214421 0.0102459 -0.001998 0.0198742 0.0249364 0.0331993 0.00862733 0.0102946 0.0260063 0.010139 0.014383 0.00127311 0.0298929 0.037745 0.0177105 0.000661661 0.0120477 0.0218529 0.00365578
internal_weight=704969 63310 641659 29765 56136 33545 585523 573090 40116 12433 20800 17189 16020 96253 15057 11552 9248 14041 3994 10905 12576 5437 38880 6115 12745 1854 27377 7612 5412 16503
internal_count=704969 63310 641659 29765 56136 33545 585523 573090 40116 12433 20800 17189 16020 96253 15057 11552 9248 14041 3994 10905 12576 5437 38880 6115 12745 1854 27377 7612 5412 16503
cat_boundaries=0 8 15 22 30 31 32 37 45 53
cat_threshold=17301510 2147483648 148736 2147483648 69210112 128 2 32 17301508 0 1280 0 2097152 16777216 2097152 671088644 335613952 33554438 162 538986498 0 167772160 16777220 2550136832 1074151680 2281718556 606142464 4096 8194 128 1 536937504 0 268435456 6 32 2050 67633158 2551710722 263170 2147500052 543162369 335544592 4106 130 0 0 270342 0 1 272105728 0 96
is_linear=0
shrinkage=0.05


Tree=4
num_leaves=31
num_cat=16
split_feature=5 27 5 37 37 22 35 36 36 35 27 37 37 22 35 37 36 36 36 37 5 35 0 26 36 36 22 37 36 36
split_gain=15920.8 1553.67 1045.38 480.73 306.064 276.442 182.812 163.389 148.353 146.708 143.784 134.194 126.543 117.131 110.831 100.084 97.6099 96.4113 94.0793 92.2554 90.196 73.8025 69.8477 63.5381 63.3248 61.6246 56.0337 55.0766 52.7436 45.0146
threshold=2.4967967271804814 3.6039527654647832 1.6754979491233828 0 1 4.5000000000000009 0.71344330906867992 2 3 0.79101082682609569 1.2707331180572512 4 5 4.5000000000000009 0.88897725939750682 6 7 8 9 10 3.3835936784744267 0.93000152707099926 3.00000011920929 7.2946035861969003 11 12 4.5000000000000009 13 14 15
decision_type=2 2 2 9 9 2 2 9 9 2 2 9 9 2 2 9 9 9 9 9 2 2 2 2 9 9 2 9 9 9
left_child=2 3 6 8 23 9 11 -6 -2 -4 27 -1 21 18 -10 -12 -16 -5 -9 24 -15 -7 -18 -3 -11 -14 -19 -8 -20 -23
right_child=1 4 5 17 7 12 10 13 14 19 15 -13 25 20 16 -17 22 26 28 -21 -22 29 -24 -25 -26 -27 -28 -29 -30 -31
leaf_value=0.32964793996150293 0.10500432530562978 0.17342540731881689 0.10778406699091725 0.09796830562848903 0.18660000457138706 0.13755815044836503 -0.012698255128457637 0.121768882633323 0.096009953963117012 0.0450564437878231 0.023351184389078308 0.03012908755797963 0.059647361713781981 0.12537003877073591 0.02516553353386013 -0.021041904012253365 0.05370238175662885 0.038155616863113223 0.098106211176573213 -0.0056062399189316997 0.28719067858657693 0.072473420217253143 0.079399053269085501 1.0613583254441206 0.013802722324462967 0.016442723653249013 0.080122568094862442 -0.050202699602058171 0.070534227691624415 0.044721310358037662
leaf_weight=528 2823 6580 850 2788 4732 1235 12658 2791 1533 1618 9614 4051 1452 2446 1524 78727 6873 10685 1960 31481 5843 818 6711 3146 12088 8532 2095 469493 4159 6214
leaf_count=528 2823 6580 850 2788 4732 1235 12658 2791 1533 1618 9614 4051 1452 2446 1524 78727 6873 10685 1960 31481 5843 818 6711 3146 12088 8532 2095 469493 4159 6214
internal_value=-0.000679614 0.0225679 -0.0031045 0.0153124 0.0305962 0.00294234 -0.00378049 0.0272603 0.020551 0.000877861 -0.00386036 0.00616921 0.00814952 0.0249393 0.0187182 -0.0020059 0.0174274 0.00874318 0.0209685 0.000490505 0.0292346 0.0127223 0.0187701 0.0380477 0.00391266 0.00434517 0.00689156 -0.00420014 0.0173825 0.010755
internal_weight=706048 66689 639359 35032 31657 64288 575071 21931 19464 46037 570492 4579 18251 17199 16641 88341 15108 15568 8910 45187 8289 8267 13584 9726 13706 9984 12780 482151 6119 7032
internal_count=706048 66689 639359 35032 31657 64288 575071 21931 19464 46037 570492 4579 18251 17199 16641 88341 15108 15568 8910 45187 8289 8267 13584 9726 13706 9984 12780 482151 6119 7032
cat_boundaries=0 27 49 76 104 130 157 184 211 237 262 289 316 342 369 397 425
cat_threshold=0 0 64 10486080 16 2147483712 8388672 65536 0 538972164 0 0 0 0 0 262210 536870912 0 8388608 0 0 524288 134217728 1048576 268435584 0 4 0 0 0 256 0 0 0 0 2048 4096 0 0 0 0 0 262144 268435456 0 8192 0 67108864 524288 0 0 132096 33554432 1642636 134348800 4194304 2050 128 4096 0 0 0 256 0 8192 0 1056800 131072 1048580 0 1 1024 16384 2147483648 64 2048 327683 8388608 0 32 132 66048 4194560 8388608 128 512 128 16777792 33587200 0 3162112 0 2097152 8398848 67108864 0 0 4096 262144 0 0 0 0 536870912 0 64 0 0 0 0 0 0 0 0 0 0 0 64 0 0 0 0 0 0 32 0 0 0 0 2147483648 524306 64 512 67109120 536903680 64 8421376 0 65536 538972164 0 0 256 33554432 0 64 545260032 0 1048592 0 0 0 0 0 268435584 4 268443652 4194324 1073872896 512 536871232 536870912 268435520 8192 16384 16384 536871168 0 134217728 0 0 525312 0 537526272 0 1048592 8 0 0 134217728 0 0 4 34086913 0 536870912 0 0 536870912 8650756 2147487744 0 0 16388 16778304 0 263168 1048576 0 540672 66560 2097152 4 33 536870944 512 0 541065218 0 3221225472 65536 8208 8 131136 4194304 131072 1 1074790432 2048 512 16781440 8388609 0 32 268435456 64 4 536887296 67125248 1048576 256 0 64 0 0 12288 4194304 3 8388608 2048 268435460 16941056 4194561 1048576 0 256 0 276832384 32768 136323072 262144 16384 134217728 2147483648 134217728 1049602 0 0 0 1 0 4096 4194324 0 64 67109120 536870912 64 8388608 65536 0 4198400 0 0 536875008 8388608 525312 64 545260544 36 0 8 67108864 4194304 134217728 0 268435584 0 524292 512 18 134217728 0 67108864 16785616 1073758208 0 1073741824 0 8388608 0 1028 4194304 0 33792 536871972 264192 1094 67108864 0 0 0 0 0 0 1048576 0 16 0 0 75497472 20971520 2147491904 34 33280 4096 64 1073741824 33554432 33554560 1082146816 1024 0 142737408 0 0 16777216 1049600 0 0 4194304 4198400 4194320 32768 528 336 536936448 16448 64 1048580 2121728 2097152 0 32 0 4 524296 0 536870912 0 0 8 128 4194304 128 1073741824 0 0 50339840 524288 134217728 0 0 0 16781376 1610612736 67108928 268435456 16777344 1 83886080 37765120 2048 1048576 268959746 8388736 0 67108864 0 4194304 1048640 0 0 0 4096 0 67108872 0 16777216 0 16512 33554432 4096 0 131072 32 8388608 0 1610612736 0 4194304 4 0 0 33554432 1024 19398656 4718592 4202496 0 524288 1073741824 4096 0 256
is_linear=0
shrinkage=0.05


Tree=5
num_leaves=31
num_cat=18
split_feature=5 5 27 37 36 22 27 37 35 36 35 37 36 35 37 36 30 35 37 22 36 36 37 37 37 36 36 37 22 36
split_gain=13869.7 1203.07 1129.77 383.481 342.101 247.29 211.159 150.352 149.475 141.777 138.872 126.359 107.566 101.63 106.869 95.1727 92.1693 91.3256 88.7521 85.6111 99.1999 85.0336 81.8167 81.65 76.6071 66.9744 58.575 57.3859 53.9209 58.0855
threshold=2.6278630495071416 1.7895516157150271 3.7510277032852177 0 1 4.5000000000000009 1.2707331180572512 2 0.92794868350029003 3 0.91871085762977611 4 5 0.7614157795906068 6 7 1.0000000180025095e-35 0.87452495098114025 8 4.5000000000000009 9 10 11 12 13 14 15 16 4.5000000000000009 17
decision_type=2 2 2 9 9 2 2 9 2 9 2 9 9 2 9 9 2 2 9 2 9 9 9 9 9 9 9 9 2 9
left_child=1 6 3 9 -4 8 13 12 -3 -2 18 25 -6 14 -1 -5 -17 -11 -8 20 -14 -19 -12 26 -18 -7 -10 -15 29 -23
right_child=2 5 4 15 7 11 10 -9 23 17 22 -13 19 27 -16 16 24 21 -20 -21 -22 28 -24 -25 -26 -27 -28 -29 -30 -31
leaf_value=0.3131655429634278 0.10874449851334596 0.053496346847353028 0.9253552666548247 0.090676170024271335 0.078289424639691602 0.092368470268409775 0.080622321068917036 0.10505531112439864 0.040782654805558406 0.1108496624031764 0.018626292364651988 0.025923310075797915 0.058018971310043771 -0.0076041573946305663 0.0044667639385030846 0.033281286543735286 0.51495188089556465 0.02917536192085626 0.0093519404306969169 0.25338506385482568 0.12050154323432308 0.031255131251539073 -0.020505331722773315 -0.0032947887431696967 0.072599129689401298 0.063369189852630278 0.014927832667794867 -0.047898776424449979 0.10026140099251193 0.064888724030615255
leaf_weight=498 2401 3824 4747 2381 1319 1112 2486 2519 1694 1213 9144 7810 1143 12245 5877 9244 426 1442 6056 8760 10637 1475 82623 24867 2803 7124 9578 469544 2023 8427
leaf_count=498 2401 3824 4747 2381 1319 1112 2486 2519 1694 1213 9144 7810 1143 12245 5877 9244 426 1442 6056 8760 10637 1475 82623 24867 2803 7124 9578 469544 2023 8427
internal_value=-0.000811917 -0.00296813 0.0219837 0.0154723 0.0291003 0.00403419 -0.0036346 0.026662 0.00192886 0.0206065 -0.00154516 0.00927712 0.0280112 -0.00406393 0.0022075 0.00958157 0.0078168 0.0187136 0.00455226 0.0289159 0.0261395 0.0175318 -0.00211277 0.000934005 0.0150944 0.0135952 0.00446158 -0.00414692 0.0189155 0.0174079
internal_weight=705442 644482 60960 31835 29125 56009 588473 24378 39963 16981 100309 16046 21859 488164 6375 14854 12473 14580 8542 20540 11780 13367 91767 36139 3229 8236 11272 481789 11925 9902
internal_count=705442 644482 60960 31835 29125 56009 588473 24378 39963 16981 100309 16046 21859 488164 6375 14854 12473 14580 8542 20540 11780 13367 91767 36139 3229 8236 11272 481789 11925 9902
cat_boundaries=0 27 55 82 110 137 165 192 218 246 274 301 328 355 356 382 410 437 465
cat_threshold=0 0 64 8388928 0 2147483648 545259584 65536 0 538972164 0 0 0 0 0 262210 536870912 0 0 0 0 524288 134217728 1048576 128 0 4 32 2148794368 1042 0 524384 2281701376 0 8192 0 0 0 0 167772160 0 0 65536 65536 8192 196864 1024 4352 4 512 2 0 4096 2050 1073741828 18 0 192 10486016 0 2147483648 8388608 0 0 538972160 0 0 536870912 0 0 262208 0 4 0 0 67108864 524288 0 1048576 268435456 0 4 458755 8388608 2147484672 0 16777356 512 4194560 0 1073741952 1049600 0 16777280 0 0 0 1024 2097153 8396800 67108864 0 0 4096 262144 0 2147483648 4096 0 536870912 524306 67108928 512 256 0 2147483712 8388608 65536 65536 541069332 0 0 256 33554432 524288 66 8389120 0 17825808 0 67108864 524288 0 0 128 4 4 2147483904 2097152 2155872256 0 4194304 536870912 0 0 0 32 1610678272 16793608 0 0 33554434 71303176 33685504 0 4 17 128 128 0 33554432 0 2147551232 0 8192 0 64 0 0 0 0 0 0 0 0 0 0 0 64 1048576 0 0 0 0 0 32 0 0 0 0 2147483648 16777216 8192 0 131072 0 131072 1 1073741856 2048 512 16781440 1082130561 2097280 67108864 268437506 0 9220 536887296 67108864 0 272 0 64 0 0 0 4194304 80 67108928 0 256 65536 268435456 0 0 0 0 2147483648 0 0 1280 0 0 0 32 1048596 2097152 0 0 0 16 0 4 268443648 1 8388608 0 0 64 2099202 0 0 0 2 512 1 537395392 1073774592 268435456 208 16810244 16384 8421392 75497472 256 0 0 16 0 0 0 0 4096 512 538968064 0 16777216 0 262148 2147483648 131136 32 16644 64 131072 67372032 4194304 0 20480 0 262144 4 16777217 1610612768 0 0 541065216 0 1073741824 65536 4194324 131072 512 603979840 536903680 64 536870912 16384 16793600 2097408 0 134348800 262152 0 525312 0 545914880 0 0 8 0 4194304 134217728 0 0 0 34078720 20 0 64 256 536870912 64 8421376 65536 0 71307520 0 0 536875008 8388608 525312 64 8389632 36 0 0 67108864 524288 134217728 0 130 1024 524292 16 0 0 1024 128 41943040 8392704 1048832 0 32 8388640 16777280 1610612736 0 33554432 0 8 33554432 0 4195332 2097152 5767424 0 1024 18874368 1073741824 4198400 512 16656 0 0 33554432 262288 541696 32 0 16416 0 0 32 0 131072 16811008 536871440 264192 1040 67108864 0 0 0 0 0 4198400 17825792 2048 272629776 32768 16 64 536870912 16448 8388672 2282766340 2113536 538968064 0 32 0 2048 524296 0 536870912 0 0 8 128 4194304 134217728 1073741824 32768 0 8192 0 0 134217728 0 570425344 67108928 0 16777216 1048576 32833 536870912 10 16777216 18 2 2105344 516 0 4112 67240192 256 0 8 256 0 65536 0 32
is_linear=0
shrinkage=0.05


Tree=6
num_leaves=31
num_cat=15
split_feature=5 5 27 36 37 37 35 5 30 35 35 36 36 37 36 35 36 36 3 37 35 37 36 36 36 37 35 30 30 30
split_gain=11651.1 1212.81 882.94 361.966 335.083 222.482 176.04 173.44 140.519 134.016 110.085 107.224 100.786 97.732 95.2578 94.5198 92.0577 79.0462 73.8043 71.6636 70.4939 63.5138 62.69 58.1016 54.3951 53.7251 50.9285 48.3696 46.2573 46.0618
threshold=2.4967967271804814 3.8482166528701787 1.7482046484947207 0 1 2 1.0051720738410952 1.2677425146102907 1.0000000180025095e-35 0.8655003309249879 0.98363763093948375 3 4 5 6 0.7614157795906068 7 8 1.6666667461395266 9 0.94641631841659557 10 11 12 13 14 0.79101082682609569 1.0000000180025095e-35 1.0000000180025095e-35 1.0000000180025095e-35
decision_type=2 2 2 9 9 9 2 2 2 2 2 9 9 9 9 2 9 9 2 9 2 9 9 9 9 9 2 2 2 2
left_child=2 4 7 -3 11 9 16 15 12 -4 19 -2 -6 -10 -8 21 -5 -13 -7 26 -19 -1 -11 -18 -20 -12 -9 -24 -16 -22
right_child=1 3 5 6 8 18 14 10 13 22 25 17 -14 -15 28 -17 23 20 24 -21 29 -23 27 -25 -26 -27 -28 -29 -30 -31
leaf_value=0.093243408801543165 0.098011262824594769 0.88219638622613639 0.14978995915532864 0.18745952334066152 0.057399146564335979 -0.008419739880081439 0.18755170384454398 0.25530709194685164 0.17538555236254913 0.063348899303195455 0.0078235102960528824 0.037565104715484438 0.014418550195708294 0.050043837865979615 0.050110303899462943 -0.045563045081261827 0.080260276587742957 0.085565290334059491 0.035706215516208693 -0.0031003516263229474 0.045105619902539695 -0.010823637165226789 0.0086277154661612877 0.14194434352256519 0.010968317373544402 -0.022465488802299968 0.02663052266529467 0.043104609340738037 0.31258145894920386 0.082874083935295551
leaf_weight=1948 2110 4213 1551 5429 2171 23736 1748 591 3573 1734 9520 1550 9887 3890 2728 484451 1317 2099 2288 11017 6794 4643 6641 13903 19554 58343 5581 7416 963 4015
leaf_count=1948 2110 4213 1551 5429 2171 23736 1748 591 3573 1734 9520 1550 9887 3890 2728 484451 1317 2099 2288 11017 6794 4643 6641 13903 19554 58343 5581 7416 963 4015
internal_value=-0.000974718 0.0189612 -0.00304597 0.0263364 0.0127682 0.00257783 0.0241028 -0.0036602 0.0083143 0.00739584 -0.00157561 0.0179993 0.00498051 0.0137105 0.0161039 -0.00402126 0.0262206 0.0164289 0.000742722 0.00199854 0.0177189 0.00192582 0.00602172 0.0241383 0.00284027 -0.00248092 0.006306 0.00490226 0.0114384 0.0161013
internal_weight=705404 66390 639014 30301 36089 62920 26088 576094 19521 17342 85052 16568 12058 7463 5439 491042 20649 14458 45578 17189 12908 6591 15791 15220 21842 67863 6172 14057 3691 10809
internal_count=705404 66390 639014 30301 36089 62920 26088 576094 19521 17342 85052 16568 12058 7463 5439 491042 20649 14458 45578 17189 12908 6591 15791 15220 21842 67863 6172 14057 3691 10809
cat_boundaries=0 28 55 82 110 134 160 186 213 240 268 295 322 351 378 405
cat_threshold=32 2157199360 1042 0 528584 0 4194304 8192 131072 0 0 0 0 0 0 65536 65536 8192 65792 1028 4096 4 512 2 16 0 2 1073741828 0 0 64 8388928 16 2147483712 8388672 65536 0 536875012 0 0 0 0 0 262144 0 0 8388608 0 0 524288 0 1048576 0 0 4 4194320 1073741888 576 320 536870912 64 8388672 65536 65536 603983872 0 0 536870912 0 0 64 545261056 4 1048592 8 67108864 0 134217728 0 0 4 8196 65539 67108864 0 0 16777220 0 4194432 4608 0 0 67108992 83894336 1056776 16384 0 1280 2097152 8390784 0 0 0 1 0 0 2151677952 4096 0 536872960 2147491856 0 64 1 10616832 2097280 8388640 2048 1073741952 16781312 8388608 2097280 67117056 16 0 67141632 536870912 2048 68157442 16 0 0 0 2147483648 16 0 0 0 536870912 0 536870912 0 65536 69206272 0 536870912 4 2147483648 0 64 0 0 16 0 67108864 0 0 0 128 4 131074 8 133121 0 4 1 1090519072 67108866 268435712 128 0 32768 33603584 262144 0 8192 128 135266336 0 0 0 1073741825 0 17408 2147483648 4194304 1048578 603979776 131072 0 1049120 4202496 34734336 536872962 0 92279808 128 0 33570816 2048 0 134217728 2147483648 1048576 0 1048576 0 0 1024 0 0 0 2048 512 0 32 128 0 262148 2147483648 0 0 4 150995008 1179648 1140851712 4194306 0 16384 66576 2097152 0 100794657 536870912 0 0 536870912 0 0 65536 4194304 64 4096 69206032 536936448 16384 8389120 1 65536 16 0 536870912 0 33555520 524288 0 536871936 32 17825808 0 0 4194304 0 0 32769 4 268443648 1 64 67108928 67108864 8 0 0 0 0 0 0 0 0 0 64 1048576 0 16777216 0 0 0 32 0 0 0 16 3221225476 83886080 0 258 134217728 16386 33554432 16777296 0 0 1073741824 4128 16777216 4 0 4096 512 16778248 262144 33816576 0 2097152 4718592 8 0 2621440 1073741824 4096 16777216 2147483776 33554432 0 48 2097152 536870912 128 32768 0 512 536936448 49280 256 0 33620032 84410624 131072 1024 0 139264 262144 0 16 33554432 0 131072 0 0 2 0 0 1024 0 131072 4194304 2097152 67108866 0 10489856 1120 64 0 0 16384 1089544 2415919104 4096 1026 1179648 1073741856 0 256 0 0 541065280 2048 2097172 32 80 75497488 536870912 16448 64 16388 16777216 4198400 0 32 4352 8388608 525312 64 553648384 0 0 8 0 16384 134217728 0 0 0 4
is_linear=0
shrinkage=0.05


Tree=7
num_leaves=31
num_cat=11
split_feature=4 27 4 27 37 37 4 35 30 35 37 35 35 35 37 37 35 30 42 37 24 23 35 37 37 37 35 42 35 0
split_gain=9912.87 982.433 832.264 385.041 281.892 224.42 171.408 146.913 133.65 114.954 111.693 107.831 102.789 99.3393 76.3339 75.8305 70.7445 64.294 60.6355 59.3204 58.5305 58.2688 52.4659 50.2889 45.6155 42.7847 36.8427 36.6719 36.3846 35.5951
threshold=2.6375552415847783 1.7482046484947207 4.1912307739257821 12.693529129028322 0 1 1.2197539210319521 1.0119994282722475 1.0000000180025095e-35 0.87005653977394115 2 0.91159951686859142 0.98437505960464489 0.67103970050811779 3 4 1.0143323540687563 1.0000000180025095e-35 5 6 6.5216438770294198 3.1126331090927128 0.93000152707099926 7 8 9 0.74277594685554515 10 1.0824217200279238 2.50000011920929
decision_type=2 2 2 2 9 9 2 2 2 2 9 2 2 2 9 9 2 2 9 9 2 2 2 9 9 9 2 9 2 2
left_child=1 6 4 7 11 9 13 15 16 -3 -10 -2 19 27 22 -4 18 -11 -6 26 -17 -13 -7 -19 -15 -14 -8 -1 -12 -9
right_child=2 5 3 -5 8 14 12 29 10 17 28 21 25 24 -16 20 -18 23 -20 -21 -22 -23 -24 -25 -26 -27 -28 -29 -30 -31
leaf_value=0.30261754045109185 0.094427576219858256 0.10997639800918779 0.16264730179395026 0.99522331240285311 0.048907203483251775 0.062624331954620679 0.24269499764213812 0.037355176447125438 0.34248754592468056 0.013319546153891188 0.077190164964524854 0.053836171208867724 0.0088054206946889101 -0.012183600071317559 -0.0022498780191928494 0.10754842222873498 0.0030792217617587659 0.20348639680033781 0.0083509518931667564 -0.0035082077435033515 0.18443521204732197 0.077098364157706087 0.014511208264518093 0.039805869548429539 -0.045010652184793991 -0.021688058203629207 0.023075284532677071 0.0298215407795577 0.0092123337251655123 0.11620444500888812
leaf_weight=413 2192 1597 5352 2588 5044 1617 331 671 1308 8305 4783 7156 7452 10871 33654 10174 4055 922 2470 14984 2759 8465 14149 8289 460320 72904 6572 2195 803 3348
leaf_count=413 2192 1597 5352 2588 5044 1617 331 671 1308 8305 4783 7156 7452 10871 33654 10174 4055 922 2470 14984 2759 8465 14149 8289 460320 72904 6572 2195 803 3348
internal_value=-0.00111565 -0.00294112 0.0181205 0.0251613 0.0132886 0.00271814 -0.00361442 0.023041 0.00894148 0.00731724 0.0144569 0.0177786 -0.00175771 -0.00401508 0.00093767 0.0249439 0.00566162 0.00614945 0.0085336 0.00127992 0.0227739 0.0163292 0.00380744 0.00902573 -0.00406895 -0.00258509 0.00511064 0.00571483 0.0113043 0.0143794
internal_weight=705743 644575 61168 24892 36276 68533 576042 22304 18463 19113 6894 17813 102243 473799 49420 18285 11569 17516 7514 21887 12933 15621 15766 9211 471191 80356 6903 2608 5586 4019
internal_count=705743 644575 61168 24892 36276 68533 576042 22304 18463 19113 6894 17813 102243 473799 49420 18285 11569 17516 7514 21887 12933 15621 15766 9211 471191 80356 6903 2608 5586 4019
cat_boundaries=0 27 54 73 100 126 134 162 184 210 237 242
cat_threshold=0 0 64 8388928 0 2147483712 545259584 65536 0 536875012 0 0 0 8388608 0 262144 0 0 0 0 0 524288 0 1048576 268435456 0 4 16 1073872960 576 320 537001984 2147483712 545259584 65536 65536 603983872 0 134217728 0 0 0 0 545261056 4 1048592 8 67108864 524288 0 0 0 0 4 16 0 0 0 0 0 0 0 65536 67108864 0 0 0 0 0 0 0 0 8388608 4718594 0 0 75497472 16 0 33284 16384 16384 4202772 2147483648 0 537133060 0 0 66 524288 0 25165824 0 0 0 134217728 0 268435584 4 268967936 2 0 0 0 0 2147483648 0 0 2048 4096 0 0 0 0 0 0 805306368 4 8208 0 0 0 0 0 0 4 524418 2432696320 16390 2281701632 0 286261696 2 96 0 67108928 67108864 67108880 536870912 2415935488 545259520 0 65536 0 0 33588224 0 33555520 524288 64 536871936 32 1048592 0 0 4194304 0 0 32769 4 268443648 1 16 0 0 0 0 64 0 0 0 4096 0 0 0 0 0 0 0 0 0 0 0 524288 272629776 32768 16 256 536969216 16448 536870976 2282749956 2113536 536871168 0 32 0 0 524296 0 553779200 268435456 16384 0 0 0 0 1073741824 8388608 8 262164 0 1104 8388672 536870912 16448 16777280 16388 32 4096 0 1024 528384 8388608 525312 64 256 0 0 2056 0 16384 134217728 1073741824 0 0 524292 0 0 2 32 2050
is_linear=0
shrinkage=0.05


Tree=8
num_leaves=31
num_cat=17
split_feature=6 23 27 27 37 37 37 37 36 36 30 41 35 37 36 36 36 30 36 35 27 36 35 36 3 36 36 35 35 36
split_gain=8495.72 855.948 833.921 468.376 245.211 169.553 137.067 134.007 112.974 104.484 101.838 141.997 91.6957 92.7889 90.2093 86.9314 79.5536 76.8102 73.1011 72.5307 69.1491 64.4591 61.1648 58.5291 52.2862 48.889 47.5181 44.9321 39.9617 39.5406
threshold=2.5119159221649174 3.50000011920929 1.5877619981765749 12.693529129028322 0 1 2 3 4 5 1.0000000180025095e-35 6 0.85972008109092724 7 8 9 10 1.0000000180025095e-35 11 0.97051784396171581 0.9706791639328004 12 0.99999991059303295 13 1.6666667461395266 14 15 1.0731105804443362 0.87822669744491588 16
decision_type=2 2 2 2 9 9 9 9 9 9 2 9 2 9 9 9 9 2 9 2 2 9 2 9 2 9 9 2 2 9
left_child=2 5 6 7 9 14 16 8 -3 -4 15 -12 13 -8 -2 -7 -1 23 -6 -10 -14 -21 -19 -11 -20 -16 -23 -9 -27 -15
right_child=1 3 4 -5 18 10 12 27 19 17 11 -13 20 29 25 -17 -18 22 24 21 -22 26 -24 -25 -26 28 -28 -29 -30 -31
leaf_value=0.058898973691543122 0.02329112732187448 0.15495420182513195 0.1020122142395184 0.93206748579786058 0.039260508747883172 0.063892016486705061 0.092947611935265434 0.091252592138959712 0.2397108781956801 0.043996022813784418 0.56223528759372465 0.057112433762236993 -0.048358128540780879 0.034955844388301217 0.091229002344819926 0.018328244218415165 -0.0074184945735604529 0.065702624074914825 -0.012469397601139676 0.046215617902083644 -0.023882899245006507 0.11144469235909481 0.029963433157722909 0.0039248130461426245 0.0068979757067969549 0.080793562111667355 0.094945913899532872 -0.004741350698338343 0.059809679420059242 -0.017294419514792724
leaf_weight=2082 1954 4513 1939 2570 3375 1805 2137 2873 2754 1470 745 3944 362615 1097 1577 11175 22838 4964 33446 1114 145849 3980 6257 10035 24509 1012 13306 684 9555 19141
leaf_count=2082 1954 4513 1939 2570 3375 1805 2137 2873 2754 1470 745 3944 362615 1097 1577 11175 22838 4964 33446 1114 145849 3980 6257 10035 24509 1012 13306 684 9555 19141
internal_value=-0.00120694 0.0162297 -0.00293394 0.0220296 0.00164804 0.0104245 -0.00364293 0.0202286 0.0214917 0.0058569 0.00714677 0.0134659 -0.00381303 -0.000680418 0.0145163 0.00486865 -1.8051e-05 0.00490038 -4.56477e-05 0.0199235 -0.00395095 0.0187979 0.00784575 0.00203155 -0.000462772 0.0161275 0.0195479 0.0110188 0.0148577 -0.00172799
internal_weight=705315 63561 641754 31794 85995 31767 555759 29224 25667 24665 17669 4689 530839 22375 14098 12980 24920 22726 61330 21154 508464 18400 11221 11505 57955 12144 17286 3557 10567 20238
internal_count=705315 63561 641754 31794 85995 31767 555759 29224 25667 24665 17669 4689 530839 22375 14098 12980 24920 22726 61330 21154 508464 18400 11221 11505 57955 12144 17286 3557 10567 20238
cat_boundaries=0 27 54 81 108 134 162 165 192 219 244 272 300 328 356 382 410 438
cat_threshold=4194324 1073741888 512 67109184 536870912 64 545259584 65536 16384 4352 0 134217728 0 8388608 524288 64 545260544 0 1048592 8 0 0 134217728 0 0 4 8196 2 0 64 10486080 536870928 0 545259520 0 0 536875264 0 0 0 0 0 262146 0 0 0 0 0 524288 0 1048576 268435456 0 4 4194320 0 16 256 536870912 16448 8388672 134234116 18874368 1612709888 0 0 0 33554432 524288 0 553648384 0 16 8 0 4194304 134217728 1073741824 32896 4 34078720 18 0 192 77594880 0 2147483648 8388608 0 2048 536875012 0 536870912 536870912 0 0 262208 805306368 4 8192 0 67108864 524288 134217728 1048576 268435456 0 4 1179650 603996160 0 0 66124 8704 1179904 536881154 132 67112960 0 0 0 2048 0 0 0 1048576 65536 1049600 0 0 0 0 16 4096 262144 2 0 16793602 67108864 16777216 0 0 1073741824 67686432 8388736 0 0 32784 0 1048576 35652096 266240 0 0 0 0 1040 2097152 8192 4198400 0 4096 0 0 16384 0 67108928 0 8388616 65536 0 512 0 268435968 0 0 33554432 0 320 269484032 0 0 0 0 8388608 32 0 0 16 16777232 2164260864 83894272 512 536870920 0 16793600 33554432 0 0 0 32 524320 1073742912 8 1073741824 37748736 279552 786432 0 0 4 16908545 0 0 0 536870914 0 2147483648 17825792 2148540416 256 0 272629763 2230272 134217728 1073741856 2048 128 16781312 8388736 0 8 0 16384 8192 16384 68158528 0 8388608 1073741824 0 0 0 8192 1024 1026 0 16384 1073741824 8454144 8404992 2 1073774595 8192 0 16777220 0 0 35651584 0 536936448 2048 1049600 8192 0 8 262144 0 4194304 65540 32768 4096 0 8192 0 192 0 16384 8192 33554433 512 0 1056 131168 4096 0 16384 8320 2097152 0 2415923264 16777728 1073741824 4210688 0 0 1073741824 1118208 0 256 536871040 35651600 0 32 4194336 67125248 16777216 64 0 0 536870912 16896 1073741824 18 33554434 4751424 32 64 0 16777217 16384 0 0 0 0 0 0 32 512 16 201326592 4194304 131072 8192 0 4112 128 0 134217728 512 1060 4456448 0 1536 536870948 2048 67109890 0 4194304 0 0 4194304 0 0 1050624 2048 2 0 2048 4 16777220 0 256 8388608 131200 1049088 0 83886144 0 0 3211264 1280 0 2180 0 1048576 0 1 262144 16 2147483648 4160 256 142606336 132096 65536 528385 2151678016 37748736 0 0 25166848 8388608 8256 0 262144 0 1024 8388608 8388736 0 0 0 1048576 1024 0 2147491840 64 2048 524288 262144 8404992 134217728 1 16 541065216 142606336 524290 524416 536870912 8388672 0 2051 4 0 0 512 0 0 0 0 134217728 0 4194304 524288 8388608 526352 67117056
is_linear=0
shrinkage=0.05


Tree=9
num_leaves=31
num_cat=9
split_feature=4 4 5 37 37 22 30 35 22 37 22 41 37 35 41 5 37 35 22 37 4 35 30 35 42 5 35 35 35 31
split_gain=7627.7 891.511 638.907 444.207 253.532 170.695 144.405 127.798 123.986 117.071 98.7003 94.5601 88.7053 86.1355 85.5294 84.9109 68.9733 66.3133 65.7571 70.4155 61.672 48.0779 47.453 43.2221 42.0195 41.3349 40.5025 39.3627 36.0576 34.4996
threshold=2.4490737915039067 4.4030632972717294 1.5072591900825503 0 1 4.5000000000000009 1.0000000180025095e-35 0.88521882891654979 4.5000000000000009 2 4.5000000000000009 3 4 0.91371211409568798 5 0.98865482211112987 6 0.87452495098114025 4.5000000000000009 7 3.2614529132843022 1.0082158446311953 1.0000000180025095e-35 0.98437505960464489 8 7.1855149269104013 0.80002030730247509 0.95036748051643383 0.93710508942604076 3.0408500432968144
decision_type=2 2 2 9 9 2 2 2 2 9 2 9 9 2 9 2 9 2 2 9 2 2 2 2 9 2 2 2 2 2
left_child=2 4 7 -3 10 13 21 9 14 -1 17 -8 23 -4 22 -9 -15 -2 -17 -20 -19 24 25 -7 -6 -5 -14 -13 -12 -10
right_child=1 3 5 8 6 12 11 15 29 -11 28 27 26 16 -16 18 -18 20 19 -21 -22 -23 -24 -25 -26 -27 -28 -29 -30 -31
leaf_value=0.048792413065376516 0.087567281177812262 0.88383296606581541 0.032222830999586803 0.043907778506055872 0.040278644858874724 0.092947105122900636 0.3132781755228547 -0.046414346928040986 0.27053343411038755 -0.014609069220211646 0.10425871579614324 0.19354366600761197 0.10601324168402695 0.014535313988556085 0.0905435025190231 -0.028660574392619001 -0.0099509062527463766 0.032886556417236701 0.030922795857483022 -0.012079170639044935 0.056268590935223219 -0.0013598721875664284 0.78628152813850161 0.035525520137699211 0.0066321750563660409 0.096324788557761082 0.01328265606932973 0.045860771297337843 0.085163542002387002 0.15283370783889119
leaf_weight=4851 1435 2385 4870 2426 5061 2010 1400 375358 4777 29201 781 645 392 11578 10213 99938 45529 8035 3957 36080 8728 5414 271 5304 3307 1139 17100 6203 6448 869
leaf_count=4851 1435 2385 4870 2426 5061 2010 1400 375358 4777 29201 781 645 392 11578 10213 99938 45529 8035 3957 36080 8728 5414 271 5304 3307 1139 17100 6203 6448 869
internal_value=-0.00128372 0.0144391 -0.00300233 0.022739 0.010577 0.000984454 0.0066399 -0.0036321 0.0202337 -0.000665434 0.0139797 0.0118754 0.00448946 -0.000418456 0.0177263 -0.00382813 -0.000962826 0.0120204 -0.00277708 -0.00106486 0.0111361 0.00351085 0.0112477 0.0091099 0.00588601 0.0097378 0.00255042 0.00940516 0.0189288 0.0265043
internal_weight=705705 69537 636168 22080 47457 86783 22030 549385 19695 34052 25427 8248 24806 61977 14049 515333 57107 18198 139975 40037 16763 13782 3836 7314 8368 3565 17492 6848 7229 5646
internal_count=705705 69537 636168 22080 47457 86783 22030 549385 19695 34052 25427 8248 24806 61977 14049 515333 57107 18198 139975 40037 16763 13782 3836 7314 8368 3565 17492 6848 7229 5646
cat_boundaries=0 19 46 73 76 103 106 134 161 169
cat_threshold=0 0 0 0 0 0 0 0 2048 0 0 0 0 0 0 0 268435456 0 8192 2 0 64 10486080 16 2147483712 545259584 65536 0 538972160 0 0 0 8388608 0 262144 536870912 0 8388608 0 0 524288 0 1048576 268435456 0 4 16 67108928 0 256 65568 0 545260032 134217728 268443648 0 0 33554432 4 526656 1048576 0 16777216 32 16 8388608 32 0 0 0 8388752 2147483652 83894272 0 0 16384 524306 131136 512 2147483904 32768 2147483712 545292288 65536 65536 538980372 0 134217728 4 33554432 0 64 8389632 0 8388624 0 0 0 0 0 0 0 8192 33554632 0 49152 20 4096 64 75497472 536870912 64 64 81920 0 4198400 33554432 0 536875008 8388608 525312 64 1792 32 0 0 67108864 4718592 134217728 4096 0 0 524292 1 4194320 32 1536 16 0 268435520 536903936 1048577 16384 536871168 0 134217728 790528 0 0 0 545914880 32 16400 8 0 0 134217728 4194304 16777216 0 1 524416 2432696320 16390 2281702144 0 17825920 18874368 64
is_linear=0
shrinkage=0.05


Tree=10
num_leaves=31
num_cat=16
split_feature=5 5 5 4 22 35 22 35 36 37 22 35 36 37 37 36 35 36 37 36 37 5 36 25 22 36 37 36 37 36
split_gain=6736.15 809.916 604.765 518.553 159.863 150.114 130.398 119.126 117.594 97.4044 91.5952 89.3304 84.9397 82.536 80.1572 76.1637 72.6169 67.4198 66.117 65.7554 64.8465 54.2089 49.8627 49.4184 49.2001 48.9093 48.6703 46.7227 46.6557 46.2166
threshold=2.439872264862061 9.4108757972717303 1.458082973957062 3.3831417560577397 4.5000000000000009 1.0086455941200259 4.5000000000000009 0.89581334590911876 0 1 4.5000000000000009 0.96082454919815075 2 3 4 5 0.89581334590911876 6 7 8 9 0.93598535656929027 10 11.218502521514894 4.5000000000000009 11 12 13 14 15
decision_type=2 2 2 2 2 2 2 2 9 9 2 2 9 9 9 9 2 9 9 9 9 2 9 2 2 9 9 9 9 9
left_child=2 3 7 6 11 8 12 9 -5 -1 19 17 -2 29 -9 -7 -14 -4 27 -10 -8 -16 -15 -3 -23 -21 -18 -13 -26 -6
right_child=1 23 4 5 13 15 20 14 10 -11 -12 18 16 22 21 -17 26 -19 -20 25 -22 24 -24 -25 28 -27 -28 -29 -30 -31
leaf_value=0.054307853518257954 0.059060221976879539 0.29851276581463076 0.062702701250344869 0.1358708145573283 0.065895696390665046 0.15608278161331882 0.089125741062374586 -0.0017846171823857019 0.012002709513218447 -0.014488705872691444 0.15983588130724513 0.046925846757485817 0.063543718793181811 0.042846424964182041 -0.045483920063634692 0.052656339576474448 0.027159476661259105 0.013443311726568818 -0.01286497639618637 0.086968669663315276 0.03932895003293909 -0.030244484145361652 0.0058566591269521911 0.87018357694369053 0.013429715582645264 0.059587099454828686 0.0042511553616670439 0.0050103241113199854 -0.01636816568664792 0.03762987085835983
leaf_weight=4117 1882 568 1152 5011 992 1576 5374 15168 1004 33779 7473 1423 1488 1467 342639 5086 10054 8289 46634 3320 3336 103528 15780 2201 6409 12343 8438 10793 35068 9009
leaf_count=4117 1882 568 1152 5011 992 1576 5374 15168 1004 33779 7473 1423 1488 1467 342639 5086 10054 8289 46634 3320 3336 103528 15780 2201 6409 12343 8438 10793 35068 9009
internal_value=-0.00134513 0.0134752 -0.00295598 0.0123697 0.000711272 0.0164526 0.00758643 -0.00360395 0.0180003 -0.0009006 0.0165231 -0.000580669 0.00552486 0.00394913 -0.0038077 0.00967882 0.00455955 0.00393402 -0.00130499 0.0144657 0.0127597 -0.003919 0.00184929 0.0399657 -0.00310867 0.0152568 0.00370627 0.00196859 -0.00165353 0.00756043
internal_weight=705401 69154 636247 66385 95539 35813 30572 540708 29151 37896 24140 68291 21862 27248 502812 6662 19980 9441 58850 16667 8710 487644 17247 2769 145005 15663 18492 12216 41477 10001
internal_count=705401 69154 636247 66385 95539 35813 30572 540708 29151 37896 24140 68291 21862 27248 502812 6662 19980 9441 58850 16667 8710 487644 17247 2769 145005 15663 18492 12216 41477 10001
cat_boundaries=0 28 55 83 110 137 163 191 218 245 272 298 326 353 380 406 434
cat_threshold=1179648 536887296 131072 0 131584 134226432 34734336 6146 1073741956 67109888 0 0 0 0 0 402653184 8388608 1048576 0 1048576 0 0 0 0 8208 4096 0 524288 65552 64 0 256 65568 16 8388608 134283264 268443648 0 0 0 0 524352 1048576 0 16777216 32 16 0 32 0 0 0 8388624 3238002700 117448704 2147483905 33554432 16384 4194306 2147483648 656 1077936128 512 128 0 75497600 536879168 0 16384 131072 20971520 536870912 4100 0 0 0 1048576 0 48 0 0 0 536870912 524304 67108928 0 2147483904 0 268435520 8421376 0 65536 538980356 0 134217728 4 0 524288 66 8390144 0 1048592 0 0 0 0 0 268435584 0 268443652 4194320 32768 16 64 536903680 16448 536870976 1048580 2113536 603980032 0 32 0 0 524296 0 537002240 0 0 8 128 0 134217728 1073741832 32768 0 524289 196608 8 133121 0 4 268435457 16777248 8388610 268435968 0 8388608 32768 32768 268697856 64 0 128 135266304 1024 0 0 1 0 17408 0 4194304 2048 0 1024 0 8388608 142622720 14680064 2048 1342177280 32 8388608 0 1024 40960 0 0 572522500 6144 68157504 8192 0 0 262144 0 8192 0 2048 4096 22 4096 80 75497472 536870912 64 64 81920 0 4329728 0 0 536875008 8388608 525312 64 1024 32 0 8 67108864 4210688 134217728 0 0 0 524292 536871296 1024 8388609 64 32 67108865 16777216 0 2 32 1073741824 524800 1073741824 268435456 33685504 88113408 0 0 0 131329 4194304 67108864 0 0 0 0 16777216 524304 512 64 8388864 536870912 2147483648 8388608 0 65536 67112980 0 536870912 4 0 0 0 0 0 25165840 0 0 524288 0 0 0 0 4 0 8404992 0 16384 67108928 4194304 8192 8226 1207992832 0 64 0 0 2 1082146820 1024 2147483648 0 1024 524288 0 9 0 16779520 4194304 536875008 262146 67108866 0 33619968 64 4259840 4194304 0 0 8388608 8388736 16777280 134225920 0 2097152 10 2147483648 8390784 0 4 0 1052736 1024 0 0 64 2048 8192 18 0 64 10486016 536870912 2147483648 536903680 65536 0 73404676 8388608 536870912 0 8388608 524288 66 1 32 0 0 67108864 524288 0 0 32896 0 4 512 18 0 2 0 134480064 1073889282 266240 0 540672 0 0 32 2048 0 16777216 512 262144 1030 0 0 8 0 0 0 4198400 17827840 0 1073741824 1536 67109120 131072 276824064 32772 1 0 8268 0 134348800 528648 2048 0 0 8913920 32 16777232 0 0 0 0 4194304 285212672 1024 262144 0 1024 128 65536 0 4194848 1073741824 0 142606340 16777216 0 0 37748736 512 4096 536870944 0 66560 2097185 0 135266304 0 524288 1073741824 4160 0 2097152
is_linear=0
shrinkage=0.05


Tree=11
num_leaves=31
num_cat=19
split_feature=4 27 4 4 27 36 27 30 37 37 22 36 36 37 37 37 37 37 36 36 36 36 36 18 30 37 36 37 36 8
split_gain=5929.7 836.834 579.31 427.065 155.255 144.672 107.788 102.935 126.709 103.435 101.168 81.4596 68.0993 60.4362 60.0407 58.5312 58.1581 52.173 47.8076 46.7995 43.3792 40.7542 40.0284 38.9077 38.3551 49.5017 35.1671 34.9635 34.6797 34.4807
threshold=2.4490737915039067 12.693529129028322 1.4768838286399844 3.3831417560577397 2.0788953304290776 0 1.074862599372864 1.0000000180025095e-35 1 2 4.5000000000000009 3 4 5 6 7 8 9 10 11 12 13 14 0.79635712504386913 1.0000000180025095e-35 15 16 17 18 2.8662269115448002
decision_type=2 2 2 2 2 9 2 2 9 9 2 9 9 9 9 9 9 9 9 9 9 9 9 2 2 9 9 9 9 2
left_child=2 3 6 10 16 -5 27 8 12 29 11 -2 -7 -8 -12 21 18 -13 -4 -11 -10 -6 -14 -3 -15 -26 -18 -1 -17 -9
right_child=1 23 4 5 15 7 13 9 20 19 14 17 22 24 -16 28 26 -19 -20 -21 -22 -23 -24 -25 25 -27 -28 -29 -30 -31
leaf_value=-0.010214212418132874 0.059500662417123013 0.82876329802981852 0.057057206077217072 0.13252431016959193 -0.0066380553437316095 0.079994402133379341 0.023103667697998639 0.14360564115254357 0.072760416799455926 0.11156102338210271 0.084507812826841028 0.02909293332927014 0.023127783867732694 -0.026528495101744199 0.038975012683999083 0.032609710798338389 0.021796807879713415 0.0078467258469324241 0.007491985242118528 0.080691701816857198 0.022654548260505281 0.041645001111352803 0.057414473673182344 0.57899497454092597 0.013421187276876509 -0.015585249274705873 -0.0087924068308018796 -0.039297698220544526 0.0049849471905144549 0.58387065186734055
leaf_weight=8409 1804 1940 1445 4530 1284 3192 5269 2338 2065 1847 5022 10962 1215 56771 3705 1694 2436 9135 11222 5562 4381 9687 9825 642 6850 53560 53559 411039 12840 1396
leaf_count=8409 1804 1940 1445 4530 1284 3192 5269 2338 2065 1847 5022 10962 1215 56771 3705 1694 2436 9135 11222 5562 4381 9687 9825 642 6850 53560 53559 411039 12840 1396
internal_value=-0.00141148 0.0124485 -0.00292725 0.0113714 0.000692538 0.0150362 -0.00355627 0.0138287 0.0117443 0.0177077 0.00702145 0.00520706 0.0143783 -0.00225111 0.0115737 0.00402356 -0.000544836 0.00428511 0.00251341 0.0142123 0.00589593 0.00677882 0.012483 0.0403755 -0.00248656 -0.00160981 -0.00123692 -0.00393729 0.00193743 0.024534
internal_weight=705626 69561 636065 66979 94167 36351 541898 31821 20678 11143 30628 21901 14232 122450 8727 25505 68662 20097 12667 7409 6446 10971 11040 2582 117181 60410 55995 419448 14534 3734
internal_count=705626 69561 636065 66979 94167 36351 541898 31821 20678 11143 30628 21901 14232 122450 8727 25505 68662 20097 12667 7409 6446 10971 11040 2582 117181 60410 55995 419448 14534 3734
cat_boundaries=0 28 55 77 105 133 160 187 214 241 268 296 324 350 378 404 430 457 484 512
cat_threshold=1245184 536887296 0 0 66124 134226432 131328 8400898 1073741824 75498496 0 0 0 0 0 268435456 0 1048704 0 1024 0 0 16 0 8208 4096 0 524288 2 0 64 77594880 0 2147483648 8388608 0 2048 538972176 0 0 536870912 0 0 262210 0 0 0 0 67108864 524288 134217728 1048576 268435584 0 4 16 0 0 256 0 0 0 0 0 4096 0 0 0 0 0 0 0 0 0 0 0 524288 2147484160 33554432 8192 4194306 0 512 0 536870928 1073741952 32 75513856 8768 8192 16384 131072 16777216 538968064 4096 1048576 0 0 0 262145 16 0 0 0 536872960 262144 201326594 0 302055424 0 2151743744 38797312 2048 128 0 8388736 83886080 134217728 0 0 2 8388608 0 1049600 1048576 0 4096 0 0 2147483648 64 2048 8192 4194324 1074004032 0 80 536903680 268435456 8192 18436 16793600 0 0 134381568 0 0 1024 0 671088640 0 16 4194304 0 0 0 0 0 4 101195777 16 512 64 256 536870912 2147483648 545259520 0 0 67112980 0 0 4 33554432 524288 0 8388608 0 25165840 0 0 524288 0 0 0 0 4 524304 64 576 256 536870912 2147483712 8388608 0 65536 541069596 0 134217728 0 33554432 524288 2 8389632 0 9437200 0 67108864 524288 0 0 0 4 4 20 0 80 2214592784 0 64 1048640 16384 0 2101248 0 33792 536870912 33554432 525312 64 536872192 0 0 8 0 4194304 134217736 0 0 4 268443652 2 0 64 10486016 536870912 2147483712 8421376 0 0 4368 8388608 0 0 8388608 524288 262210 0 32 0 0 67108864 524288 0 0 268468224 4 4 4194304 8192 1024 0 67108864 16785408 16640 4096 1073741824 540672 8388608 0 2080 4194304 33554432 1048832 1536 393216 67109888 0 0 32768 0 0 8192 65536 2164260864 4096 2 8388608 1024 4 524416 12582976 541589504 67110912 256 16781312 0 67141632 33554432 262144 0 8192 8388608 8388608 0 1048576 0 64 1024 0 2147487744 2048 2048 67108864 270336 8 131072 2415919104 67244032 1 32 2048 268435968 4224 0 0 16384 0 0 134225924 16384 67109888 65536 0 0 1073741892 0 16384 0 4325376 8448 1 2181070848 0 4194304 1140916224 2147746048 0 32 0 0 8192 67108928 0 2630656 67108864 65536 2048 0 2181038080 1073741824 1073741824 262144 0 0 4 65536 8 256 33554440 67108864 0 0 69337088 0 83886080 0 32 1073741824 640 1140850688 1073741952 33685506 83894528 0 4096 2097152 139265 128 0 0 1024 0 65536 1572864 0 66048 134217728 131072 64 536903684 0 8192 538968320 0 0 266240 4 0 0 9044992 536870944 1048576 2097152 16 4194304 134217728 0 25165952 1024 33554432 10485760 66560 16777216 0 1073741825 2048 32 1073741824 512 524352 0 0 4 67125248 128 0 393220 2147549200 51511296 1073741825 16384 0 0 0 0 32 4194320 32768 16 0 536870912 16384 64 2282749952 16384 0 0 32 0 524292 524296 0 553648384 0 0 8 33554560 0 134217728 1073741832 0 1075838988 536879104 0 0 128 0 67108864 276848768 2097152 67108866 33280 0 8388608 1073741824 0 2 1073741824 270344 2155872256 266240 64 0 131072 64 1024 2048 4194304 0 262144 2097152
is_linear=0
shrinkage=0.05


Tree=12
num_leaves=31
num_cat=13
split_feature=5 27 5 0 35 37 35 30 30 42 27 37 37 35 37 37 35 3 37 37 30 37 42 24 35 35 12 37 37 37
split_gain=5168.21 857.043 467.293 447.421 165.111 131.023 108.645 101.509 98.7021 89.2903 88.0154 87.0663 83.8688 79.5891 62.6659 60.5853 56.948 54.053 50.7178 50.1382 48.6625 46.837 44.4311 40.5346 40.0071 39.8214 37.204 34.5533 31.4071 29.408
threshold=2.3307570219039921 12.693529129028322 1.3210382461547854 3.077858686447144 0.96329206228256237 0 0.89581334590911876 1.0000000180025095e-35 1.0000000180025095e-35 1 2.8517749309539799 2 3 0.80002030730247509 4 5 0.9821021854877473 12.884857177734377 6 7 1.0000000180025095e-35 8 9 7.1180593967437753 0.9401628077030183 0.96329206228256237 1.0000000180025095e-35 10 11 12
decision_type=2 2 2 2 2 9 2 2 2 9 2 9 9 2 9 9 2 2 9 9 2 9 9 2 2 2 2 9 9 9
left_child=2 3 6 8 13 26 11 18 15 -10 25 -1 -9 27 -8 -2 -12 -3 -6 -15 -16 23 -22 -18 -11 -7 -5 -4 -26 -27
right_child=1 17 4 5 7 10 14 12 9 24 16 -13 -14 19 20 -17 21 -19 -20 -21 22 -23 -24 -25 28 29 -28 -29 -30 -31
leaf_value=0.046741712289445708 0.028089182074130345 0.50888465559903984 0.35024266906617518 0.088278348672323995 0.0073149394381077483 0.065290503054417637 -0.0014879872896767178 0.03752713371332686 0.31360994582413859 0.095592776661415829 0.12651823704808562 -0.014409964453101914 0.00044205913580537028 0.034308592727693064 -0.040412322972773619 0.0048036965990252457 0.068909784020889861 0.78991829725141161 -0.01609037652265783 0.0026132642267908558 -0.010680306886449959 0.049657727013396297 -0.030393561906342955 0.14384332785653298 0.050630595080347562 0.054771621894484146 0.12779047476018293 0.065796106212963737 0.01466559088350311 0.022099369436895291
leaf_weight=4089 10839 600 294 2444 8810 1456 11457 6822 1720 858 4210 32253 30114 7186 294469 10268 13156 2008 54993 7894 26093 5072 144069 1871 7218 1622 3450 1919 3093 4991
leaf_count=4089 10839 600 294 2444 8810 1456 11457 6822 1720 858 4210 32253 30114 7186 294469 10268 13156 2008 54993 7894 26093 5072 144069 1871 7218 1622 3450 1919 3093 4991
internal_value=-0.00145503 0.0109642 -0.00293001 0.00994769 -9.37038e-05 0.0136556 -0.00358331 -0.000868524 0.00577316 0.00922071 0.0123919 -0.000948189 0.00121748 0.00441974 -0.00378446 0.00366757 0.0138978 0.0391184 -0.00207612 0.00311982 -0.0038745 0.0127888 -0.0032014 0.0141984 0.00756306 0.00786927 0.0205385 0.0132724 0.00670529 0.00621938
internal_weight=705338 74876 630462 72268 118032 38272 512430 100739 33996 12889 32378 36342 36936 17293 476088 21107 24309 2608 63803 15080 464631 20099 170162 15027 11169 8069 5894 2213 10311 6613
internal_count=705338 74876 630462 72268 118032 38272 512430 100739 33996 12889 32378 36342 36936 17293 476088 21107 24309 2608 63803 15080 464631 20099 170162 15027 11169 8069 5894 2213 10311 6613
cat_boundaries=0 24 27 54 77 104 131 159 187 214 222 241 268 295
cat_threshold=0 0 0 0 0 64 0 0 2048 4096 0 0 0 0 0 262144 805306368 0 0 0 0 0 0 1048576 524288 0 262144 16 67108928 0 256 536936448 16 8388608 134217728 268444160 0 0 0 0 524608 269484032 0 16777216 268435488 16 0 32 0 0 0 8388624 2164260868 117440512 524304 0 512 64 32768 64 536903680 81924 0 538980368 1073741824 134217728 4104 8388608 525312 0 8914433 4 16 0 0 16384 134217728 4194320 294912 16 0 536870912 64 64 1048576 2113536 603980032 0 1056 33554432 4 524296 0 537002240 1073741824 16384 8 128 0 134217728 1073741824 4194304 0 1 0 0 64 10486080 536870912 2147483648 545259584 65536 0 541069312 0 0 0 2147483648 524288 66 0 36 0 0 67108880 524288 0 0 268468352 0 4 4261894 266240 8192 8388608 536870912 64 0 16384 32 4198400 0 0 536875008 8388608 525312 64 16778496 32 0 8 67108864 4194304 0 0 0 0 524292 1 4194320 0 0 68157712 536870928 2147500032 9437696 0 65536 1073741840 0 134218752 0 33555456 2 0 536870912 32 17825812 0 0 0 0 0 268468224 4 8192 1 16 0 64 10486080 2 0 536870912 0 0 538968064 0 0 536870912 0 0 64 0 4 0 0 67108864 524288 0 0 0 0 4 69288080 554696704 1073741856 3221226004 1610645505 872415264 536875023 384 0 64 0 0 0 0 0 0 0 0 0 0 0 64 0 0 0 0 1048576 0 512 67109056 70254848 536870912 2147483648 545259520 0 65536 610275588 0 536870912 4100 0 524288 66 8388608 0 8388624 0 67108864 0 0 0 128 0 4 0 0 67108864 0 0 2147483648 64 65536 0 2097152 0 0 0 8388608 0 64 0 0 0 0 0 0 134217728 0 0 0 4
is_linear=0
shrinkage=0.05


Tree=13
num_leaves=31
num_cat=17
split_feature=5 27 5 5 35 35 36 22 35 30 36 36 22 36 37 37 18 30 37 36 37 37 37 36 37 36 36 36 36 28
split_gain=4544.13 842.173 404.729 397.694 150.972 122.427 116.721 101.425 100.425 87.6057 84.1188 79.6404 73.9179 73.6899 71.7174 62.3421 60.8015 57.515 62.539 52.3959 52.0866 50.7857 44.5244 43.2449 42.9714 41.2755 40.3294 39.7735 39.0368 38.1888
threshold=2.2758400440216069 12.693529129028322 1.2571550607681277 3.5214376449584965 0.97565940022468578 0.94641631841659557 0 5.5000000000000009 0.87822669744491588 1.0000000180025095e-35 1 2 4.5000000000000009 3 4 5 0.76164287328720104 1.0000000180025095e-35 6 7 8 9 10 11 12 13 14 15 16 0.57150000333786022
decision_type=2 2 2 2 2 2 9 2 2 2 9 9 2 9 9 9 2 2 9 9 9 9 9 9 9 9 9 9 9 2
left_child=2 3 8 5 10 25 -5 11 14 21 -4 -7 15 -11 -1 23 -3 -10 -19 -17 29 -6 -15 -8 28 -2 -14 -16 -13 -12
right_child=1 16 4 6 9 7 12 -9 17 13 20 24 26 22 27 19 -18 18 -20 -21 -22 -23 -24 -25 -26 -27 -28 -29 -30 -31
leaf_value=0.046003602764622259 0.10279324439556053 0.75013413176253474 0.076249296095588059 0.12261300389127149 0.0042198161248270475 0.07034030131474639 0.073189504425708804 0.06309395566093394 -0.038469149240948186 0.038430419224150358 0.20329423697420107 0.049694324126274045 0.19826819470062773 0.024986315499890412 0.03661357910578919 0.095867847388131047 0.53744667079525821 0.016199966451213049 -0.026331891800137387 0.032272616907766304 0.0023847726350326331 -0.017907917889330861 -0.0033526592399612865 0.052790007978785303 0.0057043084829862447 0.054086288493920012 0.11509046379918293 -0.015657644320675148 0.019292933731395286 0.025440295284162792
leaf_weight=3510 1079 1982 1424 4624 10308 1952 2987 5211 295906 1673 664 1551 1510 6360 1384 2523 641 4852 166887 5395 12423 58889 31499 10038 16456 4106 6301 23720 11458 8356
leaf_count=3510 1079 1982 1424 4624 10308 1952 2987 5211 295906 1673 664 1551 1510 6360 1384 2523 641 4852 166887 5395 12423 58889 31499 10038 16456 4106 6301 23720 11458 8356
internal_value=-0.00150013 0.00989693 -0.00291265 0.00892508 -0.000447428 0.00567597 0.012995 0.00465778 -0.00356637 -0.00122409 0.00324536 0.003586 0.0117932 0.00065363 -0.000690898 0.010248 0.037742 -0.00374231 -0.00301441 0.00671711 0.00245805 -0.00229682 0.000198177 0.0123792 0.00293374 0.0128664 0.0159492 -0.00162732 0.00508103 0.00534824
internal_weight=705669 77814 627855 75191 131596 41813 33378 36628 496259 108729 22867 31417 28754 39532 28614 20943 2623 467645 171739 7918 21443 69197 37859 13025 29465 5185 7811 25104 13009 9020
internal_count=705669 77814 627855 75191 131596 41813 33378 36628 496259 108729 22867 31417 28754 39532 28614 20943 2623 467645 171739 7918 21443 69197 37859 13025 29465 5185 7811 25104 13009 9020
cat_boundaries=0 26 54 82 110 137 164 191 219 247 275 298 325 352 378 406 433 459
cat_threshold=1048576 603996162 1024 65536 524 134226432 131328 12290 1073741824 75497472 0 64 134217728 0 0 402653184 8388608 1048576 0 1049600 0 0 0 0 16 4096 0 33554432 0 16384 8388738 8396800 32 272 1073741824 67145728 8388608 0 4194304 32772 0 1048576 8388608 4096 0 8192 0 134217728 1024 0 8193 8192 34816 4096 2147484161 33570816 64 2 128 66048 0 4096 128 4128 8388736 2105344 8192 0 0 0 536870912 4 270532624 8192 4194304 0 16 16 0 0 0 536881152 0 131072 1156 0 64 0 0 0 1207960064 0 0 0 0 0 1140867076 0 0 0 66628 0 5799936 1077952512 16 17303552 0 69632 0 2097152 16 64 0 8388872 65568 0 768 134283264 268444160 0 2147483648 33554432 0 524352 1048576 0 16777216 0 16777232 0 32 0 0 16 65552 2164260868 117440512 0 0 64 69206272 2 0 545259520 0 2048 536875024 0 0 536870912 0 0 262208 0 0 8192 0 0 524288 0 1048576 268435456 0 4 4194320 32768 512 0 32768 64 536879104 1 2121728 256 0 0 34078720 0 1 0 537526528 0 16400 8 33554432 0 134225920 1077936128 12582912 0 1 0 8 131072 2147483648 135170 1 32 2048 268436224 16777344 0 0 16392 262144 16384 8196 16384 67108864 0 4 0 64 16 2147500032 8192 4196352 0 4096 16 67108928 4096 67109120 16 2147483648 33280 0 65536 20 2147483648 1024 0 33555520 524290 0 0 32 17825808 1073741824 0 4194304 0 0 268468224 4 268435460 1 2097158 0 8208 67108864 536870912 64 0 16384 1073741856 4198400 0 32 536875008 8388608 525312 64 16778496 8388644 0 8 0 4194304 0 0 0 16 524292 1 524304 67108864 1536 67108928 0 64 16777280 16388 0 536883220 0 134217728 528648 0 525312 64 525312 0 16400 8 0 16384 134217728 393216 0 0 301989888 3145792 4259904 5242880 536872960 132 4096 8388608 8192 0 256 1048576 2 0 134217856 1024 0 0 4096 1024 0 2147495936 64 2048 16 0 64 10486016 536870928 2147483712 536904192 65536 0 538972424 0 536872960 0 0 524288 262144 545259520 32 8388608 0 67108864 524288 0 1048576 32896 0 4 196608 0 1024 4194304 2147483648 8388608 67109120 133152 128 0 0 0 16810016 2 0 0 35651584 12352 67108864 0 1 0 262144 0 8192 1073741856 2 0 131072 268435456 589826 12582912 1660944384 67110912 268566656 16778240 0 524288 0 2304 0 4 128 32784 1024 256 0 0 0 0 0 0 2048 67108864 262146 16384 134217728 33554432 16 4194304 8224 8912896 1 536887296 536870912 0 134217745 32768 0 0 278528 4098 1024 0 0 0 0 4194304 0 12582912 8912912 536871170 0 0 4194304 2147483648 0 1024 134219776 1073741824 0 0 64 40 0 65536 9472 33685504 8392704 64 256 262144 1052672 1 0 4096 4329472
is_linear=0
shrinkage=0.05


Tree=14
num_leaves=31
num_cat=12
split_feature=4 37 5 4 22 35 35 35 4 22 35 37 37 30 37 30 37 37 37 24 37 37 37 35 35 4 37 22 37 32
split_gain=3989.34 842.135 372.836 371.027 140.594 103.15 99.2872 90.6481 92.885 84.5426 78.6147 64.6182 62.2161 61.005 62.0957 53.0885 56.2251 50.9589 50.9384 47.5079 46.8464 44.5295 41.0403 40.6246 40.5353 36.4492 33.3104 32.5773 31.4201 31.0126
threshold=2.2534967660903935 0 3.3835936784744267 1.2497683167457583 5.5000000000000009 0.85972008109092724 0.96828380227088939 1.0101032853126528 4.8858752250671396 5.5000000000000009 0.96329206228256237 1 2 1.0000000180025095e-35 3 1.0000000180025095e-35 4 5 6 18.74082183837891 7 8 9 0.82508671283721935 0.87452495098114025 0.83281496167182933 10 4.5000000000000009 11 23.425000190734867
decision_type=2 9 2 2 2 2 2 2 2 2 2 9 9 2 9 2 9 9 9 2 9 9 9 2 2 2 9 2 9 2
left_child=3 19 6 5 10 11 22 8 21 17 20 -1 -6 -7 -15 -9 -17 -8 -12 -2 23 -4 -3 -5 -23 -16 -11 -10 -27 -29
right_child=1 2 7 4 12 13 9 15 27 26 18 -13 -14 14 25 16 -18 -19 -20 -21 -22 24 -24 -25 -26 28 -28 29 -30 -31
leaf_value=0.060371822077405282 0.31547798372035973 0.1377357069496406 0.076269382063075861 0.15851618430525596 0.048417434530429709 -0.036949203178306279 0.031779483007674462 0.032118617465151426 0.077988908060055984 0.081959944957168018 0.006554377767312717 -0.01042491165822439 0.011331589637134555 0.016021088326032395 -0.032451611100196565 0.50722662795789619 0.049050893899726285 0.007537756743451556 -0.013989830718552088 0.80336282875460518 0.0017419501545711908 0.084924308121264516 0.039937328353979895 0.021823103440784107 0.044955849950376409 0.0072541862158182731 0.03211836317737761 0.26455380835977538 -0.017242134724764459 0.15751270804570427
leaf_weight=3368 1146 1429 5653 879 4599 295656 8053 4726 7706 2150 13467 19724 14479 5313 111598 835 1165 21650 84234 1296 12177 762 5425 3724 11941 5533 2737 2194 50303 1416
leaf_count=3368 1146 1429 5653 879 4599 295656 8053 4726 7706 2150 13467 19724 14479 5313 111598 835 1165 21650 84234 1296 12177 762 5425 3724 11941 5533 2737 2194 50303 1416
internal_value=-0.00153988 0.00895223 0.00804067 -0.00288754 -0.000550653 -0.00352256 0.00479865 0.0117341 0.0129222 0.00370906 -0.0012129 -0.000260253 0.00342313 -0.00368339 -0.00293685 0.00649175 0.0133183 0.0027062 -0.0017559 0.0378068 0.00194863 0.0107245 0.0102961 0.00623862 0.00905183 -0.00310562 0.00980258 0.0164858 -0.00206279 0.0204099
internal_weight=705338 80284 77842 625054 133559 491495 41444 36398 29672 34590 114481 23092 19078 468403 172747 6726 2000 29703 97701 2442 16780 18356 6854 4603 12703 167434 4887 11316 55836 3610
internal_count=705338 80284 77842 625054 133559 491495 41444 36398 29672 34590 114481 23092 19078 468403 172747 6726 2000 29703 97701 2442 16780 18356 6854 4603 12703 167434 4887 11316 55836 3610
cat_boundaries=0 19 46 72 99 106 133 160 187 214 241 268 294
cat_threshold=0 0 0 0 0 64 0 0 2048 0 0 0 0 0 0 0 268435456 0 8192 16 67108928 0 256 65536 0 8389124 2281701376 268444160 0 2147483648 0 0 524352 1048576 0 16777216 0 16777216 41943040 32 0 0 16 16777232 2164260868 83894272 16 0 0 256 32768 64 545292288 65536 65536 536871188 0 134217728 4100 0 0 66 545259520 1028 16 0 0 16384 0 0 129 1024 16 294912 512 0 536903680 0 536870912 0 24576 256 0 0 34082816 2052 8388865 0 537001984 32 16400 8 33554560 0 134217728 1073741824 8388736 2097152 1 16 512 0 0 0 0 8388608 0 0 64 0 536870912 2147483648 576 65536 0 2101504 0 0 0 8388608 524288 0 0 0 0 0 67108864 524288 134217728 0 0 0 4 524308 0 592 75497472 541065216 16448 64 81920 0 608178176 0 0 536875008 0 525312 64 256 36 0 8 0 0 134217728 1073745920 0 0 524288 4194322 64 0 67108864 536870928 2415919104 33280 0 65536 16 2147483648 33587200 0 33554496 0 0 536870912 32 17825792 134217728 0 0 8 0 268468224 4 268443648 0 0 0 4194560 0 0 0 0 0 538972176 0 0 536870912 0 0 262144 536870912 0 16 0 67108864 0 0 1048576 268435456 4 4 2 64 64 67108864 16 0 0 0 0 16 0 0 0 64 0 0 536870912 0 16 0 0 0 0 0 0 4 4 16 512 67108928 256 0 2147483648 8388608 0 65536 69210116 0 0 0 0 0 0 8388608 0 1048576 0 0 524288 0 0 0 0 4 0 67108864 1024 738197506 8388608 8519680 40964 9437185 65536 4194308 0 134218752 8 8388608 67108864 0 8389632 1024 0 0 0 4194304 0 4194304 50331648 16778240
is_linear=0
shrinkage=0.05


Tree=15
num_leaves=31
num_cat=12
split_feature=5 37 5 5 35 37 35 22 22 35 35 37 35 37 22 37 37 37 37 37 37 22 32 25 22 22 42 15 22 42
split_gain=3569.14 750.876 346.629 344.27 147.674 106.573 94.6017 87.3745 83.6966 76.4099 72.1731 66.0217 59.153 55.3568 54.5149 50.0707 49.665 46.8024 44.5703 37.0326 36.4921 35.2514 34.3406 35.5528 34.2166 31.8722 30.9693 29.5611 27.8357 27.4912
threshold=2.2301716804504399 0 1.1060681939125063 3.2596467733383183 0.98437505960464489 1 0.97158312797546398 4.5000000000000009 4.5000000000000009 0.92101219296455394 0.67103970050811779 2 0.90078967809677135 3 5.5000000000000009 4 5 6 7 8 9 4.5000000000000009 22.775000572204593 5.2562623023986825 5.5000000000000009 4.5000000000000009 10 0.6428571641445161 1.5000000000000002 11
decision_type=2 9 2 2 2 9 2 2 2 2 2 9 2 9 2 9 9 9 9 9 9 2 2 2 2 2 9 2 2 9
left_child=2 -2 9 7 10 27 -7 12 17 15 -4 25 -3 -10 19 -1 -9 -6 -11 28 -14 -20 23 -16 -13 -12 -23 -5 -8 -17
right_child=1 3 4 5 8 6 14 16 13 18 11 24 20 -15 22 29 -18 -19 21 -21 -22 26 -24 -25 -26 -27 -28 -29 -30 -31
leaf_value=0.044022666115605305 0.68899176609814738 0.054343905185995925 0.18665831873343885 0.073595292761379077 0.0044532117342098313 0.15446662451012294 0.06031127335831038 0.068327541908093162 0.030777403575677514 -0.005641019617439862 0.017734408766046861 -0.0033143263729981595 0.021292538761175817 -0.0030524413866360508 0.084583785704873238 0.0022213367960150642 0.023115967995860399 -0.017768548461323277 -0.038132671246585675 0.04377286506456169 0.0016515522183555122 -0.0089987113849985447 0.071964499345084407 0.18850755746730766 0.027857036664944573 0.061178402806152721 -0.027175024146189272 0.12250616292951499 0.042807653660263512 -0.021143417509321024
leaf_weight=2867 1801 2313 793 3061 10391 5037 4489 5333 5151 10058 7378 20764 11322 34212 842 8924 5763 90122 281241 11100 14143 15689 2052 967 3494 3223 95968 3256 9101 34249
leaf_count=2867 1801 2313 793 3061 10391 5037 4489 5333 5151 10058 7378 20764 11322 34212 842 8924 5763 90122 281241 11100 14143 15689 2052 967 3494 3223 95968 3256 9101 34249
internal_value=-0.00159001 0.00831337 -0.00286781 0.00757907 -0.000983827 0.0108424 0.00971041 0.004231 -0.00171601 -0.00360432 0.00188876 0.0015492 0.00273264 0.000238415 0.00859817 -0.0016746 0.00798144 -0.0024814 -0.0038248 0.00773359 0.00203703 -0.0039089 0.0141235 0.0191464 0.000109604 0.00483839 -0.00315728 0.0168165 0.00948827 -0.00209951
internal_weight=705104 80580 624524 78779 175528 39905 33588 38874 139876 448996 35652 34859 27778 39363 28551 46040 11096 100513 402956 24690 25465 392898 3861 1809 24258 10601 111657 6317 13590 43173
internal_count=705104 80580 624524 78779 175528 39905 33588 38874 139876 448996 35652 34859 27778 39363 28551 46040 11096 100513 402956 24690 25465 392898 3861 1809 24258 10601 111657 6317 13590 43173
cat_boundaries=0 17 42 70 94 121 148 175 200 227 254 262 270
cat_threshold=0 0 0 0 0 64 0 0 2048 0 0 0 0 0 0 0 268435456 0 0 0 0 0 0 0 0 0 4096 0 0 0 0 0 0 0 0 8192 0 0 0 134217728 1048576 268435456 4194386 1140850688 0 67108864 536903680 0 536871424 0 65536 16 0 1024 0 0 524288 0 553649152 536870944 1048592 135266304 0 4194304 0 0 32768 4 532481 1 4718608 0 268436992 64 0 64 536870912 16385 16793600 538980356 1073741824 134217728 4104 0 1024 64 8913920 0 16 8 0 0 134217728 4194304 16 64 0 0 8454144 268566544 0 134217728 1073750528 0 0 0 0 262464 269484032 0 16777216 268435488 0 0 262176 0 2097152 536870912 8388624 3221225480 100671488 16 512 0 1048832 536870912 2147483648 8388608 0 0 4198656 0 0 4 33554432 0 0 8388608 0 16777232 0 0 0 0 0 0 4 4 20 0 80 8388608 553648128 64 16777280 16388 1073741824 67129408 0 0 536875008 8388612 525312 64 256 0 0 8 128 16384 134217728 0 0 1024 524292 268435474 294912 16 16 553648128 16448 64 0 2113536 256 0 131072 262144 33554432 524297 0 545391104 1073741824 16384 8 128 0 0 1090519040 4194304 2 0 64 69206016 536870914 0 536870912 0 0 538968080 0 0 536870912 0 0 64 0 0 0 0 0 524288 0 0 0 0 4 16 0 64 75497728 536870928 2147483648 536904256 65536 0 69210368 8388608 2048 0 8388608 525312 2 545259520 32 0 0 67108864 524288 0 0 268468352 0 4 69288000 588791808 1073741824 2147492420 2129968 2684354576 33685511 386 603979785 319357952 301990532 2152210466 536870960 285213696 134218368 160
is_linear=0
shrinkage=0.05


Tree=16
num_leaves=31
num_cat=18
split_feature=4 37 27 27 36 35 36 37 35 37 35 4 36 36 37 30 36 37 36 36 28 35 36 36 36 27 36 30 36 36
split_gain=3158.06 746.117 331.098 314.587 137.429 126.199 81.8583 77.6409 72.8312 71.2344 69.7975 61.5047 61.0611 60.5182 59.9369 52.3845 57.6182 48.664 47.3738 45.3941 40.0878 40.0809 40.0446 35.7465 35.5944 34.8297 34.2871 34.0525 38.2795 32.3091
threshold=2.2073740959167485 0 1.2288133502006533 2.7750804424285893 1 0.96329206228256237 2 3 0.88521882891654979 4 0.95036748051643383 1.5988854169845583 5 6 7 1.0000000180025095e-35 8 9 10 11 0.61050000786781322 0.93192240595817577 12 13 14 0.81492412090301525 15 1.0000000180025095e-35 16 17
decision_type=2 9 2 2 9 2 9 9 2 9 2 2 9 9 9 2 9 9 9 9 2 2 9 9 9 2 9 2 9 9
left_child=2 -2 8 6 -5 13 -3 12 14 -10 -9 22 -6 -4 20 18 -17 -15 -14 -13 -1 -8 -7 -18 -16 -11 -23 -21 -29 -12
right_child=1 3 5 4 7 11 21 10 9 25 29 19 15 17 24 16 23 -19 -20 27 -22 26 -24 -25 -26 -27 -28 28 -30 -31
leaf_value=0.27655152039910791 0.6790307112558307 0.071708943620585483 0.052692639390735055 0.13097939722786714 0.10161762639845305 0.028634729893943996 0.040437495037924216 0.095126899579902266 -0.0030418284454972674 -0.03698190781140568 0.047249131724524905 0.030538658601675817 0.058149288788218137 0.040824733765531807 0.029327906283512634 0.013240449260509397 0.23015122581404338 0.0026361001709488633 0.028013033341778872 -0.0068971442247148422 0.015111725695085947 0.046484930952502238 -0.016226589381873775 0.092722043990060801 -0.015602969009515423 -0.022165797175475361 0.0079761381995379667 0.040670224459264374 0.0052822947049837102 0.019318684674090748
leaf_weight=592 1650 1927 1510 4652 4699 1896 3500 2349 16432 281867 3075 2279 3336 6117 1263 1210 1594 13894 9348 24424 2113 1960 77265 6558 26013 150366 26494 1284 14738 10825
leaf_count=592 1650 1927 1510 4652 4699 1896 3500 2349 16432 281867 3075 2279 3336 6117 1263 1210 1594 13894 9348 24424 2113 1960 77265 6558 26013 150366 26494 1284 14738 10825
internal_value=-0.00160522 0.00754484 -0.00282872 0.00686692 0.00948685 -0.000721265 0.00318443 0.00859621 -0.00346013 -0.00361956 0.00585824 -0.00134453 0.0102566 0.00280852 -0.00107415 0.00914086 0.0119823 0.00207497 0.00705006 0.000184313 0.00601068 0.00257719 -0.00216967 0.0134865 -0.0017785 -0.00374237 0.00195677 -0.000203427 0.00158772 0.00451406
internal_weight=705230 83177 622053 81527 47646 143407 33881 42994 478646 448665 16249 121886 26745 21521 29981 22046 9362 20011 12684 42725 2705 31954 79161 8152 27276 432233 28454 40446 16022 13900
internal_count=705230 83177 622053 81527 47646 143407 33881 42994 478646 448665 16249 121886 26745 21521 29981 22046 9362 20011 12684 42725 2705 31954 79161 8152 27276 432233 28454 40446 16022 13900
cat_boundaries=0 9 37 65 92 119 144 171 198 226 254 282 309 336 362 389 415 443 471
cat_threshold=0 0 0 0 0 0 0 0 2048 1179648 603996160 2 65536 12 66048 256 8396802 0 67108864 8388608 0 134234112 256 0 402653184 0 128 256 0 4097 0 0 16384 16 4198464 0 67108864 2147483650 2 67108928 2147483650 2147483650 262144 0 4096 1073741824 4128 0 16777216 0 262162 0 8192 536887301 67108864 67108864 0 0 1024 17 33554448 8192 0 0 2048 16 0 64 2097408 0 0 536870912 0 0 538972160 0 536870912 0 0 0 262144 536870912 0 16777216 0 0 524288 134217728 1048576 268435456 0 4 4194320 0 16 67108944 536870912 64 64 1310724 18890752 538968320 0 1056 0 0 524424 536870912 536871168 1073741824 0 8 128 4194304 0 1073741824 0 0 524288 262147 0 1024 4 16781312 134225921 1179648 536872960 268436096 26218624 0 0 0 0 1048576 8192 128 8388608 1049600 1048576 0 0 1025 0 2147483648 0 16384 2147484680 0 1073741952 8392704 8704 0 1073741824 67141632 8388608 536870912 0 4 0 134230272 536870912 8394752 64 0 0 134218240 0 0 8192 13631488 2048 16 67108928 0 256 65536 16 538968320 134217728 66048 0 0 0 8 528448 269484032 0 16777216 32 16 33554432 32 134217728 8 0 16777232 3221225472 100663296 0 0 4096 32 4194304 4112 0 0 32 512 268500992 18874880 0 128 278528 72122368 0 0 536870912 16 32 4736 0 33554432 0 2147483648 0 8200 18 67108960 4096 2147487744 536969216 2147483648 512 0 65536 16 2147483648 0 0 1024 33554432 0 512 536871968 17825808 2097152 0 134217728 0 0 32768 4 268443648 1 0 402653184 133120 301989888 1049152 553652480 541065344 0 4 0 128 8192 2105344 0 2097152 2 0 68159488 2 0 256 1052672 0 0 0 0 0 532480 0 8388864 0 2147483648 0 16777216 33554432 0 0 8389120 0 64 12582912 0 1048576 16843136 8390144 397312 1028 35651585 1048576 64 16 524288 0 4096 1048576 2147614720 0 0 18874368 2162688 0 262144 0 1073742336 0 0 2048 32 512 32768 0 0 32768 2147747840 512 32768 16793608 0 67125248 1076889600 1146880 32 0 16 1 64 524802 0 1665138720 134221824 2 0 0 524288 0 268437504 0 16778244 8388608 1097728 2 256 262144 0 16 1024 4096 2048 553648128 8404992 1073741824 0 16 16384 25165856 524292 524544 8192 64 1073741824 1207959552 32772 0 512 262656 256 0 67117056 0 0 0 4194304 0 0 526336 513 33579008 0 16384 538968224 128 0 2147483648 0 49664 1024 0 8192 1073741824 576 16512 0 134238212 268439552 8192 0 0 0 0 0 69632 33554433 0 128 64 67108928 4194304 0 0 512 4356 268435456 16384 20480 0 1082146836 1024 32 0 0 0 4718592 4194305 0 16779264 1077936128 0 0 2097152 270344 0 1024 0 77725696 4194304 67108868 0 256 16781312 128 0 256 33816576 0 0 268566528 1048672 512 0 1048608 65 0 2147484672 4194304 0 0 4096
is_linear=0
shrinkage=0.05


Tree=17
num_leaves=31
num_cat=10
split_feature=5 37 0 27 35 22 37 35 37 37 4 35 37 37 24 35 37 32 31 24 28 37 37 2 35 22 1 30 37 28
split_gain=2779.87 697.448 303.543 299.984 125.782 96.8033 76.2517 75.2857 71.6513 68.6143 66.2796 56.1989 53.7411 48.3193 42.927 38.354 36.5676 36.4446 36.4833 34.7847 33.9227 33.8245 34.2889 33.1277 30.4751 32.7951 26.4785 26.193 36.1593 25.9609
threshold=2.1438688039779668 0 3.330690979957581 1.0368596911430361 0.97728472948074352 5.5000000000000009 1 0.9908207654953004 2 3 1.6567542552948 0.90663462877273571 4 5 9.246671676635744 0.88897725939750682 6 22.925000190734867 3.0408500432968144 18.74082183837891 0.52949997782707225 7 8 3.6000000238418584 0.79101082682609569 4.5000000000000009 4.1003460884094247 1.0000000180025095e-35 9 0.5965000092983247
decision_type=2 9 2 2 2 2 9 2 9 9 2 2 9 9 2 2 9 2 2 2 2 9 9 2 2 2 2 2 9 2
left_child=3 19 7 11 8 6 26 24 20 27 21 12 29 -13 15 -8 -12 18 -7 -2 -5 -6 -23 -17 -3 -26 -4 -9 -29 -1
right_child=1 2 5 4 10 17 14 9 -10 -11 16 13 -14 -15 -16 23 -18 -19 -20 -21 -22 22 -24 -25 25 -27 -28 28 -30 -31
leaf_value=0.2504365802071658 0.32563960908096834 0.10512164915111433 0.051929917115791882 0.33246117408412729 0.014376875259047784 0.19264544726869304 0.072762988876902412 0.017865815239249652 0.0010230169449033655 0.002818347611420564 0.012985469373402623 -0.0032484076315777623 -0.016637210335727345 -0.031605865782069163 0.2479631941568135 0.023697487993111437 -0.0050275753436860755 0.10292521616905684 0.05368478462210835 0.73174787690005683 0.031228127853565185 0.0001529881882855066 -0.018294424521162558 0.044430505874967975 0.022743597232883151 0.10548188847219522 0.090416476176994873 0.38037341705423111 0.040277270589196001 0.014348530840876804
leaf_weight=570 454 830 2670 247 3958 1809 1459 11428 28719 20191 11258 10187 31855 372312 770 9425 25427 2833 358 1168 8334 12199 112008 10672 7391 3557 5145 624 5644 2034
leaf_count=570 454 830 2670 247 3958 1809 1459 11428 28719 20191 11258 10187 31855 372312 770 9425 25427 2833 358 1168 8334 12199 112008 10672 7391 3557 5145 624 5644 2034
internal_value=-0.00161853 0.0067814 0.00615643 -0.00279117 -0.00121048 0.0097133 0.00864392 0.00364082 0.00141149 0.00255529 -0.00180375 -0.00355752 -0.00162348 -0.00373175 0.00714375 0.00673192 7.01891e-05 0.0161568 0.0210401 0.0391549 0.00541725 -0.00234013 -0.00248503 0.00616305 0.00713218 0.00643072 0.0129025 0.0048269 0.00742702 0.0052696
internal_weight=705536 86428 84806 619108 202150 35141 30141 49665 37300 37887 164850 416958 34459 382499 22326 21556 36685 5000 2167 1622 8581 128165 124207 20097 11778 10948 7815 17696 6268 2604
internal_count=705536 86428 84806 619108 202150 35141 30141 49665 37300 37887 164850 416958 34459 382499 22326 21556 36685 5000 2167 1622 8581 128165 124207 20097 11778 10948 7815 17696 6268 2604
cat_boundaries=0 9 36 64 91 118 146 173 198 224 225
cat_threshold=0 0 0 0 0 0 0 0 2048 0 0 0 0 16 64 536870912 0 0 4096 0 0 536870912 0 0 0 805306368 0 8192 0 0 0 134217728 1048576 268435456 4 4 4194320 64 1048608 0 536936448 268435456 1049088 0 65536 276 2147483648 32768 0 0 33554432 0 536870912 536870944 1048592 6291456 16 0 0 0 8421392 4 8193 1 16 8192 64 3145984 536870912 2147483648 32832 65536 0 610275592 0 0 4096 2155872256 0 2 8389632 32 8388608 0 67108864 524288 0 1048576 268435456 0 4 0 64 0 264 536936480 16 545259520 134283264 268435456 0 0 33554432 0 528704 269484032 0 16777216 32 0 0 32 0 136 0 65536 2164260864 83894272 272629776 32768 16 0 553648128 16448 64 1048580 2113536 256 0 1024 0 4 524424 0 536870912 1073741824 0 8 128 0 134225920 1073741824 4194304 2097152 524292 1 16 0 512 2227175440 16 64 32768 81920 65536 536875292 0 134217728 536875264 0 525312 0 8388608 8388608 0 0 67108864 0 0 0 2 1024 524292 4194324 131072 512 80 541065216 0 536879168 18432 16793600 67108864 0 134348800 33558528 8192 8388609 0 132096 4 0 2056 0 0 134217728 0 16777216 2147483650 262144 0 0 0 268435520 32768 2147483669 0 536871176 0 0 2147755016 0 533504 65536 8912896 0 536870912 0 0 4194304 1056768 4195328 536870912 1024 16
is_linear=0
shrinkage=0.05


Tree=18
num_leaves=31
num_cat=17
split_feature=27 35 5 0 35 36 36 37 37 36 30 22 37 37 36 30 36 28 36 35 32 37 36 30 36 36 36 37 36 31
split_gain=2448.87 668.46 305.507 244.909 120.671 111.561 90.4951 89.0273 76.2918 63.2346 58.2564 57.5422 52.2564 44.8909 43.5378 42.6165 52.2558 41.4252 39.5568 39.3474 38.6261 37.7411 36.223 35.9872 37.1541 33.9501 33.5927 30.7993 28.68 27.7796
threshold=2.2315516471862797 0.61867865920066845 1.0268161296844485 2.9167113304138188 0.98437505960464489 0 1 2 3 4 1.0000000180025095e-35 5.5000000000000009 5 6 7 1.0000000180025095e-35 8 0.5965000092983247 9 0.94199019670486461 23.105000495910648 10 11 1.0000000180025095e-35 12 13 14 15 16 3.0408500432968144
decision_type=2 2 2 2 2 9 9 9 9 9 2 2 9 9 9 2 9 2 9 2 2 9 9 2 9 9 9 9 9 2
left_child=2 5 10 8 9 -2 -5 18 23 -4 -1 14 -12 17 -8 25 -17 -11 -6 22 29 -18 -14 -3 -25 -9 -10 -15 -19 -13
right_child=1 3 4 6 7 -7 11 15 26 13 12 20 19 27 -16 16 21 28 -20 -21 -22 -23 -24 24 -26 -27 -28 -29 -30 -31
leaf_value=-0.033548471009810288 0.19788780470164796 0.018298933306848935 0.044762425952481324 0.11703751470819519 0.059708391532044082 0.60447031879462265 0.062991865922299869 0.0070881997678144751 0.03371841017324953 0.17565343113270659 0.011813599704048584 0.13910734534038902 0.037520911605170432 0.0083367835573968634 0.034812785956139354 0.031661747508633674 0.016896241262965784 0.044267822086606734 0.0077841306191760388 -0.024928403113957651 0.06630050152414145 -0.010362224590434378 -0.0083276865174310068 0.16015524148019875 0.049257368241388197 -0.0171168269463037 0.0032292744558229283 -0.008912359281439422 0.0099002441651303077 0.039468567359577468
leaf_weight=264265 793 7905 2246 4279 1675 1581 4034 3941 2084 720 5750 2100 1008 15040 25356 1689 5084 1385 13644 128311 3191 42199 18657 1084 7650 95052 22022 16655 6028 386
leaf_count=264265 793 7905 2246 4279 1675 1581 4034 3941 2084 720 5750 2100 1008 15040 25356 1689 5084 1385 13644 128311 3191 42199 18657 1084 7650 95052 22022 16655 6028 386
internal_value=-0.0016579 0.00643932 -0.00272912 0.00566405 -0.00114989 0.0325811 0.00847765 -0.00176514 0.00294691 0.00123779 -0.00350498 0.00763199 -0.00273101 0.000775872 0.00674356 -0.00214072 -0.000934394 0.00408706 0.00186269 -0.00291262 0.0122429 -0.00124361 -0.000830114 0.00554985 0.00776531 -0.00273769 0.00114732 -7.49081e-05 0.00297882 0.016916
internal_weight=705814 82465 623349 80091 205358 2374 39346 163284 40745 42074 417991 35067 153726 39828 29390 147965 48972 8133 15319 147976 5677 47283 19665 16639 8734 98993 24106 31695 7413 2486
internal_count=705814 82465 623349 80091 205358 2374 39346 163284 40745 42074 417991 35067 153726 39828 29390 147965 48972 8133 15319 147976 5677 47283 19665 16639 8734 98993 24106 31695 7413 2486
cat_boundaries=0 22 48 75 102 129 155 182 210 238 264 290 316 344 371 397 425 452
cat_threshold=0 0 18 0 32 0 0 0 0 0 0 0 0 0 0 0 0 0 65536 1024 4096 4 1245184 603996162 0 65536 6 134283264 256 8194 1073742336 67108864 0 0 134234112 0 0 402661376 0 67108992 0 0 0 64 16 16384 8208 4160 20 32 528 64 536870912 64 16777280 540672 0 2117632 0 1024 536875008 8388612 525312 64 256 0 0 8 0 540672 134217728 1073741824 16777216 0 524292 18 64 576 320 536870912 64 545259584 0 65536 541069580 0 134217728 4096 0 524288 2 8390144 0 16 0 67108864 0 134217728 0 32768 0 8196 0 0 2147484672 2097280 8388608 8193 4210688 256 1073741824 49152 8388608 0 32 4 8404992 0 2686976 67110912 64 1048576 0 134217728 262144 2147483648 8192 8192 32768 18 32768 640 0 0 268435456 8192 2147745792 2121728 264 0 1024 34078720 16384 8388865 0 553779200 268435456 0 0 128 0 134217728 1073741824 12583040 4 4194320 1140850752 0 2147483648 536969216 2147483648 671088640 67108865 268500992 2097168 2147483648 0 0 64 1048576 0 16778240 1056 1048576 0 0 0 8 0 32768 4 268967936 262656 0 131072 4 19005512 512 1179648 6144 128 8393728 8388736 0 8192 256 0 0 16385 8388608 1048576 8192 0 0 512 2147483648 0 0 0 532480 0 0 4 0 65600 2164260864 0 0 3221225984 4128 0 0 0 2148007968 0 0 0 425984 268500992 524288 4194304 1073823744 16 33554432 1075838976 537919488 0 2101250 536870913 24578 0 16386 32 0 33554432 4096 128 32 0 2883584 32 4194304 33562624 0 536871040 1040 1049616 1 0 32768 0 0 1048576 65536 4718592 67108864 67109888 671088640 4227072 268435456 536870916 5 16793600 536871184 0 134217728 786432 0 0 0 537529344 0 16 0 0 0 1048576 272629760 0 1024 537133060 536870912 0 33554688 0 272695296 73760 4 142606337 16384 1073741888 32768 2097152 0 0 0 1073742336 256 1048576 0 0 0 2048 16384 0 536870912 536871040 0 2049 2151678016 2147483650 4194305 16777216 32768 0 0 0 4 4194304 2304 1048576 4096 0 0 0 2097152 5505024 67108872 0 0 0 4263936 1048576 67109120 0 67840 0 160 10616832 1073741824 33554496 262176 0 69632 16384 0 0 0 16793600 98432 8388609 0 285212928 0 262144 4 0 0 268435456 36864 32 2147483648 1073741824 131072 0 8388608 8388736 0 100665344 0 257 545292288 2097152 1056768 4194304 0 0 42991616 9437248 268435458 0 0 64 0 1024 0 2112 0 0 0 67109120 0 268451840 8389124 0 16392 1614807300 0 536903680 0 33554688 524290 65600 0 0 16777232 134217728 16 4194304 0 16 16777344 0 4 1 262146 570425360 16384 0 67633280 805310592 0 1074003968 128 0 64 0 2151680000 1073774592 524288 16777216 0 1024 0 0 1073741824 8 0 0 0 4194336 526336
is_linear=0
shrinkage=0.05


Tree=19
num_leaves=31
num_cat=19
split_feature=5 37 27 5 35 36 36 36 30 37 3 36 35 37 22 37 36 36 32 36 36 36 37 22 36 36 30 37 36 37
split_gain=2227.66 639.645 257.82 257.341 104.875 102.989 75.2688 68.057 60.43 59.8043 58.7395 52.3532 47.5418 53.9179 46.82 55.5891 46.6616 46.6092 46.3686 44.9574 40.8276 38.7901 34.2269 31.9541 30.6389 30.6264 29.3587 42.3065 31.6003 28.7867
threshold=2.1034952402114873 0 0.9706791639328004 3.6811071634292607 0.97650590538978588 1 2 3 1.0000000180025095e-35 4 1.4547520279884341 5 0.99982804059982311 6 4.5000000000000009 7 8 9 23.394999504089359 10 11 12 13 5.5000000000000009 14 15 1.0000000180025095e-35 16 17 18
decision_type=2 9 2 2 2 9 9 9 2 9 2 9 2 9 2 9 9 9 2 9 9 9 9 2 9 9 2 9 9 9
left_child=2 6 12 7 9 -5 -2 -3 16 19 26 -10 13 -1 17 18 -9 -7 -16 -4 -12 -11 -13 -22 -19 -17 -6 -28 -29 -18
right_child=1 3 4 5 10 14 -8 8 11 21 20 22 -14 -15 15 25 29 24 -20 -21 23 -23 -24 -25 -26 -27 27 28 -30 -31
leaf_value=0.018653197483176998 0.1699068966702128 0.067584970057646118 0.076783283435426716 0.16210726304714751 -0.021215186657570106 0.060495722189686775 0.6300853969507858 0.039154224976522753 0.084757265353419833 0.034483151859482843 0.025962451456997493 0.048967697241117755 -0.03161083192092877 -0.020447930042077414 0.29889472640711878 0.084786663814664556 0.011895127073663789 -0.0098409934380861916 0.12474140245887121 0.022530147086559794 -0.0077824173700938373 -0.0023028895376775551 0.013616722507865357 0.0098280048314188326 0.034832821236348899 0.036355104289745588 0.014621870062404681 0.017345161167146253 -0.014825888026039 -0.0019413674060580442
leaf_weight=4688 462 2610 1083 3725 66501 3432 1324 2779 2048 1723 2792 6637 282056 102565 1586 1598 13324 1461 1305 7198 45098 31417 10958 8390 14861 3458 5000 1955 55924 17136
leaf_count=4688 462 2610 1083 3725 66501 3432 1324 2779 2048 1723 2792 6637 282056 102565 1586 1598 13324 1461 1305 7198 45098 31417 10958 8390 14861 3458 5000 1955 55924 17136
internal_value=-0.00164853 0.00575988 -0.00271467 0.00514799 -0.00137574 0.0087638 0.0352922 0.00310111 0.00271 0.000899159 -0.00188327 0.00490913 -0.00349566 -0.00259958 0.00770406 0.010948 0.0014111 0.00640243 0.0164869 0.00469669 -0.000534818 -5.12817e-05 0.00401994 -0.000842821 0.00527705 0.00773041 -0.00246984 -0.00169521 -0.00207627 0.000843424
internal_weight=705094 88704 616390 86918 227081 31426 1786 55492 52882 41421 185660 19643 389309 107253 27701 7947 33239 19754 2891 8281 56280 33140 17595 53488 16322 5056 129380 62879 57879 30460
internal_count=705094 88704 616390 86918 227081 31426 1786 55492 52882 41421 185660 19643 389309 107253 27701 7947 33239 19754 2891 8281 56280 33140 17595 53488 16322 5056 129380 62879 57879 30460
cat_boundaries=0 17 43 63 91 119 146 173 197 225 253 281 308 335 362 391 419 443 469 496
cat_threshold=0 0 0 0 0 64 0 0 2048 0 0 0 0 0 0 0 268435456 1310720 536887298 2 65536 12 73729 1179648 2 268435968 8393856 0 0 16384 0 0 402653184 16384 75497472 256 0 4096 0 0 16384 16 4096 0 0 16 0 32 0 0 8192 0 0 0 0 0 0 0 0 0 0 0 1024 2147484161 16384 67108928 4194304 17039360 0 67108864 4096 1073741952 0 75497600 18874368 256 16640 65536 0 536870916 0 270532624 8192 0 1 16 2147483648 0 0 0 8192 4194386 1140981824 40 0 536936448 268435456 4 67110912 0 0 2147483648 0 0 0 1048576 0 536870912 536870944 1048592 6291456 0 0 0 0 32784 4 67117057 1 128 0 1024 16 2147483680 8389377 33554432 2147614720 0 16384 0 0 0 0 8388624 9216 268435456 0 262144 2228224 5505024 67108864 0 1024 1073745920 4259840 1048576 0 0 65568 0 536936480 16384 0 2298478593 81920 0 0 0 0 134218048 537395200 0 553648128 268435456 0 0 32 0 8328 8 4194304 2147483656 536879108 16 0 0 0 0 0 536870912 0 0 4112 0 0 0 0 0 0 536870912 0 8192 0 0 0 0 1048576 1310720 33562880 0 34 2052 16859264 6291456 8389120 0 512 0 8 8200 4194320 0 128 0 6208 67108866 0 0 0 0 16 0 0 0 536872960 131072 67108864 132096 33554432 8519680 20972288 256 545261568 0 1048576 8388608 0 135266304 262144 0 2 2097153 1024 1049600 0 0 1052672 0 0 8192 64 0 12288 262144 0 1024 0 8388736 134217728 1073741824 2080 1342177281 32768 0 67108864 4194304 32768 0 135266816 549453824 2048 1048576 0 0 0 0 0 8192 5382144 0 4096 33685504 4194304 1024 0 131136 16777216 66 0 0 8392704 64 536870976 0 0 16384 65536 8389632 0 16777216 16777248 262144 32768 512 524288 1342177280 69632 16777248 0 16384 134221832 65792 8421376 16777216 8704 513 16 541065216 8912897 0 4 1140850688 0 67108864 0 8392704 0 0 0 512 9 1048576 1 0 2048 18 8192 67108992 1048896 536903680 2147483648 536870976 0 65536 541069320 0 0 4356 2147483648 524288 262144 8389120 0 16777232 0 0 0 0 1048576 1 4 4 2684354560 1024 2155872256 48 2048 131072 0 134250496 0 512 0 8192 1073741824 268435584 33620032 64 0 0 2162692 139264 0 0 268435456 0 0 1073807392 0 0 2 2 0 134144 0 1638528 134348864 4194304 2048 128 524288 0 67108864 3145728 0 0 0 8388736 1048576 76547072 1048576 0 64 1041 0 0 0 2048 67108864 4194320 262144 512 134217728 32768 0 553648128 2147483649 16384 2684354824 1073741824 134217728 790536 0 8193 65536 9044992 0 16384 8 0 4194304 0 1024 1 0 0 16777280 0 0 65536 2147516416 544 67125280 262144 134217728 1048576 2147483656 524288 2147483648 0 33570816 2147483648 0 4227584 0 64 2 5242896 1048577 2 0 4160 8388864 536870928 2147483648 545292800 0 0 71307528 0 0 256 2147483648 524288 262146 1024 32 0 0 67108880 0 0 4096 268435456 4 8196
is_linear=0
shrinkage=0.05


Tree=20
num_leaves=31
num_cat=14
split_feature=5 27 5 6 30 23 37 35 37 37 30 35 30 37 37 37 35 37 32 35 37 37 37 37 37 30 29 37 5 37
split_gain=1972.67 629.017 251.843 201.023 113.928 107.459 100.33 63.5955 57.381 54.8318 54.3118 53.0369 51.4122 83.3305 51.1678 43.0892 43.0094 41.2498 36.0116 32.4962 32.6746 31.8293 30.5824 30.4594 30.2498 25.6638 25.6067 27.4072 23.5021 23.0247
threshold=2.0677616596221928 12.693529129028322 0.95953071117401134 3.4734656810760502 1.0000000180025095e-35 19.21418380737305 0 0.94641631841659557 1 2 1.0000000180025095e-35 0.97565940022468578 1.0000000180025095e-35 3 4 5 0.9747353494167329 6 23.154999732971195 0.90389192104339611 7 8 9 10 11 1.0000000180025095e-35 1.0000000180025095e-35 12 9.4108757972717303 13
decision_type=2 2 2 2 2 2 9 2 9 9 2 2 2 9 9 9 2 9 2 2 9 9 9 9 9 2 2 9 2 9
left_child=2 3 10 7 9 -3 -6 -2 -5 -4 -1 15 23 18 25 -8 17 -12 -14 20 -11 -13 -18 -10 -21 -9 27 -16 -7 -27
right_child=1 5 4 8 6 28 11 14 12 19 16 21 13 -15 26 -17 22 -19 -20 24 -22 -23 -24 -25 -26 29 -28 -29 -30 -31
leaf_value=-0.031584948100667698 0.038072341881000706 0.28048009255844469 0.0091539510466167161 0.078707419055463593 0.044009939036462289 0.57383440431964272 0.030032007687028212 0.018051335345759652 0.014741281118891641 0.059623821619752215 0.027150911827743526 0.0095885411390682542 0.59541720999871151 0.052159358100646702 -0.023301452800318763 -0.00041999277910941598 0.0076338780924022605 -0.010661040195109007 0.19032595882361553 -0.0038007074792298142 -0.0036678170548104802 -0.0088479546596146128 -0.024500563569470186 0.033279192117752161 -0.017733879122028458 0.27756193432048998 0.012376706228850183 0.0050685040467938437 0.60160359457634804 0.04678919779533601
leaf_weight=245289 6776 1160 9294 7390 6672 105 5875 7195 5105 1265 2893 7776 1146 6986 4787 7184 3576 26785 946 16770 7325 55110 109487 11892 108755 582 16229 16425 1359 3562
leaf_count=245289 6776 1160 9294 7390 6672 105 5875 7195 5105 1265 2893 7776 1146 6986 4787 7184 3576 26785 946 16770 7325 55110 109487 11892 108755 582 16229 16425 1359 3562
internal_value=-0.00165899 0.0051838 -0.00268026 0.00447243 -0.00135351 0.0293067 0.000125456 0.00262829 0.00753376 -0.00220553 -0.00345308 -0.000391346 0.00642203 0.00946249 0.0019977 0.00250804 -0.00267759 -0.000983525 0.0182073 -0.0024628 0.000512163 -0.000993529 -0.00312226 0.00480145 -0.00266658 0.00493877 0.00110528 -3.81853e-05 0.038314 0.0080772
internal_weight=705701 91645 614056 89021 226026 2624 82617 55556 33465 143409 388030 75945 26075 9078 48780 13059 142741 29678 2092 134115 8590 62886 113063 16997 125525 11339 37441 21212 1464 4144
internal_count=705701 91645 614056 89021 226026 2624 82617 55556 33465 143409 388030 75945 26075 9078 48780 13059 142741 29678 2092 134115 8590 62886 113063 16997 125525 11339 37441 21212 1464 4144
cat_boundaries=0 25 52 79 98 125 152 179 207 233 257 283 310 337 338
cat_threshold=16 1073741920 1536 64 32768 268435520 536903748 16384 16793600 538968064 0 134218752 4096 4 0 0 537001984 0 16 8 0 16384 134217728 4194304 8388608 0 0 0 0 0 0 536870912 0 2048 4096 0 0 536870912 0 0 0 268435456 0 0 0 67108864 0 134217728 1048576 268435456 0 4 4 64 48 67108880 553648128 16924736 135266368 16384 0 16384 0 33555488 536870912 0 1572864 0 553648384 4 0 2056 0 4194304 0 4 0 0 524288 16 0 0 0 0 0 0 0 0 0 0 0 0 0 0 0 0 0 8208 16 67108864 0 256 536870912 64 32832 65536 0 6295808 0 0 0 8388608 524288 0 8389632 0 0 0 0 0 134217728 0 0 0 4 0 67109376 4096 2215641344 65536 0 256 0 73728 340 0 536870912 4 0 33554432 65536 512 1056 17825792 1140850688 16 0 0 16 268435584 4 8192 48 67108864 640 0 65536 268435472 4 2155872256 1073152 320 0 134217728 524288 16384 0 0 134217728 135168 1048576 0 0 0 8192 4194304 16 1090519044 603979780 64 0 67108864 0 0 0 512 67108864 0 0 2147483648 0 0 64 0 0 0 32 4 136314880 0 0 0 0 0 4 8192 1 4718592 0 268435584 738197504 4194304 0 25165824 5 0 4206596 1073741824 32768 786444 0 0 8388608 8913921 4 16793600 0 0 0 0 0 0 1024 18 294912 268435456 0 16 0 0 262144 6316032 264 4096 65536 33824768 0 536870913 0 672032 0 8389136 0 33554432 0 134217728 1073742848 16 512 67108864 64 0 0 0 0 0 0 0 0 0 64 0 0 0 32768 8396800 0 0 0 0 0 0 1024 524352 262176 0 0 65536 0 0 1638416 1073741856 67113280 0 16 2281705472 8392704 67109888 2 0 32 0 4 0 0 32768 16778240 32768 1024 4 0 4672 67108864 5570624 0 268435456 8388608 0 0 24 2147483648 0 0 33554505 0 1048576 536870912 1028 1048576 4104 16 0 0 8208 129 4 268435456 16
is_linear=0
shrinkage=0.05


Tree=21
num_leaves=31
num_cat=18
split_feature=5 25 5 5 35 35 36 24 36 37 37 35 37 36 36 37 36 27 36 29 36 36 36 36 36 36 36 36 35 26
split_gain=1795.87 610.31 221.673 208.005 99.4711 77.2041 72.7259 67.5179 64.2923 56.5276 51.4856 51.4483 50.4502 45.4378 39.6943 39.2432 37.3155 37.06 33.155 32.5896 47.9755 32.0217 30.7673 30.3327 28.6124 28.2246 25.4319 25.3418 25.086 24.6087
threshold=1.9625930190086367 18.139724731445316 4.4370880126953134 0.91453906893730175 0.96329206228256237 0.8655003309249879 0 12.070152282714846 1 2 3 0.93340539932250988 4 5 6 7 8 1.3500000834465029 9 1.0000000180025095e-35 10 11 12 13 14 15 16 17 0.67103970050811779 16.820131301879886
decision_type=2 2 2 2 2 2 9 2 9 9 9 2 9 9 9 9 9 2 9 2 9 9 9 9 9 9 9 9 2 2
left_child=3 2 5 11 10 21 -7 -3 -4 16 24 15 13 -8 -12 -1 -6 27 -19 23 -21 -2 -10 -14 -5 -17 -15 -11 -26 -24
right_child=1 7 8 4 9 6 12 -9 22 17 14 -13 19 26 -16 25 -18 18 -20 20 -22 -23 29 -25 28 -27 -28 -29 -30 -31
leaf_value=0.024211634236220945 0.0018427999263518138 0.3232878513875091 0.12789648369998102 -0.010180364856744522 0.040310932754258913 0.060492256225542378 0.053106137841086844 0.56429572047623577 0.08271952932371314 0.0093168731762230325 0.030373638529911602 -0.028918379604911351 0.023670470299470614 -0.0077033881663439207 -0.001940292008972209 0.017898501136901137 0.0010731235225861966 0.026209836386824337 -0.0087454989330957352 0.044181168659885021 0.006777322850871079 0.069478895144534938 0.046392299999105858 -0.0053845679762446032 0.29358329862044369 -0.018249425832396415 0.022520197359200522 -0.016784924008096225 0.039376811095439432 0.8954965598827116
leaf_weight=2969 782 306 3493 1055 1668 4092 2846 1410 3797 2693 1801 319940 3364 2142 27465 1574 12299 2149 67077 2177 17407 3061 12781 18647 388 41155 23379 118606 4785 226
leaf_count=2969 782 306 3493 1055 1668 4092 2846 1410 3797 2693 1801 319940 3364 2142 27465 1574 12299 2149 67077 2177 17407 3061 12781 18647 388 41155 23379 118606 4785 226
internal_value=-0.00165168 0.00455906 0.00404226 -0.00267628 -0.0015325 0.00282953 0.00247087 0.0341118 0.00869618 -0.0019566 0.000910831 -0.00342699 0.00209066 0.00371643 3.14228e-05 -0.00185759 0.00111353 -0.00218161 -0.00125861 0.000981227 0.00246515 0.00973855 0.00739697 -0.00033868 0.00503446 -0.00224368 0.003045 -0.00270853 0.00656539 0.00622715
internal_weight=705534 99910 98194 605624 239986 77897 74054 1716 20297 204492 35494 365638 69962 28367 29266 45698 13967 190525 69226 41595 19584 3843 16804 22011 6228 42729 25521 121299 5173 13007
internal_count=705534 99910 98194 605624 239986 77897 74054 1716 20297 204492 35494 365638 69962 28367 29266 45698 13967 190525 69226 41595 19584 3843 16804 22011 6228 42729 25521 121299 5173 13007
cat_boundaries=0 28 55 82 110 137 165 193 220 248 276 302 330 355 381 409 435 462 490
cat_threshold=1 41951234 64 2147483650 17039488 65536 0 16781312 1073741952 1048576 67108992 0 0 262400 0 2 0 16528 271581184 0 0 1 16 0 0 4096 0 8192 262144 68173826 132096 0 44 16785408 5243136 8192 268435968 75497472 0 0 134234112 0 0 402653184 65536 0 256 1024 0 0 0 16384 8192 4198400 2 4194324 32 528 67108928 541065216 268566592 16777284 16385 0 67108864 0 1072 536875008 8388608 524288 0 256 4 0 8 0 4194304 0 1073741824 0 0 524288 4194320 1073741888 67108864 0 553713664 0 671089156 0 268435466 0 2147483648 33792 0 64 1048578 0 536871936 536870944 16777232 0 0 0 0 0 8421376 4 8192 1 16 67108864 64 2147483968 536870912 2147483712 536870912 65536 0 610275600 0 536870912 256 8388608 524288 262146 8389632 0 0 0 67108864 524288 0 1048576 268435456 0 8196 2147746310 134234112 2048 0 131080 536871424 0 0 0 16777216 0 0 33562656 0 3145728 0 536870912 45056 67108880 256 4194304 4096 1025 16 0 131072 0 536870912 512 0 0 0 8388736 8194 4194304 34078720 0 16777216 142639104 0 2051 67108868 134742528 0 65536 75503616 0 1 0 0 0 67108864 0 8192 788480 536870912 16 67108864 0 0 65568 131088 4 2281701376 8704 134217728 0 33554432 0 524544 269484032 0 16777216 268435456 0 1048576 32 0 2105480 0 16 3238002696 16777220 131072 256 1152 2097152 147456 134217729 16640 0 1073742336 524288 0 0 32 2048 34603008 1064960 536870912 0 1049618 0 0 0 512 524288 268435456 536870912 0 2048 1 12582912 0 64 33554432 1090519040 0 2 0 4198400 67108864 0 13631488 0 16388 130 16384 32768 2147483648 0 0 16384 16 102760448 1073741824 1052672 32 256 131072 0 67117056 4194432 1084227590 268443649 4194304 262208 0 40960 8388608 1073741824 67108864 33555456 8388608 0 805306384 262144 0 8192 0 64 0 0 8192 32 524288 0 8 512 0 67112960 5120 0 0 1 8388800 8194 4196356 8192 2 16777216 0 0 16777220 8388612 0 0 8 536871168 4194304 0 16777216 262144 1048578 536870920 2 0 720898 134217985 33685536 536872962 0 5120 8388608 0 1048576 0 0 8194 16384 134217856 1024 0 4096 0 528 0 16 8200 256 4096 0 131072 2147483776 6 67108864 0 4096 8388608 2097312 0 4194306 528 557192 0 268436480 2 0 0 268502016 0 0 1073741824 4325376 0 67239936 0 1 536870912 0 805308416 128 16384 16785928 8 8192 0 3145732 0 16384 1073741824 0 268763144 67108864 131328 0 0 2 0 16388 64 8 553648128 8388608 65536 256 32784 276840448 8388608 0 8388608 537403392 134217792 134217728 0 4 1073741824 2236416 16384 67109124 1024 1048592 0 0 0 2048 0 536870912 8192 2098176 32896 2105376 0 1073741840 2148007936 0 0 67108864 268697600 4096 67108928 2 131072 268435456 1073808448 0 0 4 131073 0 0 2097152 0 4 65536 1152 136314880 0 8 8388608 0 64 512 524288 0 0 301989888 16448 1024 16384 2147483648 1 536870912 2304 0 68 4194308 2048 0 525312 2162688 20 1048576
is_linear=0
shrinkage=0.05


Tree=22
num_leaves=31
num_cat=16
split_feature=5 37 4 5 30 37 38 35 37 30 37 30 37 37 30 37 35 35 37 29 37 37 37 35 37 37 35 37 32 37
split_gain=1579.55 553.545 211.746 177.859 107.576 77.278 68.1025 67.5794 68.2595 53.3655 80.5498 51.2095 49.9335 43.4754 38.4978 39.8525 33.6021 32.8111 36.5693 31.1299 29.3156 28.7712 27.6916 27.4371 30.971 27.3281 26.4512 25.2879 22.6317 22.0472
threshold=1.9625930190086367 0 0.91183152794837963 4.4370880126953134 1.0000000180025095e-35 1 2 0.81005272269248974 3 1.0000000180025095e-35 4 1.0000000180025095e-35 5 6 1.0000000180025095e-35 7 0.91600176692008983 0.99982804059982311 8 1.0000000180025095e-35 9 10 11 0.99914148449897777 12 13 1.0153853893280032 14 20.435000419616703 15
decision_type=2 9 2 2 2 9 9 2 9 2 9 2 9 9 2 9 2 2 9 2 9 9 9 2 9 9 2 9 2 9
left_child=2 6 11 7 12 -6 -2 -3 14 27 -11 29 -4 -7 22 28 20 18 -14 26 -13 -18 -9 24 -15 -21 -10 -5 -16 -1
right_child=1 3 4 9 5 13 -8 8 19 10 -12 16 17 23 15 -17 21 -19 -20 25 -22 -23 -24 -25 -26 -27 -28 -29 -30 -31
leaf_value=-0.003126174912993095 0.54028616135061736 0.081447472207106728 0.0069069082100979857 0.02351738580244063 0.035958086352763451 0.012398242661722181 0.18373893908955827 -0.014063469398504232 0.0063075387139927544 0.46845011313350415 0.067281180084852024 0.027774089712431956 0.011784069282599544 0.018999355748889349 0.43302088798283994 0.036277772878737562 0.013018927908896956 -0.017345498480836399 -0.0093005353432665284 0.026061510049878656 -0.0084830414123062033 -0.021347063669224248 0.019269204853973206 -0.0096803472170575618 -0.0038591945092055976 0.0062443085324352474 -0.013946828995842212 0.045032280354674784 0.17732748422549841 -0.030220187213342898
leaf_weight=4220 1183 2045 9393 5147 6688 11931 698 2725 16883 1909 5421 2648 5959 5849 193 8332 2373 105004 32018 6681 10892 119821 14602 49869 12056 16583 8484 7686 1558 226651
leaf_count=4220 1183 2045 9393 5147 6688 11931 698 2725 16883 1909 5421 2648 5959 5849 193 8332 2373 105004 32018 6681 10892 119821 14602 49869 12056 16583 8484 7686 1558 226651
internal_value=-0.00166464 0.00415256 -0.00262683 0.00363581 -0.0014681 -5.86279e-05 0.0309434 0.0025551 0.00231379 0.0078226 0.0112263 -0.00338149 -0.00226724 -0.000492061 0.00430874 0.00676666 -0.00261075 -0.00249913 -0.0012398 0.00118817 -0.000247398 -0.00287262 0.0028806 -0.000982077 0.000696693 0.00250935 -2.30617e-05 0.00587775 0.013618 -0.00383462
internal_weight=705502 100130 605372 98249 238767 86393 1881 78086 76041 20163 7330 366605 152374 79705 27410 10083 135734 142981 37977 48631 13540 122194 17327 67774 17905 23264 25367 12833 1751 230871
internal_count=705502 100130 605372 98249 238767 86393 1881 78086 76041 20163 7330 366605 152374 79705 27410 10083 135734 142981 37977 48631 13540 122194 17327 67774 17905 23264 25367 12833 1751 230871
cat_boundaries=0 17 44 45 72 91 119 146 170 197 224 248 260 287 313 339 367
cat_threshold=0 0 0 0 0 64 0 0 2048 0 0 0 0 0 0 0 268435456 16 1073872960 1536 536870976 0 268435456 536911876 16384 24576 538968064 0 134218752 4096 0 2 0 545390592 0 16 0 0 0 0 4194304 1 4 1 4208 16 0 64 256 536870912 0 536870976 81920 0 543166736 0 536870912 256 8388608 525312 262146 545260544 0 0 0 67108864 0 134217728 1048576 268435456 0 8196 16 0 0 0 0 0 0 0 0 0 0 0 0 0 0 0 0 0 8192 4194308 0 48 67108880 553648128 16793664 64 16400 48 1073741824 0 33555488 0 0 1572864 0 536871168 4 0 2056 0 4194304 0 1073741824 0 0 17301504 1 4194304 0 268435456 67108880 8421376 64 25165888 5 16777216 320 1073741824 524288 786436 0 0 0 262144 1024 17842176 8 0 16384 134217728 0 16777216 1024 33562624 16 0 0 0 0 0 536870912 0 0 0 0 0 0 8388608 0 0 0 0 0 0 0 0 0 1048576 524352 2147483712 0 8 0 1073741824 134226432 67108865 268435456 0 2147483648 0 2281701376 2181038152 0 1073741824 0 32768 0 134217728 0 1 10 0 32848 4 268443652 80 67108864 0 67108864 65536 16777216 4 2147483648 8194 256 1048576 0 8 17408 1107296256 0 16777216 5120 17825792 0 16 134221824 0 268435472 16 16777216 335552512 18 294912 268435456 0 0 0 131072 262144 2121728 33554432 0 0 42467328 0 536879361 0 537018880 0 8405504 0 128 0 134217732 1073742848 16 0 0 0 0 0 0 0 0 0 0 536870912 66 67109376 67113088 2147483648 65552 0 768 0 1073807368 28 2147483648 536870912 0 0 34078720 65536 512 32 0 0 0 134217728 0 16 144 16777216 268435460 0 512 67108864 73400320 16 2147483648 0 0 0 8 0 0 4 33554432 0 0 0 32 1048592 0 0 0 0 16 0 4 16 0 128 8388608 2 0 536870912 0 0 16 0 536870912 0 0 0 262144 536870912 4 8208 0 0 524288 0 0 0 4 524288 0 16 4 536936480 0 0 1048608 0 0 16777216 33685505 0 524288 537395200 536870912 536870912 1073741824 0 8 0 0 2105480 16777216 20971520 32 570433537 1
is_linear=0
shrinkage=0.05


Tree=23
num_leaves=31
num_cat=18
split_feature=27 37 3 4 36 22 36 37 35 22 36 22 37 36 36 36 37 35 36 35 37 36 35 36 36 36 5 36 5 36
split_gain=1423.82 502.907 212.83 152.31 84.6857 77.5648 69.2859 60.1581 49.7965 46.6591 46.6266 45.7519 44.557 42.1722 39.682 38.7995 34.7421 34.4596 36.0317 34.2225 39.7341 33.4145 30.0479 28.9018 28.1691 27.4487 26.7225 25.6206 25.118 26.0762
threshold=2.0788953304290776 0 1.2069883346557619 3.1554119586944585 1 4.5000000000000009 2 3 0.99999991059303295 5.5000000000000009 4 5.5000000000000009 5 6 7 8 9 0.99999997019767772 10 0.85972008109092724 11 12 0.88212943077087413 13 14 15 0.779106765985489 16 0.73675143718719494 17
decision_type=2 9 2 2 9 2 9 9 2 2 9 2 9 9 9 9 9 2 9 2 9 9 2 9 9 9 2 9 2 9
left_child=2 4 5 8 -2 19 -5 13 10 17 -3 21 -7 -4 -10 -11 -16 18 -9 20 -1 -8 -14 -19 -22 -24 -21 -23 -27 -30
right_child=1 3 7 6 -6 12 11 9 14 15 -12 -13 22 -15 16 -17 -18 23 -20 26 24 27 25 -25 -26 28 -28 -29 29 -31
leaf_value=0.1440703021185053 0.61387814239024407 0.068219565532677814 0.051410609742163271 0.1174445759023664 0.2134010761529595 0.011686783143929954 0.059617528687016808 0.025560103641142431 0.035446706521572773 0.042133688324373197 0.019910596800579553 0.088742821772913066 0.0050051750119074357 0.007677709024687604 0.018853348593377683 0.0051291947471726641 -0.0027690903044623543 0.012707258926753002 -0.0028242638568936008 -0.031525637535437613 0.02983774342788233 -0.0086216056265800839 0.016386270443692803 -0.012857591289347412 -0.017897058973624643 -0.022620900627933076 -0.018907673507248396 0.026731191968719516 0.015986817673539239 -0.011071473115041414
leaf_weight=923 939 1562 1872 4019 860 5635 3946 1895 1938 900 14073 5422 7855 12872 8519 12984 25185 3114 34239 189071 1104 1625 2091 72861 13084 64255 134239 25198 1976 51578
leaf_count=923 939 1562 1872 4019 860 5635 3946 1895 1938 900 14073 5422 7855 12872 8519 12984 25185 3114 34239 189071 1104 1625 2091 72861 13084 64255 134239 25198 1976 51578
internal_value=-0.00165991 0.00409457 -0.00253627 0.00357729 0.0301961 -0.00304529 0.00588147 -0.000829806 0.00177103 -0.00118342 0.0041235 0.00518466 -0.00202413 0.00219112 0.000738994 0.00155059 0.000337534 -0.00152212 -0.000251004 -0.00344778 -0.00112196 0.00443955 -0.00221597 -0.00212666 -0.00177759 -0.00241241 -0.00355648 0.00380245 -0.00251311 -0.00171357
internal_weight=705834 93286 612548 91487 1799 471811 40210 140737 51277 125993 15635 36191 133390 14744 35642 13884 33704 112109 36134 338421 15111 30769 127755 75975 14188 119900 323310 26823 117809 53554
internal_count=705834 93286 612548 91487 1799 471811 40210 140737 51277 125993 15635 36191 133390 14744 35642 13884 33704 112109 36134 338421 15111 30769 127755 75975 14188 119900 323310 26823 117809 53554
cat_boundaries=0 9 37 63 90 118 145 173 200 228 255 283 310 338 365 388 415 438 466
cat_threshold=0 64 0 0 0 64 0 0 2048 32 2148794368 0 0 0 0 0 0 0 0 0 0 33554432 0 0 65536 0 0 0 0 0 0 0 0 0 0 2 4 1179648 8388610 0 0 8519686 73729 1048832 8192 1342177792 67108992 0 0 16384 0 0 402653184 16384 128 1280 0 4096 0 16 16384 16 4096 20 262144 96 67108944 553713696 64 64 16384 0 1075838976 0 1024 536870912 8388608 1573888 64 536871168 0 0 8 0 4194304 134217728 1073741824 0 0 34078720 16777216 16 8256 2160066560 0 0 1048576 133120 1073741824 0 0 512 0 33603586 0 1024 572522497 4096 64 8448 0 0 1024 32 8192 0 0 1052672 18 0 268435456 0 0 268435456 131072 2147483648 2113536 264 8192 0 41943040 0 1 0 537543200 268435488 537935888 8 0 0 8192 1073741824 0 0 1 0 25602 0 6291456 131104 0 262144 40 1073742336 541184 8388608 555745280 32 0 64 256 536871936 2048 1024 0 0 32768 0 1 2097152 0 16777216 4096 3221225473 33554432 128 16386 262144 320 0 2214625280 0 1048577 32768 16777224 4096 4194304 0 0 9437184 16384 268439552 0 0 64 0 1024 1077936128 4096 262144 33554688 0 65536 0 0 16777216 8256 33566752 0 0 0 0 33556480 4 512 8396800 1048576 147456 67108864 524289 16777216 134217729 8 0 4194304 4192 262144 2097152 16 67108864 576 150995200 4325376 1073741824 0 65536 0 4198668 1073741824 134217728 4096 0 0 2 8913920 32 25165824 0 67108864 4718592 0 0 268468224 0 4 1048576 0 2147484672 0 8388608 1 1077936160 2164261120 268435584 0 0 0 4194368 0 0 1074004096 2097152 67375104 64 16777248 1073741824 0 32 0 8192 4096 4096 262144 0 0 0 8 0 0 512 0 268435968 0 0 0 0 576 269484032 0 0 0 0 0 32 0 8 16 16777216 2147483648 536879104 327682 16384 132096 4 16781376 0 0 25165824 0 1052672 8388608 0 17833984 264448 0 8194 537001984 8389632 0 0 0 1073741824 0 2147483648 0 2048 0 12288 4194305 65808 4096 16777216 306184192 1073741824 131136 32 1074266112 36864 64 0 0 512 131072 65664 0 262144 268435472 0 0 4194304 0 0 268959744 1048576 48 262146 12599296 0 1073741825 2048 411058176 8388608 2048 1 536870912 8388608 0 134217728 294916 1024 16640 0 6144 1048576 8192 0 0 134217728 1 294960 0 16779264 34816 32 268435456 0 1073741824 4210688 0 16384 8392704 5120 0 0 1024 0 8192 2147483648 4096 2097408 0 81922 16777216 8388608 67108864 536870912 1280 4096 32 2080 0 2148007940 2147516416 1048580 16384 0 0 1073741824 130 197634 2146560 0 0 4 0 16384 67108864 268697600 2147483648 134217728 8 134217732 67108864 16777216 65536 33554944 0 67108896 0 0 131074 268435464 256 0 0 37748736 0 4096 256 8388616 0 1048576 526344 536870912 2097168 524288
is_linear=0
shrinkage=0.05


Tree=24
num_leaves=31
num_cat=19
split_feature=5 26 27 27 36 35 37 36 36 36 35 37 36 37 22 35 36 42 36 22 36 37 36 28 36 36 37 36 37 32
split_gain=1287.97 460.815 174.411 152.222 80.3461 77.8049 64.2231 55.7537 49.6657 47.6599 45.7672 44.3296 39.5811 38.636 38.2092 33.358 32.9643 31.5046 34.2763 27.2526 39.584 32.0255 26.8696 26.4551 34.3019 33.5338 25.8473 24.9305 24.8635 23.9509
threshold=1.841657340526581 16.820131301879886 0.94614076614379894 2.7750804424285893 0 0.99982804059982311 1 2 3 4 0.99982804059982311 5 6 7 4.5000000000000009 0.94788587093353283 8 9 10 5.5000000000000009 11 12 13 0.90650001168251049 14 15 16 17 18 23.425000190734867
decision_type=2 2 2 2 9 2 9 9 9 9 2 9 9 9 2 2 9 9 9 2 9 9 9 2 9 9 9 9 9 2
left_child=2 3 10 8 -3 12 9 -8 -2 -5 11 -1 -4 -7 22 -9 -16 18 -14 -15 -21 -22 -11 24 -10 -25 -27 -17 -13 -18
right_child=1 4 5 6 -6 13 7 15 23 14 -12 28 17 19 16 27 29 -19 -20 20 21 -23 -24 25 -26 26 -28 -29 -30 -31
leaf_value=0.015845897850496719 0.043723035634766601 0.56365868808104114 0.030338984214046807 0.1193652612861611 0.37644477151627415 0.0077327001813098113 0.046923368728164438 0.049281004047046148 0.037449111383282468 -0.010892064832970375 -0.025602941713721697 0.0016160379777349109 0.039420793774076417 -0.01561046375723206 0.013490638588807259 0.033042379154214922 0.1679384901499151 -0.0046795610580947907 0.0052019739974974869 0.026961425447362877 0.016056205880751934 -0.0096326404394211224 0.037479898263391855 0.027424373037426245 0.0072017226184850876 -0.019984744249150251 1.214495195675661e-05 0.010213922672985154 -0.017912476006346878 0.079010857642685131
leaf_weight=4553 3028 819 2207 3422 923 7371 4923 2546 1899 1251 274486 7374 1699 117815 974 3823 2232 40649 14806 1192 3551 26330 7478 2703 23916 5022 22186 21943 92342 2202
leaf_count=4553 3028 819 2207 3422 923 7371 4923 2546 1899 1251 274486 7374 1699 117815 974 3823 2232 40649 14806 1192 3551 26330 7478 2703 23916 5022 22186 21943 92342 2202
internal_value=-0.00164834 0.00328823 -0.00257266 0.00288236 0.0287952 -0.00143748 0.0048869 0.00359066 0.00114935 0.00733381 -0.00321889 -0.00232708 0.000103516 -0.00202288 0.00604078 0.00273417 0.00934738 -0.000150793 0.00169078 -0.00219773 -0.000880641 -0.00123796 0.00399828 0.000809515 0.0019823 -0.000202428 -0.000730741 0.00219544 -0.00254726 0.0111654
internal_weight=705665 111290 594375 109548 1742 215620 50794 33235 58754 17559 378755 104269 59361 156259 14137 28312 5408 57154 16505 148888 31073 29881 8729 55726 25815 29911 27208 25766 99716 4434
internal_count=705665 111290 594375 109548 1742 215620 50794 33235 58754 17559 378755 104269 59361 156259 14137 28312 5408 57154 16505 148888 31073 29881 8729 55726 25815 29911 27208 25766 99716 4434
cat_boundaries=0 28 55 83 109 136 163 191 218 246 254 282 310 337 365 391 418 445 471 498
cat_threshold=32 2148794368 0 0 0 0 0 0 0 0 0 0 33554432 0 0 65536 0 0 0 0 0 0 0 0 0 0 2 4 16 64 0 256 536870912 0 536870912 0 2048 536875012 0 0 4096 0 0 0 268435456 0 8192 0 0 0 134217728 1048576 0 0 4 131072 0 1024 301989888 9043972 134217728 0 8390658 0 16781312 8388608 0 3145728 37748992 0 0 8388736 1048640 1024 0 1048576 0 16 1024 1073741824 64 0 4096 1048576 1026 4160 2147500034 0 25165824 0 0 1073741824 512 0 17448968 0 262144 64 4 2097172 20480 268435456 0 0 66560 1 16 8192 4096 262146 8404992 131072 0 33559042 16850944 0 8192 268436098 0 0 0 24576 0 0 134225920 0 8390656 1140850944 1024 4096 0 0 0 16 4198400 2 0 2147483648 65572 0 536870944 16 536870912 16777216 81920 512 0 33554432 0 262464 524288 536870912 16777216 268435456 0 0 32 0 8320 0 12582912 3221225480 570433540 16778240 0 0 144703488 75497472 8388608 8192 2147483648 16 294912 0 536870912 0 0 16384 67108864 540672 32769 1073741824 0 0 536870912 262144 603996160 0 8392704 2147485696 1048576 20 0 268435456 64 0 134217792 68 16384 16777216 100663360 0 134235136 2181042176 0 1024 2 655616 0 16384 8 33554432 16384 0 1073742848 16777216 0 524288 8388608 33554432 134221825 80 4194304 0 0 0 131104 8389120 0 16785920 0 0 409600 64 128 4096 65536 1 1 1073745920 262145 1024 0 0 0 537927680 16384 864567296 302253094 2148008002 537133058 1280 69210120 226 536871428 0 16384 1073807360 128 4464768 1073741824 262178 3 0 0 0 0 262144 8388608 1048576 16 3072 1048576 0 0 0 512 0 8192 5373952 32768 6144 1073741825 0 65537 0 0 16777216 32 516 512 0 262144 0 1052672 17301512 0 2155872256 1048576 16384 0 2147483648 4194304 2147484168 80 2 4194304 69632 0 2 1048576 262144 1024 256 537034752 268435456 8404992 17 16416 536879116 4096 0 9437192 2147483648 1048576 0 8389632 1056 16 2097152 0 0 0 0 0 1024 4 536870912 1024 0 16 4194304 64 0 134250496 4 544 65537 0 5242880 0 1114192 16778496 128 4 1024 131072 278528 0 268697600 0 4096 1073741824 0 67108864 0 16 2147615744 0 1572992 268435457 37749248 262144 640 131072 32 67108864 4194304 1107298304 0 9472 570425344 134217728 67108864 0 0 134217728 0 0 0 1073741856 2151678465 16384 0 0 131080 2147483776 17317890 4096 0 0 1073741824 0 32 4194304 512 128 512 2048 2 524289 1 4096 16 33554432 0 196608 16777220 0 576 335544416 4198400 4259842 2415919104 8388608 0 0 8192 2155880448 134217728 0 2181038400 2 0 0 33792 1048576 0 0 0 0 2097168 0 1073741828 268435456 265 0 133120 0 68222976 320 538050560 32768 128 8388608 536871040 0 0 262144 0 262144 0 134217728 271585792 1048576 4718592 0 8 0 4194304 2048 0 67108864 0 4 65536 0 0 2349924352 1056768 0 0 134217728 0 134238208 806354944 0 537395200 32768 537919488 0 0 0 136314888 8 32768 1048580 268435456
is_linear=0
shrinkage=0.05


Tree=25
num_leaves=31
num_cat=17
split_feature=4 26 4 22 5 36 22 35 36 30 36 36 35 36 35 42 36 35 36 42 36 36 30 36 35 36 42 36 36 42
split_gain=1155.69 411.242 204.119 116 108.338 98.4874 57.2973 57.2077 53.918 48.6999 47.6763 45.0365 40.0241 39.2491 37.7099 32.2122 31.7575 28.3046 28.0041 27.0461 26.3112 25.9246 25.2418 38.4366 24.847 22.6348 22.487 21.8528 21.5722 20.5878
threshold=2.0542894601821904 16.820131301879886 0.8645993471145631 5.5000000000000009 4.4370880126953134 0 5.5000000000000009 0.99982804059982311 1 1.0000000180025095e-35 2 3 0.97158312797546398 4 0.79101082682609569 5 6 1.1110839843750002 7 8 9 10 1.0000000180025095e-35 11 0.80002030730247509 12 13 14 15 16
decision_type=2 2 2 2 2 9 2 2 9 2 9 9 2 9 2 9 9 2 9 9 9 9 2 9 2 9 9 9 9 9
left_child=2 4 9 7 6 -3 8 13 -2 -1 -5 -6 19 -4 -10 27 -8 28 -14 -12 -17 -9 25 -24 26 -13 -15 -11 -16 -23
right_child=1 5 3 10 11 -7 16 21 14 15 12 22 18 24 17 20 -18 -19 -20 -21 -22 29 23 -25 -26 -27 -28 -29 -30 -31
leaf_value=-0.027059985378847597 0.063306225365294705 0.52275320437175632 0.03719470436020153 0.03218048371586877 0.10232686860266603 0.35225539287007573 0.10045359529202547 0.0068757451854642715 0.078558045011459687 0.027827449393140004 0.044492343995580032 0.045253012725492842 0.028821882154802692 0.057632900089879896 0.025417360330120792 0.015177187633209348 0.032034404519771395 -0.017440226233714634 -0.0014032492914295726 0.010057766575437249 -0.01894859463745498 -0.0058880411455533776 0.23247147674159976 0.059785387419655611 -0.0051762985018670472 0.015398082754492752 -0.0014373204779969887 -0.0028078842870080363 0.0058237253419113032 -0.015101943462642901
leaf_weight=214600 3524 985 2157 1589 3570 819 1017 4949 1088 1004 2784 2592 1259 1585 3617 2240 9253 4994 29092 3659 114484 23001 1201 4673 57575 8247 1946 8961 48469 140072
leaf_count=214600 3524 985 2157 1589 3570 819 1017 4949 1088 1004 2784 2592 1259 1585 3617 2240 9253 4994 29092 3659 114484 23001 1201 4673 57575 8247 1946 8961 48469 140072
internal_value=-0.00163223 0.00352743 -0.00242649 -0.00139835 0.0030649 0.0271634 0.00215513 -0.0018208 0.00157943 -0.00323887 0.00114722 0.0062924 0.000779241 -0.000539249 0.00121453 -0.00246148 0.00561289 0.00103887 1.96021e-05 0.00435832 -0.00269431 -0.00230332 0.00519224 0.00783489 -0.000773599 0.0037643 0.003297 0.000268142 0.00138365 -0.00241143
internal_weight=705006 94049 610957 269668 92245 1804 71962 231285 61692 341289 38383 20283 36794 63263 58168 126689 10270 57080 30351 6443 116724 168022 16713 5874 61106 10839 3531 9965 52086 163073
internal_count=705006 94049 610957 269668 92245 1804 71962 231285 61692 341289 38383 20283 36794 63263 58168 126689 10270 57080 30351 6443 116724 168022 16713 5874 61106 10839 3531 9965 52086 163073
cat_boundaries=0 28 56 84 111 139 146 174 202 210 236 264 292 320 328 356 383 390
cat_threshold=32 2148794368 0 0 0 0 0 0 0 0 0 0 33554432 0 0 65536 0 0 0 0 0 0 0 0 0 0 2 1073741828 196609 41943042 64 2147500034 16777348 65536 0 4096 1073741952 1085440 67108864 16777216 8448 262144 0 0 1 32768 268435456 0 0 0 0 2147483648 0 6144 0 8192 33554432 0 65544 64 0 16777216 0 33554434 1024 4 262144 32 1052704 524288 0 0 1024 163840 0 2105344 32768 134234113 0 16384 4194816 536936448 0 1048580 262146 67125250 1024 0 65540 0 5243136 10242 268435456 67109888 0 0 1073152 0 0 134225920 0 134217728 1024 1024 4096 0 512 16384 16 4198400 2 1048576 16 0 2149580928 8388608 8388608 1073741824 2147483648 768 4489216 65536 4194304 0 8388608 16384 262272 8912896 4096 0 0 1 0 0 2147483648 8200 8388608 1024 1052672 541589520 51462176 1342439988 68 539000880 805306400 2571 131 134217728 2048 4194304 0 12582913 64 4112 0 0 0 0 37748736 384 8388608 16777216 131072 0 1024 1 0 64 0 0 0 1078136832 16777216 4104 0 8388608 1048576 0 67174400 0 262272 1028 512 0 1 536870912 8388608 2147483648 2048 128 1048576 0 0 2148007936 4194304 4104 536870992 524544 134217728 4 0 2097154 131590 285229056 1073741824 2147680388 0 1408 16777216 130 0 0 67584 0 0 0 268435456 0 17 1077952512 524296 0 8392704 134217728 0 512 2147483664 0 0 32784 36865 0 34816 67190784 16777233 72 0 2097424 33792 2149580832 272760832 0 33554496 0 34078720 4096 0 33554432 512 1024 0 0 8388609 0 16 1024 131072 8 64 0 1073741824 1114128 4 33554432 0 8 16 0 135210 134225920 16908320 0 514 128 0 537395200 134217728 256 0 268435456 16512 67158016 0 0 0 1048644 0 0 0 0 0 67108864 0 268435456 133120 301989888 1052704 151003904 33554432 0 0 0 8388608 0 136314880 2048 0 2 2155888640 128 256 1048576 0 4096 0 1024 8192 0 1048576 4128 0 335544320 33562638 162 0 1024 0 32 33554436 8192 2147483648 1094778880 0 0 131072 0 0 8192 0 2048 8 8388608 536870912 0 262152 0 512 134217728 4194304 2097152 262152 32768 10240 8421376 201326592 2097152 2156921344 16 12288 268435456 2149584896 536870912 0 64 4194306 0 65664 0 0 0 2097280 0 0 8407104 69210112 8192 0 1077936128 0 1024 0 0 1048576 2670682 160563202 410680 2148532736 1073750016 64 1610616866
is_linear=0
shrinkage=0.05


Tree=26
num_leaves=31
num_cat=19
split_feature=6 23 4 4 30 37 36 42 36 36 30 36 22 36 37 36 22 32 42 31 36 36 37 36 36 36 36 28 36 36
split_gain=1031.95 367.042 181.618 112.056 106.394 76.7914 66.5158 57.0371 55.6269 52.6069 46.9287 44.5348 44.262 39.0859 37.8972 37.1807 36.4867 37.0684 32.0561 30.4806 27.6844 27.374 26.2326 26.9453 25.8408 25.6613 25.4581 25.2387 25.2043 22.9049
threshold=1.8806459903717043 19.21418380737305 0.8645993471145631 3.1554119586944585 1.0000000180025095e-35 0 1 2 3 4 1.0000000180025095e-35 5 5.5000000000000009 6 7 8 5.5000000000000009 22.925000190734867 9 2.8498500585556035 10 11 12 13 14 15 16 0.6055000126361848 17 18
decision_type=2 2 2 2 2 9 9 9 9 9 2 9 2 9 9 9 2 2 9 2 9 9 9 9 9 9 9 2 9 9
left_child=2 3 10 8 7 26 -3 13 -2 -5 -1 -7 22 -4 15 -13 27 19 29 -18 -9 -14 -10 -24 -20 -16 -6 -11 -29 -12
right_child=1 6 4 9 5 11 -8 20 12 16 18 14 21 -15 25 -17 17 -19 24 -21 -22 -23 23 -25 -26 -27 -28 28 -30 -31
leaf_value=-0.025669568662076227 0.055260854566155898 0.60101362664057101 0.030314279664816542 0.091329897527922158 -0.013152488757577262 0.025510140659797644 0.25589733385564717 0.0045458093457963261 -0.012690877234086127 0.074569476057539621 0.027499865985066985 0.036794364898664021 0.063134684049630685 -0.0025706815898189094 0.016669834270400644 0.0054357216058221912 0.1326751342735589 0.038842692695216029 0.012693733434317312 0.01689396119568095 -0.014482199521462659 0.01970064860751887 0.028056040292568325 0.0021640458277244583 -0.018568792350063066 -0.006785300826823968 0.048183373027746716 0.054897533966111779 0.016408299237254575 -0.0040087733607931794
leaf_weight=214808 3319 787 1934 4254 986 2565 793 5604 8485 1865 1077 1290 1097 21226 3125 9699 1917 2837 2345 590 135357 7256 2863 38975 111525 70674 5261 3628 27285 11717
leaf_count=214808 3319 787 1934 4254 986 2565 793 5604 8485 1865 1077 1290 1097 21226 3125 9699 1917 2837 2345 590 135357 7256 2863 38975 111525 70674 5261 3628 27285 11717
internal_value=-0.0016097 0.00293902 -0.00241402 0.00257679 -0.00141201 -6.6774e-05 0.0268501 -0.0021792 0.00122226 0.00455837 -0.00317027 -0.000450015 0.000865097 0.00012084 -0.000646707 0.00209136 0.00396612 0.00779794 -0.0024069 0.0122269 -0.00255693 0.00423569 0.000305718 0.000819851 -0.00267341 -0.00105467 0.00528364 0.00334238 0.00300139 -3.28009e-05
internal_weight=705144 105951 599193 104371 257721 93600 1580 164121 61995 42376 341472 87353 58676 23160 84788 10989 38122 5344 126664 2507 140961 8353 50323 41838 113870 73799 6247 32778 30913 12794
internal_count=705144 105951 599193 104371 257721 93600 1580 164121 61995 42376 341472 87353 58676 23160 84788 10989 38122 5344 126664 2507 140961 8353 50323 41838 113870 73799 6247 32778 30913 12794
cat_boundaries=0 27 55 63 91 119 147 175 202 227 234 262 289 316 343 370 398 424 450 478
cat_threshold=4194320 1073872960 268436992 536870976 8388608 64 536879108 4 16384 1612713984 0 134218752 0 0 0 0 131072 0 16 8 0 0 134217728 4194304 1 4 33554433 32 2147745792 0 0 0 0 0 0 0 0 0 0 33554432 0 0 65536 0 0 0 0 0 0 0 0 0 0 2 4 16826394 2307522562 65594 2214592512 1073750272 1536 1140855328 34 2147483649 33555456 67108928 2147500034 32 16777344 33685504 0 1073741952 37376 0 0 8448 4194304 0 128 0 4096 335544320 256 0 4194304 0 1056 0 4096 0 4096 65536 8404994 131072 0 131076 1 0 25174016 1342177794 4096 8388608 0 24576 0 0 134217730 147456 0 1280 1024 4096 0 16 2147500032 0 4096 0 8192 0 0 4 16777312 268435460 16777216 8192 33554432 1536 256 16777216 0 32 2164260868 16384 0 65536 163840 268509184 4096 0 16384 64 0 528 0 0 2101248 0 16 81920 1073741824 8388608 134242304 1073742128 1024 1073741824 524288 8388608 33554432 32 34816 0 0 0 5120 536871938 2048 0 0 0 18432 8 0 32 4096 0 0 128 83886080 4227072 268566528 32832 1 73728 8448 0 524288 9179136 8388612 0 64 545260544 0 1064960 0 0 16384 0 0 50331648 1024 268435456 256 33554432 134218752 1 131138 536879104 2097152 6144 67141632 0 0 0 0 0 1048576 1049344 32 18432 67109888 2097152 256 134217736 16 0 8192 608698384 17907744 1342472724 196 2129952 805306416 536875019 4194304 0 4096 32 272629760 0 64 17039360 33554432 69632 0 2097152 67108868 1024 16400 0 524288 1052672 1073742096 134219264 64 16388 0 0 2097152 2048 0 131072 0 0 5120 0 75497472 12591105 4194592 0 0 0 0 64 32 33554560 8388608 8 33685536 0 1024 8193 256 64 1024 16777216 1077936128 4325376 16777216 64 8704 67109376 12648448 0 268435456 2147483648 0 0 538968064 2155880448 0 0 2189426760 258 1048576 0 32768 0 8 0 0 0 2109456 65 0 268435456 1073741826 8448 12288 4194464 67584 1 4194304 2344 0 0 0 512 0 262144 512 71336192 16 18432 0 0 4194304 0 1 2147483648 8192 0 1048576 0 0 134285312 134217728 32768 0 270532608 0 2064 16384 524296 0 4096 0 1073741824 0 16 2 0 32784 33558529 0 32768 81924 16777232 1048640 67108928 33554432 0 65544 0 0 1024 536870952 32768 1075314688 4 0 0 1048576 524296 512 0 0 0 1 8192 4194304 8388864 2056 2 1076363264 4198400 0 536870914 0 33685504 1048576 2147483649 536870912 2048 2048 0 0 1073745920 0 0 3221487620 2097152 0 4194320 4 0 822084104 67108864 0 69632 0 2 524288 4096 1048576 8 2113 4 2164261379 0 5242880 0 0 68157440 0 0 136314880 264192 0 268443648 0 8389664 16 8192 0 1073741824 512 33555456 0 133120 33554436 16785424 32 16809984 18432 4735008 131072 1073742336 0 1073742080 0 67108864 0 0 2 512 263168 0 0 134217728 4194304 2097152 262152 0 2048 32768 0 2097152
is_linear=0
shrinkage=0.05


Tree=27
num_leaves=31
num_cat=19
split_feature=4 25 27 37 28 36 36 37 28 22 37 28 37 30 37 36 36 37 22 36 36 36 36 36 32 36 30 37 36 36
split_gain=953.872 348.217 171.752 108.467 69.3622 60.7162 58.4068 53.7502 46.3569 45.3825 50.9542 44.0935 47.2971 41.0848 75.06 38.8314 37.971 36.297 34.9262 34.3477 33.0781 32.7698 32.395 30.4679 30.1467 28.2052 27.6799 44.4985 40.3872 27.0949
threshold=1.8938751220703127 18.139724731445316 0.93982559442520153 0 0.99950000643730175 1 2 3 0.6055000126361848 5.5000000000000009 4 0.99850001931190502 5 1.0000000180025095e-35 6 7 8 9 5.5000000000000009 10 11 12 13 14 23.154999732971195 15 1.0000000180025095e-35 16 17 18
decision_type=2 2 2 9 2 9 9 9 2 2 9 2 9 2 9 9 9 9 2 9 9 9 9 9 2 9 2 9 9 9
left_child=2 3 11 5 7 -2 -3 19 29 20 -11 12 -1 16 24 -16 -7 -6 21 -4 -9 -10 -12 -20 -15 -19 -14 -28 -29 -5
right_child=1 6 4 8 17 13 -8 9 18 10 22 -13 26 14 15 -17 -18 25 23 -21 -22 -23 -24 -25 -26 -27 27 28 -30 -31
leaf_value=0.012790851025829886 0.10321466736369152 0.51332154981706002 0.042379046299693149 -0.0037282920356352363 0.0065017214678849333 0.043445661133894954 0.245967887412327 0.018295437288420507 0.021699994477662375 0.02879755269088892 0.022886571473700289 -0.024780171755196614 -0.018374874076212078 0.36828816964043187 0.068966043269137023 0.022086529714091696 0.010360811048600371 0.010461637257672751 0.064438027218333652 0.010953737232425695 -0.0080834887112902105 -0.00069216315326330264 -0.0031960862750387373 0.015262586041973955 0.12952721619335358 -0.014886283526710148 0.023705323147727754 0.020878962730497417 -0.012881134100215387 0.055070620133914297
leaf_weight=4557 3778 742 1293 1056 7116 3008 943 2269 4803 5131 1287 191077 122918 1543 1530 8942 21512 2751 1068 8717 80051 46719 17026 7559 1577 97357 3030 1755 50517 3026
leaf_count=4557 3778 742 1293 1056 7116 3008 943 2269 4803 5131 1287 191077 122918 1543 1530 8942 21512 2751 1068 8717 80051 46719 17026 7559 1577 97357 3030 1755 50517 3026
internal_value=-0.00159147 0.00273702 -0.0023733 0.00237882 -0.00127507 0.00435789 0.0252817 -0.000426432 0.00108722 -0.000757931 0.00118277 -0.00302837 -0.00247314 0.003756 0.00596189 0.00391968 0.00253456 -0.00219137 0.000737405 0.00307354 -0.00131072 0.000244356 -5.26644e-05 0.00368162 0.0127595 -0.0024365 -0.00260168 -0.00167279 -0.00201423 0.00624296
internal_weight=704658 107806 596852 106121 222998 41890 1685 115774 64231 105764 23444 373854 182777 38112 13592 10472 24520 107224 60149 10010 82320 51522 18313 8627 3120 100108 178220 55302 52272 4082
internal_count=704658 107806 596852 106121 222998 41890 1685 115774 64231 105764 23444 373854 182777 38112 13592 10472 24520 107224 60149 10010 82320 51522 18313 8627 3120 100108 178220 55302 52272 4082
cat_boundaries=0 27 54 82 110 137 164 183 208 236 262 290 318 344 372 399 427 454 482 510
cat_threshold=18 262208 64 2149580800 536870912 64 64 16384 2048 536875264 0 0 536870912 8388608 524288 262144 805306368 0 8192 8 0 524288 134217736 1048576 268435456 0 524292 514 8404994 2048 16386 2147483648 0 5243136 10240 268435458 4096 0 0 134234112 0 0 134225920 536870912 1048576 256 1024 4096 0 1 2147500032 0 4198400 2 0 2148794368 0 0 0 0 0 0 0 0 0 0 33554432 0 0 65536 0 0 0 0 0 0 0 0 0 0 2 4 4718610 1140850752 0 67108864 536936448 131072 8192 0 536887296 16 0 0 0 2147483648 8912896 0 536870912 1024 553648128 4194304 0 4194304 1048578 1024 8388608 0 67141633 1 1048576 512 68161664 545259776 32768 268435456 67108864 2147485696 1073741832 268 2147491840 671088640 262144 0 33554432 0 524288 0 1048592 2097152 0 0 0 0 268435584 0 8192 0 0 65572 0 536936480 16 0 1090519040 2163200 0 0 134217760 0 256 524288 0 16777216 268435488 536870912 0 32 131072 2105472 8192 4259840 2147483648 8196 16 64 0 2147483648 0 64 0 0 2048 0 0 0 0 0 0 0 536870912 0 8192 1048833 0 1024 2147483648 17039368 16917056 131072 4096 4 75497476 0 64 1048576 2 0 0 8388736 0 1024 139264 0 4194304 1536 536870912 8192 1 369098752 131136 268435456 1048576 687865857 0 0 1073741824 0 8388608 0 2105376 4456448 0 2 65536 142610560 1048576 1048576 0 0 0 0 8208 0 0 10240 4 0 514 16 536870912 131152 8388676 18432 16777216 33562688 0 17408 33554432 0 1024 2 132096 36 16384 8 33554432 0 0 16777216 2048 1024 262144 0 0 1075904512 1179714 268443648 2 0 1073742080 67141632 0 536870944 0 8192 532480 16640 8388608 0 1048576 0 0 0 262152 1048576 8192 5242880 0 10240 2 0 0 8388640 0 16777216 1073741824 2147483648 524800 536870912 67108896 2147483656 134217732 1024 16384 67403776 16793600 8388608 0 260 0 16384 0 67108864 16 8388640 67108864 262144 2148532224 33554432 67121152 0 10620932 0 71303168 16 128 135232 8388736 0 0 0 512 1073741824 0 2112 2483027970 0 0 1073741824 0 33554432 0 67584 516 8 1207959552 0 8388608 16777224 33619968 8192 1 1090519040 16809984 128 1048576 0 8192 0 0 4354 0 3145728 0 0 16 16384 524288 0 2099200 603979776 1048578 0 1024 0 67108864 8396801 4195072 536870912 0 0 0 0 0 33555584 8388608 0 0 0 67109888 0 20971520 65 1041 16777216 1077936128 4194304 16777216 131072 0 32768 16777216 277086208 1048576 0 0 1073741824 0 0 33554432 4608 0 536870912 0 1 270532608 0 0 1441792 2147778568 0 65536 1075838978 36944 4096 16384 49 67108864 1024 33570816 8388608 2147483648 4 2155872256 24576 134217728 4096 0 0 4096 33554691 0 512 0 8388624 0 0 0 0 4194304 16 16842756 65536 64 8388608 65536 268435456 0 0 8 68 8388625 16657 1342316544 2 4096 0 1073741824 0 2148532224 2147483648 4194304 32 0 0 0 16384 0 536870944 64 4096 0 0 73736 1 536870912 0 1073741824 536870912 0 1 0 8202 71319552 4 536870914 17334288 4 0 16777220 0 0 512 8 536870912 4194304 0 16777216 262144
is_linear=0
shrinkage=0.05


Tree=28
num_leaves=31
num_cat=13
split_feature=3 37 6 27 22 22 37 9 35 37 4 30 28 37 42 42 37 37 22 32 31 35 37 22 37 30 37 37 35 37
split_gain=866.759 304.861 182.4 93.6168 84.1304 52.1206 45.8575 40.1536 39.5564 44.7635 37.7085 44.4781 34.5636 32.9374 31.2002 29.0807 25.633 25.0686 24.3837 32.5494 25.9986 24.3233 33.1146 24.1468 23.704 20.9178 19.9242 19.7541 19.7421 22.7236
threshold=2.0190167427062993 0 0.89368140697479259 2.7750804424285893 4.5000000000000009 4.5000000000000009 1 24.813255310058597 0.99999991059303295 2 6.213503599166871 1.0000000180025095e-35 0.52949997782707225 3 4 5 6 7 5.5000000000000009 22.494999885559086 3.0408500432968144 0.99982804059982311 8 1.5000000000000002 9 1.0000000180025095e-35 10 11 0.99982804059982311 12
decision_type=2 9 2 2 2 2 9 2 2 9 2 2 2 9 9 9 9 9 2 2 2 2 9 2 9 2 9 9 2 9
left_child=2 7 5 24 8 17 -6 -2 9 12 18 -12 -4 -7 -10 -8 -16 -1 23 20 27 22 -15 25 -3 -5 -17 -20 29 -19
right_child=1 3 4 10 6 13 15 -9 14 -11 11 -13 -14 21 16 26 -18 28 19 -21 -22 -23 -24 -25 -26 -27 -28 -29 -30 -31
leaf_value=-0.00098668809227053789 0.11876817891945796 0.017612760526001119 0.45428156349857246 0.025230468925507329 0.028657707662178306 0.010128136587478576 0.0078985138404671779 0.44262907897421605 -0.020474723407816794 -0.0052640365116303186 0.033466301102909136 0.23710347340272742 0.016642364823788482 0.016546837758710652 0.0044186485909285759 0.010055895402775846 -0.01125989656920549 0.0065113072855013561 0.13094617238093584 0.027711064571650249 0.010738121834376167 -0.017662719352986828 -0.0080968013358561613 0.013236206609506154 0.00073239597683200054 0.12974499015879562 -0.0065271269424312375 0.058863067993736889 -0.025389611402017398 -0.018462560713981325
leaf_weight=5749 756 14389 158 10181 6166 3650 18507 1132 28027 42733 3830 2158 4246 3433 8651 6633 96332 3352 888 5426 617 68141 25277 22476 36177 272 40953 1458 179880 62947
leaf_count=5749 756 14389 158 10181 6166 3650 18507 1132 28027 42733 3830 2158 4246 3433 8651 6633 96332 3352 888 5426 617 68141 25277 22476 36177 272 40953 1458 179880 62947
internal_value=-0.00156547 0.00275258 -0.00227768 0.00236701 -0.00125167 -0.0030125 0.000189661 0.0225961 -0.0018298 -0.000585198 0.00396601 0.00767407 0.00420838 -0.00204976 -0.00227087 -0.000195375 -0.00187454 -0.00339655 0.00342845 0.00583492 0.0100489 -0.00222538 -0.00100484 0.00281521 0.000871516 0.00480055 -0.000849424 0.0124499 -0.00347271 -0.00273522
internal_weight=704595 99760 604835 97872 252406 352429 72259 1888 180147 47137 47306 5988 4404 100501 133010 66093 104983 251928 41318 8389 2963 96851 28710 32929 50566 10453 47586 2346 246179 66299
internal_count=704595 99760 604835 97872 252406 352429 72259 1888 180147 47137 47306 5988 4404 100501 133010 66093 104983 251928 41318 8389 2963 96851 28710 32929 50566 10453 47586 2346 246179 66299
cat_boundaries=0 9 34 62 89 97 105 127 154 181 208 235 254 281
cat_threshold=0 0 0 0 0 64 0 0 2048 524304 1140981824 1040 536870912 32768 268435456 536870916 16384 16384 538968384 0 134217728 1048576 0 33562626 0 132096 536870916 16 8 0 4194304 0 0 16777216 4718592 64 67108928 8 536870912 16384 134226432 1 268435456 16 0 33554432 134742024 320 1572864 0 553649152 0 0 2048 0 4194304 0 0 8388624 2147483652 0 1 18 0 0 0 16 268435472 131072 2147483648 538992640 8 0 134218752 42205184 4096 8388992 0 16793600 32 536870912 0 33554432 0 0 4194304 32769 0 553648128 1088 268455936 10244 67125280 33818624 4098572288 2176974860 8 69763094 806879234 1073758208 2148565524 539230208 1408 553656322 130 20 32 528 67108880 541065216 0 68 81920 1073741856 67112960 524288 16 3758108672 262144 0 2 1280 36 0 8 0 16384 16 0 0 16 553713696 0 0 1310720 16400 8388608 0 132128 262144 16384 524296 0 0 1073741824 0 0 128 0 3145864 1090519040 4196352 2097184 16777216 65536 2214592512 1024 604000258 65536 0 12 2048 0 0 1572864 0 524288 0 1074266112 0 134217728 135168 1048576 0 67108864 0 8192 0 16 1073742852 335552512 86 266240 0 2214592512 536870912 2147483648 576 81920 0 69206272 0 32768 0 8388608 524288 0 537395200 8388608 0 8 0 0 134217736 0 268435457 4 268959748 6291456 262176 0 2298478592 537067520 64 16809984 65536 285212672 8208 0 131072 524556 0 525312 65536 262144 32 0 2097152 16 0 0 0 8388608 0 65536 16 512 67108864 2097152 0 0 0 0 0 4112 0 0 0 0 0 0 0 0 16 0 0 0 4194304 134217728 0 0 201326592 514 262144 2164260864 33554432 0 134218496 270532608 536936464 16777216 0 0 0 270368 0 8194 0 16777218 2198863872 536879104
is_linear=0
shrinkage=0.05


Tree=29
num_leaves=31
num_cat=19
split_feature=5 25 5 6 22 36 35 36 36 30 36 35 36 37 22 37 37 36 36 36 37 35 36 37 36 36 36 35 36 36
split_gain=803.987 258.834 158.162 94.6457 90.0591 61.0278 45.7732 44.8503 44.5835 42.5529 41.4549 39.2565 38.5169 38.1085 33.9313 32.0381 30.4033 28.6281 27.7691 27.1228 26.2478 25.7146 29.3204 24.2153 24.1784 22.8598 22.1763 21.7391 29.933 24.7174
threshold=1.841657340526581 18.139724731445316 0.81255027651786815 3.4734656810760502 4.5000000000000009 0 0.98110559582710277 1 2 1.0000000180025095e-35 3 0.93000152707099926 4 5 5.5000000000000009 6 7 8 9 10 11 0.91871085762977611 12 13 14 15 16 1.0082158446311953 17 18
decision_type=2 2 2 2 2 9 2 9 9 2 9 2 9 9 2 9 9 9 9 9 9 2 9 9 9 9 9 2 9 9
left_child=2 3 9 7 11 -3 8 -2 -6 -1 -8 13 -5 -4 24 -12 -13 -14 -18 -16 -10 22 -11 -23 -9 -17 -15 28 -26 -29
right_child=1 5 4 12 6 -7 10 14 20 21 15 16 17 26 19 25 18 -19 -20 -21 -22 23 -24 -25 27 -27 -28 29 -30 -31
leaf_value=-0.023489232630507076 0.058672423369569231 0.64709722832169136 0.025504807207990927 0.100752332455462 0.045469783523305662 0.21773764951136451 0.02486578231538052 0.024409747102989807 0.023615568776710567 0.043632181837565176 0.020411420787747585 0.0064867476388835183 -0.010083000188898227 0.026685859598248457 0.06215835892011462 0.017438126402711862 0.0050385911855373097 0.030947629022226659 -0.012559885629700722 0.018307236985051125 0.001148920050999911 0.011268924492358424 -0.0040089824056562806 -0.017764797046852996 0.025032577830098979 -0.0068270470040086408 -0.0080286621844141981 0.02478542314163527 0.0015321004031482069 -0.010986140413478673
leaf_weight=194284 3313 417 4136 3403 1250 1278 1728 3350 4774 794 3481 6572 2023 1084 1065 2282 6005 28994 174410 9205 10981 2500 11468 97949 3928 57182 12840 1395 39249 14127
leaf_count=194284 3313 417 4136 3403 1250 1278 1728 3350 4774 794 3481 6572 2023 1084 1065 2282 6005 28994 174410 9205 10981 2500 11468 97949 3928 57182 12840 1395 39249 14127
internal_value=-0.00153258 0.00235812 -0.00226487 0.00205937 -0.00142043 0.0217423 -1.64069e-05 0.00107017 0.00229184 -0.00305354 -0.000623358 -0.00197971 0.00423288 0.000246386 0.000808861 -0.00083352 -0.00219471 0.00367458 -0.00231632 0.00347094 0.00156508 -0.00228064 -0.000119059 -0.0025445 0.000368331 -0.00110668 -0.0010061 0.000132089 0.00070904 -0.00147265
internal_weight=705467 111747 593720 110052 286725 1695 81678 75632 17005 306995 64673 205047 34420 18060 72319 62945 186987 31017 180415 10270 15755 112711 12262 100449 62049 59464 13924 58699 43177 15522
internal_count=705467 111747 593720 110052 286725 1695 81678 75632 17005 306995 64673 205047 34420 18060 72319 62945 186987 31017 180415 10270 15755 112711 12262 100449 62049 59464 13924 58699 43177 15522
cat_boundaries=0 28 56 83 111 139 166 192 219 248 276 302 327 353 381 408 436 463 489 516
cat_threshold=0 2147483648 0 0 0 0 0 0 0 0 0 0 33554432 0 0 65536 0 0 0 0 0 0 0 0 0 0 0 4 1 8388608 64 16402 262144 0 131072 16777224 1073741952 512 536936448 0 32768 0 64 0 8388609 16384 335544320 256 0 1 16 33554432 8192 1073745920 0 12288 0 0 134217736 33628160 131200 131072 8192 34079232 8389121 4 524288 0 0 0 524288 1048576 4194304 2049 512 0 0 8 262152 0 0 4325376 277086208 2181038081 0 0 16777280 0 16777216 1 514 1073742336 0 262144 0 8388608 268435496 16384 0 0 32768 65537 0 0 16793600 64 34078720 1073742336 1150976 0 2 2147483648 8404994 1024 2147483648 131085 66049 1048608 8192 2 0 0 0 16384 0 0 268435456 81920 134217728 1280 1024 4096 0 0 17408 0 4198400 2 4096 64 64 67108864 4096 536875008 16384 512 67108864 0 134217728 2147483648 33554432 262152 320 2 65536 553648128 1024 16777216 144703488 0 4194304 0 0 8388608 4 536879108 4194320 0 1040 64 0 268566592 536870916 1 16793600 538976256 0 134217728 1576960 0 67108864 0 134144 0 0 8 0 0 4100 4194304 50331648 1024 6 32 268435472 0 562036736 16793664 8256 16384 1075838992 67108864 0 1056 0 8392704 524288 2 536871168 0 0 268435464 262144 0 0 1090519040 0 0 524288 536871168 0 2147483648 48 4194304 2097152 524288 134251040 0 0 0 8704 0 128 65536 33792 2228224 0 75497476 0 0 129 0 33554432 0 3221225504 0 536870912 2 2684362784 2097152 0 0 270532608 0 64 262144 512 4096 0 268435456 24640 1024 16384 264192 0 536875008 272 1024 4 8 0 0 1073741824 33556992 0 147456 512 0 0 4194304 75497472 67117057 768 2048 512 32 0 64 1048576 33555584 0 0 537001984 268435456 1024 139264 256 1048576 0 16777472 1073741824 4259872 2128 67109440 67113472 2214592768 65536 0 33028 0 65544 264 1048576 134217728 0 0 2 0 536870912 32 1048592 0 0 134217728 0 16 268435584 537133056 1073741824 1073741824 0 0 268500992 33693696 0 134217729 536870912 1073741824 1610645504 1075838976 8388608 0 0 8913408 4195584 67108864 16 0 0 32 1 0 64 18 32768 0 65536 16 0 0 262144 2113536 33554496 32768 1024 41951232 0 8389889 0 524288 131088 12583440 0 33554432 0 0 1073742848 1 0 2097152 1 536936448 33554432 67174404 128 144 16777216 67108866 8388864 0 4096 0 536870944 0 4198400 0 10 2097152 0 18 0 4194304 66048 0 2147484688 0 0 4 0 163872 0 4 0 0 2147483680 2181070852 524288 16416 0 0 1048576 2164260864 163840 0 1050624 131072 0 0 0 2147483904 131072 16 1048576 536870912 16384 2621700 262144 8388608 16384 0 0 262144 142606464 0 8388736 16908288 8388608 0 2052 0 128 142606336 536871424 8391684 1073742848 0 0 0 0 131072 0 8192 2147483648 262144 1040 12288 4194304 8912930 65665 4194304 2147483680 268435456 0 0 67110144 4194304 1024 67108864 0 570427396 4160 64 131072 0 0 0 0 0 32 4194368 268435712 0 16777216 135680 67108864 33554432 43024 0 1 8404992 1048576 83886080 33554432 8388624 0 0 264192 262144 0 262144 0 0 1048576 4097 131072 1024
is_linear=0
shrinkage=0.05


Tree=30
num_leaves=31
num_cat=22
split_feature=6 25 4 3 35 36 36 28 42 36 42 42 36 42 36 35 36 36 36 36 35 36 42 36 36 36 36 36 42 42
split_gain=712.146 225.967 119.028 107.716 76.9256 61.034 47.3331 39.3959 47.1065 38.6445 37.5872 35.8237 45.4878 33.7626 35.1753 29.2139 33.1013 28.681 28.6584 24.5813 24.3015 31.6915 29.1042 33.1016 24.0935 22.1602 21.712 20.1431 19.8016 19.6481
threshold=1.5645493865013125 18.139724731445316 0.72786268591880809 2.7928345203399663 0.97728472948074352 0 1 0.93544751405715953 2 3 4 5 6 7 8 0.91159951686859142 9 10 11 12 0.96329206228256237 13 14 15 16 17 18 19 20 21
decision_type=2 2 2 2 2 9 9 2 9 9 9 9 9 9 9 2 9 9 9 9 2 9 9 9 9 9 9 9 9 9
left_child=2 3 15 7 13 -3 -5 8 9 -2 19 12 -6 14 -4 16 -1 -13 -15 -9 21 -8 23 -22 -12 -11 -24 -10 -19 -17
right_child=1 5 4 6 11 -7 20 10 27 25 24 17 -14 18 -16 29 -18 28 -20 -21 22 -23 26 -25 -26 -27 -28 -29 -30 -31
leaf_value=0.033005552014756134 0.093660201849800659 0.55457268568327034 0.045008336669409149 0.073848586107804357 0.028188566354684114 0.19448102766231898 0.10826517506480796 0.026502307967060573 0.019510802644292866 -0.013831648425791871 0.010510429079770591 0.0044480667450722206 -0.0044676195988513001 0.026082276537879347 0.0061928519964338236 -0.027269802144088508 -0.012407643144273938 -0.0080755782400556888 -0.0050721756847837236 0.0010740753544366515 0.061819991634066353 0.029977409071683309 0.026049084518004875 0.021628953209786597 -0.012423955521742329 0.02194096421037936 0.0027830735601009175 -0.001886254500330975 -0.014128929117320256 -0.020546518407515892
leaf_weight=1250 1403 427 1571 3284 1803 1282 1288 2981 2484 1694 2862 6411 24769 1643 13482 49132 25016 53692 40240 21168 3786 5451 3543 16346 23552 14361 18783 20624 158942 182512
leaf_count=1250 1403 427 1571 3284 1803 1282 1288 2981 2484 1694 2862 6411 24769 1643 13482 49132 25016 53692 40240 21168 3786 5451 3543 16346 23552 14361 18783 20624 158942 182512
internal_value=-0.00150643 0.00161268 -0.00231516 0.00139752 -0.0016424 0.0196813 0.00320195 0.000358333 0.00151897 0.00347816 -0.00057284 -0.00202626 -0.000291917 1.35225e-05 0.00204361 -0.00310437 -0.00152397 -0.00223653 -0.000716452 0.000852855 0.00281184 0.00560163 0.00236958 0.0037477 -0.00187588 0.0027776 0.00112459 3.71976e-05 -0.00233591 -0.00328356
internal_weight=705782 145319 560463 143610 302553 1709 52481 91129 40566 17458 50563 245617 26572 56936 15053 257910 26266 219045 41883 24149 49197 6739 42458 20132 26414 16055 22326 23108 212634 231644
internal_count=705782 145319 560463 143610 302553 1709 52481 91129 40566 17458 50563 245617 26572 56936 15053 257910 26266 219045 41883 24149 49197 6739 42458 20132 26414 16055 22326 23108 212634 231644
cat_boundaries=0 28 55 63 91 99 107 135 143 170 198 226 252 278 306 314 342 368 396 424 449 457 464
cat_threshold=0 2147483648 0 0 0 0 0 0 0 0 0 0 33554432 0 0 65536 0 0 0 0 0 0 0 0 0 0 0 4 65536 8404994 67108864 16384 1073741860 0 0 25174016 1073741824 36864 0 0 16384 262400 0 268435458 81920 16384 256 67109888 4096 0 0 2147500032 0 6144 2 16777344 469762048 1107566594 2147484564 536870912 269488464 4128 66 262144 1024 65 2147500034 2 83886081 37748736 262400 128 8192 8388608 0 67108928 33587200 8388608 0 268435456 67373056 0 0 0 0 0 0 8192 1073741856 262144 4096 17367042 202375170 33685506 142624397 67239944 18874688 8322 192 6865244 3357147138 278562 2147483664 1073774848 0 671092770 128 0 0 1024 64 131144 134217728 1107297056 32 512 0 64 536870920 0 8388608 34603008 0 536870912 1057024 1042 0 0 32768 512 16384 0 603979776 0 4096 16392 553648128 302317614 2152202274 1075857666 1792 604110848 194 536870912 536870912 0 65536 8388608 4096 4194816 4196352 268435457 67108864 589824 67108864 32 8683524 524800 256 0 18432 0 0 0 0 262144 1048608 0 4194304 262176 17039360 16384 134217728 0 0 16384 276955136 134221828 1 536883200 0 134217728 134217728 256 132096 0 8388608 4352 1024 16 32768 134217728 16384 1050624 0 0 0 2105344 512 2097664 0 16777248 268435456 0 1073741824 0 0 0 0 0 526336 1024 0 0 1 0 67174400 2148009472 512 2147500044 0 2048 1343751168 2048 0 536887296 1024 8388608 4104 33554432 65664 2684616704 0 0 32768 17039360 0 524320 2053 0 537919488 16781312 65536 134217728 8388618 0 16777216 0 0 34816 0 8388608 1056769 256 0 0 33817088 4456448 8912896 4096 0 8389124 0 0 1048576 4194304 0 98304 8388640 0 269484048 524320 1 1536 0 16 0 4198400 8650753 16 0 0 135168 8388609 0 2112 128 0 1 67108864 32768 2050 0 134225928 538968064 2048 68157440 0 0 64 0 0 8192 1077936160 0 67108864 16777346 134217728 278784 256 67108864 18874368 16777344 32 1048578 67108864 134144 0 135873 150994944 4194560 2048 268435458 32 0 0 134217728 0 0 8192 0 134218752 132096 1056768 0 64 0 1024 0 4194304 0 8192 2147484160 4194304 67112964 16777220 67108864 0 2 0 0 0 1 320 4096 0 512 0 33554944 3072 524288 0 4194560 5570560 16 0 6291456 536936448 138412288 134217736 0 512 0 262144 671088640 1073741824 2097416 0 268436736 4097 536870912 0 134217728 0 32 0 0 512 512 4210688 16 0 2415919104 4 2147483648 536870912 131080 268435456 0 0 70254594 268435520 1179776 16 0 25165888 536871040 0 1048832 0 1048576 8 1 1048576 68157440 0 0 0 256 0 2147483648 131136 0 4096 16777216 0 65536 0 16 83886080 72351744 1058 1049088 528384 32 0 8389632 4194320 0 8 33555460 134217728 0 1048576 1073741824 0 0 16778240 4202496 327680 8454144 1140917256 5243397 272654496 286802944 67108876 100 2050 876875776 551172 34340864 264200 1082654721 2302714240
is_linear=0
shrinkage=0.05


Tree=31
num_leaves=31
num_cat=14
split_feature=6 23 27 37 28 29 22 37 37 30 37 37 37 22 37 5 37 35 42 37 30 22 37 37 22 37 17 37 28 22
split_gain=660.181 217.458 111.028 107.559 70.9493 45.2985 44.5568 49.6283 44.3538 44.3485 86.3754 40.1106 39.9246 38.9549 35.1934 30.197 29.8744 29.8565 32.0182 26.4651 24.9604 38.9663 24.5759 23.1033 22.6304 21.3669 21.2857 20.9632 20.3959 19.9462
threshold=1.5456798076629641 19.21418380737305 0.76248472929000866 0 0.99950000643730175 1.0000000180025095e-35 5.5000000000000009 1 2 1.0000000180025095e-35 3 4 5 2.5000000000000004 6 9.4108757972717303 7 0.99982804059982311 8 9 1.0000000180025095e-35 1.5000000000000002 10 11 5.5000000000000009 12 0.21428572386503222 13 0.5965000092983247 4.5000000000000009
decision_type=2 2 2 9 2 2 2 9 9 2 9 9 9 2 9 2 9 2 9 9 2 2 9 9 2 9 2 9 2 2
left_child=2 3 17 9 6 8 11 -8 -5 16 13 -4 24 26 -6 -3 -2 18 -1 -16 25 -22 -13 -19 28 -10 -11 -9 -7 -17
right_child=1 15 4 5 14 12 7 27 20 10 -12 22 -14 -15 19 29 -18 23 -20 -21 21 -23 -24 -25 -26 -27 -28 -29 -30 -31
leaf_value=0.0036127982929650779 -0.0065320193474297725 0.061427942961250565 0.023278319108587086 -0.024437396726770033 0.0063776088855205335 0.078597327846698317 0.025051557016982934 -0.01470740899868222 -0.013044438657108821 0.16627049638559321 0.027747327270214062 0.0046050369945792643 0.0027364890978850754 0.20598590254103399 -0.00023254194369628502 0.19266032532078362 0.020087304124123753 0.0029850182721065988 -0.014881786575173715 -0.015504546532771005 0.12994181882531236 0.0069775145666790732 -0.0082783621436732565 -0.021543704173762512 0.062685436417426674 0.00034527749126546039 0.62899676172864627 0.0021877122273573839 0.011322414146775917 0.60689412574265056
leaf_weight=9248 6795 219 3716 8466 5680 974 4798 2801 10101 142 12616 9454 29981 3328 9629 813 22200 3810 68931 117050 358 17046 100600 199057 2168 21507 249 22316 10091 538
leaf_count=9248 6795 219 3716 8466 5680 974 4798 2801 10101 142 12616 9454 29981 3328 9629 813 22200 3810 68931 117050 358 17046 100600 199057 2168 21507 249 22316 10091 538
internal_value=-0.0014892 0.00148408 -0.00227692 0.001285 -0.00156467 0.000374268 -0.000795312 0.000921746 -0.000545244 0.00330716 0.00539147 -0.0012468 0.00159736 0.0120791 -0.00239986 0.0199873 0.00213391 -0.00297648 -0.00214627 -0.00257238 3.24326e-05 0.001553 -0.00141934 -0.00329641 0.00388364 -0.000804835 0.0270281 3.04429e-05 0.00297081 0.0227774
internal_weight=704682 147592 557090 146022 276044 100692 143685 29915 57478 45330 16335 113770 43214 3719 132359 1570 28995 281046 78179 126679 49012 17404 110054 202867 13233 31608 391 25117 11065 1351
internal_count=704682 147592 557090 146022 276044 100692 143685 29915 57478 45330 16335 113770 43214 3719 132359 1570 28995 281046 78179 126679 49012 17404 110054 202867 13233 31608 391 25117 11065 1351
cat_boundaries=0 27 54 82 101 129 156 182 195 203 231 258 286 311 334
cat_threshold=20 67371072 64 2097408 536870912 64 64 81924 2048 536875264 2147483648 0 536875008 4 0 262144 805831680 0 8192 0 0 0 134217728 1048576 0 0 4 0 0 0 67129360 69632 0 32776 2048 1073766408 33036 2147483648 671088640 0 0 0 65536 536870912 1024 16 270532608 0 4194304 0 4194304 192 0 67108864 0 512 67108896 4194304 65536 0 67108864 67108864 0 268435456 8192 262144 0 2181038153 2 1064960 0 32768 0 6152 1073741824 0 0 2105344 268435520 4 268445696 1 16 64 0 0 0 64 0 0 2048 0 0 0 0 0 0 0 0 0 8192 18 1140850752 0 16 32770 0 134225920 8388608 4 67108864 0 0 0 256 67637248 536870912 16777216 32 0 2048 32 0 1048576 0 8388608 2147483648 557061 1 4194304 512 67108864 2218786816 16 2147483648 536870912 0 0 2097168 0 0 4 33555456 0 0 8388608 1056 1048596 0 0 0 0 16 0 4 268443648 2 4194304 268435968 0 536871936 131136 64 33556481 16777216 35651648 0 525312 1074794496 0 0 0 148736 512 512 2056 33554432 0 0 1073741824 0 32 16 67108864 0 0 0 0 0 0 0 536870912 0 0 4096 738197521 138482144 2214658694 75497506 0 268435968 167772676 130 67108864 262144 8208 16 8454144 16 131076 65536 2 262144 0 134217745 34078984 33554432 1 0 262144 32 16384 16384 0 0 0 0 2048 33792 0 1 4198400 0 67191304 67125248 536936448 16908288 536870916 0 1073750016 134217728 2147483648 1024 8 33554432 0 0 536870912 536870912 1048576 268566532 0 4210688 0 0 0 0 528 268959744 32768 268435456 16 16777216 0 0 262144 0 16384 0 132129 262144 2147483648 137 0 8389120 1073741824 0 8 128 0 134217732 1090519040 0 2097152 18874372 1 8388608 8192 128 17104960 32768 0 8388608 0 16842752 131080 1115684864 2048 12 0 0 0 8388609 1024 26214416 1082130432 0 16384 0 16 1 134352896 2415931488 1073741832 532480 0 4194304 272891904 0 0 0 1572866 301989888 0 256 268435472 1048576 0 8388608 512 134217728 67109888 0 2048
is_linear=0
shrinkage=0.05


Tree=32
num_leaves=31
num_cat=18
split_feature=4 26 4 37 35 36 35 36 30 30 37 36 30 37 37 36 36 37 36 36 36 36 30 37 36 36 35 32 30 37
split_gain=578.211 173.31 111.054 92.98 71.7252 53.8988 48.4636 44.8924 37.4815 37.0332 41.9103 34.5867 34.5292 45.9361 38.6174 32.3461 31.8222 29.408 29.2375 29.1326 28.4106 27.9201 26.8556 45.808 26.6325 26.6013 25.0987 25.0436 22.844 22.1697
threshold=1.5605258941650393 16.820131301879886 0.71429109573364269 0 0.99982804059982311 1 1.0308319926261904 2 1.0000000180025095e-35 1.0000000180025095e-35 3 4 1.0000000180025095e-35 5 6 7 8 9 10 11 12 13 1.0000000180025095e-35 14 15 16 0.8655003309249879 20.435000419616703 1.0000000180025095e-35 17
decision_type=2 2 2 9 2 9 2 9 2 2 9 9 2 9 9 9 9 9 9 9 9 9 2 9 9 9 2 2 2 9
left_child=2 3 8 5 12 28 11 -3 -1 21 -11 -5 14 -14 -4 -15 -8 -10 -7 -12 -16 -6 25 27 -25 -20 -13 -24 -2 -22
right_child=1 7 4 6 9 18 16 -9 17 10 19 26 13 15 20 -17 -18 -19 22 -21 29 -23 23 24 -26 -27 -28 -29 -30 -31
leaf_value=-0.022029017467710445 0.038935999163147425 0.58284499241550625 0.015812665865745743 0.031690947658323518 0.0053697582128707129 -0.01124428109531507 0.03024706788821252 0.21739014002623236 0.01192947638639558 0.020505026790089934 0.018131725065274221 0.026002959949654625 0.031820708116241235 0.033542227723042363 0.016037752334449651 -0.00069867322579465427 -0.012520835237488086 -0.014974560390097345 0.031503520858844856 -0.0087583948531973644 0.0024951417545789113 -0.013659712308266809 0.46169603580998625 0.060092321098002867 0.017108674802231272 0.0074564863429064437 0.0014614857492298936 0.13036158811705348 0.18013016093257789 -0.011464180945842617
leaf_weight=156781 2718 447 4523 4276 4473 2876 1247 1325 2622 3301 2394 4825 4239 1402 2129 25800 20914 90564 3022 74505 7573 138720 321 1467 10316 23657 68006 2889 1442 37142
leaf_count=156781 2718 447 4523 4276 4473 2876 1247 1325 2622 3301 2394 4825 4239 1402 2129 25800 20914 90564 3022 74505 7573 138720 321 1467 10316 23657 68006 2889 1442 37142
internal_value=-0.00146721 0.00129056 -0.00220974 0.00110436 -0.00157137 0.00289333 0.00022623 0.0168302 -0.00299172 -0.00203728 -0.00117704 0.000818526 -0.00031446 0.000990553 -0.00111324 0.000234813 -0.00183445 -0.00219752 0.00238358 -0.00141393 -0.00153922 -0.00251907 0.00272029 0.0044141 0.0029621 0.0017693 0.000561419 0.00970195 0.00833133 -0.00180823
internal_weight=705916 149748 556168 147976 306201 48708 99268 1772 249967 223393 80200 77107 82808 31441 51367 27202 22161 93186 44548 76899 46844 143193 41672 14993 11783 26679 72831 3210 4160 44715
internal_count=705916 149748 556168 147976 306201 48708 99268 1772 249967 223393 80200 77107 82808 31441 51367 27202 22161 93186 44548 76899 46844 143193 41672 14993 11783 26679 72831 3210 4160 44715
cat_boundaries=0 27 54 82 107 133 160 188 216 244 271 300 328 355 383 402 428 456 483
cat_threshold=16 64 64 2149580800 536870928 64 64 16384 2048 538972160 0 0 536871168 8388608 524288 262144 805306624 0 8192 8 67108864 524288 0 1048576 268435456 0 8196 2 16384 3136 2147500032 2147483649 0 32 8192 268435458 25165824 0 0 134217728 4194304 0 134291456 536887296 1196032 1024 1024 4096 0 1 16384 0 4096 2 0 2147483648 0 0 0 0 0 0 0 0 0 0 33554432 0 0 65536 0 0 0 0 0 0 0 0 0 0 0 4 17 0 0 64 0 0 16785408 5 20987906 606076928 8192 134218752 266240 0 0 2048 9044992 0 16384 268435456 0 16384 134221824 4194304 16777216 1048576 0 69632 0 131072 8388609 37756928 2147483906 2 2097152 1 0 0 1028 0 5242880 8404993 268566532 268435456 0 1073741824 134217728 0 0 8192 536870944 18 67108928 4608 8404992 8454144 268435456 536871172 0 90112 0 0 671088640 0 0 0 0 536870912 536870912 1048592 0 67108864 0 8192 0 8388624 16778244 8193 0 64 8192 8 536870912 16384 135266304 2214592513 268435456 0 2164260864 33554432 134217728 64 1576960 0 553648128 0 0 0 32 0 10 0 32768 2147483648 50332164 1 0 0 134217748 8192 1048576 524288 8200 34603520 8389632 0 16777216 256 1 1048580 67125248 512 0 8388608 2164260864 0 512 8 262152 16384 2048 0 0 536875008 196608 2048 75497472 16777216 268566596 16777216 67240448 92274704 128 0 16384 1048576 16777216 288 0 0 268435456 1048576 4 33554432 0 1024 0 0 0 0 0 4096 16 262144 0 4 0 16 131072 2147485696 16384 64 1073774592 0 42467328 16384 33554689 0 16384 268435456 536871424 0 262144 0 134221828 1073741824 0 65536 2105345 132 2097152 1073741952 67108864 0 16 524288 1073741824 0 0 2 0 0 0 147456 0 1279262720 0 67371008 0 32 0 32832 537001986 134217728 2147500036 268435520 512 2 33554432 0 1 16777280 65538 16777216 0 32768 512 4210752 0 0 1048576 16777216 32768 0 1056 32768 1073741824 524288 4194304 2147483648 131072 0 136315152 1081345 0 2 1049088 0 0 4198400 0 545259648 64 0 256 0 65536 65536 134217728 8388608 538443776 262144 553648128 5120 34 4 0 1 0 2048 0 4608 2080 1073742337 32 0 32 0 0 0 268697600 33554432 135168 0 37748744 2048 268469248 0 2048 8388608 256 1073742096 2147484672 0 4 0 0 2097152 68173824 0 167772160 16 64 0 2147483648 0 64 0 0 2048 0 0 0 0 0 0 0 0 0 8192 1048833 0 8192 0 786568 2147483648 4325376 536870912 4 67637252 67108864 0 1048576 0 2097152 0 128 134217728 8388608 131072 0 4194304 1552 16 8192 65536 2147483648 109051904 0 1073741824 1048640 671096832 256 0 1073741824 2129920 8388608 0 2105376 0 0 2 2097152 4096 1048832 1048576 0 4096 8 2147483648 2147483664 2048 0 8192 66 2147483648 68157440 69206016 65536 131072 8192 1048576 1048576 4 0 1024 8 16640 335544320 1082195968 0 32 1048576 10485760 0 4210688 0 0 16777216 1048576 268443648
is_linear=0
shrinkage=0.05


Tree=33
num_leaves=31
num_cat=23
split_feature=6 25 5 6 30 42 42 36 36 36 30 36 36 30 36 36 36 36 36 36 36 36 42 42 36 36 42 36 36 36
split_gain=534.748 149.232 115.142 71.7797 66.0178 43.4201 42.4942 45.2217 42.3538 42.1073 41.9317 40.7184 35.9991 34.1437 40.3222 39.2673 32.017 28.3029 26.5602 25.6415 24.4216 23.6756 22.606 21.5653 20.594 20.4199 19.5001 20.9267 19.2393 18.9223
threshold=1.6421172618865969 18.139724731445316 0.79530128836631786 3.4734656810760502 1.0000000180025095e-35 0 1 2 3 4 1.0000000180025095e-35 5 6 1.0000000180025095e-35 7 8 9 10 11 12 13 14 15 16 17 18 19 20 21 22
decision_type=2 2 2 2 2 9 9 9 9 9 2 9 9 2 9 9 9 9 9 9 9 9 9 9 9 9 9 9 9 9
left_child=2 3 10 9 6 8 7 -4 -6 -2 18 -3 -7 14 -11 -15 -5 -12 -1 -14 -8 -18 25 -16 -10 -19 29 -28 -25 -17
right_child=1 11 4 16 5 12 20 -9 24 13 17 -13 19 15 23 26 21 22 -20 -21 -22 -23 -24 28 -26 -27 27 -29 -30 -31
leaf_value=0.0036851775690323386 0.044596755824563489 0.4277141106898501 0.028899366826400003 0.081689650631323121 0.045115192600423064 0.020983100290313986 0.00438526147702207 -0.0031671761952328566 0.033443394737493977 0.017687314851984659 0.010925260327231526 0.15689054693996413 0.013406699911400722 0.055172050998934088 -0.0095120754534469693 0.068288570933484477 -0.011715602671876024 0.02668616816549696 -0.020231540273728213 -0.0064102732433270436 -0.011657022757165262 0.023690852640125028 -0.014578322429643001 0.021085994894200336 0.0027034160041365944 -0.0036042995753702033 0.027868346564753149 -1.26554451465615e-05 -0.0020343667728447159 0.015460692045399847
leaf_weight=4408 4036 770 1801 3756 1436 2310 4687 24867 1487 4889 2342 958 3861 2123 18386 1537 2209 953 182609 75832 143590 28422 98080 2685 16471 7094 1956 22682 33149 6363
leaf_count=4408 4036 770 1801 3756 1436 2310 4687 24867 1487 4889 2342 958 3861 2123 18386 1537 2209 953 182609 75832 143590 28422 98080 2685 16471 7094 1956 22682 33149 6363
internal_value=-0.00144059 0.00140339 -0.00210664 0.0012125 -0.00137297 -0.000357848 -0.00196132 -0.000123319 0.00176913 0.000521638 -0.00279278 0.0159977 -0.000861013 0.000306031 -0.000424549 0.00155199 0.00317742 -0.00201065 -0.0032464 -0.00103966 -0.00229172 0.00264 -0.00213058 -0.000816877 0.00110524 0.000417596 0.00112016 0.000426385 -0.000102386 0.00328024
internal_weight=705749 133921 571828 132193 276342 101397 174945 26668 19394 97806 295486 1728 82003 93770 59109 34661 34387 108469 187017 79693 148277 30631 106127 54220 17958 8047 32538 24638 35834 7900
internal_count=705749 133921 571828 132193 276342 101397 174945 26668 19394 97806 295486 1728 82003 93770 59109 34661 34387 108469 187017 79693 148277 30631 106127 54220 17958 8047 32538 24638 35834 7900
cat_boundaries=0 8 16 44 71 97 125 153 181 207 235 262 289 317 345 374 382 390 417 444 452 478 505 534
cat_threshold=2703360 571998210 1107574804 2155880468 543162401 256 536875022 128 49164 160039938 66602 2218852352 256 1536 1811943968 34 262144 0 16384 0 9437184 150994944 1073741856 9216 1073742336 524288 0 0 32 34816 42991616 0 16384 8192 536870918 0 0 0 512 18432 0 4 2147487776 4096 0 0 65536 16777216 268566592 0 0 2147483648 1073742336 96 0 536870918 131072 0 524288 0 32 24576 1073 2097152 4194304 0 0 1064960 16777216 542113792 262144 537985025 8388608 67108928 16386 32 0 131072 8 1073741952 4608 0 512 32768 0 512 8 2097157 268435456 268435456 256 0 1 16 2181038096 0 4096 32 2147483648 0 0 0 0 0 0 0 0 0 0 33554432 0 0 73728 0 0 0 0 0 0 0 0 0 0 2 1073741828 1024 32768 134217736 0 0 0 537133056 33554944 524288 0 262144 0 8388608 8 49408 512 65536 16384 65536 0 512 16392 131136 0 1040 1179664 67108880 2097152 393216 268435458 0 4194304 8 128 0 262176 0 163840 8404992 16777224 8 4194320 0 0 1536 5184 2147483650 0 0 4608 0 0 2097152 0 1024 536879104 2048 1024 1024 0 2147745792 0 33554944 8388608 0 4 16842752 536870916 4096 384 65536 1024 0 0 0 131072 4718592 335619080 0 16777216 1073750016 536936448 2147483648 8404994 133120 2147483648 16908324 0 1048608 8192 2 128 0 0 16384 2048 0 268435456 81920 209715200 256 1024 4096 0 0 2147501056 0 4096 0 4096 33555456 1040 0 16777216 33280 0 268435456 0 0 3225436672 524320 0 2101248 0 0 0 2155872272 0 0 0 4096 2359296 1048576 81920 16777472 41943040 67108865 67108864 0 0 16777216 0 0 0 266240 0 272629760 8388608 134217728 8196 294928 0 285212672 2113792 0 0 16896 266240 65536 2147483648 1179648 0 8388609 1207975936 0 0 4100 1 0 131072 8192 8388611 1 67108868 65536 1073758208 1048579 36 0 0 0 8388608 2155872256 524288 16777216 256 1048576 67108864 0 1 524288 528386 2147484161 136314880 0 33554592 0 0 0 268435456 0 0 0 0 10244 1024 536870912 264192 1 536875008 256 1536 4 5 0 4 1073742848 33554432 0 1179648 536871296 0 2147483648 16 4194304 2097152 524288 134251040 0 512 65536 2105856 32768 0 65536 33792 131072 0 67108868 16 0 129 0 33554432 0 1073741856 0 536870912 2 541589840 51462144 100958752 576 539000880 134217824 11 128 655424 268435456 270624 2155888672 33554433 68822032 624037922 8 0 0 133249 64 0 4194304 8396800 33562624 32 8388608 0 0 0 8650752 34603136 512 0 163840 1073741824 134217732 0 536870912 8 133120 1048576 69632 16 4 0 0 4202496 1 524296 131136 16384 0 1 1 536905728 0 9437184 536870912 0 1310728 5120 67108864 134217744 33554432 0 0 0 8192 32768 268435456 589828 336592896 1107558400 660 536936456 4112 0 2 0 0 8192 4 0 2164269056 0 16781312 134218240 64 1073741824 33088 0 34078720 1140850688 4096 2449604608 201326592 1040 67108864 536870912 4194304 0 1024 0 131072 0 33554432 16384 0 48300032 287703040 4194304 2560 0 0 0 32 1048612 0 0 1073758354 41943040 8192 0 0 1073741824 1024 0 0 0 32 2048 0 16 134221824 4194304 514 4194369 4718592 0 0 0 0 0 32 36864 8388608 0 32 0 1142161924 0 1310720 134217792 0 0 0 1077936128 0 256 2
is_linear=0
shrinkage=0.05


Tree=34
num_leaves=31
num_cat=18
split_feature=4 27 6 36 35 27 35 22 36 37 36 22 37 36 37 35 37 36 36 37 37 36 30 36 37 35 36 36 35 37
split_gain=477.993 136.5 106.553 83.458 59.2933 55.483 49.9707 46.3143 39.785 37.4582 36.4232 31.2909 31.1176 30.3898 28.3115 28.1293 39.8858 30.6045 27.7797 27.4767 27.1448 25.729 25.5939 33.4689 24.0841 24.0485 23.7389 23.1771 22.0076 21.9029
threshold=1.5988854169845583 7.757441759109498 0.83163622021675121 0 0.92101219296455394 2.6422220468521123 0.99982804059982311 5.5000000000000009 1 2 3 4.5000000000000009 4 5 6 1.0308319926261904 7 8 9 10 11 12 1.0000000180025095e-35 13 14 0.71344330906867992 15 16 0.85972008109092724 17
decision_type=2 2 2 9 2 2 2 2 9 9 9 2 9 9 9 2 9 9 9 9 9 9 2 9 9 2 9 9 2 9
left_child=2 5 6 11 8 15 9 12 -4 27 -9 -3 -6 -11 25 16 -2 -17 -7 -14 -12 -18 -15 -24 -8 -10 -21 -1 29 -20
right_child=1 3 4 -5 7 18 24 10 14 13 20 -13 19 22 -16 17 21 -19 28 26 -22 -23 23 -25 -26 -27 -28 -29 -30 -31
leaf_value=0.036178197908081917 0.057807842871064566 0.1514385800264261 0.041958453285761865 0.071770507606213049 0.0061556028213856744 0.057966587399484418 0.0028805559848412601 0.03140299338994134 0.21499037087233211 0.017093879091709171 0.026298771318275266 0.64371420828074621 -0.023205372414793202 -0.015652979351648496 -0.00067224786500779678 0.032242124240652204 0.021895821309762507 -0.011574009603049431 0.1541951800915756 0.010300857395798758 -0.0022666004964876319 0.00039329373086407295 0.022382470520730627 -0.0066579420217501408 -0.018735374118482528 0.013914358752911355 -0.0091019083710927959 0.0057721867180264806 0.01166455255116567 0.028753270288097255
leaf_weight=836 2780 765 1424 3953 8227 3216 3926 1228 294 2388 2638 618 13461 50289 16023 1091 2659 18056 309 3034 28303 61974 1435 29194 223491 2651 168734 4238 47347 1619
leaf_count=836 2780 765 1424 3953 8227 3216 3926 1228 294 2388 2638 618 13461 50289 16023 1091 2659 18056 309 3034 28303 61974 1435 29194 223491 2651 168734 4238 47347 1619
internal_value=-0.00140612 0.00115983 -0.00206557 0.00900693 -0.00128542 0.000858634 -0.00267334 -0.00151878 0.00129652 -0.00166439 0.000237953 0.0195373 -0.00181089 -0.00191834 0.000688128 8.08666e-05 0.000561232 -0.00161035 0.00214118 -0.00194448 -9.87024e-05 0.00030838 -0.00208257 -0.000943357 -0.00306544 0.00518437 -0.00177373 0.00250344 0.00184586 0.00708139
internal_weight=706201 144387 561814 5336 246017 139051 315797 225625 20392 88380 32169 1383 193456 83306 18968 86560 67413 19147 52491 185229 30941 64633 80918 30629 227417 2945 171768 5074 49275 1928
internal_count=706201 144387 561814 5336 246017 139051 315797 225625 20392 88380 32169 1383 193456 83306 18968 86560 67413 19147 52491 185229 30941 64633 80918 30629 227417 2945 171768 5074 49275 1928
cat_boundaries=0 28 56 83 111 138 164 189 216 244 272 299 326 354 381 409 437 465 484
cat_threshold=32 2147483648 0 0 4096 1 32 0 514 128 0 0 167772160 0 0 73728 0 0 0 0 4096 0 0 16384 0 4194304 2 1073741828 16777216 0 4104 33554432 262272 8650752 4194304 1310720 0 16384 0 0 2049 8388608 524288 134218240 524320 7168 1073741824 0 0 0 0 131072 0 8519680 786432 536870912 0 2147483648 0 0 32 0 0 143654912 16896 0 0 134218752 1048584 512 277348352 536870912 16777472 2097152 0 0 32 0 2105484 8 0 3758096392 8192 1 8388608 0 64 65536 25165824 1073741824 8389120 2 2097152 262144 32 142868480 0 0 2147483648 0 8421376 2147483648 0 0 2147483648 64 0 2576 536870976 33554464 260 16 32 268435456 64 557842432 16384 8256 50413569 1090519040 67108864 524288 0 2148007936 0 0 0 262144 512 0 2056 128 18432 0 1073742848 16777216 0 524288 0 4194304 0 1073741824 134217728 131072 2048 0 1024 8192 131136 134217728 1077936128 262400 536870912 8192 8396816 256 512 16 33554433 65544 8388608 1050624 16384 8388616 64 1073741888 67108864 67109128 536940544 0 134226436 0 2 16 0 0 262152 320 4098 65536 536870912 32 0 35651584 0 0 8 0 8421440 2 64 16 134217728 536870912 64 64 16384 0 0 2147483648 0 0 41943104 0 0 536871168 0 0 8 0 0 8 0 0 4 268435456 0 0 67108864 0 0 285212672 33557024 48 0 0 1024 1048576 1082130432 32 64 16777224 5 139280 0 33554433 262144 1024 256 0 4096 0 524288 2048 0 41943042 64 2147500032 34865152 0 131072 8388608 0 8388672 0 1073741828 12288 33559552 67108864 0 129 0 16 0 0 8192 0 2147484672 8208 4160 0 4096 134217728 512 67108897 81920 0 0 440401920 0 4194304 0 0 0 512 1048640 33554688 1048576 1 2097168 8 0 32 4096 16777216 0 8388608 1073741828 268436096 16 262144 1114112 536870912 36864 276824064 4 4 16392 4202752 0 131072 1314824 0 1024 0 393728 8 16384 33554440 0 4194304 0 0 0 1024 4 16781313 1024 4096 0 268435456 1 4194304 2147483680 0 520 65600 553795584 2048 2048 0 0 0 131076 268435456 0 1074266112 0 0 1040 524288 536879104 0 4096 536870916 0 1073741824 268435456 2624 0 8200 4 4227072 128 0 0 2099200 0 1073741824 65 1073742337 2 67108864 0 4194304 0 1048576 16416 16777216 64 67108928 17 0 0 16 0 268435456 0 262144 4194304 8388608 0 197665 33816576 2181038080 67109248 0 524288 1074266128 16 0 33554560 0 0 1090519040 0 32800 16777216 1 0 2097152 0 134217728 0 0 64 0 608 0 65537 6291456 0 0 537034752 264192 0 537133056 67856 2147484672 268697600 2048 2 33554432 1073741824 65536 0 16384 262144 67117056 0 256 0 16384 1024 536872992 8390145 4096 536879104 0 0 2064 8192 0 0 4096 0 2048 0 32769 0 272 0 0 0 8192 0 64 64 0 0 0 0 0 0 0 0 0 0 0 0 0 0 0 1048592
is_linear=0
shrinkage=0.05


Tree=35
num_leaves=31
num_cat=21
split_feature=3 37 36 4 22 30 36 36 25 37 30 36 36 36 37 36 29 37 37 36 37 36 36 30 36 36 37 36 36 22
split_gain=436.563 118.984 94.6878 86.1489 60.6565 53.7603 45.1942 44.5735 41.6852 34.328 33.19 32.4307 31.6218 27.2937 27.2356 26.3696 25.7865 48.317 36.5863 26.9302 25.7214 22.6517 21.7927 21.7372 34.0975 22.9733 21.75 19.3011 19.1512 18.2441
threshold=1.4547520279884341 0 1 0.70311224460601818 5.5000000000000009 1.0000000180025095e-35 2 3 2.3563479185104375 4 1.0000000180025095e-35 5 6 7 8 9 1.0000000180025095e-35 10 11 12 13 14 15 1.0000000180025095e-35 16 17 18 19 20 5.5000000000000009
decision_type=2 9 9 2 2 2 9 9 2 9 2 9 9 9 9 9 2 9 9 9 9 9 9 2 9 9 9 9 9 2
left_child=3 2 6 10 16 11 -2 -7 12 -6 22 -4 -3 -11 -12 -10 18 28 -5 -19 -20 -16 -1 25 -25 -14 -26 -22 -18 -17
right_child=1 8 5 4 9 7 -8 -9 15 13 14 -13 23 -15 21 29 17 19 20 -21 27 -23 -24 24 26 -27 -28 -29 -30 -31
leaf_value=0.0035825681968979202 0.58774729364307621 0.018035973219784063 0.050590188072806755 0.0071027222028105077 0.025469343163523273 0.21705430000356093 0.094815618284804171 0.045139857976546696 0.030642719552200388 0.020061019914268965 0.014314109226211286 0.00027836023958265342 0.013035300165653685 -0.0022045280490730471 0.0094062082290203158 0.0028923467425614091 0.040040863881800594 0.016165408630393778 -0.0017216459720932943 -0.0079035417504423177 0.0046573386197169223 -0.013707706727377953 -0.019731907363821209 0.042983625031444296 0.019538083915263314 -0.0061073555218263253 -0.0027500807675025505 -0.013517133102556712 0.014881147714202309 0.021517647662042335
leaf_weight=2988 348 3869 2863 6372 4011 1548 3383 8960 3662 1579 1923 15843 3431 35905 2080 35672 781 2537 14089 87765 3523 86043 148274 1402 5244 56396 21480 130106 4510 8790
leaf_count=2988 348 3869 2863 6372 4011 1548 3383 8960 3662 1579 1923 15843 3431 35905 2080 35672 781 2537 14089 87765 3523 86043 148274 1402 5244 56396 21480 130106 4510 8790
internal_value=-0.00138193 0.000801048 0.00350391 -0.00209072 -0.00151175 0.00254337 0.0109955 0.00540584 0.000164478 0.000258457 -0.00278933 0.000936547 -0.000460234 -0.000212563 -0.00202927 0.00135647 -0.00180594 -0.0011608 -0.00220617 -0.00143291 -0.00236609 -0.00215768 -0.00324177 -0.000654985 0.000491342 -0.00119401 9.08909e-05 -0.0025804 0.00347887 0.00101949
internal_weight=705377 172891 32945 532486 291178 29214 3731 10508 139946 41495 241308 18706 91822 37484 90046 48124 249683 95593 154090 90302 147718 88123 151262 87953 28126 59827 26724 133629 5291 44462
internal_count=705377 172891 32945 532486 291178 29214 3731 10508 139946 41495 241308 18706 91822 37484 90046 48124 249683 95593 154090 90302 147718 88123 151262 87953 28126 59827 26724 133629 5291 44462
cat_boundaries=0 27 55 83 109 136 164 191 217 245 273 300 327 355 383 410 438 466 494 520 548 576
cat_threshold=18 0 65536 64 545259520 64 536870976 16384 2048 4096 0 1024 1744830464 0 524288 262144 805306624 0 8192 8 0 0 134217728 1048576 65537 0 4 34 2148810754 0 0 2147487744 16777217 256 9216 0 36864 64 0 32 0 0 73728 17408 0 0 1057792 4096 0 0 16384 1073741824 4096 2 1073741828 0 2147483648 0 0 0 0 0 0 0 0 0 0 0 0 0 65536 0 0 0 0 0 0 0 0 0 0 0 4 0 1024 133139 2147483648 546 0 4325408 0 268435458 132 0 536870912 167788544 256 1048592 0 0 16384 1028 256 262144 1073741824 0 0 4096 4194304 16 0 1024 603979776 0 268435456 0 2148532224 16416 4194568 1073741824 134349840 4104 0 1024 65664 0 0 0 35651592 0 4194304 0 4194304 17 1024 8192 1 243269632 4160 16384 129 134479872 536870912 0 1073741952 0 8388608 0 33562624 4456448 33554432 2 65536 0 1048832 0 0 1052672 1 2147483648 16 0 0 12288 65536 2048 0 32 67239936 1 1073741824 16777248 0 134217768 604569601 8 32768 0 1048576 32896 0 67108864 268435456 0 1073741824 20971520 0 0 8193 67584 32 1 0 65537 0 66560 20971529 4468736 524292 0 0 0 67108864 8388640 0 2560 0 0 37748736 2147483648 0 0 2172649481 0 0 4196864 64 18 262144 0 4 0 0 131072 2197815808 24576 0 1090519040 65536 8912896 65536 536871937 0 17317888 268435456 0 0 262144 0 134221826 1073741824 0 0 2097153 1 16777217 0 67174400 8196 2097156 134217728 5242880 8651792 32768 4096 8388608 0 1048576 0 0 1544 537919617 1048576 0 0 0 1073741824 16 32 0 64 0 4096 0 1073741920 32 0 17104896 16384 4 1048576 16 134217744 0 32 0 33555776 1048576 0 0 32 1048576 134217728 0 16384 8 0 8388688 4 16785920 2214592528 0 268435984 0 545292288 131072 64 81920 16777216 536870912 0 66563 4096 0 67109888 0 262144 1073741824 8388608 268435464 0 0 0 1073741824 2048 32800 524288 9218 32 0 4329472 402653200 0 1073741840 33554432 524800 0 0 8 16 2147483648 1048576 128 1024 0 4 268435456 524800 0 0 33687552 0 41943040 0 135266304 4718592 536870912 0 67108864 4259840 0 8192 262177 1075838978 64 2147483648 0 532480 8388608 524288 2048 1024 32 0 133120 100663296 4196352 0 0 65536 2098176 0 1 268436480 16 0 32768 0 4194304 268435456 0 16 3221242112 537002026 0 4194312 262144 16777472 0 2147483648 16384 1056768 134217728 0 2097152 0 32768 16777216 1 67108872 0 0 262144 2147483648 0 0 0 4096 0 272629760 8388608 0 134357004 2064 16 0 4352 0 0 134234624 33820672 65536 2147483648 131072 16 513 1207963648 67108864 33554432 0 66560 64 32832 0 8704 2147483648 138412032 0 285212672 536887296 2048 524288 0 16384 4 0 0 2097152 4194304 335544328 16 16777216 1073741824 135266336 0 2097152 131200 0 0 0 42008576 536871040 33554450 0 0 8388608 96 2097152 25165828 16 8388608 1073741824 512 4096 16779346 25690112 0 0 0 0 0 32768 0 16384 12582912 64 336594560 0 0 0 4 0 16777216 2228488 0 671088640 524552 41943040 1024 0 1024 1024 16777232 0 0 81920 0 0 0 4194308 536870912 0 0 50331656 0 0 0 64 1048576 2 0 8192 65 1032 512 264192 0 2147483648 526336 2147614720 262144 20979712 0 0 285213696 65536 0 1612709888 0 100663296 0 1 0 8388608 1078984704 2147483680 1 17334272 0 0 1048576 0 65536 0 2097168 2080 68157440 0 268435456 0 0 0 8 4194304 524288 4096
is_linear=0
shrinkage=0.05


Tree=36
num_leaves=31
num_cat=21
split_feature=6 35 28 37 22 36 37 37 36 36 36 37 28 37 36 37 30 36 37 36 36 36 11 36 36 37 37 22 36 32
split_gain=399.828 99.067 89.7982 76.2929 68.9458 51.0245 46.9606 46.0075 42.9251 42.6471 37.2134 37.1806 32.2547 41.3744 37.9015 32.1612 30.0415 33.1957 29.6716 28.7888 27.2565 27.1178 26.4383 31.0761 26.3194 25.004 24.6023 22.8224 22.3725 22.154
threshold=1.4037169218063357 0.79101082682609569 0.99950000643730175 0 4.5000000000000009 1 2 3 4 5 6 7 0.93050000071525585 8 9 10 1.0000000180025095e-35 11 12 13 14 15 0.63928568363189708 16 17 18 19 5.5000000000000009 20 21.545000076293949
decision_type=2 2 2 9 2 9 9 9 9 9 9 9 2 9 9 9 2 9 9 9 9 9 2 9 9 9 9 2 9 2
left_child=2 9 4 5 6 -3 -1 -6 -9 -2 -8 -4 19 -14 -15 -10 21 -18 -13 -5 -20 -7 -12 -24 -17 -11 -21 28 -28 -29
right_child=1 3 11 12 7 16 10 8 15 25 22 18 13 14 -16 24 17 -19 20 26 -22 -23 23 -25 -26 -27 27 29 -30 -31
leaf_value=0.011548637811704697 0.54632434615388037 0.071286488798066303 0.0023211298010197834 0.029196897286834944 0.021642284542734799 0.031480583428879549 0.0072686379295141615 0.022149566890506817 0.010885733195953696 0.3386460480991868 -0.014932710516497883 -0.0035909227284932643 -0.025739508139664302 0.023027116285372282 -0.0034722488644226808 0.011934181196486688 0.13636019911772673 0.025719911528459091 0.001868509003436536 -0.012109872960975265 -0.016657497640228773 0.00049216989707850033 0.0109223544084871 -0.007318726940286637 -0.0060115187645344258 0.051512350060315848 0.021468057785459321 0.040480740942905713 0.00029112523142413494 0.011539260523743315
leaf_weight=5667 405 4722 8576 2979 5613 3188 6246 2053 8724 201 102363 15497 8206 3994 52823 2227 1601 13047 6217 5006 235873 22481 3040 69367 61091 4469 2820 1986 39717 5514
leaf_count=5667 405 4722 8576 2979 5613 3188 6246 2053 8724 201 102363 15497 8206 3994 52823 2227 1601 13047 6217 5006 235873 22481 3040 69367 61091 4469 2820 1986 39717 5514
internal_value=-0.00134993 0.000737207 -0.00202856 0.000529374 -0.00137957 0.00228979 -0.00190517 -0.000148542 -0.000479382 0.00761919 -0.00204544 -0.00267811 -0.000115193 -0.000879907 -0.000400068 -0.000682971 0.00171258 0.00351969 -0.00278587 0.000741774 -0.00292172 0.000681923 -0.00218102 -0.00144991 -0.00107518 0.00621662 0.00048198 0.000816515 0.000368258 0.00335955
internal_weight=705713 173159 532554 168084 266391 45039 186683 79708 74095 5075 181016 266163 123045 65023 56817 72042 40317 14648 257587 58022 242090 25669 174770 72407 63318 4670 55043 50037 42537 7500
internal_count=705713 173159 532554 168084 266391 45039 186683 79708 74095 5075 181016 266163 123045 65023 56817 72042 40317 14648 257587 58022 242090 25669 174770 72407 63318 4670 55043 50037 42537 7500
cat_boundaries=0 27 55 82 109 136 164 192 220 247 275 302 328 355 382 408 435 463 490 509 536 564
cat_threshold=4194320 262144 0 2097152 536870912 1073741888 64 81920 2048 541069568 2147483648 0 672141568 4 525312 0 268959744 0 0 0 67108864 524288 134217728 1048576 0 0 524292 33554434 67125250 133184 2147500032 2147487873 16777217 256 8192 2 16781312 0 0 0 0 0 134225920 16384 16384 132096 0 0 0 1 2147500032 8192 0 0 4096 2 0 65536 0 553648162 16384 0 1090519041 512 142606336 16777216 32 0 2816 67633152 1073807360 536870912 2097152 0 0 32 4196352 0 16778240 8388608 2147483648 4 3 1073741888 0 16384 65538 134217744 8388620 8388608 1075855360 8 0 134218752 8388608 0 0 0 553648128 268571648 537919488 0 0 67108864 0 4194304 4194304 0 1 513 0 1207959552 0 2048 16777216 0 2147483648 524800 16385 67239968 0 2080 0 0 0 0 8404992 0 2101248 4194304 16896 1024 69222400 16 8388609 8388608 0 2147483648 0 0 0 8388608 0 0 0 0 0 0 0 0 0 65536 0 0 0 0 0 0 0 0 8192 0 0 4 2701148160 4194304 0 0 33554432 0 1073758208 1313792 1024 16781312 0 65536 4 0 536870912 0 17408 2147487744 66048 524544 0 65536 0 2048 0 8389120 0 134234112 2 294912 268697616 20 536870912 64 8388672 0 1048576 64 0 66561 33554432 33554432 0 0 134400 1073741824 512 8 128 0 0 1073741824 0 1056 0 1 0 576 67108896 8388632 0 0 67108864 67108864 0 0 8192 0 0 2147483977 2 1048576 545259552 557056 2148532224 4096 0 0 0 2097152 268435457 4 268445696 1048576 4227072 69632 0 2097152 2147483712 1048578 0 0 4608 536870912 0 0 67371008 512 1048704 0 1048576 268439552 0 0 1049600 528 0 2147483648 4266048 0 4096 16 67108864 1024 67112960 0 131072 16809985 0 536879104 2147483968 0 0 524288 0 34079744 0 134218240 32 0 0 32 4198400 4 8 32912 64 8196 0 1040 1 0 17301506 128 34734080 8 268435972 8388736 0 536870912 16384 256 0 0 0 32768 1073741828 131328 536870912 4194312 0 1024 0 1077936128 268959744 0 512 0 8388608 268435456 536870912 65585 268435458 4194304 16809984 131072 1074278400 8388608 137 16384 0 544 0 0 0 2048 0 0 16 32768 16777220 128 2097152 0 37748864 1179648 285212673 4194304 83886080 1073741824 32768 134217761 0 64 33555456 0 4195328 0 67108864 67108864 131072 0 1073750088 0 0 1 0 268435456 1 32768 128 16809988 1073741824 4194304 270533152 0 1073741824 147456 0 8192 8260 266240 0 0 0 536870912 16777216 0 266240 2147483904 0 16 4195584 65536 524289 33562624 0 1078001666 64 134488064 0 2048 1073741824 0 8388608 0 8224 4227072 0 2 1024 6144 16 524288 0 4096 8 0 2097152 4096 16780288 1074794496 0 16384 131072 2097152 0 160432192 268435456 163840 0 8388608 268435712 4259840 8396800 1048576 128 32 0 67108864 0 268435520 0 2 0 532480 0 0 538968064 2147483648 0 4 0 0 2097184 65536 1048576 0 0 1073750016 0 1 2147484692 1073758464 65 268436480 4 1537 0 32768 8388608 8 0 1048576 67108864 64 0 64 0 0 0 0 0 0 0 0 0 0 0 64 0 0 0 0 16 134219840 8256 1081856 134545408 2 0 0 1048576 0 1073741824 524288 0 524296 2112 1073742080 1048576 0 32768 0 0 16 1024 4096 2105344 3 0 2056 65552 256 67108864 0 2101248 2105344 1073741824 262144 268435584 655360 128 256 2214625280 262144 16384 8 268435456 8388608 64 134217728 1077936128 0 256 1024 0 0 0 4096
is_linear=0
shrinkage=0.05


Tree=37
num_leaves=31
num_cat=18
split_feature=6 5 4 22 22 0 36 42 36 22 30 35 36 36 36 36 36 36 22 36 36 35 36 36 36 36 35 42 36 42
split_gain=373 98.3124 85.2445 60.8289 49.5983 45.4417 43.6829 40.1787 34.2557 31.6581 31.379 30.9459 32.1055 30.6346 30.0164 29.2956 28.7968 28.6986 27.2632 29.4508 26.5397 25.57 24.3094 24.2419 24.1999 22.9399 22.615 21.9879 26.6947 21.8632
threshold=1.5282970666885378 0.71926191449165355 7.140923500061036 4.5000000000000009 4.5000000000000009 2.1000000238418584 0 1 2 5.5000000000000009 1.0000000180025095e-35 0.98289045691490184 3 4 5 6 7 8 1.5000000000000002 9 10 0.74277594685554515 11 12 13 14 1.0069045424461367 15 16 17
decision_type=2 2 2 2 2 2 9 9 9 2 2 2 9 9 9 9 9 9 2 9 9 2 9 9 9 9 2 9 9 9
left_child=1 10 5 7 20 22 -6 13 -5 16 24 12 -10 -3 -11 -12 -7 -9 19 -18 -4 -19 -2 -13 -1 -20 -23 28 -25 -24
right_child=2 3 4 8 6 9 -8 17 11 14 15 23 -14 -15 -16 -17 18 21 25 -21 -22 26 29 27 -26 -27 -28 -29 -30 -31
leaf_value=0.006371146970923525 0.030107258601619669 0.02562022488137855 0.080395772262388074 0.018995782995330654 0.85938309763955645 0.047562921798304375 0.18994982433016352 0.0054389372012982459 0.033423256506835565 0.090997893168272212 0.013528146262613373 0.014545962783620414 0.003952661025015492 -0.0016099064807048487 0.024748241183186984 -0.012386821705730945 0.035018164254333059 0.046255005579738662 0.030644152686799042 0.0090904477984355397 0.013336408291932781 -0.0082991302362754576 -0.010925421721849767 0.037730624830604319 -0.018300825944739172 -0.001092456916375939 -0.015654687696115655 -0.0075269541203722675 2.1817382501886906e-05 0.00018050033843778159
leaf_weight=2485 2383 1888 1298 2733 229 3441 1333 5742 1301 1070 2523 2350 17795 21449 9671 85838 1870 1592 2405 18447 2571 136957 14569 1139 149498 38120 57039 51596 12931 53555
leaf_count=2485 2383 1888 1298 2733 229 3441 1333 5742 1301 1070 2523 2350 17795 21449 9671 85838 1870 1592 2405 18447 2571 136957 14569 1139 149498 38120 57039 51596 12931 53555
internal_value=-0.001322 -0.00192154 0.000881606 -0.00133972 0.00703148 0.000652055 0.0145489 -0.00177945 -0.000240134 0.00150856 -0.00268289 -0.000413325 0.00136513 0.000184811 0.00402113 -0.00193358 0.00108868 -0.00200704 0.000836276 0.00233118 0.00399354 -0.00210937 -0.000259333 -0.000912714 -0.00311852 8.698e-05 -0.00216127 -0.0010914 0.000660463 -0.000433259
internal_weight=705818 554856 150962 314512 5431 145531 1562 224667 89845 75024 240344 87112 19096 23337 10741 88361 64283 201330 60842 20317 3869 195588 70507 68016 151983 40525 193996 65666 14070 68124
internal_count=705818 554856 150962 314512 5431 145531 1562 224667 89845 75024 240344 87112 19096 23337 10741 88361 64283 201330 60842 20317 3869 195588 70507 68016 151983 40525 193996 65666 14070 68124
cat_boundaries=0 28 36 64 92 120 148 175 201 229 255 283 311 339 367 395 403 431 439
cat_threshold=0 2147483648 0 0 0 0 0 0 0 0 0 0 33554432 0 0 73728 0 0 0 0 0 0 0 16384 0 0 2 4 49240 25362434 67174442 2214592512 1073750272 67110400 1811943456 34 1 544 0 16777280 128 1 512 33554948 524288 0 262144 16384 8388608 285212680 16384 0 0 33570816 2147483649 0 0 16384 393224 0 512 1048576 0 524288 0 536870912 134217744 33628160 67110912 65536 8192 524288 1 536870912 8192 32768 16 8388612 0 64 1073741824 133121 1024 0 0 0 0 67141632 0 12582912 8683520 536870912 33554432 0 81920 4096 8388616 134234112 1073741840 1073744896 1073741824 0 8388672 33554432 0 2048 8192 0 32 2147495936 2 0 0 0 512 2048 0 4 2147487776 4096 1048577 0 3072 0 1048578 2239766785 4194304 0 512 0 0 603979840 0 128 64 0 33554560 134217728 1024 0 16777216 64 0 0 2147483648 4198432 0 32 1024 16 2048 16812032 512 4194304 268566528 0 0 3221241856 2 0 4194304 32768 1090519040 0 2147483664 2 139264 134742016 0 0 0 16384 16777472 8 67108928 0 2 67108865 2147500032 16908291 16777220 33554432 8388864 130 0 0 256 16777216 262144 0 2 17409 32768 268435472 0 0 1073741824 0 2148533248 0 2048 536870912 2097152 0 134217728 268435456 0 8388640 268435456 256 0 0 0 4196352 1024 536870912 0 536870912 0 1073807632 1536 0 0 0 0 285737984 33556480 0 1613905920 538181632 0 131072 65536 5308420 2097216 67108992 262144 0 2129920 8388608 32 8196 0 8650752 0 538968068 2048 0 9437184 16777216 512 0 0 4194304 64 32 2148532224 0 0 528384 134217728 0 67117056 0 0 0 0 167772160 0 16384 268509184 0 0 0 1024 4096 0 512 0 0 4096 0 1140850688 16777216 3072 65604 2415935490 33554448 0 8192 16777224 0 512 0 541065216 0 0 512 1073741824 8388608 64 268435456 1048576 4194304 66048 0 2147483648 0 12288 1024 4096 2147484160 163840 0 32800 0 0 0 2 1073743936 0 0 134217728 64 0 1048576 0 2048 32768 65536 0 1048576 3238002700 2049 2 1073741824 36928 67108865 256 0 0 270532672 0 0 0 0 4096 0 4194304 8388608 0 134230028 0 0 0 2121728 0 0 134234624 299009 268435456 0 131072 1040 0 1208745984 201326592 512 41943040 2048 287309958 2147745856 65536 0 2164260864 1073741824 68161728 0 655360 0 256 0 134217728 0 0 0 131072 0 0 8 0 8208 0 1048576 8192 67436864 135790594 1074003968 3222315548 67371040 256 536875055 128 4 0 536936452 1073741824 0 289406976 65538 2048 65536 8192 0 0 1310720 0 0 1610612736 33554432 269492224 1024 134742016 541065216 134217728 0 16400 0 0 0 4 1088 1024 9216 9240610 305270784 345580544 68292640 10
is_linear=0
shrinkage=0.05


Tree=38
num_leaves=31
num_cat=21
split_feature=3 4 22 36 30 37 41 28 37 22 36 36 37 36 36 36 6 37 36 36 36 36 36 22 36 36 36 36 22 36
split_gain=347.242 95.0226 71.2964 58.1631 51.0455 45.5348 39.4784 36.3625 39.0493 32.1001 33.6402 31.5742 29.854 29.8479 29.1486 28.9491 26.4049 25.6332 24.5687 24.5012 24.1731 22.9206 21.8101 21.5717 29.2948 22.4905 21.0515 20.7638 19.7303 20.794
threshold=1.2451635599136355 2.9567737579345708 4.5000000000000009 0 1.0000000180025095e-35 1 2 0.9975000023841859 3 1.5000000000000002 4 5 6 7 8 9 0.78572440147399913 10 11 12 13 14 15 4.5000000000000009 16 17 18 19 1.5000000000000002 20
decision_type=2 2 2 9 2 9 9 2 9 2 9 9 9 9 9 9 2 9 9 9 9 9 9 2 9 9 9 9 2 9
left_child=2 4 6 18 9 26 15 8 -4 10 -2 -10 -12 -9 -7 -1 21 -15 -3 -11 -18 -8 -14 25 -25 -5 -6 -13 29 -27
right_child=1 3 7 23 5 14 16 13 11 19 12 27 22 17 -16 -17 20 -19 -20 -21 -22 -23 -24 24 -26 28 -28 -29 -30 -31
leaf_value=0.01403015724469933 0.023677387425765306 0.5927133928870042 0.016767001398559103 0.028000444334860614 0.046217778880451525 0.027502608309869388 0.0047556076375864188 0.012979943074616527 0.021929187284898267 0.012163666086268059 0.010127740769241814 0.012610833134023636 0.01653369146039747 0.0087443906695214811 0.00097279135732459437 -0.0099300835607735657 0.0074551355353247757 -0.012117295832992914 0.087867106820470484 -0.0079716059539575567 -0.010402031155190013 -0.01857486317305455 -0.0040238628799347384 0.11612169863604616 0.029140630203424236 0.044370197390560563 0.025797948927094194 -0.0045194032200376088 -0.0024153290767131895 0.009540622907488968
leaf_weight=2670 2474 234 5709 3842 1057 1622 2934 1934 1709 2547 6540 2344 1886 2476 50383 118788 3046 64119 3428 57942 90412 130985 35762 1359 11783 1510 7497 61368 17475 10091
leaf_count=2670 2474 234 5709 3842 1057 1622 2934 1934 1709 2547 6540 2344 1886 2476 50383 118788 3046 64119 3428 57942 90412 130985 35762 1359 11783 1510 7497 61368 17475 10091
internal_value=-0.00129635 0.000365813 -0.00203619 0.00228546 -0.000203327 0.000956984 -0.0024184 -0.00108152 -0.000289608 -0.000859108 0.000126223 -0.000635852 -0.000192087 -0.00190347 0.000400356 -0.00169006 -0.00280725 -0.00208127 0.00834195 -0.00161919 -0.00216234 -0.00325751 -0.000733956 0.00180157 0.00351442 0.0011182 0.00433508 -0.00081619 0.000641866 0.00224056
internal_weight=705926 217432 488494 49722 167710 60559 348835 139659 71130 107151 46662 65421 44188 68529 52005 121458 227377 66595 3662 60489 93458 133919 37648 46060 13142 32918 8554 63712 29076 11601
internal_count=705926 217432 488494 49722 167710 60559 348835 139659 71130 107151 46662 65421 44188 68529 52005 121458 227377 66595 3662 60489 93458 133919 37648 46060 13142 32918 8554 63712 29076 11601
cat_boundaries=0 28 50 53 80 105 133 161 189 217 245 270 286 314 342 370 397 423 451 479 505 533
cat_threshold=65568 2148810754 67108865 0 1090519040 1 0 16785408 0 67108864 0 0 0 0 0 268509184 16385 0 272 0 4096 0 0 2181054464 0 6144 2 1073745924 80 64 67072 64 536903680 268435520 536903748 16384 16386 131072 0 134218752 524296 33554432 8192 0 8390657 0 25165840 0 0 2048 2413961449 1367610377 418074 49 67108928 32 20480 65538 268435472 8 2147483648 1075855360 2147516424 0 134217728 0 0 1 0 17301504 136224 537919488 0 0 0 0 0 0 0 5 272891905 2162688 16384 4194304 33554448 262144 100663296 262272 1073873024 0 8388608 0 4 0 537395200 66049 8390144 0 268435456 0 0 16384 0 0 2097152 512 8388608 136314884 268435456 134219776 16777248 65536 2148532224 1048576 257 67248128 0 2080 0 0 64 0 41959428 0 0 0 0 0 100679680 0 0 80 4096 2 262144 65600 134217728 536870912 16448 67108928 16384 0 67112976 2147483648 0 0 1024 524288 8388672 0 8 2147483648 2048 67108864 4194305 8 0 268468352 1024 524288 1 0 262160 0 16777216 0 4194304 2097152 0 0 0 2 0 13107200 4096 262144 32 0 134217728 1048576 8388608 4096 2149580800 1 589840 134217728 64 67109139 67108872 0 0 12 36 192 16777216 8200 2147483648 40960 4 16777216 536871424 2048 524288 0 0 2147614720 131072 268439552 256 0 16384 0 0 0 536936449 0 4352 1073743360 4202528 0 0 33554944 0 1073807360 0 513 0 0 4 81924 34816 67108864 2048 0 0 0 2048 0 12 1 4 4194304 33554944 1056 536871168 268435458 262144 285212672 0 16 0 537001984 33554449 64 570425412 8192 0 41943044 0 0 0 149504 32 32768 8 33554432 0 134221824 1073741824 8388608 0 2147483648 0 0 0 0 0 0 0 0 0 0 0 0 0 65536 16908288 256 0 18874656 8388608 16777216 1073758224 256 16 67108864 64 6291464 0 0 512 100663296 16384 4224 18 0 0 0 0 0 0 33554432 1053696 4096 0 1048576 0 167772224 268435968 805306496 268435456 1074528256 2097152 131072 0 2105344 10240 0 536870912 16384 0 536870912 2048 2147483904 0 0 0 0 16777224 69636 32768 1073741824 67108864 0 64 1090519040 2 0 0 16 0 0 8388608 65536 167780352 1040 64 16777344 10 536870912 512 524288 33816576 512 1073742848 0 134217728 0 131080 67108872 0 4194304 1024 8388608 0 4097 2 16912384 0 524288 0 32 4751360 0 2048 0 541065216 2101248 16777216 83886080 1073741824 512 0 32800 524288 2147549188 32 1 16 2064 0 43 16777216 4325408 4112 518 1024 1 536870912 16384 2048 0 0 65536 32768 1024 0 0 64 528 16 0 1077936128 131072 41943040 0 33554436 135168 134217728 607125760 0 128 0 8405120 0 17825792 262144 0 2 536870912 0 1048576 68158464 0 1 0 1024 8192 131072 0 8192 4196352 0 5248 16385 268435488 64 1073742336 256 0 0 0 0 0 4 16384 4096 1024 8192 0 0 1572864 1073815560 8 0 1073742848 0 0 2105344 64 0 1140850688 134223872 0 8388608 2 4 8388608 1073741824 32 536870912 8392704 2415919376 536871168 3 1 0 4194304 0 33554432 8650752 0 524288 1048576 67108896 537141248 67108864 131072 65536 2621444 2101312 4194432 8388608 0 2097152 268435456 0 33562624 0 8388608 0 65536 2048 67108864 0 16777217 4096 0 0 0 64 2048 524320
is_linear=0
shrinkage=0.05


Tree=39
num_leaves=31
num_cat=21
split_feature=3 4 30 36 35 42 5 42 36 36 42 42 36 36 36 42 36 36 36 30 28 36 36 36 35 35 36 42 36 36
split_gain=313.822 88.6693 68.0006 49.1406 46.7826 40.7183 38.4113 34.4788 41.9392 34.4388 28.4137 26.9264 30.886 27.5827 26.3796 25.093 28.7474 24.9245 23.8087 22.5936 23.9229 22.0636 21.9746 21.9332 20.9469 20.687 19.0604 18.3513 30.2983 17.6869
threshold=1.2292567491531374 2.9567737579345708 1.0000000180025095e-35 0 1.0009454488754275 1 0.66432482004165661 2 3 4 5 6 7 8 9 10 11 12 13 1.0000000180025095e-35 0.93115735054016124 14 15 16 0.61867865920066845 0.81005272269248974 17 18 19 20
decision_type=2 2 2 9 2 9 2 9 9 9 9 9 9 9 9 9 9 9 9 2 2 9 9 9 2 2 9 9 9 9
left_child=2 4 6 19 7 9 22 8 -2 -4 14 12 -7 -13 -8 16 -6 -9 -12 -3 -21 -17 -1 -10 -20 -15 -14 28 -27 -11
right_child=1 3 5 -5 15 11 10 17 23 29 18 13 26 25 -16 21 -18 -19 24 20 -22 -23 -24 -25 -26 27 -28 -29 -30 -31
leaf_value=0.0062224954169249449 0.054255636215789826 0.03989800141037865 0.044630488593787258 0.012971877793577195 0.027383823255794627 0.023466441778811183 0.022512336620166096 0.018793534409248344 0.031861369015213546 -0.019478212581103278 0.0048645241268527413 0.012703929649961433 0.02070043630091413 0.014277539985192669 -0.003650105335611508 0.012861603057486065 -0.0014018120553071327 -0.0016552722062089372 0.2016291067117246 0.42940873364699866 0.042188556642860454 -0.010510320070145185 -0.01794532439648262 0.0048843179521105042 -0.010716030059248153 0.017463267369254347 -0.003783729040570226 -0.012778846989147524 -0.0066714845716854265 0.0047925404310221343
leaf_weight=2341 1860 2795 1206 45425 1594 1391 1581 2922 2324 1450 4616 2947 1588 2923 19722 2197 12036 74787 314 946 645 45102 121148 30276 154243 1775 25742 90084 34571 15133
leaf_count=2341 1860 2795 1206 45425 1594 1391 1581 2922 2324 1450 4616 2947 1588 2923 19722 2197 12036 74787 314 946 645 45102 121148 30276 154243 1775 25742 90084 34571 15133
internal_value=-0.00126773 0.000283992 -0.0019842 0.00214296 -0.000250956 -0.0012105 -0.00243934 0.000354862 0.00167097 0.00105927 -0.00197438 -0.00146123 -7.32645e-05 -0.00176252 -0.000258751 -0.00136624 0.000524154 -0.000228964 -0.00220383 0.00719127 0.0119629 -0.0019107 -0.00311884 0.00125264 -0.00230957 -0.00187158 -0.000444389 -0.00196787 -0.00101851 0.000463118
internal_weight=705684 222909 482775 49811 173098 178810 303965 112169 34460 17789 180476 161021 28721 132300 21303 60929 13630 77709 159173 4386 1591 47299 123489 32600 154557 129353 27330 126430 36346 16583
internal_count=705684 222909 482775 49811 173098 178810 303965 112169 34460 17789 180476 161021 28721 132300 21303 60929 13630 77709 159173 4386 1591 47299 123489 32600 154557 129353 27330 126430 36346 16583
cat_boundaries=0 28 35 42 69 95 103 111 135 162 190 198 224 250 278 306 334 362 390 398 425 453
cat_threshold=65569 2148548610 0 0 135168 268435456 0 16777216 2 0 0 0 0 0 0 268509184 81921 32896 0 0 4096 0 0 2181054464 8192 137216 2 1073745924 543686737 51462144 1174667284 8388612 1751154688 0 536875019 32904 939589634 327710 4194690 1140867104 286262544 67112970 262144 33555456 1088 2147483648 8978464 2155872256 4464640 256 1342177280 2785280 0 536870912 0 2048 0 0 1024 0 268435456 257 0 8 0 0 2097152 4194304 1048576 34603008 8389632 0 16777216 0 8 139296 2147483648 8388610 8405056 0 536872966 0 1081344 33554432 0 0 0 0 2281701376 4194304 2097152 0 0 16795648 4259840 67125260 17368098 65578 2220884482 260 1056 1677725700 34 67190912 537395232 268470304 2151686801 16561 2147483680 1073744384 146 0 32 0 0 1409288192 16777216 0 8389120 1073741827 8448 32 0 262161 2147491840 0 0 0 545259521 0 2097153 0 134220033 1 1048640 1025 0 67584 0 0 0 0 557056 4194320 16896 524288 8388608 8912896 0 256 0 8388624 33554432 134217728 524288 32768 8388864 0 16384 16793856 34603008 67108880 0 33554436 0 2105344 33554432 1090535424 16 1073742880 0 0 0 0 0 67141632 33554432 0 17408 4100 67108868 1048576 64 0 0 2048 4259840 1048580 4096 135266304 83936066 524288 34423840 2148532224 70254592 8390145 201334820 160 0 0 1024 0 2147614784 262212 33554688 6192 0 557056 1088 0 0 262144 1048576 144 16 12416 4 0 541065216 1024 0 0 4096 98304 16777216 256 0 32 0 4096 0 2148007937 1057280 0 524288 16777728 1050624 0 81920 33554432 34078720 0 0 524320 0 4210704 0 17410 1074274304 65536 512 32800 0 0 0 524288 268435488 269221888 0 196608 8192 8192 534528 0 0 16777216 8388608 4096 256 132352 0 5 0 0 0 33576960 0 537001984 0 4196352 0 16793600 268435968 25165824 537004032 128 1073741824 0 8519680 0 8392704 0 8389120 1073741824 0 131072 16 0 16777216 0 16384 0 272630784 0 524288 1054720 0 0 2097216 0 2048 0 33554432 4096 0 4194304 545259520 0 134217740 134217728 64 128 2123008 0 1073741824 134234112 294913 512 3221225472 0 0 0 135004160 8 0 8192 4096 10485760 0 1 0 9218 131202 512 0 2097408 0 4 75497604 8388608 8388608 135168 1049664 32 16384 0 3072 0 0 0 0 4096 1048576 0 67108896 37748736 16384 131072 268435456 4096 209715200 4194304 128 2149056512 4096 0 262144 66048 32 16777216 2214658048 0 4096 64 16 0 2048 0 0 2097152 256 343932928 12649088 135266376 335544322 676725080 131076 353 0 0 16384 3 262144 128 134217728 35651586 0 0 1025 0 1048576 24 0 2147483912 33554432 134217732 131072 0 2148532736 0 393280 131360 0 131072 2 65696 2147549184 1048576 520 1048576 256 0 134217728 268435456 2097152 270532736 268435456 0 0 2290098176 1024 0 0 128 3 0 4096 134217732 64 0 0 0 2147491840
is_linear=0
shrinkage=0.05


Tree=40
num_leaves=31
num_cat=20
split_feature=11 35 37 22 35 36 30 36 41 36 37 36 22 32 31 37 37 22 37 36 37 36 36 37 36 37 22 37 36 37
split_gain=281.048 109.198 76.0997 58.7537 51.9032 48.21 47.3656 48.401 42.1937 39.9748 38.621 35.2024 34.33 45.2338 46.3271 45.3744 35.7137 34.3691 42.689 35.9941 34.3085 32.8746 31.6698 31.0081 29.5053 26.7122 24.9704 23.9631 22.9664 22.6994
threshold=0.80000004172325145 0.81005272269248974 0 5.5000000000000009 1.0101032853126528 1 1.0000000180025095e-35 2 3 4 5 6 5.5000000000000009 21.605000495910648 3.0408500432968144 7 8 1.5000000000000002 9 10 11 12 13 14 15 16 4.5000000000000009 17 18 19
decision_type=2 2 9 2 2 9 2 9 9 9 9 9 2 2 2 9 9 2 9 9 9 9 9 9 9 9 2 9 9 9
left_child=3 9 6 8 12 -5 11 -8 24 26 -6 -3 17 14 15 -14 -15 18 21 -20 -7 -4 -19 -11 -1 -10 -2 -27 -26 -22
right_child=1 2 4 5 10 20 7 -9 25 23 -12 -13 13 16 -16 -17 -18 22 19 -21 29 -23 -24 -25 28 27 -28 -29 -30 -31
leaf_value=0.016322228955484939 0.099566768507847125 0.053377406012490462 0.029283662795766038 0.024970365101294512 0.0070464492281912027 0.019303643658317701 0.31346716837902361 0.038603854240020517 -0.00055116571061630674 0.27433448783650566 -0.011411363559438038 -0.00033583340637004461 0.054282256128984352 0.025612958670778507 -0.012777595841132097 0.020383089165978134 -0.0027591620729568063 0.01626758031860405 0.020210174669098441 -0.0017666117799101462 -0.021618235547871536 0.0097132559895423548 -0.0043872941039427215 0.027412898556835139 0.007009163076612545 -0.0072680151109020463 0.60651587395701456 -0.015099297610149807 -0.0098726478066351112 -0.0036774038960103715
leaf_weight=3110 682 2496 1484 2388 7549 3048 1477 10457 9732 284 51600 19153 2066 3727 1535 2787 14969 3460 1891 34915 5085 10836 93427 6089 4975 25851 281 204852 124124 51564
leaf_count=3110 682 2496 1484 2388 7549 3048 1477 10457 9732 284 51600 19153 2066 3727 1535 2787 14969 3460 1891 34915 5085 10836 93427 6089 4975 25851 281 204852 124124 51564
internal_value=-0.00124618 1.70548e-05 -0.000150268 -0.00203413 -0.000474601 -0.000610042 0.00207284 0.00460243 -0.00227139 0.0060338 -0.0017514 0.000679214 -3.32278e-05 0.0016755 0.00530756 0.00770189 0.000434293 -0.000326785 0.000750503 -0.000102671 -0.000889078 0.00329657 -0.00087302 0.00457158 -0.00155343 -0.00266598 0.0154877 -0.00277428 -0.00166947 -0.0011674
internal_weight=705894 271165 263829 434729 230246 62085 33583 11934 372644 7336 59149 21649 171097 25084 6388 4853 18696 146013 49126 36806 59697 12320 96887 6373 132209 240435 963 230703 129099 56649
internal_count=705894 271165 263829 434729 230246 62085 33583 11934 372644 7336 59149 21649 171097 25084 6388 4853 18696 146013 49126 36806 59697 12320 96887 6373 132209 240435 963 230703 129099 56649
cat_boundaries=0 27 54 80 83 111 138 166 192 219 246 272 299 327 355 369 397 422 449 476 503
cat_threshold=2151677968 2147483648 0 64 536875008 64 8260 1064960 2099200 536875008 0 0 536870912 8388608 67634176 65536 268435712 0 0 67108864 1024 0 134217728 1048576 0 0 17301508 0 0 134283264 0 32768 139272 268435456 8913408 1078460416 1073758464 0 134217728 12582912 262144 0 2097152 16 134217728 135266305 0 134217728 0 0 16384 1 16448 1 0 1024 133249 2147483649 4096 1 33554464 40960 268435458 0 0 536870916 0 0 1048576 8192 16384 67141632 1073741824 256 262144 0 512 16384 4096 4259840 2413961961 1367741449 24858 262144 2147483648 0 0 0 142606336 0 2048 128 0 0 0 33554432 4 0 66048 0 2048 0 0 0 0 0 0 8192 0 2 4 0 12320 640 2216689664 4194306 16384 545259776 0 268435456 1210466336 4096 0 0 0 0 0 1024 32 0 2101248 0 16384 0 268435456 32832 0 32768 2 134242306 64 2147483648 16384 134217728 320 8192 1073741824 4096 8388608 2097152 8224 0 0 67108882 553648128 0 1048592 1048576 0 1048576 1 2147483648 0 4096 0 528384 8912896 0 67113088 74449152 0 3221225472 32768 65536 0 276 2147483648 0 0 0 0 64 0 1024 4 0 0 524288 0 0 32896 1024 67108928 0 1114112 150994944 131072 268435456 0 0 0 4194572 0 536870912 12 33554432 2 2 545783816 0 16777232 1073741824 0 4194304 0 134217744 268435456 4 8208 2 0 8256 134742288 0 0 1049088 65536 0 343933204 2147483648 0 0 0 0 66 0 8 4 136316928 0 4718593 0 0 32896 1028 8 8388736 2097152 0 4194320 64 1 8388642 262144 0 134250496 134217728 0 4 1024 258 0 536870912 0 268961792 135790592 0 1049088 0 0 0 1073809440 128 0 262144 0 0 2415919112 131080 33556496 1064960 2147483656 1073774592 134218752 34082816 0 8388608 0 150995456 0 16384 33554432 0 0 134217728 20971520 16 0 4 0 8388608 0 37748737 4194320 2117632 269484032 32 128 10485760 0 32 134217728 262144 524320 16384 34081792 1052672 67108864 0 1 128 0 0 0 0 0 2048 0 16 4 402653184 8388608 0 1073750032 2147483904 32 266240 0 524288 8388608 0 16512 128 1 0 268435472 0 5242880 1073741824 0 33555456 1049600 3145728 33554432 262144 0 576 0 0 0 0 0 0 0 0 0 0 0 64 0 134225920 65536 0 1073741824 0 1073758208 0 524289 277381120 536936448 0 8 266240 0 0 0 8192 131072 2147483648 0 8200 262144 4196352 4194304 512 33792 537133312 524290 262144 262672 0 16842752 268435456 536870912 32 0 0 2147483648 131073 0 4100 268435456 0 2048 1342177824 2147483648 16384 268697600 2048 2097280 1090519040 128 335544352 541065216 65664 0 8388608 0 16785926 2147811840 0 131072 32768 134283280 8388616 8388608 0 0 262144 0 536870912 0 0 0 135266304 0 0 33554496 2097152 2684356096 4227072 1073741824 0 33554432 268435456 0 4128 0 4456448 0 4194304 65536 32772 262144 512 16777216 4096 8 134217728 0 0 64 1048576 1048576 2053 1073762304 2281832452 64 0 4194304 0 65536 134217730 0 512 0 0 268697600 0 320 2097168 1048579 0 0 2 0 1073775616 2 32768 4 0 17825796 528
is_linear=0
shrinkage=0.05


Tree=41
num_leaves=31
num_cat=23
split_feature=3 37 35 35 36 30 36 22 36 30 36 37 22 37 36 36 37 37 37 36 37 41 36 36 37 36 37 36 36 36
split_gain=271.546 86.8086 56.512 55.772 54.824 45.2491 44.0931 36.687 36.5025 35.2779 33.6151 33.6139 33.1617 42.3004 36.1198 30.7605 29.5717 29.2928 29.1656 28.0714 26.4944 26.1646 24.3618 24.0453 23.0197 22.96 22.8031 22.3151 22.0909 21.6146
threshold=1.0548065900802615 0 1.0004566311836245 0.85972008109092724 1 1.0000000180025095e-35 2 5.5000000000000009 3 1.0000000180025095e-35 4 5 1.5000000000000002 6 7 8 9 10 11 12 13 14 15 16 17 18 19 20 21 22
decision_type=2 9 2 2 9 2 9 2 9 2 9 9 2 9 9 9 9 9 9 9 9 9 9 9 9 9 9 9 9 9
left_child=3 4 7 6 -2 21 -1 12 -9 -6 -11 -7 13 15 -15 -3 19 -10 22 -4 -8 23 -14 -5 -13 -22 -23 -26 -20 -29
right_child=1 2 16 5 9 11 20 8 17 10 -12 24 18 14 -16 -17 -18 -19 28 -21 25 26 -24 -25 27 -27 -28 29 -30 -31
leaf_value=0.041620140194276609 0.1349554615028915 0.049027438198716716 0.030161750161672263 0.014264866133906965 0.001958331262570306 0.014596380599047562 0.022019812878869963 0.042738790608394021 0.029893492022150886 0.15535296347651514 0.027584156779510267 -0.020619590979836677 0.05125402118290167 0.028341468566787532 -0.00039183859007955882 0.013780688147459594 -0.0082728859544044086 0.0022670157577108266 0.016795761955176292 7.8515111603461041e-05 0.021902163188051924 0.00074885119430653259 0.0048672834638708194 -0.0097336128388064332 0.010461043105597489 -0.0084491028752201949 -0.014176571781608164 0.0072210427823536927 -0.0047306402087849697 -0.0086435032421072425
leaf_weight=1404 4071 1061 1568 2479 20378 3033 4019 1413 5743 1456 10048 6834 1410 2050 34891 7133 74356 15939 2971 8854 1191 6158 5745 77562 2326 13677 170456 4810 78596 134438
leaf_count=1404 4071 1061 1568 2479 20378 3033 4019 1413 5743 1456 10048 6834 1410 2050 34891 7133 74356 15939 2971 8854 1191 6158 5745 77562 2326 13677 170456 4810 78596 134438
internal_value=-0.00121489 3.00582e-06 -0.000337966 -0.00200434 0.00229493 -0.00213155 0.000554158 0.000223887 0.00206421 0.00159565 0.00380965 -0.00144613 -9.36452e-05 0.00100972 0.000288075 0.00425716 -0.00137817 0.00155303 -0.000654961 0.00111569 -8.38725e-05 -0.00253598 0.00240371 -0.00178515 -0.00155263 -0.00105787 -0.00287598 -0.00141555 -0.000923473 -0.00149678
internal_weight=706070 277683 241730 428387 35953 408096 20291 156952 23095 31882 11504 151441 133857 45135 36941 8194 84778 21682 88722 10422 18887 256655 7155 80041 148408 14868 176614 141574 81567 139248
internal_count=706070 277683 241730 428387 35953 408096 20291 156952 23095 31882 11504 151441 133857 45135 36941 8194 84778 21682 88722 10422 18887 256655 7155 80041 148408 14868 176614 141574 81567 139248
cat_boundaries=0 27 55 83 110 135 162 190 217 245 273 299 326 347 374 377 405 433 460 488 515 543 571 599
cat_threshold=2151677972 0 268435456 0 541065216 64 536879168 16384 2064 536875008 0 1056 536870912 8388608 0 0 268436736 0 8192 0 128 0 134217728 1074790400 65536 0 34078724 34 2182348802 2112 2147500032 4736 1 0 0 128 0 0 0 33562624 8192 0 73728 16384 0 256 256 4096 0 32 2147500032 0 4198400 2 4 2 4210692 134217728 0 67108864 268568576 8388608 1576962 8388608 553648128 8388608 0 134217728 0 0 0 8389120 7426 1024 0 0 0 0 4194304 4194304 8388608 0 67108866 1 16384 65544 8388608 0 532481 4194400 33554432 8421376 0 262144 0 1048576 128 0 4096 4194304 1 67108864 0 0 64 16 2097152 0 4329568 302252032 0 1032 19 0 2147483650 16777216 33554464 34824 268435462 0 0 536870916 0 256 16 134217728 0 49152 132100 131072 0 1073741824 0 536870914 4096 17 294912 0 4 0 8388608 131080 16777220 16384 0 1073782784 524288 8400896 65536 1 0 537004544 0 0 8 128 0 134217732 1073741832 8388608 0 2097152 0 64 64 272 32768 2147483648 1048576 68681728 0 20 2148007936 0 0 64 524288 8388674 0 0 2147483648 134217728 0 4194305 8 4194304 32768 4195396 268435456 1 262144 0 67108864 0 65620 2148548608 75497474 0 131072 32768 8388609 256 4194308 1077936128 524288 0 536870912 2097152 268435456 17301504 0 0 0 0 2621440 65536 2048 262144 0 147456 1 5242880 2099200 34603008 2048 5243008 0 64 0 32 0 0 0 8913952 1050624 0 9437184 0 128 0 131072 2147557376 0 0 2048 262146 32 8704 606076928 4 0 75497472 0 0 73416704 524288 262144 1207959560 0 128 2 0 32 0 3145728 1024 0 0 4194304 0 536870912 18874368 1 64 0 67109888 10486016 0 268435456 32768 0 65536 284 2147483648 134219776 8 33554432 525312 65536 545259520 1024 1048592 1073741824 0 16384 8 0 1 1028 262144 2147483744 0 0 8388608 0 16777216 67108869 1090519040 2097152 0 33587200 134746112 1024 1049600 0 536871424 32 1048576 0 0 4194304 0 0 8388672 4 268443649 196608 256 67113984 8192 393216 256 67633152 25168912 1073741824 4096 8389760 32768 16777216 33849600 0 8 128 2048 0 0 4194304 64 67108928 0 8 65536 0 536871428 0 268435456 0 0 32768 8 33555008 269484032 0 16777216 0 16777216 1249902592 32 4096 8 0 16777216 2164260868 8192 2388828232 293934089 393624 393216 8208 0 0 524288 8388608 5242912 272384 1342177410 32768 0 67108864 71303168 294912 0 1049088 0 2048 16 8192 0 0 263168 33554432 8192 0 0 16384 536870912 8388608 65536 2147483648 33554432 131072 1073741824 294912 512 1048576 0 0 65540 1140883460 0 33554432 0 262144 1082130432 2282749952 0 1 2048 2052 4194304 33554944 0 536870912 134217732 8388672 0 262152 0 4259840 262144 0 0 65536 0 268730368 0 528 4096 1048578 4194304 0 2080 4 2048 67108866 32768 0 67584 1048576 369098752 4456448 1115684864 8192 1073745920 2 16384 64 0 33554433 12288 64 32768 0 134250496 0 268435712 33554432 0 0 0 0 0 2080 1048576 1 0 557584 8192 524290 262144 262160 0 16842752 0 2 32 0 545259520 2147516416 131073 0 6144 268435464 1073741840 0 1342177824 0 16384 0 2048 2097152 1090519040 256 0 16777216 1024 0 65536 0 0 0 268435456 0 2147483648 4210690 0 0 0 134225920 256 512 1024 8 8192 4096 4231168 2156134672 2048 1048576 152043520 1048576 67108865 64 1610612736 256 4096 134217728 0 0 1073741824 2148532224 8736 0 32 4259840 8388608 512 16384 0 33554432 68157440 268435456 33554464 4194304 1140850688 0 0 1048576 33554432 8388608 282624 33554432 0 0 0 2 4194337 0 2147483648 17 768 40 134217728 4096 2147487744 0 0 0 33570816 0 524288 0 2162688 64 33570832 268437520 584 0 2097152
is_linear=0
shrinkage=0.05


Tree=42
num_leaves=31
num_cat=23
split_feature=11 3 28 35 36 22 36 37 37 22 36 36 36 37 37 42 35 36 42 36 36 37 36 36 41 36 42 36 36 36
split_gain=259.194 85.1445 50.4235 50.3546 45.211 40.3243 39.668 38.8635 37.61 35.1337 35.2379 28.3737 28.1663 26.3681 25.836 25.1782 23.7985 23.6745 23.0126 25.6285 21.1949 21.0775 21.5683 19.8494 19.5965 30.9447 19.1596 26.3599 18.8658 18.8029
threshold=0.75714287161827099 2.6015038490295415 0.9975000023841859 1.0660022497177126 0 4.5000000000000009 1 2 3 5.5000000000000009 4 5 6 7 8 9 0.61867865920066845 10 11 12 13 14 15 16 17 18 19 20 21 22
decision_type=2 2 2 2 9 2 9 9 9 2 9 9 9 9 9 9 2 9 9 9 9 9 9 9 9 9 9 9 9 9
left_child=2 3 5 9 -3 8 -7 23 -1 12 -11 -10 -2 -8 -5 20 -14 -15 -18 -20 -9 -12 -23 -4 28 -26 27 -17 -13 -21
right_child=1 4 7 14 -6 6 13 15 11 10 21 24 16 17 -16 26 18 -19 19 29 -22 22 -24 -25 25 -27 -28 -29 -30 -31
leaf_value=0.013107518461225135 0.013454431645254023 0.079194332642932797 0.022155192115941011 0.0058235234884902627 0.009550595637031721 0.023764819219576915 0.013247391382065644 0.013191932050188504 0.01000420089126519 0.030599419489360669 0.025266924467351723 0.0053532552231034458 0.18621833139636634 0.014266517025697215 -0.017005666313853408 0.0093706504416308095 -0.0095406346086075074 -0.0047304896215684591 0.0091819104948323866 -0.013521288582847974 -0.0099879107738522783 0.024560592149511406 -0.00018466194962590615 -0.0023146073858396335 0.01438733816531821 -0.0083746737878065084 -0.016717454262002093 -0.012475386762349779 -0.013050048627458434 -0.0020358131857416686
leaf_weight=4270 5821 3559 1668 3291 58508 1952 3210 2512 3286 1289 5366 2653 387 2309 24925 2186 18151 51562 8571 3818 32196 1475 21542 6602 2463 57589 114368 55107 67531 137339
leaf_count=4270 5821 3559 1668 3291 58508 1952 3210 2512 3286 1289 5366 2653 387 2309 24925 2186 18151 51562 8571 3818 32196 1475 21542 6602 2463 57589 114368 55107 67531 137339
internal_value=-0.00118168 -4.79874e-05 -0.00199184 -0.00048809 0.00159688 -0.00141381 -0.00032041 -0.00252188 -0.00188224 -0.000213954 0.00137633 -0.00202991 -0.000485015 -0.000560588 -0.00246766 -0.00265648 -0.000603352 -0.000823189 -0.00063197 -0.000428013 -0.00142689 0.00100673 0.000348053 0.000839269 -0.00214577 -0.00148195 -0.00290499 -0.00215718 -0.00271344 -0.000589264
internal_weight=705506 294042 411464 231975 62067 196825 59033 214639 137792 203759 29672 133522 174087 57081 28216 206369 168266 53871 167879 149728 34708 28383 23017 8270 130236 60052 171661 57293 70184 141157
internal_count=705506 294042 411464 231975 62067 196825 59033 214639 137792 203759 29672 133522 174087 57081 28216 206369 168266 53871 167879 149728 34708 28383 23017 8270 130236 60052 171661 57293 70184 141157
cat_boundaries=0 28 56 84 111 139 167 195 222 246 254 283 290 318 346 372 400 427 430 458 466 493 520 547
cat_threshold=1073807392 2156937218 67108864 16384 4160 1 8192 0 1073741824 32768 134217728 0 0 262144 0 268501120 16384 0 268439808 0 0 1024 16 2147483648 0 6144 2 4 0 0 1073807392 268435456 134220288 0 65544 2147483648 32784 16384 1073872896 536870912 2 0 553648128 65 16 4 1025 0 32768 134217728 0 16384 16777216 8388608 1 16384 1 262144 268698128 20 545259520 0 0 32 1048576 2097152 0 197632 0 0 8 0 8522752 48 0 16392 128 0 0 1073741824 16 2097184 4 1 0 0 1 256 553648162 0 0 1157627904 66048 0 2147483648 134217760 0 1073742592 524288 1610612736 553648128 32 0 0 32 0 2097280 536870912 0 2685403136 4 0 0 4104 128 0 8 0 33554946 134217728 0 294912 0 1048576 2147483648 16640 4096 1048576 49152 0 0 536871424 16384 0 2097152 4194304 536875072 2621440 2101252 553648160 4194304 73728 0 33554432 0 0 2148794368 3072 131072 64 65536 68 0 16 512 8404992 0 2560 524288 1 65536 0 133120 0 512 16384 134234112 2181038082 9232 68 2151678080 0 0 8272 0 0 268435456 131072 0 0 0 34 67108864 10486272 8388608 268435536 524288 0 0 0 2181038080 8192 2097152 0 4096 16 0 0 4096 8454146 402653184 8 8388608 1610612736 0 0 134218752 262144 2147483648 8912896 256 687865856 268567584 1048576 0 0 4096 4 0 144 0 67108868 16 2147495936 512 2359296000 536870914 0 8388864 32 4194304 1075855392 0 134217728 0 0 0 0 0 32 16777216 69206016 0 0 2048 4194304 6815745 135856128 1182793856 2147484176 139460772 17825856 3 370 4 16 201326592 0 32768 4194304 0 1048576 12582912 1073741824 8192 142606336 2097152 256 1073741824 268435456 0 8389632 2147483648 0 37748737 0 525312 0 16 32864 0 0 1 34304 16384 554215424 42500096 5511168 3770753040 2165440516 16908800 2048 5120 2 10486272 268435456 1073741856 262144 524288 135168 1 256 4202496 32768 16384 0 0 1052672 0 0 21233664 67141632 0 0 0 0 4096 2097152 536871232 0 16384 0 8388608 3242196992 65536 266272 256 16384 1024 2048 0 0 0 8388608 528 536875008 2148139024 134217728 0 1073741824 0 16 8192 0 8 134217728 6291536 0 605029376 256 4325376 268435520 0 0 8 4206612 0 0 4104 0 2 0 8388616 1024 16 1073741824 0 4210688 0 0 268435456 1024 0 679477248 8192 64 335675392 16777216 4224 0 32769 16777220 335544320 0 2064 32768 1050624 0 67108864 1 536870912 1074266112 0 8388608 0 2 0 0 262144 8194 0 33554432 16384 0 6291592 262272 0 4128 32 0 0 16777216 8388608 4194304 33554944 553648128 0 4194304 0 524320 536870944 9 64 4096 0 1048576 132096 806884098 891881954 72357 0 1342177280 0 0 16384 256 16384 33555456 0 16781312 0 16781314 65536 4456452 512 0 1073741824 270340 0 4194304 0 536870912 262192 1048576 4194304 0 65536 536871168 83951816 109052928 2147614720 1123467 2121739 12587008 1073741824 129 16777216 8192 0 0 262144 0 2162688 16 33554432 4358144 0 2 2148532228 0 0 1 128 67371008 524304 0 1074004992 4096 0 65 1073741824 16384 1073745952 67108954 258 0 131072 134218752 128 0 0 1 0 0 32 0 33808 1179648 268443648 130 256 131072 0 32768 1536 0 32800 0 8192 262152 0 16777216 269484032 131584 0 0 2129921 134234112 0 128 2 2 272 2097152 8 0 0 0 134217728 0 0 2147483648 1082691584 536875264 0 8256 1075855360
is_linear=0
shrinkage=0.05


Tree=43
num_leaves=31
num_cat=17
split_feature=11 35 37 28 35 37 42 37 37 30 37 22 37 22 37 37 42 37 42 37 32 37 22 31 37 42 32 37 31 32
split_gain=229.033 84.17 62.27 50.9654 45.6326 36.7474 33.8126 33.5792 32.7387 31.0992 36.754 30.745 30.3851 29.8762 29.7034 27.2505 26.8197 23.4017 20.1369 19.8244 19.1778 26.5393 17.6034 25.6017 17.3528 16.982 16.745 16.3425 16.0719 20.0773
threshold=0.77142855525016796 0.81005272269248974 0 0.94850000739097606 1.0004566311836245 1 2 3 4 1.0000000180025095e-35 5 2.5000000000000004 6 4.5000000000000009 7 8 9 10 11 12 21.814999580383304 13 5.5000000000000009 3.0923500061035161 14 15 20.425000190734867 16 0.81534999608993541 24.064999580383304
decision_type=2 2 9 2 2 9 9 9 9 2 9 2 9 2 9 9 9 9 9 9 2 9 2 2 9 9 2 9 2 2
left_child=3 8 9 7 6 -5 20 -1 -2 19 11 -11 -9 17 -15 -6 -7 -14 -18 26 21 22 -4 -24 -8 -17 -3 -20 29 -13
right_child=1 2 4 5 15 16 24 12 -10 10 -12 28 13 14 -16 25 18 -19 27 -21 -22 -23 23 -25 -26 -27 -28 -29 -30 -31
leaf_value=0.013504022009262529 0.10075247704287041 0.1317561117271206 0.013639988700409804 0.0034514559398497015 0.0045622979142560935 -0.0066371280465058581 -0.011274529119716839 -0.018868515564669175 0.015514075098186517 0.44674655616030051 0.017436002495246756 0.85536637810574145 0.0096699469805794358 0.014333101977755079 -0.0027333399623058435 -0.0020299191685183193 -0.01996411138544233 -0.0084515835035649991 -0.020724219791192492 0.010885951148720329 0.0012325352385217994 0.00029095187942507124 0.066262349218349101 -0.010316659729308902 -0.0017611175989901183 -0.0098708495067984584 -0.016797049570927754 -0.012013875507329637 0.12770013151701973 -0.023179772964119702
leaf_weight=4676 3270 299 10564 8334 9207 31728 7415 11391 4425 376 8485 263 4438 5911 41876 19509 24512 107484 14842 15822 51558 9549 1201 439 73513 61598 6822 162731 3303 114
leaf_count=4676 3270 299 10564 8334 9207 31728 7415 11391 4425 376 8485 263 4438 5911 41876 19509 24512 107484 14842 15822 51558 9549 1201 439 73513 61598 6822 162731 3303 114
internal_value=-0.00116038 -7.4758e-05 -0.000216525 -0.0019078 -0.000500545 -0.00237824 2.20748e-05 -0.00125972 0.00508381 0.00174053 0.00374302 0.00765183 -0.00137396 -0.00119581 -0.000149306 -0.00139313 -0.00249446 -0.00164274 -0.00270676 0.000646573 0.000799827 0.00204491 0.00358821 0.00840951 -0.00068249 -0.00168563 -0.00154305 -0.00252086 0.00627547 0.016045
internal_weight=705655 287732 280037 417923 244553 242147 154239 175776 7695 35484 12541 4056 171100 159709 47787 90314 233813 111922 202085 22943 73311 21753 12204 1640 80928 81107 7121 177573 3680 377
internal_count=705655 287732 280037 417923 244553 242147 154239 175776 7695 35484 12541 4056 171100 159709 47787 90314 233813 111922 202085 22943 73311 21753 12204 1640 80928 81107 7121 177573 3680 377
cat_boundaries=0 27 55 63 90 116 123 148 175 201 209 237 244 254 280 307 315 342
cat_threshold=2147483664 2147483648 16 0 536870912 16448 8260 1064964 6293504 541069312 524288 0 536870920 8388608 67633152 0 268435456 0 0 0 1024 2048 134217728 1048576 0 0 524292 0 266240 268698112 4 536870912 268435456 536870912 33 16384 2097168 32768 98305 532480 0 8 0 8388608 1073741840 0 8 128 0 0 1090519040 0 2097184 4 1 589958 3003122688 147470 2218787742 0 286262528 0 64 0 0 36 256 65570 16 0 92274688 65552 134217728 1073741824 134217760 8 768 0 536870912 553648128 268435488 0 0 32 0 0 8 16 2147483648 8196 0 67108928 64 8 65536 0 512 0 2048 0 0 0 0 33555520 0 0 0 0 1048592 0 0 0 0 0 0 4 16 0 0 0 536870912 0 4 142622720 0 1073774592 0 4194304 0 1380204544 131088 4194336 272629760 0 268435458 32 17 16 1048833 0 0 4608 524288 0 0 0 0 268435456 2048 67108864 128 20480 128 268566528 16777220 0 8192 8 0 1024 512 2147483648 41943040 0 134217728 136192 17825792 0 16 4096 1056768 16 128 4194304 69206016 2 32 268435968 67108864 4292610 0 93323520 65568 1073741856 1142964224 4096 262144 8388608 0 0 2 0 32 0 2097152 0 16384 32768 0 0 536870928 73957441 2149056514 1174405120 2147484161 1214259236 17039360 1610612738 82 20 0 1 4 687865856 0 0 1073741824 512 0 0 0 1048576 1073758208 336068608 1073807376 0 2097152 0 0 0 4194304 2097288 536870912 256 51642368 536870912 1 411648 537137344 541188 1107869952 262144 655363 2336264200 16 0 0 0 0 0 0 4 6291456 536870912 0 0 0 6291456 0 2147483648 0 67108864 0 276 8388608 536870912 0 33554432 0 64 536870912 32 1048592 0 0 524288 0 0 32768 1028 134348800 512 0 77824 4 4194304 1077936384 536870912 0 2147500032 8192 262144 0 64 4096 1048576 0 0 2147500032 0 1077968928 1024 16781312 0 64 4194320 2097152 67633410 84606976 37814272 137 339939336 10486848 218112032 128 16384 64 67108865 0 262144 4194304 402915328 0 0 65536 1 0 1028 80 16 512 20971520 33554432 1048608 1 2048 4194370 33280 536870912 268435456 0 65536
is_linear=0
shrinkage=0.05


Tree=44
num_leaves=31
num_cat=21
split_feature=0 27 37 36 35 37 27 37 28 37 36 37 35 36 36 37 37 36 36 36 22 36 37 37 36 26 37 36 22 36
split_gain=217.717 70.1107 58.6244 51.432 42.9599 31.9624 26.5429 26.4954 26.2496 27.592 25.639 24.3172 23.2545 27.9248 25.9384 21.7041 21.2002 21.1151 20.702 20.1373 19.7669 19.708 18.7223 17.9808 17.0428 16.3776 16.3431 16.2858 15.7746 27.9337
threshold=1.4143506288528445 0.76248472929000866 0 1 0.82508671283721935 2 1.7482046484947207 3 0.99950000643730175 4 5 6 0.99652594327926647 7 8 9 10 11 12 13 5.5000000000000009 14 15 16 17 16.820131301879886 18 19 1.5000000000000002 20
decision_type=2 2 9 9 2 9 2 9 2 9 9 9 2 9 9 9 9 9 9 9 2 9 9 9 9 2 9 9 2 9
left_child=1 11 3 -2 7 -6 18 -3 10 -10 -7 -1 13 -13 -14 -16 -15 -11 -4 -5 -21 -8 -19 -12 -25 -22 -26 -18 29 -23
right_child=2 4 6 19 5 8 21 -9 9 17 23 12 14 16 15 -17 27 22 -20 20 25 28 -24 24 26 -27 -28 -29 -30 -31
leaf_value=-0.018724629960871597 0.10713240030486709 0.086017738000225177 0.012632984062125858 -0.015179815495228561 -0.020250321069699279 0.017516485033675432 0.019692050033375614 0.011854010636901276 0.0060804151461332544 0.0088478014862421062 -0.015909623526499439 0.017688828553241834 0.0069379995395852908 0.012220411289249089 0.005224093498378774 -0.012849669992627486 0.0088562420666372585 -0.019910114789535908 -0.0037253846916431286 0.009832082004025848 0.049231962535337882 0.033334433115948074 -0.0077870049147872548 -0.013518758708767706 0.011298151480596775 0.56126759180546448 -0.0022669144849696752 -0.0082426841064425615 -0.00040264633448538827 0.0047723032883595987
leaf_weight=15896 3360 752 2523 2031 10171 3555 4260 5716 6576 2983 4201 1967 3264 2955 4082 175154 2122 8385 70985 26602 4186 1742 103602 2990 3968 215 105098 59192 49512 16695
leaf_count=15896 3360 752 2523 2031 10171 3555 4260 5716 6576 2983 4201 1967 3264 2955 4082 175154 2122 8385 70985 26602 4186 1742 103602 2990 3968 215 105098 59192 49512 16695
internal_value=-0.00112914 -0.00164791 0.00035964 0.00215437 -0.00106139 -0.00116485 -8.87624e-05 0.00296182 -0.00104898 -0.00156672 -0.000523817 -0.00221972 -0.00209824 -0.0012958 -0.00238958 -0.00246994 -0.0014755 -0.00174681 -0.000757596 0.00155334 0.00186964 0.000592091 -0.00185749 -0.000651814 -0.000531201 0.00497387 -0.000428873 -0.00167501 0.000384858 0.00163331
internal_weight=704740 522629 182111 36394 257997 251529 145717 6468 241358 121546 119812 264632 248736 66236 182500 179236 64269 114970 73508 33034 31003 72209 111987 116257 112056 4401 109066 61314 67949 18437
internal_count=704740 522629 182111 36394 257997 251529 145717 6468 241358 121546 119812 264632 248736 66236 182500 179236 64269 114970 73508 33034 31003 72209 111987 116257 112056 4401 109066 61314 67949 18437
cat_boundaries=0 27 55 82 109 135 163 190 218 246 274 301 329 357 386 414 440 466 494 522 550 570
cat_threshold=80 2147483648 268435456 16 536870912 64 64 2147483680 2048 536875024 2147483648 1024 671088640 0 524288 0 822083584 268435488 8192 0 0 0 134217736 1074790400 1 0 4 34 2182103042 2112 0 8393344 129 262400 0 268435456 4096 64 2097184 32 0 0 73728 17408 0 256 0 0 0 0 2147500032 0 0 2 4 134234112 8388608 1141375009 128 262144 4259840 38010888 0 0 0 0 0 32 64 16 18432 0 2097152 2 0 1073741856 2 32768 0 0 1073741828 805306496 0 67108928 67108864 8 65536 0 512 0 0 0 0 0 0 1088 0 0 0 0 0 0 0 4096 2 0 0 0 67117056 1 0 268435968 0 545259520 131072 8388676 33638400 1073741824 4096 0 607232 1048576 2048 0 0 410624 36 512 8 0 0 0 16777216 0 4195328 17825793 0 0 268435488 0 2097184 1073741824 0 138412544 2415935488 1024 2147483648 0 8260 0 64 16384 0 0 1048580 0 16384 0 67108868 1090519056 8388608 0 2101248 16388 8389184 0 270344 4 0 402673664 0 36 33628160 131072 262144 0 8388624 536870928 0 0 0 0 268435457 0 2 512 0 268435456 0 67108872 0 20987904 0 0 134217728 147456 1073741824 1152 0 16777728 8192 0 4194305 256 536870912 1073741952 8388608 2147483904 2 0 0 536870912 2048 2084 16384 9 64 262144 16786944 0 536936448 134217792 0 32768 268435456 33554432 0 0 0 0 12288 67108864 32784 33554432 0 0 524800 524289 4096 0 66560 131072 1024 100728832 16 67109120 0 32768 268435456 20 16777216 0 0 1073741840 16 8388612 16809984 196640 262144 2147483648 1 1073758208 512 1073741824 16384 0 0 0 4 1090519040 16 2162688 2097156 1 0 2147483648 0 4 65568 0 0 8388608 269484560 262144 2147745792 37748736 524288 262400 0 1073741840 16777728 0 0 0 67371040 0 8328 0 0 2164326400 536879104 0 0 0 16777216 8650752 0 0 128 1073741824 4210688 0 67117056 16384 4608 262176 128 8 536870920 1574928 0 262144 2147483648 2048 0 1344274432 65536 67108864 131072 4194304 256 1024 32 0 67108864 1342177344 1048576 1073742848 0 0 8192 524288 16 1140851200 128 0 0 285216784 17301504 16777216 16384 0 0 2 2166784 0 16384 128 0 0 16 268435456 536870912 1048576 1048576 0 256 1024 134479872 4104 128 0 9437184 67108864 32 3758098432 0 131072 0 32768 524288 1067008 33619972 131072 0 2 0 4194304 67190784 4 268435460 0 1179650 2176 8421888 4096 1 32 8388608 0 524288 1024 128 0 2415923200 0 17825792 64 16 0 8192 536870912 0 524288 0 64 536870912 16392 131072 0 134250496 2147483648 8192 264 0 2048 0 256 34078720 1049088 0 32768 537921536 1275592704 1040 1 0 134217728 33554432 16777216 8519680 0 268435456 0 4194308 0 268435456 524304 268435488 0 2 268763136 1024 0 268435713 1048578 0 33554432 2097672 0 262144 0 50339840 0 0 33856 655376 16908288 8 0 0 67108864 296960 0 2117634 33554432 4 0 1024 0 4 163840 2 1048576 0 0 67126304 2147516416 4 524288 2 0 0 32 4194306 1073741824 16384 16793600 536870912 16384 0 0 1610629124 138412048 16777216 16 0 0 604504064 1073741824 536870912 512 0 268435456 0 4210688 1048578 0 8388672 0 524288 1 8388672 2 0 256 33554432 0 6148 0 0 2147483648 16777216 65536 10 0 285343744 8192 2147492880 13312 269484032 524336 1 0 0 0 0 0 0 16384 1122304 0 131072 37748768 6422528 2147483712 67108864 262144 1048576 512 1082130432 0 4 1074003968 0 4194816 537134080 2048 1048578 8388608
is_linear=0
shrinkage=0.05


Tree=45
num_leaves=31
num_cat=24
split_feature=11 35 36 0 28 35 42 36 41 36 36 36 36 36 42 36 42 36 36 32 36 36 42 36 36 36 36 36 36 36
split_gain=199.88 68.3736 58.6015 50.8738 43.1483 32.0023 30.1038 29.1353 25.49 28.9785 27.4521 22.5286 21.7296 21.4407 21.3322 23.6104 19.8324 19.4522 17.5455 17.2544 42.3296 20.0387 16.8065 16.7898 16.2085 16.0304 15.9583 15.8271 14.9601 13.9274
threshold=0.75714287161827099 0.8655003309249879 0 1.900135934352875 0.9975000023841859 1.0660022497177126 1 2 3 4 5 6 7 8 9 10 11 12 13 21.355000495910648 14 15 16 17 18 19 20 21 22 23
decision_type=2 2 9 2 2 2 9 9 9 9 9 9 9 9 9 9 9 9 9 2 9 9 9 9 9 9 9 9 9 9
left_child=4 2 -2 5 7 14 11 -1 9 -9 -10 -6 -5 -12 -3 -16 -8 -18 -17 20 -14 -21 -7 -22 -4 -11 -20 -15 -19 -13
right_child=1 3 24 12 6 22 16 8 10 25 13 29 19 27 15 18 17 28 26 21 23 -23 -24 -25 -26 -27 -28 -29 -30 -31
leaf_value=0.01254781813077584 0.1596632431154241 -0.0075986290039202296 -0.018355010882276045 0.039562308817120646 0.013931556850523986 4.4076858297972797e-05 -0.019448644761073143 0.0091250227247081823 0.020691293144603589 0.0027701192591152338 0.01111056482048813 -0.016792888248593062 0.051723765982182403 -0.014565870047425334 0.013361498056554254 -0.01289854215888209 0.0059358958394065912 0.0012061028932693176 0.0086244173000698601 0.021396470318044623 0.027385108116774682 -0.00053106045482612921 -0.017668058963466193 0.003057786142236508 0.017800343831759536 -0.0098171059350125496 -0.0017982049257408445 -0.0040124938213791086 -0.012392368595746307 -0.0052851580615939052
leaf_weight=3373 1638 21673 972 5013 2345 5355 23157 3517 2083 4644 4309 2862 1487 3584 4994 3489 2998 4588 6340 4538 2077 66124 18778 16672 10951 99118 123871 76122 152042 27223
leaf_count=3373 1638 21673 972 5013 2345 5355 23157 3517 2083 4644 4309 2862 1487 3584 4994 3489 2998 4588 6340 4538 2077 66124 18778 16672 10951 99118 123871 76122 152042 27223
internal_value=-0.00110503 -0.000109059 0.00335828 -0.000276755 -0.00181575 -0.000762328 -0.00230501 -0.00128055 -0.00136092 -0.00187525 -0.000719903 -0.000900097 0.00065732 -0.000860747 -0.000506867 -0.000278794 -0.00255408 -0.00235525 -0.000404979 0.000480259 0.00176755 0.000111656 -0.00245981 0.00111967 0.0021313 -0.00202664 -0.000311047 -0.00104658 -0.00243168 -0.00126844
internal_weight=705937 293972 13561 280411 411965 184500 215215 196750 193377 107279 86098 32430 95911 84015 160367 138694 182785 159628 133700 90898 20236 70662 24133 18749 11923 103762 130211 79706 156630 30085
internal_count=705937 293972 13561 280411 411965 184500 215215 196750 193377 107279 86098 32430 95911 84015 160367 138694 182785 159628 133700 90898 20236 70662 24133 18749 11923 103762 130211 79706 156630 30085
cat_boundaries=0 28 36 64 67 94 122 148 176 204 211 239 247 274 302 329 357 365 393 419 445 473 501 529 555
cat_threshold=2 2147483664 0 0 0 146800640 1048832 0 128 0 524288 0 33587200 0 2097152 66048 2686451713 7168 1048576 8192 0 0 0 0 8192 0 2 4100 6815749 1075380224 3321892880 2147484160 1280311428 18087936 3 290 1024 0 65536 2097184 134217728 0 16384 0 1024 0 32 65536 524352 1024 536870912 268435456 16 0 512 2304 32768 65536 0 67241990 0 8389125 0 134496256 805835650 624525667 461493 536870978 8388608 0 0 0 2097664 1073741824 262144 0 16908337 0 0 2147483652 16 1572864 0 1024 1280 134348800 268959760 33554689 0 0 32 0 0 67371008 2147483648 268435456 134217728 268435712 0 131072 32 34078720 0 532480 1610686593 0 0 0 512 2 524288 262144 67108864 0 4 0 32 5275648 16777216 0 65552 536875008 536870913 33554432 0 0 8388608 2147745792 0 4128 32 16384 8388608 262144 8388608 32768 0 16777216 0 536870912 2148139536 134742048 0 8 0 4096 526336 537919489 4096 8404994 2112 2149580928 18108418 0 4194336 0 272629760 0 67108864 1048576 0 1 0 8192 16384 1048576 268439568 0 0 0 0 2147483649 0 0 0 6144 536870916 1077952512 0 4227072 0 65792 0 1082130434 1 268455936 0 0 33554432 4229136 0 0 0 528384 2097160 0 4194304 0 262160 0 4260352 0 0 256 132608 81920 554215680 9175072 268288 3502317570 278003840 33554434 1536 4096 2151678080 512 268435489 0 2 1073741824 524800 131072 0 1048608 0 256 4096 0 9699328 268435472 524288 16777792 0 0 2147483648 0 0 0 1048576 149504 541331648 540678 1107836928 262160 537526275 2185273352 4 0 40960 0 32776 0 0 2097664 0 1073741840 272760832 536870920 8192 8192 4096 0 0 0 0 0 2147516416 266240 272 2048 540752 1073741826 0 1073741842 268435456 2147483648 268435456 131584 536870912 0 32768 0 33558532 33554432 2147500036 2 0 2097152 8 0 2147483656 0 0 32768 0 128 8425476 4096 0 524288 1073807616 335544320 1048576 0 8193 0 2129920 272629760 0 67108866 1048578 4609 1342177280 16826368 16384 16 0 268435456 8388768 134479872 2098176 256 0 0 0 16384 0 0 262144 3 0 4096 1073741828 576 0 33554432 0 128 67108864 128 0 150999040 2048 512 16514 536871937 8388736 0 8192 536870912 0 0 0 528 151552 0 524288 67109446 0 4523008 2147876873 538972160 564139520 553648288 224 0 268435456 0 0 8519681 2147483904 1610612736 2147483648 64 10616832 0 512 3145728 256 1048576 4194312 2147483648 1024 131072 1 0 1 0 1024 8192 4194368 0 536879104 0 0 142610560 0 4194304 0 263168 0 0 9 0 134225926 1074790400 268697600 1024 16 0 262208 17170440 8519680 0 512 0 0 0 64 16777232 0 2050 8192 537428482 16777216 12 557120 16 0 276824064 0 2048 256 33554432 4194368 16793600 2 1030 0 0 0 0 0 0 2097160 2147500544 0 134217800 19 2228224 0 0 266368 0 335679488 32 0 134217728 0 16384 128 8388608 536870912 0 0 4194304 0 16 0 16778248 4096 0 2101248 64 1048576 0 0 524544 0 0 0 262144 0 2097156 524544 16 524288 2151680001 8388612 268566528 268566528 8388610 0 536887296 0 260 1024 0 2129920 16777216 2147483648 269484032 0 0 0 1074003968 17825792 0 16 0 524288 0 8394752 1048580 4227072 8 33554976 536870912 0 0 0 128 2147485696 0 32 268435728 1073741824 4096 67117060 16384 268435456 2147483904 0 18939904 0 536870978 0 1048576 2097216 2048 536870912 192 0 0 4198400 67174400 0 0 2 272629762 0 4608 2215116800 0 8
is_linear=0
shrinkage=0.05


Tree=46
num_leaves=31
num_cat=18
split_feature=3 27 22 30 37 37 35 26 42 22 42 37 42 42 42 37 31 37 37 35 22 37 37 30 42 37 35 41 37 37
split_gain=185.399 80.4327 41.6021 39.6847 31.2471 31.0515 30.1684 29.7851 27.0185 27.0142 25.5979 25.1521 24.2155 18.6926 18.4012 18.0392 17.606 17.2173 16.8289 16.0743 15.6599 26.544 19.661 18.5119 16.0478 14.8199 14.6794 14.5567 13.7583 12.9636
threshold=0.8387930989265443 2.4136893749237065 5.5000000000000009 1.0000000180025095e-35 0 1 1.0308319926261904 16.820131301879886 2 5.5000000000000009 3 4 5 6 7 8 2.8919498920440678 9 10 0.94641631841659557 1.5000000000000002 11 12 1.0000000180025095e-35 13 14 0.71344330906867992 15 16 17
decision_type=2 2 2 2 9 9 2 2 9 2 9 9 9 9 9 9 2 9 9 2 2 9 9 2 9 9 2 9 9 9
left_child=3 2 6 12 -5 -4 8 17 26 -9 -8 -6 -1 -14 -13 -7 -11 19 -10 -3 21 -20 -22 24 -23 -15 -2 -25 -16 -27
right_child=1 7 5 4 11 15 10 9 18 16 -12 14 13 25 28 -17 -18 -19 20 -21 22 23 -24 27 -26 29 -28 -29 -30 -31
leaf_value=-0.0034479108697842765 0.11113577974313844 0.093443936631989799 0.022999767143950238 0.011661019333088773 -0.017323017618940045 0.012258065655454304 0.0016496486911670588 0.072136278926183725 -0.014915519851213989 0.94383354836976607 -0.012832463186080598 0.0016740268878855562 -0.00717306016670817 0.0017060689530836654 -0.016966720378876612 -0.00085554205988968917 0.11508482943985482 0.0034874410639927121 0.012203000784129904 0.016442666494827892 0.0049571963846849962 0.0017557753185136055 -0.0054667953813849774 0.10575703215736416 -0.0049471886387581617 -0.0053429434384210774 0.0035516417272309672 0.015353722652592026 -0.006245458603455053 -0.013473757042742666
leaf_weight=19014 591 1328 4995 3383 8743 7365 8901 1421 5135 243 40319 15730 39591 3548 8667 25600 159 50660 4455 16536 10586 25402 110299 253 30417 10649 22199 1185 89628 138519
leaf_count=19014 591 1328 4995 3383 8743 7365 8901 1421 5135 243 40319 15730 39591 3548 8667 25600 159 50660 4455 16536 10586 25402 110299 253 30417 10649 22199 1185 89628 138519
internal_value=-0.00107255 -0.000296415 -0.000655722 -0.001919 -0.00121722 0.000890386 -0.00088168 0.00122413 -0.000621121 0.00753015 -0.0019961 -0.00134787 -0.00233793 -0.00250619 -0.00114942 0.000332817 0.0189578 0.00105626 -0.00081846 0.00239049 -0.000738934 -9.09059e-05 -0.00106981 -0.000380406 -0.000524813 -0.0027574 0.00100434 0.0052189 -0.00140353 -0.00283344
internal_weight=705521 368049 297702 337472 126151 37960 259742 70347 210522 1823 49220 122768 211321 192307 114025 32965 402 68524 187732 17864 182597 61712 120885 57257 55819 152716 22790 1438 98295 149168
internal_count=705521 368049 297702 337472 126151 37960 259742 70347 210522 1823 49220 122768 211321 192307 114025 32965 402 68524 187732 17864 182597 61712 120885 57257 55819 152716 22790 1438 98295 149168
cat_boundaries=0 25 52 60 68 94 102 110 118 145 172 196 224 249 257 283 286 311 338
cat_threshold=16 537133056 0 4 0 8519680 0 33817088 1073758272 131136 16777216 0 33554432 0 33555457 0 537542656 131072 2097152 0 0 0 4100 132104 8388608 16 0 1024 545259520 4096 268435456 32768 1048576 0 8448 0 134218768 266248 33554432 1024 0 545259528 1032 0 1073741824 0 4210688 134217728 4194304 268435457 1024 4 69222656 3759144962 268501054 2214592546 1073807616 16778752 339743232 2 586 8912896 100992032 2147483648 543170592 27268608 134221860 224 671088644 8389120 1073741824 0 0 4259840 134217728 0 0 512 4194304 268697600 2147483648 1073742352 4096 1048579 0 1073741824 1073743904 0 8389632 2 32768 4 2048 4194304 73433112 2332230784 100729360 2147484162 269484288 262144 1140851200 290 134217925 1573120 545259562 67174621 1077944320 1049608 538968064 208 541589633 18415648 104857636 1073750017 1075871905 2151694344 11 2 10747968 4608 1081472 2214592768 4194304 8388672 4 0 65536 2097160 0 32768 4 0 532480 8454144 1024 0 1048592 33554432 0 0 0 0 144 0 8192 0 64 8192 0 536870912 1073741888 2684355072 1 2048 541069588 0 536872960 0 0 524288 0 268435968 0 16777232 0 0 0 134217728 16 32770 0 4 134234112 0 1610907649 82048 0 4194304 268713984 536872960 536887304 2147483648 0 0 0 0 8192 1048577 0 2097152 2162688 0 0 4096 16809984 268435460 2 0 16 16 0 2149580800 0 2147483664 32 335544340 2164785154 17408 0 2048 268435456 0 536870912 4 2147483648 136316928 0 0 10 20971520 32768 0 0 1 2147745792 0 268435456 64 65536 16448 16777216 65537 285220864 67108864 0 32 536870912 8388612 1024 0 545392128 560 1049088 0 0 2048 0 0 8388624 16909324 209715200 256 138560384 335544361 1573315 8224 96 537395200 2097152 262224 0 0 0 2 32 0 0 16809984 0 524292 4 268435456 1073807376 2048 1342177280 0 2097160 0 4 2097280 1090519040 4194432 4194336 134217728 0 22529 2147614720 8192 67125248 262144 128 64 272629762 536870912 512 0 8519680 2 0 8388672 16 16 0 33554432 4096 0 268443648 4194304 2097664 536870912 301990146 65538 0 1048576 8392704 0 8 512 8388608 1048576 32768 2147889152 16 8 512 0 268435456 671088640 16 2084 0 33554432 0 0 0 2 32768 538968068
is_linear=0
shrinkage=0.05


Tree=47
num_leaves=31
num_cat=23
split_feature=11 35 37 36 22 42 22 36 42 36 22 36 37 37 36 36 32 37 37 33 36 42 36 36 36 37 36 36 36 36
split_gain=175.632 59.0059 51.5373 54.7754 48.9972 32.3814 31.43 35.6975 30.7597 30.019 28.5349 35.9592 27.7583 27.6561 27.4378 26.4753 26.0121 39.0375 28.1508 25.803 25.6612 25.4285 25.7531 24.887 24.4848 22.4369 22.1489 21.9235 21.1803 20.5326
threshold=0.7428572177886964 1.007465183734894 0 1 4.5000000000000009 2 5.5000000000000009 3 4 5 1.5000000000000002 6 7 8 9 10 21.085000038146976 11 12 76.454998016357436 13 14 15 16 17 18 19 20 21 22
decision_type=2 2 9 9 2 9 2 9 9 9 2 9 9 9 9 9 2 9 9 2 9 9 9 9 9 9 9 9 9 9
left_child=4 2 3 -2 8 9 10 -8 23 -3 11 -4 26 -6 -15 -12 17 19 -18 -9 -10 22 -22 -1 -14 -17 -13 -16 -20 -7
right_child=1 5 6 -5 13 29 7 16 20 -11 15 12 24 14 27 25 18 -19 28 -21 21 -23 -24 -25 -26 -27 -28 -29 -30 -31
leaf_value=0.012605434881543233 0.16169614918354966 0.04332878544711298 0.027063613974951096 0.018219153987018538 -0.016978195370880377 0.013621381637278333 0.039709180020891417 0.058685068106347209 0.0025085332358487783 0.00037540184243507713 0.016008289723067944 0.028049801443092628 0.01958396013686535 0.013480732417279899 0.010939222162144947 0.0073706452469247969 0.030912515308689676 0.0082580300261958575 0.02473001841381945 0.0042495222178304025 0.017276876513898014 -0.011562329914042319 -0.0074332527969358094 -0.0045210601860964442 -0.0012532487586814653 -0.004240702809131915 0.0066159906092303827 -0.0044782268791189912 -0.0029178640591377707 -0.0092346917100681533
leaf_weight=2181 2146 1357 2450 13083 6569 1780 1338 900 6587 13281 3771 1507 2557 2713 3904 12031 4743 3107 1230 383 2111 206146 50124 24721 43163 99880 9012 103455 18230 61781
leaf_count=2181 2146 1357 2450 13083 6569 1780 1338 900 6587 13281 3771 1507 2557 2713 3904 12031 4743 3107 1230 383 2111 206146 50124 24721 43163 99880 9012 103455 18230 61781
internal_value=-0.00104788 -0.000124274 0.000295833 0.00310072 -0.00172102 -0.00130365 8.65816e-05 0.00158342 -0.00206718 0.000816437 -0.000170355 0.000727636 0.000468532 -0.000854796 -0.000666407 -0.000625936 0.00120735 0.00474835 0.000565401 0.012044 -0.00223071 -0.0023093 -0.00132307 -0.000455543 -6.45089e-05 -0.000764864 0.002783 -0.000792075 -0.000277337 -0.00179175
internal_weight=706241 297730 219531 15229 408511 78199 204302 29931 291870 14638 174371 58689 56239 116641 110072 115682 28593 4390 24203 1283 264968 258381 52235 26902 45720 111911 10519 107359 19460 63561
internal_count=706241 297730 219531 15229 408511 78199 204302 29931 291870 14638 174371 58689 56239 116641 110072 115682 28593 4390 24203 1283 264968 258381 52235 26902 45720 111911 10519 107359 19460 63561
cat_boundaries=0 27 55 63 91 99 127 154 182 208 236 263 289 316 344 351 379 407 433 460 488 514 540 567
cat_threshold=2147483664 3221225536 16 536870912 536870912 0 68 1064960 10240 0 1048576 33554432 537133056 64 524288 65536 805306368 0 8192 134217728 0 4194304 134217736 0 8388608 4 553648128 0 2147483658 64 2147483648 67112960 8388609 16 2147485696 130 32896 0 536870912 33570848 2048 0 1122304 545259520 0 0 8192 0 0 0 1024 8192 0 0 4 67108874 18481152 33898496 2148802561 6422528 564134401 85983264 160 2048 0 8 128 128 67108865 4194304 33554946 512 68 262144 67108896 0 2147483648 65792 0 1048576 268435457 0 0 536870912 16448 0 0 0 4198464 2359296 4 557076 135464194 109380272 2147483648 1140850944 17039392 67109376 162 0 0 67109889 0 4612 0 67108928 25165840 268435456 0 8389760 1081344 32768 262416 0 1048584 16384 10240 0 0 0 1024 0 1048576 0 0 262144 16384 262144 2097152 0 4194440 16 327680 202375168 0 0 136314880 8388608 32 4202500 0 64 0 1024 536870976 268959760 209715200 1073741824 1 0 0 0 65536 4 2 67108864 64 134217728 36864 0 1049088 0 0 1082134548 0 0 0 3072 0 66 0 12 4 2099200 0 524289 0 134221824 268468224 4195328 524288 1 2281701380 8388608 1073741824 130 0 4259840 134217728 0 4194304 0 0 268435458 0 8389120 16 1048579 4194304 33554432 2082 128 1024 2 33587200 0 2048 16777216 1 0 65536 0 2 4194304 268435456 0 524288 4210688 34 134234112 8912897 262160 0 512 524288 0 8193 2147483648 4096 262144 32768 32 16777216 8388609 17 4 0 8464 0 134217732 0 134217728 1073741840 2147483648 544 0 0 524288 0 2147483648 1140850816 64 0 0 268435520 0 4194816 1073741824 268437504 100663296 525328 1048576 33554496 8912896 0 67117184 2154823936 0 0 32768 65536 0 4096 0 0 0 0 0 0 0 0 4 0 0 524288 0 0 128 1024 64 0 65536 16777280 69632 268435520 0 0 0 1614819736 2147491840 0 8 33554432 8194 0 524296 1032 16 1073741824 0 0 0 0 268435456 0 8196 67109888 0 0 0 0 0 0 557072 1 131072 0 2 532484 4096 16 512 16777216 4096 1090519552 32768 1 256 1024 131074 0 513 1073762312 262144 610287817 37748768 2147483658 67175062 273711136 1049608 536870916 2 0 131072 0 0 0 2147500032 1342177280 33554944 8192 0 2048 2147549224 268470272 512 8192 1073741826 0 32 131072 262144 6144 0 2048 4194816 33554432 0 671088640 0 256 67584 1073741824 4194304 2164539520 0 262144 32768 0 0 8 0 0 0 16384 1342177280 8196 67633168 33 128 9 64 0 16777216 672137216 0 256 9437697 0 0 268435456 201326592 1342177280 2 263170 0 0 0 512 32768 1024 8913152 67592 536870916 2048 2048 524288 0 1048576 0 0 0 6176 0 32 512 10 0 8388672 16777216 67108868 285278208 64 33554432 536903680 1073745928 8388608 0 0 8650752 32 1048576 67633160 0 0 4096 2097152 0 16777216 4 0 8404992 147456 33554465 6291456 16799744 0 2080 128 8 0 0 167772160 1073741824 536870912 4210688 8388640 0 0 0 16777216 4096 1 0 2147483648 4194304 32 524288 268435456 0 134217728 2097152 67110912 1073807392 73728 0 0 3221225729 67108864 16777216 4194304 32 1073741824 0 16 0 0 0 138412032 134217732 0 606208 1342177296 64 33554697 0 1024 0 0 4104 3072 1073742848 2048 16777216 64 134217728 1074792448 33554432 134217728 512 2281701376 16384 2147483648 2097152 67108864 0 16 2 2147483648 1073872896 4259840 4196352 262144 16777248 268435456 0 268566528 0 16384 1 536870912 0 8388864 8 16783872 1073741952 0 2147483648 16 1048576 17039360 0 0 0 285212672 603979776 67108864
is_linear=0
shrinkage=0.05


Tree=48
num_leaves=31
num_cat=22
split_feature=3 3 22 36 36 28 35 36 37 36 37 37 36 22 36 22 36 36 37 37 22 36 37 36 37 36 36 36 36 36
split_gain=163.201 59.8162 39.6219 34.5467 33.5416 33.4932 26.1286 26.3346 25.6283 25.1205 23.0765 22.0975 22.6486 21.3643 33.7027 22.5789 24.4099 22.6534 22.017 21.1924 20.1637 27.9669 21.7014 20.0845 19.0897 18.8013 17.9162 17.8995 17.5708 16.55
threshold=0.8387930989265443 2.2667375802993779 5.5000000000000009 0 1 0.99950000643730175 1.0215496420860293 2 3 4 5 6 7 4.5000000000000009 8 1.5000000000000002 9 10 11 12 4.5000000000000009 13 14 15 16 17 18 19 20 21
decision_type=2 2 2 9 9 2 2 9 9 9 9 9 9 2 9 2 9 9 9 9 2 9 9 9 9 9 9 9 9 9
left_child=5 2 6 -4 -3 8 11 -8 -1 -10 -7 28 -13 15 -15 16 -6 -17 -16 -5 22 -22 -11 -24 -23 -21 -26 -12 -2 -14
right_child=1 4 3 19 13 10 7 -9 9 20 27 12 29 14 18 17 -18 -19 -20 25 21 24 23 -25 26 -27 -28 -29 -30 -31
leaf_value=-0.016840468925817052 0.041940298978354273 0.06599537342819764 0.030136496650519807 0.020292615188582289 0.03776606763869686 -0.021855569295347235 0.01303819961518167 -0.0096236428407192633 0.010123447141073922 0.011281381946477077 0.0045253874780805253 0.0063008033749468164 0.0054584640627409588 0.087910117259394335 0.037585915297325183 0.028012780327961569 0.0056799243543336703 -0.0047806356012879692 0.00022734838136110851 0.020222727165213523 0.01687663152328497 0.011301879710390284 0.0083623991835597277 -0.0079728243811191864 0.015748756695078716 -0.00038864987731556999 -0.0046662968451089562 -0.010784679066362214 0.0039038429554886659 -0.0037457650593244241
leaf_weight=9529 1382 3842 1831 3500 1593 11274 1836 50198 3593 2781 2845 8059 9530 1718 8600 2457 20583 30847 11865 1383 1655 2909 2972 95505 1987 34243 36895 165752 5236 169264
leaf_count=9529 1382 3842 1831 3500 1593 11274 1836 50198 3593 2781 2845 8059 9530 1718 8600 2457 20583 30847 11865 1383 1655 2909 2972 95505 1987 34243 36895 165752 5236 169264
internal_value=-0.00100369 -0.000275256 -0.000615299 0.00082438 0.00091987 -0.00179742 -0.000855479 -0.0018501 -0.00126582 -0.00110402 -0.00226386 -0.000587967 -0.00068855 0.000693732 0.00200527 0.000169426 0.00140551 -0.000653657 0.00143705 0.00050898 -0.00120665 -0.000305661 -0.00159334 -0.0017163 -0.000558707 0.00014367 -0.000851311 -0.00211695 0.00224921 -0.00080546
internal_weight=705664 367967 286462 40957 81505 337697 245505 52034 157826 148297 179871 193471 186853 77663 22183 55480 22176 33304 20465 39126 144704 43446 101258 98477 41791 35626 38882 168597 6618 178794
internal_count=705664 367967 286462 40957 81505 337697 245505 52034 157826 148297 179871 193471 186853 77663 22183 55480 22176 33304 20465 39126 144704 43446 101258 98477 41791 35626 38882 168597 6618 178794
cat_boundaries=0 28 56 84 109 137 164 191 219 247 275 303 330 357 384 411 438 465 493 521 549 577 605
cat_threshold=1048577 0 65536 0 1024 17301504 1073743872 33554944 0 2097152 262208 32 8388608 2147745792 0 2147483648 537919488 272629760 8388609 0 0 16392 0 16384 4194304 536870976 0 4 0 2190475266 67108928 2147500032 1074790400 268435456 0 0 0 0 67108864 0 25165824 262144 0 268501128 16384 0 268435728 0 0 65536 0 2147500032 0 6144 34 4 4194304 0 263168 16777248 268435968 0 0 536870912 0 1 0 0 8388609 16 2048 1073741824 0 270336 16777472 0 2147745793 0 2560 5242880 268435458 32769 16777216 288 142737408 8389120 1073774848 0 4194308 0 1375862784 16 4194336 268435456 0 268435456 4096 0 16 16385 131072 8 37376 524288 2048 2 0 0 268435456 64 4194304 65536 4096 33554432 0 1073741824 2147518464 67111440 256 1082130432 65536 0 16 536870912 0 41943040 2155872256 1073742336 524288 0 0 0 4 268435456 8388608 0 134238208 0 1073741888 67108897 33554432 262144 138412048 134217728 0 0 0 0 2048 0 1073742336 16 1049088 16777216 33554432 1048576 134217728 1024 71303170 512 134217728 65536 1074790400 335544320 0 1073741920 268435472 0 562036736 0 64 67108864 8192 0 0 2 537399296 8392704 268959744 1073807360 16777216 4 0 268435456 0 0 8 1073741824 8388608 1073741860 301989888 0 1072 4 0 32 2147483648 8226 0 288 134217728 8192 0 4194816 32768 512 0 8388896 4100 2 525312 4194368 0 262144 64 16777216 2097152 0 262144 2048 262144 134217728 0 2214855178 67108865 4194336 2147516418 0 0 1 1610612800 0 16384 2162752 8192 33554433 16384 0 0 4096 0 16 0 0 0 1048576 32 1114112 0 139264 4259872 4194308 266240 67108864 0 128 0 1082146880 0 8192 0 0 4194304 536871940 0 67108864 92274688 0 128 0 4194304 0 0 2048 526336 524288 0 2147483650 0 2164264960 65536 1610612736 67108864 1073741824 1048704 536870912 16941056 1048832 4194304 0 6 0 268435584 1114112 0 0 1073741824 0 0 16 131072 0 1073754112 524304 576 128 320 536870912 64 536871424 0 67584 538972444 0 671088640 4100 0 0 0 545259520 0 8388624 0 67108864 0 0 16 0 0 4 6291456 0 1024 536887552 4198400 276824064 32772 1048576 16392 8192 0 134218752 1048584 0 8192 65536 0 1032 16384 2097152 0 4210688 0 4194304 0 66560 8192 536870912 0 32 0 2560 268435456 2 1024 134217728 1073758208 67240960 671088640 2048 2147483904 16777472 3 0 16386 4194304 2147483648 0 0 525312 16384 1 32 64 0 0 1 16388 536870944 0 0 1073741824 65552 262144 262144 4194320 0 1074004736 67633152 1610612752 0 2097152 0 4096 32 0 128 1024 25165824 2165309440 536870912 83886114 0 8257 0 0 0 133120 262145 1024 16908288 64 0 0 36 0 262656 16384 12288 2048 512 268435456 536870912 1073741826 16 16 0 16416 16 1140850688 4096 71307264 65680 0 8 8914944 1073758208 0 1074790400 4194304 0 0 41943041 0 151519744 135168 0 0 0 0 0 0 32768 0 2105348 0 134234112 0 0 268500992 8256 8200 4194304 67108864 0 0 0 1052705 0 2048 1073745920 0 33554433 0 1342701568 0 8390657 0 2 512 65536 2097184 536870912 4194304 0 136314880 33556480 0 8 4 0 12615744 4 524288 0 4194336 262208 1074266112 268435456 4194833 4 1025 2097152 0 67108864 512 0 0 0 0 8194 67108864 2129920 0 64 1073741824 0 270532608 0 1073741824 147456 0 8192 8913408 32 0 0 128 0 1048576 4096 1314816 6416 2048 16 0 536870913 1073741826 256 131072 16 0 2147483648 262144 12582912 1073741840 2048 640 0 0 20971520 1073741824 34816 8192 83886336 536870912 0 16 0 0 32768 0 2147483648 532488 4194816 1024 4096 0 2105344 4096 4096 169869312 128 1073741824 33816578 1024 4198400 0 268436512 67108864 71303168 1073758208 128 1073741824 2048 512 0 0 8 0 131072 17408 0 0 1048576
is_linear=0
shrinkage=0.05


Tree=49
num_leaves=31
num_cat=23
split_feature=6 42 35 36 22 22 36 36 41 36 42 36 36 42 36 36 36 36 36 36 36 36 36 36 36 28 42 22 36 22
split_gain=154.149 56.2125 45.76 40.3269 37.5158 31.9945 40.7174 31.3062 26.8237 33.7138 25.3736 25.1461 24.5191 23.959 28.6241 23.8059 22.147 21.6212 21.122 18.2985 18.2346 16.6184 16.417 16.4058 16.0727 15.8877 25.1838 15.8488 25.7976 18.0748
threshold=0.85301926732063305 0 1.0347376465797427 1 4.5000000000000009 5.5000000000000009 2 3 4 5 6 7 8 9 10 11 12 13 14 15 16 17 18 19 20 0.57150000333786022 21 4.5000000000000009 22 1.5000000000000002
decision_type=2 9 2 9 2 2 9 9 9 9 9 9 9 9 9 9 9 9 9 9 9 9 9 9 9 2 9 2 9 2
left_child=4 3 5 -2 8 10 -7 -6 11 -10 23 -1 -4 14 -9 -12 -11 -5 -15 -17 -8 -20 -13 -3 -19 26 -21 29 -29 -26
right_child=1 2 12 17 7 6 20 13 9 16 15 22 -14 18 -16 19 -18 24 21 25 -22 -23 -24 -25 27 -27 -28 28 -30 -31
leaf_value=0.0057080278002241362 0.06916376868634487 0.0040795006822758667 0.01091029713017707 -0.011297774785423129 0.015386829725508144 0.041557142664414501 0.026015802335305972 0.019636849463705506 0.014996829287723008 0.0093503998816886254 0.010480462593482584 0.00066948662022594532 -0.01160601756934984 0.010056197453845304 0.0005038622696971085 0.0057851252742646998 -0.0082695855934096681 0.017146286848195951 0.008255000782340316 0.37897961783695622 0.0018424354909485103 -0.0078309134403311813 -0.011426171678936741 -0.010434405163638147 0.0050145617409607197 -0.0027991799428338784 0.016006662617703466 0.05706529046770549 0.0065987786799427796 -0.0030345728446613228
leaf_weight=3314 4489 2724 1616 3657 2618 1246 1666 1207 2408 3443 6692 5289 46295 2730 10860 8459 74761 6168 3271 126 27967 73401 146256 19928 29089 141943 1313 1711 27217 43561
leaf_count=3314 4489 2724 1616 3657 2618 1246 1666 1207 2408 3443 6692 5289 46295 2730 10860 8459 74761 6168 3271 126 27967 73401 146256 19928 29089 141943 1313 1711 27217 43561
internal_value=-0.000980721 -0.000288626 -0.000696866 0.000627161 -0.00177006 -0.000381582 0.00110605 -0.000926102 -0.00210728 -0.00136698 -0.000635122 -0.00249238 -0.00209248 -0.00108051 0.000994783 -0.000411338 -0.00154664 0.000439665 -0.00139599 -0.000540034 0.000731513 -0.00155002 -0.00258667 -0.00220006 0.000568129 -0.000673395 0.00455208 0.000417465 0.00140724 2.33983e-05
internal_weight=705425 375867 259975 115892 329558 212064 30879 94087 235471 80612 181185 154859 47911 91469 12067 158533 78204 111403 79402 151841 29633 76672 151545 22652 107746 143382 1439 101578 28928 72650
internal_count=705425 375867 259975 115892 329558 212064 30879 94087 235471 80612 181185 154859 47911 91469 12067 158533 78204 111403 79402 151841 29633 76672 151545 22652 107746 143382 1439 101578 28928 72650
cat_boundaries=0 8 36 64 91 94 122 129 157 185 193 221 249 277 304 331 359 387 415 443 471 497 501 529
cat_threshold=19447814 144179202 476194 2151686144 69206048 16778240 545267712 96 0 2182103040 64 2147483648 16896 1 1048610 262144 1073741824 0 0 4 32 8192 0 65664 0 536870912 268435728 0 4096 0 0 2147500032 0 5242912 2 4100 50331648 0 0 196 268500992 8 8192 33554944 0 64 262145 134217728 8192 0 0 2147483648 0 306348032 0 0 0 16448 0 67108864 4196353 64 262144 4 512 0 131072 134217728 0 32 270532640 4096 75497472 0 34 0 2101248 134217744 0 64 2147483664 8 0 4096 0 144769024 0 16859168 1 0 80 806886662 640239970 121013 8388608 16777216 65536 2097152 4096 16908288 0 0 35328 0 0 2 1073741828 264448 0 0 0 266260 67108864 139476992 0 0 32 1050624 4195328 67108864 0 256 134218824 20992 2164269056 42205184 1058818 3770753544 303169548 67109120 536871168 0 1073741840 2 0 134217728 0 0 0 8388608 65536 8192 1024 72 16777216 0 0 524800 2415919104 1107296256 536871424 1024 131072 268451842 0 131080 134217728 65536 4196352 262144 150994944 33554944 16777216 131072 536870912 0 0 524288 65792 12583040 64 2048 16384 4194304 2147745792 256 0 0 0 134217728 4194304 268435456 16392 40 16384 71368769 50876416 335839232 2147492436 1075838979 671088640 134219781 144 1048576 0 0 268443648 67502080 9 65536 0 134217728 8192 64 536870912 1310720 9437184 17039360 2 1048576 16778240 2147483649 0 33554432 0 1 64 8192 0 0 134221824 16777217 0 8388608 0 67239936 8389632 1073741824 2147483680 2 131072 1 532480 8192 1082130432 512 0 524288 2359296 2048 1024 4194304 0 0 0 1073750016 2097153 32768 3145728 0 1073741824 0 4 33554432 128 33554432 393248 33554448 268468224 8192 16779264 2 1073741952 0 1073741824 1073741824 0 2097152 524288 4 32769 2049 4194304 268435456 536870912 16384 67108864 0 0 268435456 67109376 1280 1572880 134217728 0 65536 8256 6 134283264 16 0 17039360 1 67108864 2147483648 16777216 2 128 0 4198400 537395200 262144 0 196608 536872960 0 1476395008 2162688 0 4194304 8 8388608 524288 144 139264 64 12582914 0 0 0 1 4 1310720 0 134217728 268435456 0 524288 134742272 512 1 1073742464 18 0 43 268435456 128 0 0 0 2147483648 0 1073741824 2147483648 32768 16384 0 8388608 2692747296 17825824 0 0 6144 0 0 1572864 0 4096 16384 512 0 0 8388610 0 25165825 524288 8388608 4194304 2097152 0 0 9699328 2147483652 0 8193 8390656 16384 0 1048576 1 1 655376 0 512 4333568 33554432 2 16 0 0 2048 67110912 1074266112 8704 0 1077936128 2151677952 536870912 142606336 536870944 262144 1073741824 270532608 8389376 0 2151677952 0 128 0 16384 32768 16777216 536870912 0 8192 1088 2 1048576 83886080 1024 512 0 0 67109888 4097 0 0 171966464 8208 0 0 18874370 2147483652 16777218 16 32 1024 0 32 0 0 262144 8 0 0 17408 16 4096 268435968 202375184 4 67109024 0 0 2147483648 67108864 272 2097152 4194304 17301536 8192 67109888 32 0 0 0 4194304 0 8388608 2048 603979776 33554435 8192 0 0 5 90112 0 526402 1 128 536870912 262176 1 4456448 8388612 16384 33570816 128 4096 0 0 0 1 1 0 6144 0 0 0 32 16777216 537133576 1048576 0 262208 4194304 0 2155909120 2050 1056 0 536870912 134217728 16384 0 134750208 0 16385 1024 8192 0 1073741824 16 0 0 0 524288 32
is_linear=0
shrinkage=0.05


Tree=50
num_leaves=31
num_cat=25
split_feature=6 35 35 42 42 35 36 36 37 36 42 37 36 36 36 36 36 37 37 36 36 37 36 36 36 37 28 37 36 36
split_gain=135.577 55.3641 44.3068 42.2147 39.8275 37.7626 36.5249 33.3308 27.7719 27.3783 26.6978 26.3343 25.6705 25.1243 23.8344 23.4632 23.2071 22.312 23.1443 21.5581 22.353 19.7229 19.18 16.8113 16.3158 16.2152 15.9423 26.2012 16.9942 16.8395
threshold=0.83588266372680675 1.0069045424461367 0.81005272269248974 0 1 0.99999991059303295 2 3 4 5 6 7 8 9 10 11 12 13 14 15 16 17 18 19 20 21 0.99850001931190502 22 23 24
decision_type=2 2 2 9 9 2 9 9 9 9 9 9 9 9 9 9 9 9 9 9 9 9 9 9 9 9 2 9 9 9
left_child=5 2 6 -4 9 7 -2 -1 -8 -3 12 -9 -7 -5 -15 -6 -13 -16 -19 -12 -21 -18 -20 -11 -24 -22 27 -17 -28 -29
right_child=1 4 3 13 15 10 8 11 -10 23 19 16 -14 14 17 26 21 18 22 20 25 -23 24 -25 -26 -27 28 29 -30 -31
leaf_value=0.013290903771242386 0.16485910979166099 0.029519278045774491 -0.0084484827932427686 0.019767602911252402 0.0080311420546909131 0.016565419622297125 0.24242431290259503 0.011911071357067073 0.0090540997841249814 -0.01583906605546577 0.0044864379928546199 0.0099930499783925479 -0.0041206306761917373 -0.010584790608530351 -0.011790290296199657 0.0048317672948357034 -0.016758297873169934 -0.0057975988643322101 0.013242234881537102 0.00020820338225617169 0.0036132409595235056 -0.0049736931529222074 -0.0094855846982412236 0.0014778692405105619 0.0011401014757774944 -0.011104897221349969 0.0060681477451532528 0.010978609992689429 -0.013757641925187764 -0.011179847661039502
leaf_weight=2635 1587 1516 23832 5606 2308 1755 277 3994 8316 1740 3692 3770 22682 4046 6822 7385 6474 16970 9446 9202 4262 73047 3819 23361 205112 187733 1995 1581 41266 19680
leaf_count=2635 1587 1516 23832 5606 2308 1755 277 3994 8316 1740 3692 3770 22682 4046 6822 7385 6474 16970 9446 9202 4262 73047 3819 23361 205112 187733 1995 1581 41266 19680
internal_value=-0.000958272 -0.000328644 2.67101e-05 -9.29257e-05 -0.00133597 -0.00172086 0.00326589 -0.000852416 0.00196827 0.00032353 -0.00206138 -0.00101981 -0.000498406 9.74646e-05 2.20314e-05 -0.00193093 -0.00121012 8.56995e-05 0.000167467 -0.00224766 -0.00231718 -0.00139196 0.000305716 -7.18792e-05 0.000206013 -0.00243261 -0.00209037 -0.00117569 -0.00269648 -0.00206633
internal_weight=705911 386665 285833 275653 100832 319246 10180 89920 8593 26617 229326 87285 24437 251821 246215 74215 83291 242169 235347 204889 201197 79521 218377 25101 208931 191995 71907 28646 43261 21261
internal_count=705911 386665 285833 275653 100832 319246 10180 89920 8593 26617 229326 87285 24437 251821 246215 74215 83291 242169 235347 204889 201197 79521 218377 25101 208931 191995 71907 28646 43261 21261
cat_boundaries=0 8 16 44 72 86 114 122 149 176 204 231 258 287 314 341 369 397 424 452 481 509 536 563 591 619
cat_threshold=134218753 4608 2164269056 1107559456 1058818 3770703873 2450653184 1 2162691 17367040 344352 2148794497 539172864 27264001 603979808 160 262146 2147483648 2147483648 4 8388608 134348800 5243136 2050 130 0 8396800 32768 1 32768 0 66048 33554432 7168 1048832 0 0 0 0 0 0 131072 2 4 262208 4194304 0 4096 33554944 16384 0 0 8390144 0 64 150994944 4194304 33024 16777216 0 8396816 8388864 512 526336 1 536870912 0 2048 16384 8388608 64 16384 0 64 0 0 0 0 0 0 0 0 0 0 0 64 0 256 75497473 0 67113476 0 131072 25165840 0 524288 8388736 32768 67108864 16 0 8 16384 8396808 32 8196 0 5120 262144 0 16 536870912 0 32 4751449 1179648 100990992 532 1481638144 262176 1140850693 162 0 2147483648 4 4096 0 2147483648 2097152 143654912 1064960 262144 1073741824 1024 0 1073741824 524288 1610612752 159383552 2097152 0 0 262176 0 2105356 0 65536 2147483648 570425344 4194560 25165824 0 0 0 4718593 0 2048 0 268435456 8388672 8 4 32768 512 1048576 520 12292 69337088 0 33554432 134217728 262144 32 8192 67108865 262144 16777216 1024 4160 2281701376 0 1025 2 33554432 1073741824 134217856 134217729 0 8704 0 67108864 4 526592 537919552 16 256 1024 0 2048 2147483648 8 0 0 1048576 0 0 302776448 0 256 16 32768 65536 262144 33554434 12 0 0 2097216 262152 0 0 10 128 2048 2048 0 9441572 0 262146 0 1073741824 2151677952 0 262144 16793600 0 268435456 268435456 536870912 0 4194368 536870944 0 8388608 32 2560 67108868 268435456 2147745792 67109120 32768 262144 0 65536 0 268435456 537919488 83886088 0 0 2048 1077936128 136314880 131200 10244 0 67108864 2147483648 8192 98304 536870912 2147745792 536870912 1073881344 0 134218756 0 16 0 134217728 2048 0 0 134217728 8 0 1 131072 8256 256 65536 262148 18874376 4587520 0 32 0 0 0 8704 0 1056768 1048576 0 2686984 0 4196352 0 0 50372608 268435456 0 0 18874368 2155872256 0 2 17571848 8388608 8388608 1048576 262176 8 8388608 1074798592 262144 0 262168 0 0 0 0 0 33554436 0 65536 0 131076 2 536870976 268435584 67117056 0 65536 2097152 2 0 134217730 0 1073743872 4325376 0 2 131076 1056 8 33554432 0 0 512 524800 4096 8454144 1024 0 134218752 0 1074790416 67109120 0 0 403701760 67108928 4096 0 16416 32 0 2147483649 679477248 2048 2105344 294912 0 512 0 2097160 0 8388608 1073741952 512 1073741824 16384 0 0 134217728 134225928 8388608 268444160 1073741824 0 4195332 131072 1376010240 0 4194336 0 131074 65538 0 1024 16 1067008 0 0 4616 0 2048 65536 0 0 0 16 32768 0 0 0 2 131072 134217728 1086332960 2147483650 268435584 8388608 0 288 1048576 2147483648 0 0 4 0 268435456 1024 524800 8388672 0 1024 2097664 2101280 1024 2097152 264 201327632 0 8388736 1024 2048 32768 256 0 536870912 0 134217728 262144 0 12591232 0 4194304 0 2147483656 0 0 545259520 268435456 537001984 0 1073741824 268435456 1056768 2 0 16777216 2097152 2048 0 0 262144 0 2101248 16 2113538 135266305 128 65536 4096 131104 65536 0 4194304 2 4096 0 1077936128 528384 0 0 131152 268436032 1 4194304 268697600 0 0 268435456 16777216 262176 4194304 8519680 16809984 196608 41943040 34078720 8 1073741824 0 1073741872 0 0 33554432 0 134217728 1073741824 2048 32 18874372 2097152 8704 67113120 2147487744 16 0 16777472 0 0 67108884 8388608 32768 4 0 524288 65536 268567552 1024 1048580 2097152 0 4259840 2050 0 0 0 8 1073872896 37748736 8388608 67108868 0 8519680 0 75498528 134217728 16384 128 0 32 4104 234881024 0 256 0 1048576 0 1 2147483648 32 0 134217728 64 1024 33554432 4 18432 0 2097216 34078720 0 25692160 0 24608 0 0 34 256 0 8388608 0 2 4194304 516 1048576 0 0 1537 2048 1077936128 4096 64 2097152
is_linear=0
shrinkage=0.05


Tree=51
num_leaves=31
num_cat=23
split_feature=0 30 30 37 36 42 36 37 36 42 36 36 22 22 36 4 36 36 42 36 37 36 36 37 36 36 28 36 36 37
split_gain=138.984 44.4709 43.2077 74.0305 55.0365 41.2081 33.6493 33.4706 32.554 32.1731 36.4634 30.8649 30.2873 22.5388 26.3626 22.499 21.7657 21.7246 20.3688 25.4373 19.8019 19.4662 19.2462 18.6465 18.0965 18.0647 18.0073 23.9176 23.6428 19.4303
threshold=1.0925190448760989 1.0000000180025095e-35 1.0000000180025095e-35 0 1 2 3 4 5 6 7 8 2.5000000000000004 1.5000000000000002 9 0.57142862677574169 10 11 12 13 14 15 16 17 18 19 0.99950000643730175 20 21 22
decision_type=2 2 2 9 9 9 9 9 9 9 9 9 2 2 9 2 9 9 9 9 9 9 9 9 9 9 2 9 9 9
left_child=1 6 5 4 -4 8 -1 -3 -2 10 -9 -5 -6 14 -7 -8 -11 -17 19 -16 -19 -15 -10 -22 -13 -14 27 -18 -28 -29
right_child=2 7 3 11 12 13 15 9 22 16 -12 24 25 21 18 17 26 20 -20 -21 23 -23 -24 -25 -26 -27 28 29 -30 -31
leaf_value=0.0031022047598246562 0.029943782781822373 0.016645597267191278 0.31633333971506478 0.025997261339958347 0.13485147132766748 0.018846260114565749 -0.012319109019341634 0.02963849294573509 -0.01442968931019639 0.0079114810413442229 0.0010405463425956737 0.018908760338469825 -0.015033969665670553 0.0095483827370192523 0.020253524091858377 0.0032776388157971189 0.015951506940947536 0.004234127577488078 -0.005341918539083391 0.00052044113588104813 -0.0007458222525201202 -0.007389638385078794 0.0024835826516669325 -0.0080782691971683952 -0.00022636174698963531 0.028271989800340798 0.009346326396776905 0.0077494197029433949 -0.0099215960224055995 -0.0054640113588181969
leaf_weight=10286 3636 4614 1440 2789 879 2274 84907 1326 2015 3676 22582 3862 1067 2666 1914 8010 2256 5583 28545 21067 15154 66097 42494 152177 77436 8745 2268 4094 64107 57664
leaf_count=10286 3636 4614 1440 2789 879 2274 84907 1326 2015 3676 22582 3862 1067 2666 1914 8010 2256 5583 28545 21067 15154 66097 42494 152177 77436 8745 2268 4094 64107 57664
internal_value=-0.000933067 -0.00148043 -3.3456e-05 0.000813871 0.00446343 -0.000511046 -0.00186672 -0.000824386 0.000728361 -0.000947027 0.000742505 0.000286748 0.00321856 -0.000997888 -0.00023141 -0.00197525 -0.00124836 -0.00166019 -0.000464328 0.000643483 -0.00177806 -0.00159771 0.000356131 -0.00187583 0.000108966 0.00242433 -0.00135541 -0.000757167 -0.00193255 -0.00094206
internal_weight=705630 438704 266926 96218 12131 170708 276117 162587 48145 157973 23908 84087 10691 122563 53800 265831 134065 180924 51526 22981 172914 68763 44509 167331 81298 9812 130389 64014 66375 61758
internal_count=705630 438704 266926 96218 12131 170708 276117 162587 48145 157973 23908 84087 10691 122563 53800 265831 134065 180924 51526 22981 172914 68763 44509 167331 81298 9812 130389 64014 66375 61758
cat_boundaries=0 25 53 61 89 116 143 150 176 204 232 260 288 296 324 352 380 408 435 462 490 517 544 570
cat_threshold=16 32 0 64 549453828 268435520 536870912 5 83968 2236416 0 134218752 262144 33554432 8192 0 268435456 536870920 16785424 0 0 0 0 4194304 8388609 0 2147483648 4096 2147483648 135168 1 512 2304 268435458 0 0 536870912 33570816 3072 8388608 16850944 16384 0 1280 2097408 4096 0 0 16384 0 4194304 2 4 16941314 2298675202 213506 2218786816 67117056 16778816 201339396 2 16777218 32800 0 2216689664 0 128 0 262176 0 268566528 8388608 0 134750212 32768 33554432 0 16777216 4100 0 134218240 1074008064 512 0 0 0 1 1073741840 134217728 16 4227072 512 2097152 8421376 131088 0 16384 1073766400 538968064 1073750016 0 524288 0 536870913 0 917504 0 16400 8 0 0 1052672 1073741824 8388608 8 1 536870913 2181038080 147456 268435456 4194816 134217728 1048576 0 640 131072 8388672 2097160 0 0 0 128 1024 1055872 268435474 0 0 0 32 2147483648 0 4096 4096 543228049 1130530 1174407296 8276 671121441 2151677952 1610612746 2 0 0 16777344 0 2097153 139264 2155872256 1082130432 545276160 8 2147483650 4160 2148532224 0 0 0 0 67108864 528384 4096 136314880 1 0 2048 536903680 0 32784 134217732 0 262144 1024 8200 2155872256 32768 536870912 262144 8388928 1 0 67108864 0 32 131072 268435457 0 4194304 268468480 16 0 16 536870912 0 2101248 268500992 2097152 0 0 16 1049088 201326594 262144 33685504 32768 8388608 16777216 67641348 0 536872960 0 536870912 2129920 524288 0 1 1 0 4194304 2097152 2113536 0 32 16778240 0 0 8 0 0 2 18 2 512 603979776 0 8912896 4112 0 512 273 8 0 67633152 513 2692743168 0 2 16 1048576 1 64 2684617216 0 0 1073741824 0 2 268435456 1 67108864 1114112 0 1 4194304 1073741824 131072 33554560 576 2149581824 1140851456 0 64 2048 0 0 0 2097152 32800 2048 67634252 67112960 5408 134415264 2113544 1061248 2097184 160 168034306 0 67108864 1 196612 8404992 8388672 32 1048576 139264 0 0 0 1074036736 1024 512 33556480 4194304 0 0 20971520 16384 0 131072 65536 0 0 134217728 2151677953 0 0 67108868 553648128 16384 64 8404992 16 8388608 0 163841 134217728 12288 67108872 1073741888 0 32 0 0 0 2052 2097152 1090519040 0 32 16777216 1 16908800 256 0 16777248 524288 8388608 16 1048576 0 1024 32 2056 75497472 1073742336 512 1073741824 0 0 4178 0 64 1 134217728 0 8192 33554432 256 16384 128 16777216 16 512 536871936 1048576 131072 0 67584 0 2 0 16 0 327680 10493952 71303168 268435456 2147483648 2097156 640 0 36864 536870912 0 8193 65536 1 67108864 0 268435464 0 65536 0 514 32 2097152 67109120 2164260864 33554432 1572872 33554432 269488128 16 16384 0 1073741824 8388608 0 4194304 0 0 16812288 4194368 4 1140850691 131072 65536 0 2214592704 2147483648 131104 0 1073742336 16416 1090650112 16384 2 0 0 1024 0 32768 0 0 536870912 2048 0 16811008 0 4194304 41943040 134221824 1 2147483648 0 536870912 128 0 0 32896 0 0 525376 2147485700 2097152 0 8388624 0 128 1359020096 132096 131072 4195328 0 16777216 0 0 8 1073741824 0 545259520 1073741824 2 134482432 268435456 0 2147483648 1 2147483665 268566528 0 0 4 0 4194304 512 8388612 4194304 0 32768 67108864 0 16384 268435456 8388616 67633152 0 16384 67250176 64 2 0 0 8388736 2147483648 1073741824 2 64 4194432 0 4 2097280 0 134217728 2148925440 8388608 0 1024 134217728 1114128 134217728 0 2 1 1073741888 32 20480 66688 2097152 9 1107296256 65536 32768 0 134217728 512 0 1024 0 16777216 132096 1114112 0 262176 67108864 8192 4194312 16777216 33554432
is_linear=0
shrinkage=0.05


Tree=52
num_leaves=31
num_cat=24
split_feature=3 35 42 36 42 36 42 35 36 42 42 36 36 36 30 36 36 36 36 36 36 28 36 36 36 27 36 36 36 36
split_gain=126.337 54.9042 44.6811 50.3583 34.9894 30.3532 28.2927 25.2109 30.8964 22.6069 22.4789 27.5925 23.2793 21.4481 21.2245 20.0008 19.7464 19.6183 18.8304 17.6168 16.3531 15.6791 21.2854 15.6239 14.9005 14.6287 22.3008 15.5957 14.0312 13.6303
threshold=0.76666668057441723 1.0086455941200259 0 1 2 3 4 0.85972008109092724 5 6 7 8 9 10 1.0000000180025095e-35 11 12 13 14 15 16 0.99850001931190502 17 18 19 0.49386531114578253 20 21 22 23
decision_type=2 2 9 9 9 9 9 2 9 9 9 9 9 9 2 9 9 9 9 9 9 2 9 9 9 2 9 9 9 9
left_child=6 2 3 -2 5 14 20 8 -8 15 11 -4 -12 -11 -3 -9 -5 -15 -6 -18 -1 22 -20 -13 -19 26 -26 -27 -23 -7
right_child=1 4 10 16 18 29 7 9 -10 13 12 23 -14 17 -16 -17 19 24 21 -21 -22 28 -24 -25 25 27 -28 -29 -30 -31
leaf_value=0.0047126487619870263 0.065524232007001124 0.013685233704513839 0.02054597302509294 0.029383959951550104 0.0073288087839963739 0.014255071566075295 0.041520022602642523 0.0065323491605706304 -0.00030605773028832497 -0.014538680660809988 0.0090931902552253939 0.012770039026241561 -0.0031687499675496188 0.0086242017859408295 0.28973750670803772 -0.011514003294106057 -0.012271237532267852 0.0060772327809477389 0.01433786066845337 0.0043703961416442514 -0.012662872176994456 0.0061115961127157607 -0.0058154567704739304 -0.00015658192725179372 0.0084791364830831082 0.0067201794058651364 -0.011556701434270093 -0.0052975560709904333 -0.012039045866813963 -0.0022889845279347354
leaf_weight=2112 3590 1101 3753 3899 2412 1678 1009 2110 12374 6094 5656 5569 148490 3070 527 59534 2043 4881 1459 50630 41374 1690 31586 82914 1666 4517 44547 113342 46228 15882
leaf_count=2112 3590 1101 3753 3899 2412 1678 1009 2110 12374 6094 5656 5569 148490 3070 527 59534 2043 4881 1459 50630 41374 1690 31586 82914 1666 4517 44547 113342 46228 15882
internal_value=-0.000917318 -0.000347672 -1.26258e-05 0.00120885 -0.00134906 0.00057607 -0.00170296 -0.00150035 0.00061155 -0.00161829 -0.000310927 0.000306459 -0.000680347 -0.00133239 0.00708359 -0.00244376 0.000843715 -0.00122892 -0.00179197 0.000589077 -0.00288135 -0.00192179 -0.0010841 0.000128087 -0.00130096 -0.00138198 -0.00213604 -0.00108642 -0.00249984 -3.13028e-05
internal_weight=705737 409107 306544 60162 102563 19188 296630 253144 13383 239761 246382 92236 154146 178117 1628 61644 56572 172023 83375 52673 43486 80963 33045 88483 168953 164072 46213 117859 47918 17560
internal_count=705737 409107 306544 60162 102563 19188 296630 253144 13383 239761 246382 92236 154146 178117 1628 61644 56572 172023 83375 52673 43486 80963 33045 88483 168953 164072 46213 117859 47918 17560
cat_boundaries=0 8 36 44 72 80 108 116 124 152 178 206 234 262 290 318 344 372 400 428 456 485 513 541 567
cat_threshold=16793600 1917980674 268763182 67109122 1140916224 285214208 4198912 2 0 2147500032 1024 2160066560 9044610 8388609 4194304 2336 1073741952 128 0 0 2097152 3072 0 8192 0 0 0 0 0 64 2048 0 532480 4096 16 4 69206282 17301504 8716288 2148794368 7405952 27264001 201457700 224 0 0 67109888 16384 4100 64 0 25167888 268435456 4096 128 32768 0 256 134217728 8 16384 8200 1024 0 4194304 1024 2560 5259264 0 32768 524320 16384 258 1342443776 19712 44826624 274944 1611137027 156270720 4 2 1883258880 134217728 0 67125248 272779264 1024 0 8388608 536870912 8388608 1073774592 134217728 294912 2 0 8388608 262400 1024 67108864 0 0 0 0 0 0 0 2 537021952 71303232 17309700 1073758496 2304 2225210112 2181046788 8 557454 16778240 148496 2148008612 33 1048912 100663309 192 262144 16 4096 128 0 2281701376 1049112 34078722 1082131456 0 64 263424 0 2147483648 4 2 64 1048576 1 131072 33554432 1073741824 0 2 0 131072 0 134217728 0 256 0 1 0 1024 8224 2147745792 0 16384 67108896 17302016 2147526657 0 0 32768 1073741824 32772 0 524288 32768 4194304 262144 0 1048576 67174401 0 2147483648 525312 512 1610612768 134217728 0 0 1310720 0 49412 8 1024 0 4 135168 196608 0 4194304 1026 16384 1073741824 0 2147484672 0 2147483648 1536 32768 16777216 67108864 0 0 16 8388608 0 131073 64 131072 1074266112 128 33554433 4352 528896 0 268959744 0 134217728 1048576 257 0 524288 1572864 134217728 536870912 2 67125248 2 134218752 65536 0 0 0 1073741824 0 268959746 0 128 603979784 1111490560 0 8388608 0 8454160 0 268435456 8193 4096 1073741832 1 2147483648 0 2228256 2 4096 1090 0 1 0 0 0 33554432 112 1140850704 403193856 8192 2181038080 0 0 4194304 1 256 32768 0 2147483648 134221824 2097424 2 0 0 16384 0 536871168 2147483648 2048 134479872 16777216 268468736 16777216 131072 0 0 0 32 2048 8388864 4096 2560 1073741824 263168 2147500032 524544 0 0 0 512 0 285212690 0 1073741824 536870912 16384 2049 262144 0 0 1048576 33280 268435456 4096 64 2097164 32768 2147483664 256 2048 32768 8 524296 4456456 0 134348800 0 4096 0 1048576 9 2056 2097152 0 16 4096 4194304 139264 33556608 262162 0 129 0 4718592 1024 65536 4194304 0 1024 131072 268435712 32768 0 0 5242880 4194304 0 0 134219776 4096 813694976 2048 32 0 67109120 128 536870913 512 8192 0 1073807360 67371012 8192 0 134217728 268435456 0 75497472 1048576 268435456 0 256 2048 0 0 131104 2097152 33554432 32768 8192 268435456 68173824 4210688 8388608 0 1 655360 0 0 1048576 0 0 65536 526336 526336 64 16 0 0 1024 1 1342177280 4198480 0 2060 8192 0 131072 2097216 32768 0 268435456 262144 16384 131072 536870912 2 131076 8388640 33554432 33554432 16 0 1048576 513 0 4096 0 2064 256 2048 1073774600 12288 8 0 1073743872 8388616 1048576 16908368 2097152 0 0 16777216 0 0 134217744 264 8421376 134217728 0 0 2097152 1572864 32 0 67109888 1 4194320 0 134348800 2097152 1 4 16384 0 134217728 524288 268435456 0 36864 640 3 0 2049 4198400 1073741824 16908288 0 262144 2147487744 0 0 269484032 0 134217728 128 17825792 3145728 524288 2 1073741824 4194304 1179648 67108868 3221225472 0 0 67108896 16 4194306 8 0 0 0 0 33554436 0 3145728 16777216 2281701376 262177 2147500040 0 0 0 2684354560 8 33685504 268435456 0 1 0 589824 0 67125248 32 0 524288 8406016 1048576 67108864 262160 3162112 65536 2147483648 16513 4 0 1 0 32 0 0 675364864
is_linear=0
shrinkage=0.05


Tree=53
num_leaves=31
num_cat=24
split_feature=27 28 36 41 41 30 36 36 36 36 36 28 36 28 36 36 36 36 41 36 36 36 36 36 0 36 36 36 36 36
split_gain=125.902 53.0818 40.2953 33.5912 31.0603 39.9792 33.8433 31.0867 30.1512 27.9503 26.4183 24.4598 29.2157 23.3077 27.6653 22.8399 20.4177 19.6951 18.8225 30.9004 19.2524 18.7882 17.4059 16.0443 15.4994 15.0605 14.8337 14.5059 14.2621 13.7748
threshold=0.76248472929000866 0.91275000572204601 0 1 2 1.0000000180025095e-35 3 4 5 6 7 0.9115000069141389 8 0.57150000333786022 9 10 11 12 13 14 15 16 17 18 1.8000001311302187 19 20 21 22 23
decision_type=2 2 9 9 9 2 9 9 9 9 9 2 9 2 9 9 9 9 9 9 9 9 9 9 2 9 9 9 9 9
left_child=10 2 -2 9 5 6 -4 -7 -5 -3 -1 12 -12 14 -6 -15 -13 -17 20 -20 -14 -11 -10 -9 -23 -21 -18 -24 -19 -26
right_child=1 3 4 8 13 7 -8 23 22 21 11 16 18 15 -16 17 26 28 19 25 -22 24 27 -25 29 -27 -28 -29 -30 -31
leaf_value=0.0058444306057078843 0.032563904561345003 0.015830864316206079 0.046761390133900509 0.010353360164653165 0.084255101778067457 0.20591517589575303 -0.0028510905874191131 -0.010681799497859619 -0.018768054690793911 -0.014735601417022879 0.016167409488626144 0.0033377197328825787 0.0086924050071876795 0.012821343068953665 0.0078577172964838307 -0.015871851745922965 0.00062810761120475134 0.0081297761210687297 0.024244293194711074 0.017216359166285684 -0.0082126716939965507 -0.0030859556220574559 0.0058361851754137953 0.04528300983324212 0.02321799713899609 -0.0044795078306038459 -0.0098260125186572008 -0.006963137668973586 -0.0013939726520679841 0.0006707808250581565
leaf_weight=4625 3988 6254 464 3772 1521 1306 9355 987 4021 2684 2555 4288 2345 5074 6461 2663 6723 6884 1900 2275 52857 94820 4149 6209 3223 37311 166837 96527 122211 41446
leaf_count=4625 3988 6254 464 3772 1521 1306 9355 987 4021 2684 2555 4288 2345 5074 6461 2663 6723 6884 1900 2275 52857 94820 4149 6209 3223 37311 166837 96527 122211 41446
internal_value=-0.000892793 -0.00034844 0.000345162 -0.00079966 0.000223572 0.00216261 -9.67533e-06 0.00467364 -0.00146843 -0.000310804 -0.00171211 -0.00177464 -0.00114581 -2.18897e-05 0.00260428 -0.000175105 -0.00212562 -0.000301969 -0.00128533 -0.000480277 -0.00189014 -0.000454799 -0.00162676 0.00336756 -0.000374876 -0.000779858 -0.00220976 -0.00149751 -0.000213973 0.000392992
internal_weight=705735 424019 167123 256896 163135 18321 9819 8502 108469 148427 281716 277091 99243 144814 7982 136832 177848 131758 96688 41486 55202 142173 104697 7196 139489 39586 173560 100676 129095 44669
internal_count=705735 424019 167123 256896 163135 18321 9819 8502 108469 148427 281716 277091 99243 144814 7982 136832 177848 131758 96688 41486 55202 142173 104697 7196 139489 39586 173560 100676 129095 44669
cat_boundaries=0 28 31 34 56 82 110 138 166 192 219 248 276 304 307 332 360 388 417 445 473 502 528 556 582
cat_threshold=268436480 2147483648 64 4128 67108864 268435456 1073807360 2147483648 4194304 0 32 32 8421376 0 65537 67108928 16512 0 1024 0 32768 16384 0 2147483648 16777216 0 525312 4 304742472 654647328 175377 4105 285232128 53768 0 0 1024 8388608 131072 0 0 1074004000 32768 32768 64 0 67108864 262144 512 8388608 2097152 0 67108864 0 0 64 2 1024 8192 0 135298 1 8736 0 268435971 0 0 536870912 4194304 296960 0 268447744 0 32768 0 2147483648 0 1073741824 0 16384 4096 4325376 0 0 0 0 32768 4194305 67108880 0 0 16384 24576 50331648 8224 0 704643072 8192 0 0 134217728 33554432 1310721 512 262144 67108864 402653184 603979784 67108880 16384 3 4210688 0 0 8651264 8388612 33554432 32768 1073741824 1 0 2 0 0 4 128 0 1048576 269484048 4097 1048576 0 0 0 528 69632 1073741824 537010176 1536 0 65536 2216689664 2 0 268435456 1048576 67110912 0 0 0 524288 36864 0 268435456 8388608 0 512 557056 4097 260 66560 0 66560 33570816 24 1048576 2684354624 16777216 0 256 136314880 16793600 0 2048 50176 4096 0 1073741824 1073743880 0 537001984 0 33554944 2147483648 1073872896 256 0 0 0 2048 0 69206056 393216 0 0 0 0 142671872 8192 133120 524419 16785408 0 67108864 33554432 0 2113536 66048 2147483648 18432 0 8196 0 0 262144 32 8192 32 18 41943040 8192 1073743872 2097152 0 1056 16 33817600 33280 0 8421376 0 2048 2147483648 1048576 0 268435456 146804736 0 524288 0 16 1024 0 0 8388608 4 134348800 2 16785408 0 268566528 0 0 131072 2097184 0 1073741824 2147483648 32 264192 8396804 0 9 16777216 0 16777216 0 134217728 128 2281701376 0 131120 262144 536936448 1074790400 67108864 128 0 65664 512 0 1073741824 2147483648 0 4098 33554944 0 1 512 0 536870928 134742016 0 0 64 67174400 2214609920 0 2052 0 65538 16384 65552 2147483656 942216962 1949911363 264753 0 1073742080 0 1077936128 1094713344 8519688 16384 134217728 0 32832 8192 0 2 3221225476 16777216 1107304448 1048576 4 67108868 0 0 1 2049 16384 512 128 37748736 256 0 0 0 4096 16384 262144 0 0 8388608 4260864 8388624 2621456 16 0 0 1049728 268435456 2147516672 0 1073742336 4194336 134217728 0 67108864 16386 144 0 268443912 0 0 0 0 134217730 1081344 570425344 131072 33554432 335544332 16384 0 0 65536 0 0 4194304 33792 0 268439552 32 262144 8 65536 1 134217728 1077936128 0 1073743872 4194304 335544384 4194307 98304 1073758208 33554436 0 536936448 0 16640 8209 0 0 0 8388636 8208 0 0 0 0 0 0 0 0 2 0 0 0 0 5308672 0 0 256 262272 32768 0 524352 2214660096 0 0 2048 1024 2103296 0 131072 268566528 0 268435456 524288 1049088 16384 64 2056 1048578 268435456 0 32 0 3136 54526016 16909314 256 0 65536 0 0 134217984 268435456 8388616 1088 134221824 0 0 128 0 1073741856 0 0 536870912 0 8448 67108864 0 4 16 4096 512 128 48 16 0 131072 2 134217728 0 33554436 33554432 536875104 8389632 0 1064960 2415919104 2048 0 0 16777216 0 65538 134217728 1 64 0 65536 32772 1073741856 128 1048608 8192 0 545259520 0 2048 4096 0 512 32 263180 603979776 2164260864 0 1024 2147483712 8388608 65536 524288 576 1048578 2097152 0 0 1050628 16777344 4194306 1090519554 0 272629760 0 65536 2147483648 16384 16384 1073741824 0 394240 17 0 512 0 0 16777216 1073741824 1056768 0 2097152 0 41943042 0 1073741824 16448 16384 8388898 256 0 1572864 536870912 32 1048832 0 0 0 1073742848 262144 2048 131104 536870912 1048584 0 1 2147483648 131076
is_linear=0
shrinkage=0.05


Tree=54
num_leaves=31
num_cat=19
split_feature=27 35 42 37 37 37 37 42 42 42 37 37 37 42 22 37 37 28 37 35 37 37 31 37 35 22 28 38 35 22
split_gain=110.44 51.3513 41.0325 33.3219 28.6246 28.4615 24.537 24.1865 19.8286 18.3793 17.9029 18.0941 16.3069 16.1045 15.5452 27.5046 16.7737 16.833 13.9979 13.7428 16.0853 13.1298 12.1284 12.0249 11.0524 11.0232 10.848 10.4823 10.8447 13.4722
threshold=0.76248472929000866 0.99999991059303295 0 1 2 3 4 5 6 7 8 9 10 11 5.5000000000000009 12 13 0.52949997782707225 14 1.0012609362602236 15 16 3.068449974060059 17 1.1075949072837832 5.5000000000000009 0.52949997782707225 18 0.85465264320373546 4.5000000000000009
decision_type=2 2 9 9 9 9 9 9 9 9 9 9 9 9 2 9 9 2 9 2 9 9 2 9 2 2 2 9 2 2
left_child=5 3 18 27 -4 -1 -5 -7 -9 -8 -6 -12 -10 -13 16 22 17 -11 -3 20 -14 -21 -16 -17 -15 -20 -22 28 29 -2
right_child=1 2 4 6 10 7 9 8 12 14 11 13 19 24 15 23 -18 -19 25 21 26 -23 -24 -25 -26 -27 -28 -29 -30 -31
leaf_value=-0.014186303970063922 0.067804064208933215 -0.0066688459279819817 -0.021322438381431455 -0.014644705007766665 0.0042364181421993214 -0.010536893426667329 -0.0059296961838934117 -0.0082610326298416924 -0.011335180525929509 0.32707991146334758 0.00078929815453268799 -0.001977109299520241 0.0091314455865733109 -0.0056153647908657447 0.035982682526748196 0.01260724026338475 0.00049007889234256021 0.0114221323257195 0.0011404587446441777 0.0062869345939144733 0.022491530297403334 -0.0079736754234741511 0.0029012756946476845 -0.0017809008139382148 -0.014207784998899811 0.011989391623404632 -0.0032930193937168342 0.029963752766666841 0.010606630494523588 0.40448021398822309
leaf_weight=13872 597 11816 7950 3065 9692 40360 7811 68325 12634 278 24811 55791 5059 109966 5118 4759 77479 6705 59083 2941 1339 48635 1377 8895 13600 10761 88393 3251 806 296
leaf_count=13872 597 11816 7950 3065 9692 40360 7811 68325 12634 278 24811 55791 5059 109966 5118 4759 77479 6705 59083 2941 1339 48635 1377 8895 13600 10761 88393 3251 806 296
internal_value=-0.000860603 -0.000350749 -0.000697432 0.000522799 -0.00105017 -0.00162822 0.000350351 -0.00151358 -0.00131316 0.000470857 -0.000940521 -0.00104022 -0.00100687 -0.0012153 0.000645609 0.00189355 0.000347962 0.00269302 0.000260801 -0.000857951 -0.000500624 -0.00151482 0.00456886 0.000616903 -0.0015337 0.000530097 -0.000655317 0.00453537 0.00772222 0.0115604
internal_weight=705465 423907 303470 120437 221810 281558 115487 267686 227326 112422 213860 204168 159001 179357 104611 20149 84462 6983 81660 146367 94791 51576 6495 13654 123566 69844 89732 4950 1699 893
internal_count=705465 423907 303470 120437 221810 281558 115487 267686 227326 112422 213860 204168 159001 179357 104611 20149 84462 6983 81660 146367 94791 51576 6495 13654 123566 69844 89732 4950 1699 893
cat_boundaries=0 8 35 62 89 116 123 131 139 166 190 217 225 252 280 307 334 362 388 389
cat_threshold=19447826 135921666 442368 3221235220 1141964928 67108864 1073741824 96 524288 64 67108928 16793600 553648128 131072 134217736 0 536872960 8208 0 32784 0 0 8392704 134217728 268435456 268439552 536870912 0 32 4096 134217728 0 0 2147483648 100663296 134217728 8388672 1074266145 33554560 262144 4194304 8 0 0 0 0 33554432 1024 336 2097168 16384 536870912 2097152 536870912 0 160 0 0 0 0 1091567620 805306368 4 8389184 1073758240 270592 1024 0 134483968 0 36 33619968 0 0 0 16 536870928 0 131072 33587456 512 655361 0 2 0 0 268435456 0 8 8519680 0 1073774592 536870912 4194308 0 262146 0 4194336 0 2 268435456 32 2048 16 1064960 2048 0 2097664 0 1077936128 65536 12416 0 0 32832 2097280 18688 262912 17320960 44564480 262656 3827957859 2164261000 17171456 809500736 8433928 135316832 537919496 8401024 134225920 1 136316929 1048576 554172416 1074003969 1208129538 1219502113 2186289152 8 3 0 17408 0 536870912 0 16777280 33619968 536889344 343965696 0 16386 1073741824 0 1024 256 148480 0 0 8 0 0 134221824 1074790400 16777216 16 524288 4 262144 268448256 8388608 65536 134234112 536903681 0 1073741856 536871184 0 65552 2147483912 0 67108864 1 0 16 0 0 67108864 4194304 2 16781312 16384 8192 0 25231360 134217728 2168586240 301990144 128 512 268435456 2050 0 0 9437184 0 256 4194304 536936448 1077936128 0 0 0 1048577 536870916 0 0 65552 0 83952128 2692743296 1048713 811640890 27267136 671088642 1 16 0 1048704 67113216 65536 0 0 2048 8 268 2147483648 134219776 0 33554432 34078720 8454144 536870912 0 8208 1107296256 0 16384 0 268435472 536870928 0 8196 0 0 8 12296 32768 2164260864 536871428 0 65536 2097152 0 0 537133064 2147483968 67108864 0 536871936 536870944 0 2176 0 524288 2 536870912 8388608 4 524288 1 0 32768 20 0 0 2147483648 2097152 32 0 32 4194306 32 270336 65536 8193 0 4194304 8912896 32 4325376 0 196672 0 131076 268435456 0 32784 32 32768 268435456 4 32 268435456 0 152044032 268435456 4 0 167772192 0 3221225472 268959744 536870912 768 1073741824 0 0 262272 0 134226056 0 0 18874368 536870912 0 67371008 268435456 16 16842752 0 2 8454176 16 0 0 33752064 4 33619968 128 1073741824 8388608 32 0 4096 262144 4 4 0 2066 65536 4 1 65600 0 4096 2181038080 4096 0 8388864 67108864 0 4194368 0 536870912 134217728 0 8194 512 0 8388608 17825792 1048576 16 4194304 2 0 302022848 1073742848 10257
is_linear=0
shrinkage=0.05


Tree=55
num_leaves=31
num_cat=25
split_feature=11 35 0 42 42 36 42 36 36 36 36 36 35 36 42 36 36 36 36 35 36 36 36 42 36 42 36 36 36 36
split_gain=109.607 51.291 32.2817 30.7516 29.3268 29.0431 27.0611 24.9957 24.2383 23.5776 21.6989 21.6249 20.9498 25.7635 22.0536 24.4911 19.8711 18.8957 18.1038 17.029 32.0039 16.5265 15.4129 15.2249 14.3598 14.0739 19.7734 13.9808 13.4269 13.3236
threshold=0.62857142090797435 1.012880325317383 4.0886728763580331 0 1 2 3 4 5 6 7 8 0.99982804059982311 9 10 11 12 13 14 0.90663462877273571 15 16 17 18 19 20 21 22 23 24
decision_type=2 2 2 9 9 9 9 9 9 9 9 9 2 9 9 9 9 9 9 2 9 9 9 9 9 9 9 9 9 9
left_child=4 2 6 8 18 -4 -2 -6 -3 -8 -9 -5 13 -12 15 -14 -11 -16 -1 20 -18 -22 -21 -13 -15 26 -26 -25 -24 -27
right_child=1 3 5 11 7 -7 9 10 -10 16 12 23 14 24 17 -17 19 -19 -20 22 21 -23 28 27 25 29 -28 -29 -30 -31
leaf_value=0.004251165612289407 -0.0065473657233801903 0.036806922408429664 0.074260534470891565 0.010035199358069303 0.0073575992336264127 0.011068324338062941 0.013060317992286888 -0.014565029377692974 0.00014600335308941409 -0.010259198461627449 0.013459459798308267 -0.016897682721155469 0.015123042618710609 -0.013805526453743095 0.0040675363994703371 -0.0035727424201269574 0.049911831057504283 -0.0085599009198043079 -0.011580836411371465 0.0081974079038324345 0.027411615613255721 0.0021078443947250302 -0.0090129957244246672 0.0062975565964096189 0.035978155514847059 0.0076858935849988532 0.0010576939816733799 -0.0072991089747236355 -0.00044667587974219457 -0.0043837068741807671
leaf_weight=2511 21120 1361 2555 2099 5707 20173 6711 7690 16469 3963 2808 12332 2063 2748 4510 27212 1391 157971 41118 8840 1603 17909 4739 2277 1227 2142 6419 56755 200927 60134
leaf_count=2511 21120 1361 2555 2099 5707 20173 6711 7690 16469 3963 2808 12332 2063 2748 4510 27212 1391 157971 41118 8840 1603 17909 4739 2277 1227 2142 6419 56755 200927 60134
internal_value=-0.000832294 -0.000257513 6.79285e-05 -0.00129105 -0.00150805 0.0018769 -8.59468e-05 -0.00132038 0.000571716 6.14997e-05 -0.0013884 -0.001743 -0.00131292 -0.000607322 -0.00159071 -0.000326949 -2.05123e-05 -0.00181828 -0.00271414 3.86744e-05 0.00140093 0.000875377 -9.40774e-05 -0.0018903 -0.000789066 -0.000649337 0.00137391 -0.00155582 -0.000181986 -0.000897941
internal_weight=705484 381224 289931 91293 324260 22728 267203 280631 17830 246083 274924 73463 267234 75478 191756 29275 239372 162481 43629 235409 20903 19512 214506 71364 72670 69922 7646 59032 205666 62276
internal_count=705484 381224 289931 91293 324260 22728 267203 280631 17830 246083 274924 73463 267234 75478 191756 29275 239372 162481 43629 235409 20903 19512 214506 71364 72670 69922 7646 59032 205666 62276
cat_boundaries=0 8 16 44 51 79 103 131 159 186 214 222 249 277 305 333 360 387 415 423 451 459 485 513 541 569
cat_threshold=49166 17432576 344064 2148802561 6356992 1098913280 1610743844 160 16777218 805572608 17664 44826624 262656 1678376963 2303758464 4 2147483650 2147500034 0 3221225472 131076 0 38797568 2 128 128 0 128 0 264192 0 402653184 0 128 0 256 0 64 16 16384 8192 4128 0 8196 134219785 512 2701670400 1074036736 264192 3904905218 3222438024 16778240 0 65536 2097152 294912 16908288 0 524320 2048 269090816 8256 0 8392704 0 0 268435456 553648400 8388608 65536 512 1 16 0 131072 0 513 0 256 0 0 67109888 0 4608 0 0 25165824 268435456 0 1152 0 1081344 262417 0 8 16384 8671488 393216 0 262144 1024 2560 1064960 1073742336 1024 4096 2415919232 268435456 8 8192 2147485698 1074267136 134217728 0 8388608 4194304 0 0 131072 8912896 0 16 0 4100 8390656 0 0 8 0 67108864 1052672 16384 2147483648 557056 512 288 2048 0 268435456 1310720 134217792 4 1024 268435584 0 4352 4096 196608 0 256 1073741824 512 0 0 2149588992 0 0 4 3221258240 0 2048 8650752 0 268436224 17301504 131072 536887296 0 16385 536870912 0 256 4128 2560 0 1024 2147483648 272 0 16777216 0 134217728 2147483648 285212672 536870912 67108872 66 0 134217728 268435456 134218240 0 0 0 0 0 268435456 0 64 3221782784 0 0 1082155008 5120 131074 16 0 65536 8388640 1050628 1 0 32768 24576 6815749 35323904 67436560 517 1543504004 262144 536873217 226 0 0 8192 41943040 8388608 0 0 1140854784 0 4096 67109888 0 0 8388608 0 536870912 512 538976260 2080 2281701376 1048576 1073741832 64 32 8192 537919488 131072 0 2147483648 268697728 512 0 0 32768 65536 33554432 33554434 2097156 0 0 2097216 8 32 0 8 0 2048 134236160 0 8392708 528384 262146 0 1025 268500992 0 0 0 8194 524288 0 128 0 1073741824 4227075 268435456 0 139264 32 524296 0 0 0 2147483648 1048576 1074003968 512 1409286144 524288 4194320 0 1082130449 69206016 3072 2097156 1048640 16 537001984 4194304 8192 33554560 0 0 128 0 0 0 8192 4210688 2147483648 3 1 268959744 32768 512 4194304 16384 4194304 8 67108864 2048 2048 0 16 33554432 655362 272891905 12582912 8388640 0 67125248 524288 0 2048 8388608 0 0 570425344 30720 1073741824 0 0 1073741824 0 0 0 131072 524288 262144 8388608 603980800 0 98304 134217728 1048608 266496 8388736 4 134217728 0 33794 1073741824 0 0 65536 4719616 0 0 1 0 0 1179648 8192 32 262144 19 0 64 2 0 2147483648 1073741904 0 512 512 67108864 1024 134225920 2147483648 0 4160 0 1310720 67108929 525312 4194304 32768 0 0 1075838976 65536 0 2097160 150996992 638599168 557204 109592608 278528 2153250840 5242889 2 0 262144 384 33554432 0 134225920 67174400 0 2105600 0 0 256 67108864 268451840 0 536870916 32768 32 8388672 318898176 18432 0 4194304 0 1073741824 32768 1048576 512 671090696 66016 872415776 10 100696083 268435968 838991884 130 536870912 33554688 12288 8388608 16777216 268451840 1049156 1241513988 142606336 8208 536870912 32768 134217728 262148 2 0 0 0 0 0 0 0 0 541065216 0 131072 2147553352 8192 134221824 32 3145728 258 0 0 512 0 2097185 67117056 0 1024 134234112 1024 266240 1048576 524320 0 0 0 131072 0 0 16384 0 6144 0 1048577 0 1024 33024 16 136314880 8388608 0 536870912 2147500296 0 16777233 32 262144 2097152 0 2 0 0 32768 0 135266304 536936448 16 2148007936 1073741824 576 268435456 67108866 0 1056768 2097152 65536 16392 0 67141664 512 0 134283264 0 0 135266304 4194304 0 0 0 524288 0 536870913 16384 32 285214720 8388608 66624 134217728
is_linear=0
shrinkage=0.05


Tree=56
num_leaves=31
num_cat=19
split_feature=0 22 32 37 37 31 22 5 5 37 35 35 42 37 37 37 37 37 37 38 42 37 37 42 37 32 37 37 31 37
split_gain=101.022 44.9981 38.9858 60.0111 45.4966 37.7554 31.4077 26.9742 25.8672 24.6883 20.6057 18.9766 18.7054 17.9542 16.6648 16.5062 16.1453 16.0849 13.6737 15.5483 13.3878 13.3059 13.2143 13.0431 12.9756 12.7424 30.9083 15.6852 13.7865 12.5323
threshold=0.87000045180320751 5.5000000000000009 21.605000495910648 0 1 3.0923500061035161 5.5000000000000009 2.9367743730545048 0.59703126549720775 2 1.0021722316741946 0.74277594685554515 3 4 5 6 7 8 9 10 11 12 13 14 15 21.605000495910648 16 17 3.0923500061035161 18
decision_type=2 2 2 9 9 2 2 2 2 9 2 2 9 9 9 9 9 9 9 9 9 9 9 9 9 2 9 9 2 9
left_child=6 7 3 5 -4 -3 8 10 14 -8 17 -10 -13 -11 -1 -12 -14 -2 -5 -20 -6 -18 -16 -19 -15 26 28 -27 -26 -25
right_child=1 2 4 18 20 -7 9 -9 11 13 15 12 16 24 22 -17 21 23 19 -21 -22 -23 -24 29 25 27 -28 -29 -30 -31
leaf_value=-0.016780610707977719 -0.012432414049281696 0.054382882843649852 0.040013790698184663 -0.0099208200705290586 -0.0090148054885544268 -0.0054891844820686448 0.015340248814454555 0.0054809667449099994 0.033339081881771045 -0.015935964498902878 -0.017223842534276928 -0.010004896590754549 0.0053851187058456644 0.0073646916255669173 0.0083881239427337963 -0.0045140423818899296 -0.014617106546834178 -0.0063380225363712074 0.0789372581580534 0.0089752198953274732 0.00065389601281563858 -0.004563314876666104 -0.0097378177470683561 0.0086284138683366783 0.021752139321170153 0.0082326217738719603 -0.0017596880632792752 -0.0067564919105280842 -0.0029722719971237779 -0.00080199735493105767
leaf_weight=9426 3628 3014 5897 1991 6550 764 2597 42702 2090 3415 5252 24156 5197 4490 2167 77162 5057 12890 166 5912 24741 166288 96149 7990 1833 3485 8031 27212 585 145116
leaf_count=9426 3628 3014 5897 1991 6550 764 2597 42702 2090 3415 5252 24156 5197 4490 2167 77162 5057 12890 166 5912 24741 166288 96149 7990 1833 3485 8031 27212 585 145116
internal_value=-0.000807582 -0.000193659 0.0012088 0.00370653 0.000413024 0.00889681 -0.00139031 -0.000426986 -0.0015802 -0.000248602 -0.000623873 -0.00124755 -0.00129692 -0.00050049 -0.00220627 -0.00127246 -0.00111814 -0.000308741 0.00126299 0.00244047 -0.000346784 -0.00120145 -0.00201298 -0.000236618 -0.000238352 -0.000517046 0.000990908 -0.00103052 0.00593248 -0.000107958
internal_weight=705953 343775 49035 11847 37188 3778 362178 294740 310530 51648 252038 202788 200698 49051 107742 82414 176542 169624 8069 6078 31291 171345 98316 165996 45636 41146 10449 30697 2418 153106
internal_count=705953 343775 49035 11847 37188 3778 362178 294740 310530 51648 252038 202788 200698 49051 107742 82414 176542 169624 8069 6078 31291 171345 98316 165996 45636 41146 10449 30697 2418 153106
cat_boundaries=0 26 53 80 87 114 141 168 196 223 250 251 259 286 313 321 348 375 403 430
cat_threshold=10747920 512 67108992 73400576 0 3221225472 33024 0 2048 67112980 2147483648 134219776 0 0 0 65600 0 1024 0 8388608 65536 524288 0 0 32896 1024 4194320 4096 1024 80 65536 268435520 268435456 0 2048 4194560 1073741824 1024 262152 33554432 532480 0 8 1024 24592 33554432 0 18432 134217728 4194304 0 0 16777220 2176 0 268435456 256 16 268435480 139264 2065 536887296 2147516680 1073741824 0 41947136 0 1 65536 134742016 0 0 0 0 32 2 16777216 0 0 2097152 537659392 4199296 565252 8650848 134490116 2684354562 2320506888 2281832448 8288 1 0 0 134283264 0 0 0 65536 0 268500994 134217728 8704 16 1048577 0 536870912 8 128 1073775616 2 0 0 2048 16777220 512 8388608 8397376 1073750048 10 262144 4259840 36864 16 96 0 0 0 0 0 16 0 0 570458368 512 268959745 0 1026 0 0 268500992 0 268435456 12587008 64 0 16384 0 0 0 1611137024 16900 0 2148532224 0 0 64 301989904 9437760 0 0 0 0 0 134217728 0 538968064 33554432 2147484676 603979776 2151678080 0 268435456 4 536875008 131072 64 16384 0 603979776 0 33825 0 0 67108864 0 279040 1073742336 0 8 0 2052 136314880 1073741824 32784 32 0 1 147456 536870912 32769 65664 4 0 407240705 32 2151677964 0 0 0 0 4 134225936 1048577 0 65536 2 0 0 4128 0 4 16777216 0 512 2 67108864 64 786432 16 64 2147483652 0 0 32 33562624 537133056 134217728 8388672 524288 2 0 0 0 201330688 1072 134285312 0 134217728 0 68 4 2048 201916928 2349334528 536879232 67961121 0 1282941057 131072 8 1048576 64 33 65536 1024 8454144 268697608 0 512 16384 4194305 268435456 512 1049360 0 256 0 0 4227072 1048705 0 2 16777216 0 4194304 0 33554560 0 0 0 4 0 0 2 524288 8192 64 20971520 1 33554432 134299648 1032 67108880 1024 131088 0 4194304 262144 0 1052680 1073741824 536871040 33554456 570425344 134481920 1073758208 554184704 1082393600 5251072 4259851 2148665480 24 16400 266240 13312 0 2 0 16777216 524288 1073741824 16448 4096 536870928 524296 0 8388608 8388608 16777224 0 16809984 2097152 0 134348800 1 0 536870912 536870912 16785408 75825216 67109376 1048576 67112968 128 0 268435712 8388608 0 262272 2147483648 2048 0 1 0 512 0 8 65540 8388608 0 70656 2048 268435456 0 2147483648 2048 0 1077936128 512 50331650 4096 0 12 0 0 8228 33595392 134251520 1048576 0 268435456 0 131072 0 9437184 1342181376 0 16384 0 136314880 16 0 4 1 0 64 48 0 679477248 131144 8256 82432 268435456 0 0 33554464 134479872 0 268435456 65536 536870912 0 2147483648 524288 128 0 8 1077936128 1 0 587202560
is_linear=0
shrinkage=0.05


Tree=57
num_leaves=31
num_cat=17
split_feature=5 35 22 37 42 6 37 32 37 31 22 37 37 42 42 35 37 37 37 30 37 35 37 26 37 38 37 30 37 22
split_gain=97.3136 56.1847 42.1964 47.7953 36.179 30.5824 28.5278 27.8405 45.7855 26.1872 23.731 21.1588 20.1969 19.0532 18.6331 18.61 25.0126 18.5841 17.2814 16.9699 16.7074 16.0059 13.9445 13.6267 13.3443 13.4644 13.3348 12.9678 20.2318 15.6202
threshold=0.65031421184539806 1.012880325317383 5.5000000000000009 0 1 1.8806459903717043 2 21.605000495910648 3 3.0408500432968144 1.5000000000000002 4 5 6 7 0.99999991059303295 8 9 10 1.0000000180025095e-35 11 0.67103970050811779 12 16.820131301879886 13 14 15 1.0000000180025095e-35 16 2.5000000000000004
decision_type=2 2 2 9 9 2 9 2 9 2 2 9 9 9 9 2 9 9 9 2 9 2 9 2 9 9 9 2 9 2
left_child=6 2 5 23 27 14 -1 8 9 -5 17 -9 -12 -6 -2 16 -8 -7 -17 -19 -10 24 -23 -4 25 -16 -24 -3 29 -29
right_child=1 4 3 7 13 10 15 11 20 -11 12 -13 -14 -15 21 18 -18 19 -20 -21 -22 22 26 -25 -26 -27 -28 28 -30 -31
leaf_value=-0.014738167070144371 -0.0077400230840076649 -0.00095762478116573975 0.030529224739908198 0.041727372130968866 -0.0028495381860943712 0.023215517128604063 0.013585176889744199 0.018176646561519256 0.015613229952430344 -0.0032828176521183315 0.026597139973852553 -0.0020798978409571115 -0.0016855500384799806 -0.010111214226470142 0.24535860113599789 0.005100766523560887 -0.0041298170488450634 0.0043047047908299175 -0.0088105908357326672 0.078965410108132711 -0.0022123435358096014 -0.012893260315666922 -0.0094487045987925646 0.53928223462498215 0.0076202120833451089 -0.020361482903785727 -0.0014585994774368536 0.39299537727035089 0.0042988652847585794 0.060120781968608088
leaf_weight=15516 19620 12776 7393 2678 32071 5462 2654 4253 2739 803 2771 33908 45573 72435 363 4101 45090 17827 118085 463 6476 3531 9968 364 1006 152 232096 234 4207 1281
leaf_count=15516 19620 12776 7393 2678 32071 5462 2654 4253 2739 803 2771 33908 45573 72435 363 4101 45090 17827 118085 463 6476 3531 9968 364 1006 152 232096 234 4207 1281
internal_value=-0.000778911 -0.000428476 -0.000139466 0.00109921 -0.0013623 -0.000353745 -0.00176239 0.000540909 0.00256911 0.00744416 0.000559939 -0.000133773 -7.59139e-05 -0.00172297 -0.000600705 -0.00157467 -0.00073767 0.00185408 -0.00190184 0.00108737 0.000718078 -0.00048287 -0.000514566 0.00475219 0.00462878 0.0110741 -0.000468947 0.000675886 0.0026542 0.00758519
internal_weight=705896 520450 397446 58614 123004 338832 185446 50857 12696 3481 72096 38161 48344 104506 266736 169930 47744 23752 122186 18290 9215 247116 245595 7757 1521 515 242064 18498 5722 1515
internal_count=705896 520450 397446 58614 123004 338832 185446 50857 12696 3481 72096 38161 48344 104506 266736 169930 47744 23752 122186 18290 9215 247116 245595 7757 1521 515 242064 18498 5722 1515
cat_boundaries=0 27 35 62 88 115 142 150 157 184 210 237 263 289 315 316 343 359
cat_threshold=262224 0 1024 536870912 0 268435456 4 4 18468 12568 0 134349824 8 0 0 65536 0 0 24592 1073741832 0 16384 0 17825792 16 0 8192 2179086 2173173760 101011712 2148794368 6291584 27279360 1073872900 160 8388612 8397376 1073741824 2 262144 2151743488 134516736 0 36 0 0 33554432 0 16 16 135266304 0 536871168 12 524288 12582912 2 0 0 0 0 268435456 76021760 0 68165760 73400576 0 3221225472 32768 0 0 67108992 2147483648 2048 4096 1 0 576 0 1032 4 8388608 65552 524288 8 0 128 1024 4194304 2147745792 0 184614928 131072 8388680 0 2684354576 8 536870916 1073741824 536870912 1835012 0 524288 0 0 0 16777216 0 0 4194368 134217728 0 33554432 65536 4 0 0 0 1048576 536870912 64 0 81920 0 67108864 41943040 536870912 4096 8389632 1024 0 813696512 32 1048576 0 0 0 0 0 0 0 8192 67142721 1048576 139264 201327241 605102337 1145050128 805306752 64 4458496 4992 16822272 1082392640 2281966212 536879106 2182129672 0 0 1 4096 0 536870912 0 2306867200 8208 0 4097 4194304 524800 1207975944 524288 67108880 25165824 0 0 0 32 0 2105346 0 0 3221225480 553648128 2 0 8256 4194560 32784 0 576 65536 67584 1610613020 0 2048 536870912 1088 524288 262146 0 0 0 0 16 4194304 134217728 1048576 32768 1028 0 0 17039872 20 1024 0 1048578 33554432 0 32844 16777216 65536 2181042176 65536 1024 1073741824 0 524336 4608 4194304 0 0 1052672 1073741824 0 0 16777216 2099200 512 536907776 9437184 130 0 10486528 65536 0 4456516 0 0 4 1024 0 0 0 8388640 0 34603008 0 138412032 34816 0 32768 2684354560 139476992 0 1 65536 0 0 268697608 0 2147484160 81920 4194304 0 33554432 1376256 384 257 4194304 528384 2129920 129 0 0 16777216 0 0 4194304 0 64 0 0 0 0 0 0 0 0 0 0 0 64 0 0 0 0 0 0 0 0 0 0 0 2147483652 1 131072 32832 32768 128 4 0 0 537395200 56 0 2048 268959744 2147484192 576 4195328 1048704 134217728 2097152 2048 1048576 268435456 131072 0 805306368 0 0 536870912 16 0 1024 0 0 0 67117056 0 0 0 0 134217728 0 0 0 8388608
is_linear=0
shrinkage=0.05


Tree=58
num_leaves=31
num_cat=23
split_feature=3 22 36 32 37 36 22 30 37 37 36 37 22 37 42 36 36 31 36 36 42 36 36 36 36 37 36 36 36 36
split_gain=83.8101 44.6608 39.7129 34.3403 48.1102 37.2801 30.9083 36.9837 45.296 36.0368 32.7538 30.4316 25.4611 35.4001 24.9314 24.629 24.3424 22.7329 22.1137 22.1094 21.9802 28.0461 21.0851 20.409 19.0649 18.7852 18.0769 17.7812 17.4287 17.1456
threshold=0.61443048715591442 5.5000000000000009 0 22.804999351501468 1 2 1.5000000000000002 1.0000000180025095e-35 3 4 5 6 4.5000000000000009 7 8 9 10 3.0408500432968144 11 12 13 14 15 16 17 18 19 20 21 22
decision_type=2 2 9 2 9 9 2 2 9 9 9 9 2 9 9 9 9 2 9 9 9 9 9 9 9 9 9 9 9 9
left_child=14 6 -3 4 17 -6 7 9 -9 19 -11 -5 23 -14 -1 -13 -15 -4 -16 -2 21 -12 -22 -8 -7 -25 -17 -20 -27 -18
right_child=1 2 3 11 5 24 12 8 -10 10 20 15 13 16 18 26 29 -19 27 -21 22 -23 -24 25 -26 28 -28 -29 -30 -31
leaf_value=-0.010851679046956417 0.03870257264695956 0.030698853329800005 0.052430648222323864 0.023346169940656792 0.03588905764174561 0.02762763917546603 0.0057677525900588352 0.18797094906289244 0.016443309602579202 0.011127156279762469 0.023149305332020486 0.019120650974921567 0.03306805603489521 0.02041031375027675 0.0092113892927017087 0.013603410100104346 0.012874023426046861 -0.0037996873903276621 0.0047263052517403032 0.0088920517263631014 0.010950165256806071 0.00099254605554844363 -0.0033705686294531103 -0.014916865560650744 0.00037102584380962372 0.0045802707875423057 -0.0060083802051892829 -0.0070397713828104285 -0.0052803510642262189 -0.0034425457509696805
leaf_weight=37521 1149 2743 3156 4202 1595 1474 6063 217 3342 5515 1917 1341 4830 2022 2572 1634 2754 812 5574 4353 3771 28349 94443 6684 20894 8652 33469 159505 193264 62005
leaf_count=37521 1149 2743 3156 4202 1595 1474 6063 217 3342 5515 1917 1341 4830 2022 2572 1634 2754 812 5574 4353 3771 28349 94443 6684 20894 8652 33469 159505 193264 62005
internal_value=-0.000773439 -0.000424648 0.000734004 0.000497389 0.00184716 0.00100046 -0.000617124 -1.69874e-05 0.00501545 -0.000145415 -0.000308383 -0.000430045 -0.000917022 -0.000100613 -0.00162453 -0.000894803 -0.000399825 0.00693893 -0.00136349 0.00381643 -0.000470462 0.000707467 -0.000833496 -0.00118937 0.00047187 -0.00127247 -0.00114954 -0.00143525 -0.00118597 -0.00056886
internal_weight=705822 500650 71320 68577 27931 23963 429330 143056 3559 139497 133995 40646 286274 71611 205172 36444 66781 3968 167651 5502 128480 30266 98214 214663 22368 208600 35103 165079 201916 64759
internal_count=705822 500650 71320 68577 27931 23963 429330 143056 3559 139497 133995 40646 286274 71611 205172 36444 66781 3968 167651 5502 128480 30266 98214 214663 22368 208600 35103 165079 201916 64759
cat_boundaries=0 28 54 76 98 126 154 181 208 216 244 271 299 327 335 362 389 417 445 472 500 528 555 583
cat_threshold=1048577 2147483648 1 268435456 0 532481 4204544 8421376 134217728 0 0 64 8388608 0 0 0 131072 268435456 0 0 4608 16392 0 16386 134218240 69728 2 4 80 4608 1081344 18874368 0 0 285245440 1048577 2080 8404 2147483648 134217728 8 0 0 0 0 2098200 0 0 0 17408 0 0 0 4195328 8 67108864 536870912 0 2214592512 4194304 8 17024 1 16448 32768 67108864 0 0 67109120 2097152 2953838624 135270401 8388608 1048576 0 64 0 0 64 0 0 0 8388608 0 0 0 0 0 0 0 0 0 0 0 16777232 0 0 134217728 0 0 1048640 16 134217728 2113536 64 16384 2096 8388608 0 1040 537919488 0 67112960 0 268435456 8 2147483648 268568576 268435456 0 8 5242880 32768 0 524288 1 262144 2097152 0 2147483648 65544 2147483648 67108864 262144 0 2228224 8388608 0 4202496 0 536903682 33556480 2 2097152 524288 67110402 1 0 0 4194304 256 2621440 0 134479872 0 1073741824 1024 18 4096 72 270336 2147483648 16392 4388 1073741824 16 262152 0 268435456 0 536870920 65536 24592 0 0 0 150994944 0 1 0 4 16 64 268435968 64 536870912 0 536870916 0 1090521088 1612709888 1048576 0 8913668 0 1073741826 128 264224 65536 0 4194304 0 134217728 4 0 0 0 536870912 258 872420096 24576 35913728 4460544 1074266675 2572189824 4 0 134217728 0 0 276824068 0 65536 0 512 2147483648 537133056 16384 133153 2424569856 0 128 8208 2 0 1073741824 0 2147483648 268435456 0 0 536871428 131072 2 24576 16 32 0 16512 0 268435488 32768 0 4194336 0 1342177280 36864 4864 0 1088 0 16384 0 0 0 1073766400 524288 0 16 9437185 8421376 16778240 16384 0 2097152 32768 131072 0 0 0 268582914 67108864 134217728 8392704 0 0 268435456 8464 0 0 134218241 134221824 8650768 65536 0 0 1 2 335544320 0 2147483648 0 4194337 4194304 4224 1048832 1073744000 33554560 16777216 0 0 67117056 16 0 4194304 0 1048576 67108876 0 128 128 0 32 2147549184 4198400 32768 4 17301574 2160070658 66834 2147483776 337649944 8405056 75497508 2 0 0 67108864 0 67125253 0 4194306 655360 1 0 268435456 33554464 3145764 2048 33562624 512 537133056 4128 528 8192 0 4096 0 0 0 4096 2048 2155872264 0 0 2 16 4226 262144 0 131072 268439552 0 16777216 33554432 4195329 64 0 1024 536870912 285212672 256 268435456 16384 0 1048576 2149580800 2560 131088 0 1024 64 2150629376 2148007936 33554432 1073741840 0 48 4096 0 4261888 0 0 512 0 16392 132 1048576 0 4 0 0 33554432 269485056 33554440 1073742848 1073741824 4194560 0 65536 4194304 0 352321544 1024 262144 32768 4096 8388672 514 16384 0 0 0 2097152 131072 0 0 603979776 0 9 2097152 4202513 4194304 0 536870912 134234112 8388672 0 17039360 384 0 262144 0 4194304 0 1048578 268435456 0 8256 8388624 1048704 0 98304 538968064 0 128 0 16777216 0 33554432 1075871744 603979777 0 0 67108928 0 0 4160 0 532485 4194306 128 16777216 0 1048576 4 4096 1073741825 2147745793 12583168 1 0 0 8390656 528 0 0 1073758208 2048 67108864 0 1024 65664 16777216 0 0 268435456 1835056 0 256 276824072 0 131072 33816576 524288 33556481 33554432 268443648 0 1048576 0 0 1024 1048580 16793600 0 0 4352 0 256 6146 32832 131072 142606340 131136 2147483648 67108864 0 8224 0 0 0 0 128 256 256 135170 0 1073741824 536872960 65570 0 0 134217728 134250504 0 134234112 0 16777216 0 4096 8192 4 0 540672 1 8388608 0 1040 81920 32800 0 0 2415919108 32 64 67108880 131073 132160 1075838976 0 0 2097154
is_linear=0
shrinkage=0.05


Tree=59
num_leaves=31
num_cat=16
split_feature=6 35 42 3 42 35 42 35 42 22 42 42 32 42 22 9 22 30 42 42 42 33 42 22 42 42 33 42 38 42
split_gain=84.9789 45.4636 37.3324 34.4218 26.359 21.0183 21.9709 19.8685 15.3907 15.0472 20.3857 18.7534 14.8591 16.5319 14.8283 24.1801 20.1824 21.2008 15.911 14.4583 14.2688 12.8221 15.5873 11.9121 20.0628 13.6733 12.1442 18.4533 11.8247 11.4359
threshold=0.71868103742599498 1.0660022497177126 0 2.1878913640975957 1 0.92101219296455394 2 0.99999991059303295 3 5.5000000000000009 4 5 23.244999885559086 6 4.5000000000000009 24.813255310058597 1.5000000000000002 1.0000000180025095e-35 7 8 9 72.604999542236342 10 1.5000000000000002 11 12 70.43500137329103 13 14 15
decision_type=2 2 9 2 9 2 9 2 9 2 9 9 2 9 2 2 2 2 9 9 9 2 9 2 9 9 2 9 9 9
left_child=4 3 -3 5 -1 6 -2 8 -6 11 -11 -7 13 -12 16 18 17 21 -16 -19 -9 22 -5 24 -13 -25 27 -26 -17 -10
right_child=1 2 -4 14 7 9 -8 20 29 10 12 23 -14 -15 15 28 -18 19 -20 -21 -22 -23 -24 25 26 -27 -28 -29 -30 -31
leaf_value=-0.0096589771216754484 0.012803427577549832 0.0044998269803588021 -0.011501013002235145 0.022963325074101489 -0.0096565302546100726 -0.0076392185274656915 -0.00032352884966671493 -0.010708450299574819 0.0089446733979626804 0.010485159420031719 0.0082659895253311931 -0.0066752218673190216 -0.0050164628378842301 -0.0020673813336202895 0.042125344764860288 0.47726582022541203 -0.002159487006357715 0.19544883256196999 0.0027671867123308866 0.049506485255854021 -0.0062071516231394551 -0.0005648540938864849 0.0018128260649104304 -0.0066990596475516584 -0.0020262080101255409 -0.0023755543853266822 -0.0010041246418412044 0.0065506340499274802 0.12639138768259636 -0.0013880593031853079
leaf_weight=41013 10220 9153 42780 6120 9170 23129 22039 25530 3464 9615 8319 14165 17963 9818 8849 284 32423 118 12801 508 107661 9540 5563 30021 10970 133756 38314 19278 328 42766
leaf_count=41013 10220 9153 42780 6120 9170 23129 22039 25530 3464 9615 8319 14165 17963 9818 8849 284 32423 118 12801 508 107661 9540 5563 30021 10970 133756 38314 19278 328 42766
internal_value=-0.000743951 -0.000362906 -0.00175925 -0.00019193 -0.00153403 -0.000403286 0.000812305 -0.00128395 -0.00048826 -0.000527639 0.000311159 -0.000669854 -0.000234002 0.000775443 0.000768013 0.00185465 0.000322258 0.0014968 0.00157729 0.0105582 -0.001615 0.00122903 0.00233952 -0.000542037 -5.30062e-05 -0.000789088 0.000300992 0.00104995 0.0116476 -0.000116781
internal_weight=705678 476074 51933 424141 229604 347607 32259 188591 55400 315348 45715 269633 36100 18137 76534 22262 54272 21849 21650 626 133191 21223 11683 246504 82727 163777 68562 30248 612 46230
internal_count=705678 476074 51933 424141 229604 347607 32259 188591 55400 315348 45715 269633 36100 18137 76534 22262 54272 21849 21650 626 133191 21223 11683 246504 82727 163777 68562 30248 612 46230
cat_boundaries=0 8 16 24 32 40 47 55 62 67 74 80 87 94 102 103 110
cat_threshold=16902 1179648 537133088 2147745800 539045888 1101009408 1210056742 224 16642 805568512 268978176 33816576 262656 3290955859 2302709888 12 67125761 318768128 838860800 2148213030 268451840 135504 2097153 2 393732 68157440 13312 2148533248 472006796 537227264 8388866 65 524544 538443776 1090797568 8836 5259299 2214593816 536877067 1 138677760 4928 12292 1116471296 1208006656 2684354592 2147518504 640 92292096 4334594 2182219025 268439560 1769536 2149580800 192 16777344 402653184 270598 784 67125248 18874368 16777216 524288 268435456 0 0 2097152 537004048 4194528 16778022 145244416 570429464 66304 33562634 16777218 83886080 1073897730 2147614976 67112960 17827200 69730499 839401472 809764864 8224 37748738 1342177288 285356035 98562 2164277248 2164786592 288 3145736 147415314 8324 164096 76546048 50349056 134219035 606224385 10617344 69206016 224 4113 536870921 139006176 2759918208 2097152 2181072899 512 512
is_linear=0
shrinkage=0.05


Tree=60
num_leaves=31
num_cat=22
split_feature=5 35 42 22 36 36 35 36 36 36 36 36 41 22 36 36 42 36 42 36 30 32 42 36 36 31 36 36 41 36
split_gain=79.9907 48.422 35.0147 32.387 35.8067 26.3798 25.0855 25.818 24.0635 22.9259 21.8119 21.4117 20.1841 20.1333 30.0384 24.0619 22.3219 26.4057 20.4596 25.8345 20.2622 19.9485 31.9988 31.5567 26.3889 22.4772 18.3826 18.131 17.7541 25.762
threshold=0.6337794065475465 1.0119994282722475 0 5.5000000000000009 1 2 0.7614157795906068 3 4 5 6 7 8 1.5000000000000002 9 10 11 12 13 14 1.0000000180025095e-35 23.035000801086429 15 16 17 3.0408500432968144 18 19 20 21
decision_type=2 2 9 2 9 9 2 9 9 9 9 9 9 2 9 9 9 9 9 9 2 2 9 9 9 2 9 9 9 9
left_child=8 3 5 6 -5 -3 7 -2 -1 -6 -4 -8 -9 14 -13 -15 17 -16 19 -17 26 22 25 -23 -24 27 -18 -11 29 -10
right_child=1 2 10 4 9 -7 11 12 28 21 -12 13 -14 15 16 18 20 -19 -20 -21 -22 23 24 -25 -26 -27 -28 -29 -30 -31
leaf_value=0.006960150736961857 0.12788050555214811 0.023863511682884059 0.0057923951296905097 0.032531114378448876 0.028240756487136004 0.00034216195210066231 -0.010091943903738314 0.074846904726579497 0.015932078341410281 -0.0039720761099922208 -0.0075155726432788303 0.013542155264354325 0.0043584914169829776 0.0090207232043060821 0.025815246538157522 0.03372401353787291 0.011724411261109274 0.0039615380498503657 -0.0036223882205182359 0.00057936272817533929 0.025016288958430589 0.021203885727961499 0.028446144205932156 -0.0028709254215162272 -0.00034338020139841515 -0.0059102395678288858 -0.0021342242990023542 0.035404436819441963 -0.0086251954106976222 -0.0059147888510569192
leaf_weight=3611 710 1709 3372 1692 2328 18383 5689 814 2363 750 104877 4897 5537 5802 1512 1931 3660 20151 187229 27062 1998 1426 1353 28755 17290 1359 78728 5000 111957 53287
leaf_count=3611 710 1709 3372 1692 2328 18383 5689 814 2363 750 104877 4897 5537 5802 1512 1931 3660 20151 187229 27062 1998 1426 1353 28755 17290 1359 78728 5000 111957 53287
internal_value=-0.000720841 -0.000419315 -0.0012658 -0.000151514 0.000921288 0.000651145 -0.000337557 0.00261187 -0.00166127 0.00071209 -0.00162151 -0.000399059 0.00158676 -0.000347018 0.000202979 -0.000621868 2.59747e-05 0.00145727 -0.000707155 0.000528719 -0.000341601 0.000509169 0.00153147 -0.000362966 0.000441459 0.00438272 -0.00046232 0.00575552 -0.00174823 -0.00101777
internal_weight=705232 534014 128341 405673 59953 20092 345720 7061 171218 58261 108249 338659 6351 332970 110946 222024 106049 21663 216222 28993 84386 55933 25752 30181 18643 7109 82388 5750 167607 55650
internal_count=705232 534014 128341 405673 59953 20092 345720 7061 171218 58261 108249 338659 6351 332970 110946 222024 106049 21663 216222 28993 84386 55933 25752 30181 18643 7109 82388 5750 167607 55650
cat_boundaries=0 8 36 64 90 118 146 174 202 205 232 260 267 294 302 329 337 365 393 420 448 451 479
cat_threshold=2097226 17432576 100990976 2148532224 6619136 1098924032 2080505892 224 0 2147484160 65536 0 134144 0 4202496 512 13107200 0 262144 0 1 2147483648 0 0 2176 306200576 134217728 0 4608 8404992 0 2 0 98304 4 4 2 0 75497472 8192 135168 64 0 25165840 268566528 1 64 0 0 17 537919488 1073741832 16400 12288 4100 0 1048576 0 2048 4194304 0 0 262144 32 0 2147500032 2147483648 0 0 142608384 0 2048 130 32768 0 67108864 0 1073741824 0 512 8388608 8391680 0 8192 0 0 2048 0 8192 131072 0 0 64 67108864 4160 512 2113536 4096 16 272629760 16384 134217728 134217728 0 64 0 16 1024 2048 2048 262144 0 1073741824 32 4194320 0 201328641 335544328 64 134217728 0 268435520 0 525321 16384 1077952513 0 128 0 536870976 0 0 0 73728 65536 2097152 1 67141632 536870912 0 0 16384 16779264 135168 3 32768 2151677952 131104 262144 16777216 268435968 2 8519680 0 0 1064961 0 2112 8388736 64 0 0 0 2149580800 16777216 1048832 0 0 65536 2147483648 272629762 536870913 0 1048576 0 2147745792 262144 4096 0 0 0 81920 136314880 33554432 18434 0 128 2097216 4096 0 0 10 134217728 0 134217728 0 1050628 537403392 2 0 1 98369 33562624 606078080 65568 262208 0 0 34 0 262144 0 128 1024 134217728 8388608 32 33628160 1077947424 0 16384 536872448 2129920 268435712 2 0 1 0 0 0 2097152 48 0 33808 4 2150662144 268959744 33554432 1073741840 2147483648 256 4194304 0 4196352 268435976 4096 512 0 32768 0 0 0 4 1073741840 0 2181038080 1032 0 0 1073741824 17335558 2172715074 197942 4194560 1056800 16576 67108900 0 16384 131072 1073741824 4194312 8192 1048580 134219776 1048576 131072 268435520 0 3145728 2147745792 1048608 65792 33554432 64 0 8388608 1073742848 2048 0 16 0 4096 2048 134217944 570949634 818151946 67117075 1140883456 268435464 335548417 2 2 0 64 0 17039360 4 0 33565696 0 1089536 536870912 4 0 0 33555456 74754 0 134217728 524288 0 0 32768 1073741825 4 0 136314880 34816 17433346 83902464 4456448 2181039872 1071105 5833984 2149580801 129 1024 1024 0 8388608 8650752 0 0 42475542 2050 1073741824 0 0 1050624 8388608 1 536870912 8192 8192 256 0 0 0 64 536870928 512 16384 2359296 2 4194304 67108864 1048576 0 0 16777216 0 69206080 134217728 64 0 67109376 0 128 33554944 0 539492384 131072 67108864 1048576 257 65 1073741825 0 1 64 0 536879104 1073741824 2 8192 37748736 33556480 1086592 0 0 128 2147487744 0 0 4 32768 0 0 9437184 0 524296 201850881 0 2164260864 0 131072 65536 1073741828 8 8196 0 0 65536 8912904 134219776 17432848 0 131072 8 0 2097152 0 1152 136314880 0 0 9216 2 0 262144 1048576 262144 0 0 0 0 8448 241905705 1350980744 468610 8388608 0 131072 4194368 0 67108992 2 1073741864 33554432 8192 0 16777218 0 100925442 787456 0 0 266240 67633152 8388608 0 0 0 1048593 0 0 0 12288
is_linear=0
shrinkage=0.05


Tree=61
num_leaves=31
num_cat=19
split_feature=0 28 42 37 42 37 30 37 22 42 42 37 22 37 22 37 37 35 26 24 11 37 8 37 37 37 37 37 37 37
split_gain=76.4891 39.1777 29.4462 23.8447 26.1647 22.8754 20.8888 56.5184 32.4172 24.1183 18.4665 16.6011 16.3094 19.5375 15.0135 16.3494 14.3552 13.8826 12.5686 19.1336 18.7558 12.5234 12.4553 11.4975 11.1325 10.845 10.5843 9.88083 11.1574 9.84674
threshold=1.2112553119659426 0.99950000643730175 0 1 2 3 1.0000000180025095e-35 4 2.5000000000000004 5 6 7 5.5000000000000009 8 1.5000000000000002 9 10 0.67103970050811779 6.5725424289703378 5.738081932067872 4.1428573131561288 11 1.1085181236267092 12 13 14 15 16 17 18
decision_type=2 2 9 9 9 9 2 9 2 9 9 9 2 9 2 9 9 2 2 2 2 9 2 9 9 9 9 9 9 9
left_child=1 3 -3 -1 -5 -4 9 8 22 -2 -7 -6 16 -14 15 -11 -13 -18 -10 20 -20 -12 -8 -9 -15 -23 -27 -19 -29 -17
right_child=6 2 5 4 11 10 7 23 18 14 21 12 13 24 -16 29 17 27 19 -21 -22 25 -24 -25 -26 26 -28 28 -30 -31
leaf_value=-0.011942734869725323 0.0026163533783203673 -0.014901298465980164 0.0035775024452031328 -0.0059929986824829142 0.014649001482900209 -0.0088606956698340893 0.041983415123732298 -0.012240224453857716 0.01754750311344775 0.00819401125602706 -0.013847408277305545 -0.0078824626630562868 0.015694605893727558 -0.010397147952703495 -0.005393492311915161 0.00382528761353734 0.045686300288526258 0.0042464321798235047 0.22622590518809221 0.094331745522617333 1.3038705958157812 -0.011018378564885177 0.26909156638383458 0.0010664144924239498 0.0021356385143180326 -0.0078861574128114582 -0.0036991103852762643 0.0025603907711590035 -0.0026269636957318206 -0.0032901056037444483
leaf_weight=7821 49296 16861 9644 43043 3784 43866 673 2142 9437 5698 3633 9263 3677 2466 53490 8200 1315 6182 420 1844 122 14291 492 66169 21121 24055 132921 14758 120834 27773
leaf_count=7821 49296 16861 9644 43043 3784 43866 673 2142 9437 5698 3633 9263 3677 2466 53490 8200 1315 6182 420 1844 122 14291 492 66169 21121 24055 132921 14758 120834 27773
internal_value=-0.000693905 -0.00105117 -0.00149285 -0.000588736 -0.00049487 -0.00134379 6.49802e-05 0.000706087 0.00372798 -0.000295831 -0.00144887 -0.000234447 -0.000303575 0.000822665 -0.000760782 -4.93149e-05 -0.000505144 -0.000381518 0.00294613 0.00618768 0.0144383 -0.00121862 0.0116852 0.000130923 0.000293032 -0.0011568 -0.00103658 -0.000428991 -0.000518131 -0.000443671
internal_weight=705291 479535 245271 234264 226443 228410 225756 81299 12988 144457 218766 183400 179616 27264 95161 41671 152352 143089 11823 2386 542 174900 1165 68311 23587 171267 156976 141774 135592 35973
internal_count=705291 479535 245271 234264 226443 228410 225756 81299 12988 144457 218766 183400 179616 27264 95161 41671 152352 143089 11823 2386 542 174900 1165 68311 23587 171267 156976 141774 135592 35973
cat_boundaries=0 8 34 42 70 89 97 104 132 158 186 213 240 267 294 320 347 374 401 428
cat_threshold=537020416 574623936 557062 103301120 0 805831171 708870152 4 142606336 4194304 32768 0 4 0 1107562496 0 32 0 131072 268976128 4128 16 134218000 16386 4194304 524288 37376 0 16779264 2 0 0 0 32768 2 67109152 4100 1312064 136445952 2307403875 2168619136 1 1 0 285213200 20 8388612 0 0 65569 1342177280 536875072 0 0 4100 16384 8192 268435520 8519680 32 512 8 0 2048 0 1073741824 2048 0 0 1 8388624 1073741824 67142272 64 536870912 64 553648132 0 10240 2105376 0 536904720 4096 33554432 0 0 268438017 0 16801808 16777282 2281771008 214066 2219442176 67109120 17827328 201339008 66 296018 277086208 268706600 1082425380 266768 2147614720 2164264964 2 0 101 16777216 537133056 134217744 2097152 25165824 0 134217728 1073741824 1056 0 0 524288 134217728 0 131072 536870912 4 32 4 136315008 0 0 2147483656 1 1 2048 1073741824 5120 8392720 8388608 0 8 2048 1610702856 32776 2147483648 671088640 0 0 0 8454144 150994944 33554432 1114112 0 0 67108864 2 0 0 1073741824 0 4096 65536 262160 4096 1073741824 536903680 0 0 16 2148007936 16 1048576 1024 0 8454144 0 8 2147483648 134219776 71303168 1 134217736 1052672 32896 16 0 1 16384 8704 268435712 0 1024 131072 272630024 198800 0 32768 2 65536 0 0 1 2304 134348800 256 0 128 32768 4096 4096 4 0 1024 128 0 0 1572868 8322 262144 138412032 266240 0 0 0 1 32 262144 528 0 67109376 257 33685504 32 136314881 268435456 2 0 0 0 262144 65536 135172 0 8 4096 0 2097152 0 524288 0 402653184 0 33816576 536870912 0 269484032 1310720 16777216 2129920 2147549192 0 33792 5185 0 536870912 0 2147483648 557056 262144 2147484256 67108864 532480 0 0 536870912 0 268435456 0 1048577 65536 2281701376 320 1048576 64 8192 560 0 128 67108864 0 0 1024 0 17825792 100696576 0 0 0 16842816 128 2147483648 0 1073741824 8192 100729088 2048 0 0 0 0 128 4194304 1024 4194304 1107296256 25167904 1088 50331656 536870916 8388608 16777216 6272 0 2 4194304 0 0 270532609 0 8 1073741824 4194306 2 0 2147484680 42991616 2049 8192 0 0 0 0 69664 43008 139264 0 0 2560 2684354592 0 67174400 16388 32800 2097152 0 1073741825 0 67117056 2147483648 4194304 0 3221225480 67108864 65536 0 536870912 0 0 8192 4194304 4 1024 1 538181632 524292 4 32 0 0 0 0 1048580 68157440 2 262148 16777216 134217744 262152 16384 268435456 67108864 8388608 1568 1048576 0 1073741824 2048 33562624 4194304 16777216 33619968 16777232 0 512 0 0 32912 270532608 1083179008 536870912 1073807360 67109188 0 0 0 2048 1140850688 0 32 1028 0 2097152 65552 524288 0 8192 16 2147484672 2129920
is_linear=0
shrinkage=0.05


Tree=62
num_leaves=31
num_cat=24
split_feature=5 35 42 22 37 36 22 37 36 36 36 36 36 37 37 36 30 36 36 42 36 33 37 36 36 42 36 37 36 36
split_gain=70.8355 43.7392 34.0562 29.2538 41.2128 46.7065 31.462 32.6419 28.6824 28.0669 26.3831 25.8735 25.8329 25.4668 23.7845 23.7366 23.3587 22.3505 21.9966 21.1028 20.3144 19.7836 24.1734 25.9266 19.8052 19.4936 28.0711 19.1833 18.453 16.869
threshold=0.6337794065475465 1.0215496420860293 0 4.5000000000000009 1 2 1.5000000000000002 3 4 5 6 7 8 9 10 11 1.0000000180025095e-35 12 13 14 15 72.215000152587905 16 17 18 19 20 21 22 23
decision_type=2 2 9 2 9 9 2 9 9 9 9 9 9 9 9 9 2 9 9 9 9 2 9 9 9 9 9 9 9 9
left_child=14 3 8 6 5 -5 7 10 -3 -6 -2 -9 -4 -8 -1 -16 20 -11 -15 -18 -13 22 24 -24 -22 26 -19 -17 -27 -28
right_child=1 2 12 4 9 -7 13 11 -10 17 -12 16 -14 18 15 27 19 25 -20 -21 21 -23 23 -25 -26 28 29 -29 -30 -31
leaf_value=0.0059925587546019498 0.042150453610317114 0.031419961314660592 0.0094420431847289429 0.19644211521961638 0.022752272385022938 0.020558237370622096 0.016003360623137449 0.012469330715728182 0.00043281659027106644 -0.013474339615413484 0.011185386304427086 -0.011536483588535647 -0.0078707509111005779 0.0081357527981721287 0.0071137779071248734 -0.014247571919517914 0.086402683802314875 0.036786662371693306 -0.0041236744197130732 0.011645001387634364 0.033675991478238874 -0.0029262170665183568 0.01250676421939282 -0.00075426791629525146 0.0089846399889875455 0.014674426364947563 0.026664875651282074 -0.0066872587309911163 -0.0011644658209428505 0.002527787091465645
leaf_weight=5177 1064 1403 2583 1117 3530 7498 3154 4617 16307 2969 5095 2682 89253 5642 4393 10867 394 1604 170084 2243 964 52821 4142 41404 5476 2552 1703 151230 80601 22851
leaf_count=5177 1064 1403 2583 1117 3530 7498 3154 4617 16307 2969 5095 2682 89253 5642 4393 10867 394 1604 170084 2243 964 52821 4142 41404 5476 2552 1703 151230 80601 22851
internal_value=-0.000675839 -0.000391689 -0.00128237 -0.000161679 0.000482816 0.00381695 -0.000429178 0.000193873 0.000725127 0.000234412 0.00373663 3.35381e-06 -0.00166941 -0.000850287 -0.00155932 -0.00166305 -0.000150541 9.61775e-05 -0.000930255 0.00449772 -0.00026463 -0.000154412 0.000538018 0.000132141 0.00340257 0.000212628 0.0014028 -0.00176139 -0.00016191 0.000982291
internal_weight=705420 533753 109546 424207 124425 8615 299782 120902 17710 115810 6159 114743 91836 178880 171667 166490 110126 112280 175726 2637 107489 104807 51986 45546 6440 109311 26158 162097 83153 24554
internal_count=705420 533753 109546 424207 124425 8615 299782 120902 17710 115810 6159 114743 91836 178880 171667 166490 110126 112280 175726 2637 107489 104807 51986 45546 6440 109311 26158 162097 83153 24554
cat_boundaries=0 8 35 63 90 118 145 173 201 227 254 280 308 336 361 367 395 422 449 474 482 510 537 565 593
cat_threshold=2097230 524288 100995072 2148794368 6619136 27284480 1216348420 224 16 1077936192 0 64 0 131072 8196 0 16795652 536870912 1048576 1024 8 2048 536870914 128 262144 536870912 8208 8 0 138412032 0 1073872896 8388608 0 33554433 0 2147483656 0 0 0 4194305 32 0 1082130434 128 0 553648128 33816600 0 0 73728 536870912 0 256 0 1052672 64 0 1065024 0 5373952 268435458 4 2 64 1048640 16 134217728 0 8256 2148532240 2048 1082130432 2147483648 1024 1048576 16384 67637248 65536 0 0 0 2048 32768 0 8 1052672 16809984 32 17301504 65536 0 1 0 4096 0 0 8388656 268435456 1 192 0 67108864 257 537919488 8 2147500032 24576 0 0 0 1024 2112 4194304 134217728 1245184 262176 32 0 32768 32 2147483712 67371008 0 2147491840 4608 32768 536887312 67108864 2147483648 512 262144 0 1024 2048 33603584 0 0 33554432 1082146816 131072 2147483648 0 8388608 8388608 2 2147483648 0 1077936130 0 6272 16 2208 128 2097152 0 0 33562624 272400 8192 20971520 0 1048576 4 0 0 0 0 1048608 2147483648 4198401 0 4 262145 2 0 0 65560 2129920 33554432 0 0 134348800 8388608 32 33562624 1024 0 0 545784832 2097152 0 67110400 0 2147483649 134217728 4194304 2097152 2097152 16 1048576 4194304 17039360 0 16777216 268435968 8388608 131072 8388608 2048 16385 8 2112 8388608 4096 2048 536870912 1024 2147483648 524288 0 469762048 512 65536 524288 18 524289 0 2147483680 2 4 545259520 147456 0 67125248 268435456 0 0 33685538 0 8392704 268435456 0 939524096 536870912 32 8 0 0 0 1073742848 2064 16777248 536870912 2 0 0 4 16777216 538968064 1048576 0 8208 4 1090519040 0 528384 134234112 1025 1073741824 1024 1342177328 0 4 33554432 131072 1052674 1073741824 536870912 16 16777216 0 129 67108868 4160 512 2097664 32 0 268435456 16 0 134217728 33554432 65600 0 16 4 0 512 32768 128 1073758208 32 4210960 0 9 8 8388736 1048577 0 4096 4194320 2064 0 0 4096 33554432 20 0 64 0 4194368 2048 16448 2147483712 384 18944 0 0 268435456 4194304 134217728 0 4096 32 131072 9232 0 131072 270532610 33554436 16 2147483648 256 20971520 0 6294016 2560 0 0 0 264 536870980 0 0 0 536870912 536870914 0 527360 524288 268435456 1073741824 256 538968065 2147483904 0 0 2 1536 256 0 2097153 0 4096 0 0 0 1082393344 16896 4096 0 0 2 0 0 2048 10518528 4164 67112960 2048 0 137363712 66 2049 32 0 8388608 536875008 2147483648 512 1073823744 0 4096 0 0 8 8256 0 66 285212680 12 2147549184 35651584 0 4194304 33554432 16777216 128 64 8192 0 0 0 33562624 134217728 2425618432 1048608 401536 0 0 0 2097152 18874368 1077968896 2 514 0 536875008 268435458 4 0 1048576 0 0 2147491840 0 262144 17825792 134217736 0 0 512 16785408 16777472 32 0 1048576 1024 262144 4 262144 8208 0 285474816 264192 0 26214400 256 4096 0 0 4259840 84148492 270024706 1077968902 2185233164 538968097 2147483656 33554432 130 0 0 0 128 33280 67108876 1049216 33554432 0 0 0 0 0 0 65536 134217728 35913761 1 2148532225 1056773 0 0 1024 0 0 4194352 2359296 256 143655040 8397376 32800 16777218 262144 2151743488 4096 0 32 0 0 0 0 16 1073741840 0 0 536871168 12 268959744 12582912 2 0 0 0 0 268435456 1073743872 134217760 0 0 0 131072 65536 0 8390656 0 268435456 8192 2 276824584 4096 64 67108872 0 0 67239936 0 8 1605632 4 3145736 576 0 128 33816576 4 0 0 1074266112 65536 37748770 12583040 128 32 0 64 0 1069056 67108864 8200 0 269484034 1056 0 0 0 8 0 1073754112 0 0 4096
is_linear=0
shrinkage=0.05


Tree=63
num_leaves=31
num_cat=24
split_feature=11 35 37 37 22 36 36 30 37 22 36 36 36 22 36 37 37 36 36 36 37 36 36 36 36 42 36 36 37 37
split_gain=66.3912 36.9544 27.6949 26.5324 24.9325 26.9234 26.0935 22.8312 58.8738 32.0842 30.258 29.3395 28.4504 23.0768 26.7212 22.3835 21.9076 20.8239 20.7887 20.6487 19.6249 18.4885 17.4938 17.4629 17.0097 16.9914 19.4102 16.8533 16.4669 16.3973
threshold=0.63928568363189708 1.1110839843750002 0 1 4.5000000000000009 2 3 1.0000000180025095e-35 4 2.5000000000000004 5 6 7 1.5000000000000002 8 9 10 11 12 13 14 15 16 17 18 19 20 21 22 23
decision_type=2 2 9 9 2 9 9 2 9 2 9 9 9 2 9 9 9 9 9 9 9 9 9 9 9 9 9 9 9 9
left_child=2 7 -1 -3 6 -6 -4 11 9 -9 -11 -2 -10 14 -13 -8 -14 -18 -15 -7 -16 -17 -19 -22 -21 -20 -27 -23 -25 -26
right_child=1 3 4 -5 5 19 15 8 12 10 -12 13 16 18 20 21 17 22 25 24 23 27 -24 28 29 26 -28 -29 -30 -31
leaf_value=-0.01164247139240525 0.010472063922580769 0.0042046406324710937 0.0050196507006273587 -0.013938636203688647 0.015672530043859292 0.010151578844671886 -0.01111124932845238 0.19457836882203636 0.021906118039721267 0.23462383077761759 0.022190969040825296 0.013283641358366016 -0.012597419767331806 0.0082009127765524555 0.012556033778071985 -0.012900046759245743 -0.01255687512598702 0.01665856298009619 -0.010003113555637011 -0.014532350048168852 -0.012145191081411471 0.0041481810368052289 0.00075207870804607814 -0.012352578224976056 -0.012773465061314463 0.0069403877458869279 -0.0036498783057189589 -0.0051365272978164825 -8.489070198083847e-05 -0.0014867564356508755
leaf_weight=13934 8913 4796 5577 20237 2296 3585 16685 792 3000 1305 6816 4003 4912 3820 5790 6065 2963 4233 16235 3099 2323 6348 102610 2691 3805 4678 93301 193904 78362 78648
leaf_count=13934 8913 4796 5577 20237 2296 3585 16685 792 3000 1305 6816 4003 4912 3820 5790 6065 2963 4233 16235 3099 2323 6348 102610 2691 3805 4678 93301 193904 78362 78648
internal_value=-0.000664182 -0.000204557 -0.00117588 -0.0020598 -0.00108074 -0.000382955 -0.0013599 -7.06144e-05 0.000464297 0.00437976 0.00344681 -0.000378345 0.000167417 -0.000496962 9.12836e-05 -0.00144436 4.14879e-05 0.000187766 -0.000961326 -0.000520877 -8.83648e-05 -0.00130174 0.000302608 -0.000283978 -0.000676812 -0.00108269 -0.000834219 -0.0012192 -0.00016117 -0.000539813
internal_weight=705726 371780 333946 25033 320012 91433 228579 346747 126631 8913 8121 220116 117718 211203 93169 223002 114718 109806 118034 89137 89166 206317 106843 83376 85552 114214 97979 200252 81053 82453
internal_count=705726 371780 333946 25033 320012 91433 228579 346747 126631 8913 8121 220116 117718 211203 93169 223002 114718 109806 118034 89137 89166 206317 106843 83376 85552 114214 97979 200252 81053 82453
cat_boundaries=0 27 53 81 109 136 164 188 215 242 269 295 323 351 379 407 435 463 491 519 527 555 583 609 637
cat_threshold=134217728 8256 1073741856 65538 263168 4259840 134217728 0 32 8470528 0 0 32 134221840 272 0 0 0 4194304 268959873 0 4194306 512 0 268435456 0 65536 2064 2147495936 4736 2149580800 258 0 8388608 0 67616 1342193984 33554432 134217728 8 0 0 65536 0 0 16777216 69206016 0 65536 2048 0 1 32768 4 0 134217744 134332416 32768 1 0 0 0 1073741824 2 0 8392704 0 0 0 2147483920 134217728 0 0 0 136577024 0 589856 16777233 0 75497489 8256 16777218 0 268501056 69206016 0 0 0 1073774592 2048 268566528 256 0 134217732 0 0 0 536870912 16 66048 2048 1074003968 512 0 1048576 4210688 513 1024 268435744 16 335544384 268436480 64 536870912 131072 1610620932 16384 2050 536870912 1074790400 0 0 262144 0 142606336 0 65536 553656320 524288 0 0 0 0 12582912 4 65537 0 2147484680 0 16384 4096 0 0 43008 268435456 67117056 1 536870912 0 6144 0 16850944 8404992 0 1028 256 4096 0 8 16384 0 1048656 1048576 1048580 1073742368 2147483648 64 2149580834 2097152 128 64 262144 0 1179648 8388608 4194312 67182592 4194304 0 128 1536 128 16 0 68 1 0 2151677952 67108864 0 1 64 0 0 2147493888 41943040 1024 0 536871168 0 0 2148007944 0 0 65568 272646144 73728 0 4194304 67190784 16 33554432 524304 65536 67108868 1310720 65536 0 1077936136 0 0 67108864 128 0 134217736 0 16777216 4751360 0 536870976 0 8388608 2149580800 526336 218104320 67108865 2147483648 0 0 2149580800 4096 262144 2156920832 0 536907776 0 256 0 0 4 68 33563136 8390656 0 512 64 0 0 0 33024 8421888 0 83886080 134217760 0 0 8388608 0 337641616 131072 8388608 8 8192 150995200 0 406847490 67108864 0 0 0 33619968 1073741824 72 335548416 1048576 0 0 0 2048 1024 70657 50331648 553648128 0 2147483648 8388736 0 0 0 541065232 16 0 134283264 33554432 33554432 2113544 0 0 0 8 16 0 0 0 151013888 0 0 12582912 4194336 262144 2147483648 1073807360 2281897984 2164391936 4194560 0 131072 0 671088896 1073741824 256 0 1024 0 0 0 41943040 17826336 33554432 1073774593 0 4096 2147500032 0 0 134217728 0 0 35651592 33554432 1073741824 0 0 0 0 2 33554432 270540800 2157969408 134742016 16385 131104 150994944 0 262176 16777216 0 0 4 2147745793 524289 0 1073741824 0 16384 264 64 32 2097152 2147500034 64 64 0 536875008 16384 4 2148548608 2048 276824080 524288 0 0 0 4096 262144 268436480 0 0 2048 1024 4194304 134217736 0 32768 16 524289 1 0 512 0 0 1073741860 1073741824 0 512 1048576 0 2129920 4195328 536969344 16777216 2304 4096 131072 67108864 0 16777216 514 0 266 2149581824 0 0 0 3221225472 0 32768 0 134217728 0 2147483656 4194304 2147516416 3221225984 0 524288 256 268468224 16 67125248 5120 0 8519680 0 0 0 8388872 1050624 0 1342179328 131072 262144 256 524288 0 130 1024 0 0 32768 0 4096 0 262144 134283264 262144 2625538 4096 0 81920 0 0 0 34816 0 524388 68157696 16 167772672 1 2 128 0 1024 0 0 2048 256 32768 2105600 134218816 4 2097160 134217728 0 64 4096 0 0 16777472 16388 536870912 16777216 2147483648 16777216 0 2147483648 4096 2684354561 35072 50331648 796928 8429856 264224 3758112770 2165342252 1 536870912 8192 0 268435456 8519680 16777216 0 16777248 528 0 201326625 0 16384 0 2097152 2 128 9437200 1048578 131072 0 2048 512 0 0 163840 134217728 2148548608 67108896 0 0 0 262144 16908288 32 2282225664 67108880 67633152 8388624 0 524288 0 0 268435456 2121728 4100 1073741826 1048576 0 0 1073741824 2048 262144 4 524288 134225920 262144 32 536870912 65600 16777476 0 6553600 4 0 16384 0 4194304 8388608 8667136 33555456 134217728 133120 65536 16392 33554432 0 134217728 4096 0 545259520 16777216 1048580 0 1 4194432 0 0 0 0 272629760 8192 4325376 268435457 1073742848 1082130944 0 269484033 0 1073741824 0 0 276833280 0 0 4 0 21233664 33554432 1
is_linear=0
shrinkage=0.05


Tree=64
num_leaves=31
num_cat=26
split_feature=0 28 42 37 42 36 36 37 42 36 36 28 37 36 37 36 36 37 36 36 36 36 36 36 36 22 36 36 36 36
split_gain=60.3392 30.7978 25.3738 24.4995 23.3862 29.5769 22.9063 21.4274 21.3193 21.3065 19.5747 18.7708 28.9367 23.5917 19.5857 18.6999 18.0901 17.6858 17.2414 15.5968 14.6714 14.6214 14.2417 14.1976 13.7135 13.0354 32.1867 16.9309 15.2577 13.6476
threshold=1.0812705159187319 0.99950000643730175 0 1 2 3 4 5 6 7 8 0.93115735054016124 9 10 11 12 13 14 15 16 17 18 19 20 21 5.5000000000000009 22 23 24 25
decision_type=2 2 9 9 9 9 9 9 9 9 9 2 9 9 9 9 9 9 9 9 9 9 9 9 9 2 9 9 9 9
left_child=1 3 -3 -1 5 -2 -5 22 9 -4 -9 12 13 -6 -13 -10 -14 -12 -17 -19 -16 -15 -8 -20 -7 27 -27 -21 -28 -29
right_child=4 2 8 6 11 24 7 10 15 -11 17 14 16 21 20 18 -18 19 23 25 -22 -23 -24 -25 -26 26 28 29 -30 -31
leaf_value=-0.011359713465998619 0.048148244887702508 -0.013626607416155659 0.0075465497597515876 -0.011080095548401078 0.029715281881127126 -0.011821707125125012 0.02300608474169813 0.0086860740675623813 0.0065116856334729092 -0.0086252474110234123 -0.0084300121142360761 -0.015987153101382889 0.013331421707210349 -0.011130104516851366 0.0088259752285225323 -0.013532371514477563 -0.0010317258362800312 0.0077986164231867916 0.004159026742863804 -0.0095995396945784683 -0.0026151562741136025 0.0084029743562450063 0.0048035620941075325 -0.0045313749211286563 0.0042345194138287134 0.023087234241063532 0.016223756021358473 0.0067518838396836813 -0.00063278765098846767 -0.0025507727169633235
leaf_weight=8202 3922 15080 1902 5126 1394 2171 1089 5099 3428 45895 11733 6118 3888 1420 4227 4444 82656 6022 5686 5161 104927 11408 5673 148943 46853 1324 1446 4964 22638 132769
leaf_count=8202 3922 15080 1902 5126 1394 2171 1089 5099 3428 45895 11733 6118 3888 1420 4227 4444 82656 6022 5686 5161 104927 11408 5673 148943 46853 1324 1446 4964 22638 132769
internal_value=-0.00064567 -0.00100858 -0.00141513 -0.000574826 -5.65843e-05 0.000885056 -0.000466476 -0.000380895 -0.00127284 -0.0022012 -0.000478797 -0.00028739 0.00021108 0.00230029 -0.000723154 -0.00099965 -0.000132518 -0.000562618 -0.00107846 -0.000436058 -0.00056859 0.00162474 0.00238299 -0.00099001 0.000550218 -0.00052557 0.000517926 -0.000711153 9.87745e-05 -0.000605581
internal_weight=705608 436624 225378 211246 268984 52946 203044 197918 210298 47797 191156 216038 100766 14222 115272 162501 86544 186057 159073 174324 109154 12828 6762 154629 49024 168302 25408 142894 24084 137733
internal_count=705608 436624 225378 211246 268984 52946 203044 197918 210298 47797 191156 216038 100766 14222 115272 162501 86544 186057 159073 174324 109154 12828 6762 154629 49024 168302 25408 142894 24084 137733
cat_boundaries=0 8 32 40 68 96 124 131 159 187 214 242 269 297 324 351 379 406 434 462 490 518 545 573 601 629 655
cat_threshold=537020432 574623936 32782 102776832 16 537395715 708837384 4 143654912 4202496 1073774592 0 0 65536 1107443712 0 32 0 131072 268976128 4128 16 256 16384 4194304 8 37384 268435456 2048 2 0 4 17334592 135397378 329754 4194368 201392256 285214208 201338884 2 2 2147483648 65600 2147483648 8392832 16384 37757216 133120 0 537001984 64 262144 0 33587200 512 8320 1024 0 268435472 0 0 0 1 2147483648 0 4096 0 4 0 2147483648 32768 0 288 1048576 0 0 32 263168 2149581060 8 0 129 0 36900 131072 0 0 50332672 0 2147483648 4194308 9218 0 2147483648 0 32768 2 0 67174433 16384 553648128 2097168 2097152 25165824 16 67108864 16777217 1024 0 1073742336 524288 1073741824 16777216 131072 537919488 4 32 4 0 0 0 2147483656 0 1 1088 268435968 290268160 8945952 268800 2483028096 2165350660 133120 268566528 4 4 0 10485760 16 41943176 32 16 0 0 33554432 36864 134217728 0 33554432 0 134217728 0 0 2147483648 0 1048832 528384 0 67108880 2105344 32 32 0 0 0 0 268435520 0 67109376 16385 0 1073823744 0 1296 0 0 4128 0 512 524288 4 17424 0 133120 16777216 8388608 32896 136331264 0 1073742336 67108928 69222400 8388640 16384 4 2214592512 1048576 16 2147483648 671088640 262156 2147483648 0 8454144 0 1024 1048576 0 0 16384 2056 16 0 0 335544320 2147487872 0 0 32 1179648 419430400 528 16384 1048576 8192 8388608 66560 0 1115947008 1 1024 2415920256 262144 0 0 512 0 256 0 8192 0 0 8192 0 0 1677721601 8388608 0 0 134217728 0 516 256 2 33554432 786432 64 301989888 537920000 8388608 32768 1114112 134217728 0 4096 0 671088640 0 16777220 335544320 66 2138112 1048576 67108864 0 0 0 64 1073741824 4326400 8 8192 524288 0 100665348 16 0 0 524288 133120 4096 128 2048 2 256 65536 131072 8 1050624 2097152 2048 32 131072 1024 131168 2148271104 32768 67108864 0 0 2048 128 8388608 1073741824 1610612736 4 2 0 0 1073743952 0 2048 1 2097152 8388608 393216 268472832 0 2 4194560 0 402657280 144 0 0 0 65538 0 134217728 18 1048576 1024 524288 0 655488 16842752 0 16777216 0 0 32832 268468224 2148012032 2147483664 0 268439556 2097156 67108864 0 66060 1048576 33554432 64 536871936 128 0 0 4097 2147483648 0 4194304 0 4210690 16777216 0 0 0 0 64 65537 25165828 8388608 0 5242880 0 8519680 1082130464 2147614736 131072 17825792 0 0 0 8192 131072 262144 524288 4100 0 1048576 0 134283264 0 1048576 4194304 520 80 1073741824 0 1048576 32772 2 2147483648 335544320 0 1073741824 4194304 536870912 2147483712 0 266752 512 4 0 537919488 4096 0 16777216 0 8 0 2415919106 65552 131104 4096 768 8388616 0 0 268435456 540736 268435456 34079008 2359304 256 0 16384 0 2048 0 8704 0 0 545783840 4 2147483648 0 512 16 524288 0 0 8 1048576 1077952512 65536 3221225472 0 0 1024 1 0 0 65 2147483652 32 0 8704 268435712 570425360 164 1024 0 0 1 0 2147500032 0 68 0 4096 0 0 0 2097152 1024 4259840 25165824 32 65605 2097152 8192 2048 0 0 0 16777216 8 0 1048576 134250496 67108992 2149580800 0 16384 1024 536872960 1073746440 134217728 0 0 128 0 805339136 2 268435457 1048576 4104 64 2097160 201326592 0 0 262160 4194304 75759624 0 2164260864 1024 128 0 268439552 524288 1048576 0 131072 64 134217728 1073741824 34078784 134218756 268435456 12 0 4194368 2097280 40992 0 0 262144 16777760 0 2148532224 2 1 2097152 0 0 0 540672 0 0 1 4 268435456 0 8388608 0 0 1073741824 1 8454144 1073741824 16 51200 4194560 32784 2113536 0 64 268435456 32768 134217744 0 201326592 128 16384 2097280 0 1073741840 2147483648 33554432 131072 4 0 8196 2050 270348 66048 8421376 2 0 16777216 4194304 17827840 32 536870912 0 0 6422528 1024 0 167772160 0 134217728 0 8 0 0 8192 0 33554432 4 131072 33554944 16777728 0 524288 18432 268963840 612368384 0 134217732 4 67108864 0 16777728 134225920 0 0 1073741888 0 2 33554448 268435456 33554433
is_linear=0
shrinkage=0.05


Tree=65
num_leaves=31
num_cat=27
split_feature=27 28 36 42 36 37 36 37 37 22 36 37 36 36 36 37 36 36 37 37 36 36 37 36 36 37 37 36 36 42
split_gain=59.847 44.7308 32.7017 29.4787 27.4871 24.0176 23.3497 22.5048 23.7871 20.6703 34.5835 28.765 23.4487 22.5143 20.2846 19.4805 18.8196 18.7374 18.8647 19.2895 18.7125 18.2018 17.9496 17.8152 17.331 17.2957 15.8997 16.1247 15.8826 15.8266
threshold=0.55512443184852611 0.99950000643730175 0 1 2 3 4 5 6 5.5000000000000009 7 8 9 10 11 12 13 14 15 16 17 18 19 20 21 22 23 24 25 26
decision_type=2 2 9 9 9 9 9 9 9 2 9 9 9 9 9 9 9 9 9 9 9 9 9 9 9 9 9 9 9 9
left_child=2 5 29 4 -3 -2 -7 -5 -9 13 -11 23 -13 -8 -10 -4 -16 -15 -19 -20 -17 -6 -18 -12 -24 -22 27 -21 -27 -1
right_child=1 3 15 7 21 6 9 8 14 10 11 12 -14 17 16 20 22 18 19 26 25 -23 24 -25 -26 28 -28 -29 -30 -31
leaf_value=-9.3435373071868783e-05 0.014886922452920849 0.025741742953677635 -0.014181389545451301 -0.017703671953579921 -0.013593766288298018 -0.01138117312197348 0.012403605016840742 -0.012323265474174054 -0.012453126220815092 0.028153497920814608 0.098729813650165935 0.022803373215485985 -9.006704934645195e-05 -0.010753698875638838 0.0080386123622975432 0.0046204778852337869 0.0039309118202699158 -0.011921667552552868 -0.0098390596484585566 -0.0098904069594424639 0.0056782210183670655 0.00027331725640732357 0.0046034216172174888 0.024095037865314479 -0.0044693900230575413 0.0036246014668313759 -0.00050211227761124875 0.010179380746615434 -0.0071270070463419228 0.017233778675185354
leaf_weight=1290 5182 3011 8117 5332 2232 4218 5585 10750 3978 1813 596 1913 38617 4488 4900 4159 10300 3169 7138 1384 3732 52096 7841 4794 168328 5033 204659 8644 121401 1365
leaf_count=1290 5182 3011 8117 5332 2232 4218 5585 10750 3978 1813 596 1913 38617 4488 4900 4159 10300 3169 7138 1384 3732 52096 7841 4794 168328 5033 204659 8644 121401 1365
internal_value=-0.000635459 -0.000401342 -0.00154058 -0.000866879 0.000138708 2.68639e-05 -3.41092e-05 -0.00113954 -0.00105641 2.10376e-05 0.000969643 0.00070105 0.000244196 -0.00017159 -0.000930268 -0.00164307 -0.000856648 -0.000247983 -0.000184086 -0.000129263 -0.00149904 -0.000119437 -0.000937072 0.00412886 -0.00105571 -0.00160459 -4.41795e-05 0.00189859 -0.00170367 0.00394786
internal_weight=706065 560968 145097 268768 57339 292200 287018 211429 206097 282800 47733 45920 40530 235067 195347 142442 191369 229482 224994 221825 134325 54328 186469 5390 176169 130166 214687 10028 126434 2655
internal_count=706065 560968 145097 268768 57339 292200 287018 211429 206097 282800 47733 45920 40530 235067 195347 142442 191369 229482 224994 221825 134325 54328 186469 5390 176169 130166 214687 10028 126434 2655
cat_boundaries=0 28 36 64 91 119 146 173 201 228 256 284 313 340 368 397 424 449 477 505 531 556 583 610 638 666 695 703
cat_threshold=1536 16777216 64 67108864 0 16777728 0 0 16 0 0 134217728 537001984 32768 16 0 8464 4 0 8912912 1 75497472 0 2052 0 16384 134283280 335544328 17334286 144637952 75513856 1057344 1275068545 67108864 1073743872 112 2 4218880 1048576 0 67109504 17039360 0 270336 1342193664 1048576 0 0 135528448 0 0 524304 0 4096 16 0 0 2147483648 536871432 16400 0 65552 0 134217728 524290 32 65568 16793600 0 134217728 0 2147483648 2048 134225920 2147483648 0 536870912 0 0 1073741824 262144 268435712 536870912 4 32 524288 135266304 8 8388928 2147483648 16777216 0 2148728832 8683520 512 0 0 294912 0 2097152 0 4 0 0 1 262144 0 8 8 0 32768 67125250 2147483648 4132 8192 1024 2147500032 256 3221258240 0 8388672 1048609 33554432 393216 0 0 2701131776 0 256 1 0 262144 74256 524288 269484544 0 1073741824 536870912 524288 1024 0 512 0 4194304 17825792 335544320 0 0 1074266114 16384 0 134217728 8192 1048576 16384 2214592512 8519680 33556480 1024 1073741888 16 134219776 541065216 32768 1048608 1073741824 0 16384 0 134217728 0 1073741836 128 0 134217728 134283264 524288 2048 71311432 4268040 32769 5242880 16 0 16416 8388608 0 0 0 2147483649 272629760 0 0 134217728 0 64 0 0 1073741824 1 4 16 512 1024 0 65536 0 67117064 2560 1610629128 4227088 8192 134250496 0 2147483648 1 65536 671088640 1024 8208 2097152 0 0 2 0 33554432 0 8196 2147483648 0 0 64 65536 0 6 1048576 67141696 0 64 0 1050624 65536 512 64 34604032 16642 545259520 0 512 2097152 536870912 0 8 536870944 0 4096 17825824 0 64 2282754082 0 0 0 2147483648 33554432 268435456 536870944 0 67113024 0 0 128 0 0 16777728 0 64 0 0 2148696064 16777216 2097152 524288 136318976 402654208 1 35651584 4096 4 67108872 262144 65536 256 33554432 65536 8 256 2097152 16785408 131072 32768 0 536870928 2097168 2 8 0 0 0 1048576 64 1 1 134217732 8768 32768 73728 0 4325376 0 0 100 8192 0 262146 0 8388624 134218000 0 0 256 536870912 524289 67108864 66 1 8 256 0 16 67108864 131072 0 32832 0 0 0 0 0 2147483648 8578 8192 8224 544 512 32 8388608 3145728 269484032 4096 268697601 2147483648 0 2148007936 0 0 67109888 33554440 0 0 268435456 67633152 16 0 0 65536 4 16 2132224 64 0 0 0 2147614720 134217728 0 134217728 0 134217728 10485760 180288 128 2 0 35651587 8 2 8404992 8192 1073741824 33554432 0 536936448 1141129216 33751680 16384 32768 786432 0 4096 262144 0 2049 2048 0 2097664 0 0 0 0 1048576 0 64 536871040 0 4096 537428224 262144 4194304 16 268435464 16 0 262144 1073741824 0 0 134217729 8388625 1048832 4194304 2097160 4096 8 17039360 1026 32768 4 4194304 268435456 1024 0 21037065 0 0 0 538968192 67109376 16777728 16385 0 1028 0 8421376 268435456 512 1048576 1052672 0 4 0 64 32 16384 0 2056 33554432 32 0 1073741832 8224 2097152 8388624 0 0 9437184 32768 262144 16420 67108980 1 33554432 4097 1073741824 4194304 2147483648 2 0 0 4096 32768 0 0 0 2097152 67108865 0 512 0 4096 268566536 64 33619972 16777280 16448 0 589824 1073741824 33554432 2098432 0 147968 4 0 8 67108864 4 4096 1073741824 0 16 65536 0 131072 0 131072 8388609 288 256 2 0 0 536870912 0 262144 0 285220864 0 2229248 256 8192 0 0 0 16384 4194304 0 49152 8650752 8192 268435456 4194304 0 32 0 1196032 67108864 2147485760 128 4096 0 65668 1073741824 0 0 0 0 4259840 2048 16384 4195328 2113536 4144 0 262144 0 262144 8388644 0 0 16777216 0 32 294912 1024 0 1209024512 8192 67174400 0 1073741856 0 2097152 327808 16384 136314880 1073741824 2176 1090519040 2097152 0 64 67108928 8192 536871056 2097152 2105348 8388608 0 538968080 8392704 0 524296 0 67633152 2 268435712 131104 32 0 0 0 0 536870912 0 1048576 1 1 768 8 0 4194304 1107296256 1048576 134217728 0 4202496 16777728 1152 0 33570824 4194304 0 64 0 0 0 0 1073743872 4104 8 0 65536 1077936128 67239936 786432 16781328 0 1073743872 0 1024 131072 2099200 0 1073741824 131072 0 8454146 0 262400 167772160 0 4096 4096 66 513 0 2048 1073741856 1048576 524288 0 32768 2097152 1 131200 1024 16646 34693408 570425352 2101312 2147483650 1
is_linear=0
shrinkage=0.05


Tree=66
num_leaves=31
num_cat=24
split_feature=25 28 18 37 37 37 37 37 37 37 37 37 29 37 37 37 37 37 37 37 37 37 37 37 37 35 37 37 30 41
split_gain=54.1832 32.838 28.3019 24.1616 22.0166 21.8363 18.6049 18.6005 18.0598 18.3385 17.5602 20.4033 18.2944 28.1944 17.4234 15.7115 15.7101 15.1277 12.9773 12.3844 13.1181 11.5009 11.3709 11.3662 12.9276 10.0898 23.8665 17.6219 15.6627 17.3049
threshold=0.80250084400177013 0.99950000643730175 0.99185714125633251 0 1 2 3 4 5 6 7 8 1.0000000180025095e-35 9 10 11 12 13 14 15 16 17 18 19 20 0.92101219296455394 21 22 1.0000000180025095e-35 23
decision_type=2 2 2 9 9 9 9 9 9 9 9 9 2 9 9 9 9 9 9 9 9 9 9 9 9 2 9 9 2 9
left_child=4 3 5 -2 -1 -3 -4 -5 -8 -10 -6 -12 14 -14 -13 -15 -16 -9 -19 -18 -21 -11 -7 -17 -25 26 -20 28 -27 -30
right_child=1 2 6 7 10 22 8 17 9 21 11 12 13 15 16 23 19 18 25 20 -22 -23 -24 24 -26 27 -28 -29 29 -31
leaf_value=-0.012750498534941437 0.019919654635336084 0.010045729599422062 -0.011843147727337243 -0.011921888876221191 0.0060095971449200267 0.00095474434959234823 -0.0084937735427319874 0.0096563051586243814 -0.0069513940779728891 0.011589609053295417 0.0024396325498366391 -0.016638242991398926 0.011271315744562777 0.0035664159975312944 -0.010894890967865459 0.00088470472644856368 0.0016955968410705246 -0.0086857735275613929 0.01694080304863935 -0.00096626001295326512 -0.0055821068291966383 0.00035430897872718953 -0.0089298822005230028 -0.00083028345788658815 -0.0055125922563939982 0.000508899284166225 0.001365300651247763 -0.0009174259046716073 0.0027178605557300465 0.063135660930015089
leaf_weight=8962 5254 2753 3943 2774 5585 4649 6520 12657 11398 2444 15051 6396 4259 11031 14549 14695 9440 5677 6004 23914 133987 103409 42458 24441 61171 16377 22282 111901 6017 5598
leaf_count=8962 5254 2753 3943 2774 5585 4649 6520 12657 11398 2444 15051 6396 4259 11031 14549 14695 9440 5677 6004 23914 133987 103409 42458 24441 61171 16377 22282 111901 6017 5598
internal_value=-0.000599607 -0.000184823 -0.000676448 0.000263926 -0.00106244 -0.00168669 -0.000282035 0.000170973 -0.000174138 -3.15971e-05 -0.000994809 -0.0010435 -0.00113252 -0.000637426 -0.00143653 -0.000790219 -0.00134606 0.000231524 0.000109968 -0.00120886 -0.00131406 0.000173665 -0.00193949 -0.000987212 -0.00120774 0.000189398 0.00105066 1.52604e-05 0.00113702 0.00254175
internal_weight=705596 372115 177574 194541 333481 49860 127714 189287 123771 117251 324519 318934 303883 115597 188286 111338 181890 186513 173856 167341 157901 105853 47107 100307 85612 168179 28286 139893 27992 11615
internal_count=705596 372115 177574 194541 333481 49860 127714 189287 123771 117251 324519 318934 303883 115597 188286 111338 181890 186513 173856 167341 157901 105853 47107 100307 85612 168179 28286 139893 27992 11615
cat_boundaries=0 28 55 82 108 135 162 189 217 244 270 297 323 350 377 404 430 457 483 509 536 563 589 616 619
cat_threshold=524290 1073741856 32 12304 65536 134348800 0 2147485696 18432 4194304 2147483648 4227072 0 0 75497472 0 16777216 268439552 536870912 0 1073741824 0 0 536870912 0 0 16809984 1 4194304 1082130496 32800 8322 262144 65536 0 128 96 100728832 0 2 0 1572880 536871184 0 0 268435456 0 524288 25165824 0 512 0 0 32768 603979776 131072 4096 268436736 8192 4194306 0 75628544 2048 2080 1342308352 4096 0 1572864 16384 1048576 0 512 32 0 0 0 0 16785412 0 0 541065216 32768 18432 536870912 1140850721 0 393216 8 32768 1082130432 4 0 8192 16384 8704 0 1572865 0 4194304 0 1114112 0 1024 2 16777216 131072 268435456 4194304 8388608 0 1073742848 134217728 4195328 65536 4472832 512 0 0 1 268435456 2147487744 4112 1 16384 134217728 33554432 66088 0 262176 0 0 4194304 0 0 268435600 0 36864 4 67108864 0 196608 134217728 537133056 0 16384 4194304 134219776 0 2147483736 8 2176 0 2098176 0 0 268435456 134238209 32768 268435456 2 0 8 135168 8704 536871042 16793736 0 2097152 0 33554432 8 256 0 0 2147483652 4 2097152 8388608 0 65536 16809986 4096 0 0 2048 2105344 0 33554432 8720 524288 262144 80 4 32768 268451840 64 262176 0 537001984 8192 0 262148 0 0 16 524320 1073741824 0 8 262144 4 2097152 1077936128 1 2097184 524288 1 0 4096 512 4456448 536870944 2686451720 0 1114112 8208 0 0 33555456 4352 2147483652 524296 1342242816 0 2097152 0 0 128 4194304 1048576 0 2048 65536 8192 16416 32 65536 0 2 16 2097156 3221225472 512 0 0 0 8 17152 270532608 0 671088896 131104 1048576 4 32 67108864 8 0 64 3221225472 4 0 1048576 33619968 134222080 4194320 4096 2281701376 0 0 524288 32768 0 0 4096 1049088 16777472 537001984 0 2097152 1024 1024 128 134218760 256 12 268435456 536870912 67108864 524288 81920 0 16777216 32768 75497472 0 264 0 134217744 2147484160 266240 0 8388864 0 1024 16777216 136314880 0 0 130 538968064 12648448 16777224 536870944 0 16777345 1048576 1024 0 134512640 4 4 0 0 2080 0 279360 0 67108864 671088640 768 0 171966465 0 201326592 0 0 0 262144 65536 67616 64 67108928 16793600 536870912 0 4 131072 536870912 2147491924 0 0 524288 264 0 536870912 1024 512 0 0 0 540672 33554432 0 41943104 0 517 134479872 12288 65792 327680 4 4194320 0 8388608 544 0 0 65536 32 134218240 268435728 1048576 0 8 0 4194304 128 1088 0 0 0 1090519104 67108864 2097152 32768 268439552 0 25165824 0 512 33554432 0 16 33591296 269172736 8192 0 67108993 64 8388608 16 2147484160 131072 0 0 134217732 0 144 1024 268697600 335544320 262144 67112960 65536 0 4194304 8388609 1610612736 4210724 0 0 34078720 0 8192 0 0 8388640 1073741824 8388608 268435456 133120 4096 2097152 0 64 16777220 129 0 17039640 16 8388612 0 1048576 2064 1073741824 33652736 0 2 1610612736 2305 268436480 0 512 0 4096 8 4194304 0 0 17825792 0 32768 2097184 67108864 0 0 536870916 2097168 536870912 33554432 1073741832 136331264 0 134217744 3221225472 33816576 0 0 532480 268440064 16777216 0 32768 131072 33554434 0 64 16 0 0 67109890 8912896 4096 4194304 17825792 524288 6 4 0 32 134217728 33554432 71303168 67108864 16777216 0 32 37748736 0 0 0 134218776 0 262148 270532608 67113028 8192 0 67108872 134217728 0 1073741824 134217728 65536 64 2181040128 0 1024 1088 1048576 0 8388608 536936448 0 0 4195344 134218816 0 0 570458112 0 16777216 67108864 0 0 68157448 4096 0 1081344 67108992 268500992 0 0 0 8 0 1052674 65536 536870912 1056 16777232 1207959552 0 134217728 10 268435472 32784 4194312 2097168 512 268439552 77594624 134250496 0 16785408 537919488 1048576 69206272 8388608 536870928 1073741824 0 536870912 0 268435456 0 0 1572864 0 4194304 2052 8192 1 0 8 838991936 294914 272
is_linear=0
shrinkage=0.05


Tree=67
num_leaves=31
num_cat=24
split_feature=5 35 42 6 36 36 36 36 36 42 36 36 22 36 36 22 36 36 36 32 36 36 36 36 36 36 36 36 42 36
split_gain=53.7516 37.4538 31.4497 27.6384 24.6396 24.4084 24.0027 20.7456 19.4514 18.0397 25.9953 16.4502 15.8969 23.4684 19.5477 17.0947 27.9114 24.8633 19.7028 16.797 19.3242 15.6716 15.5421 15.3786 15.2151 15.1966 14.6158 14.1295 13.8727 13.6768
threshold=0.59703126549720775 1.0660022497177126 0 1.7983530163764956 1 2 3 4 5 6 7 8 4.5000000000000009 9 10 1.5000000000000002 11 12 13 20.32499980926514 14 15 16 17 18 19 20 21 22 23
decision_type=2 2 9 2 9 9 9 9 9 9 9 9 2 9 9 2 9 9 9 2 9 9 9 9 9 9 9 9 9 9
left_child=7 3 4 8 -3 -4 -5 -1 -2 10 -10 -9 15 -14 -15 16 -11 -17 -18 20 -16 -12 -8 -21 -13 -19 -20 -25 -28 -7
right_child=1 2 5 6 -6 29 22 11 9 12 21 24 13 14 19 17 18 25 26 23 -22 -23 -24 27 -26 -27 28 -29 -30 -31
leaf_value=0.0074559079423282661 -0.0086189474728735373 0.032453607425230541 0.0095838285573564604 0.028836989877780928 0.00038502105100210921 0.0036735631335759441 -0.015958900191009505 -0.01336187109284323 0.023096851031094472 0.010249893245984286 -0.010398381705727298 0.0042795464979004773 0.012821668070736952 -0.012082008702736655 0.024998261772894149 0.0089488802844645641 -0.010719249131058258 -0.012503400735943082 0.009266290976378844 0.012856333385727571 0.0050496245528953466 0.0021075839213996624 0.002041723323692094 -0.010219110769151697 -0.0061895450773642472 -0.0039156067626982703 -0.0077796405544634448 -0.00038612222471750451 -0.00056013697695259383 -0.010701443124145041
leaf_weight=2893 7720 1016 1789 5314 9625 2554 2215 4905 2162 3767 2908 5046 2791 3238 1038 5151 3034 4029 3816 2955 4460 39614 94041 4035 127697 139324 7407 82505 81875 46718
leaf_count=2893 7720 1016 1789 5314 9625 2554 2215 4905 2162 3767 2908 5046 2791 3238 1038 5151 3034 4029 3816 2955 4460 39614 94041 4035 127697 139324 7407 82505 81875 46718
internal_value=-0.000593942 -0.000376314 -0.00153899 -0.000233801 0.000933626 -0.00205406 0.000503095 -0.00146899 -0.000420067 -0.000371322 0.00057456 -0.00155704 -0.000492294 3.65251e-05 -9.21715e-05 -0.000707377 -0.000201653 -0.00104758 -0.000367267 3.82604e-05 0.00272049 0.000301882 0.000322228 -0.000126543 -0.00145167 -0.0011702 -0.000237787 -0.000247832 -0.000367443 -0.00226265
internal_weight=705642 565101 61702 503399 10641 51061 101570 140541 401829 394109 44684 137648 349425 101022 98231 248403 99899 148504 96132 94993 5498 42522 96256 89495 132743 143353 93098 86540 89282 49272
internal_count=705642 565101 61702 503399 10641 51061 101570 140541 401829 394109 44684 137648 349425 101022 98231 248403 99899 148504 96132 94993 5498 42522 96256 89495 132743 143353 93098 86540 89282 49272
cat_boundaries=0 8 35 62 90 118 145 153 181 207 236 264 291 319 347 375 403 429 457 485 513 541 569 576 604
cat_threshold=78 9043968 604835872 2147483657 538968064 1101017088 150994980 224 0 0 8388609 8192 67113474 8388608 67108864 25165840 268435456 0 8 0 83886080 32768 0 8 16384 8519681 1024 0 0 5120 2112 16384 134217728 1048576 262176 16777216 33685504 1048576 16777216 0 17301504 131072 541065216 0 1 32 64 8388609 64 2080 0 1024 1048576 524288 134217728 402653184 0 0 524288 268435458 67108865 83886088 0 2147524610 65600 2147483648 262144 0 33562624 2048 0 64 0 17184 0 0 8388672 8340 33554436 1024 268435456 0 0 65536 0 2147483648 65536 4096 1024 4 83886080 0 0 4 4096 0 16384 0 16 1346371584 8388609 134217728 0 134217760 0 8 8388608 0 0 2048 262144 2048 1073758272 33 16 0 201852930 67108872 128 2147483648 0 0 32 0 0 0 3145728 33554434 16390 8 32896 2113536 0 196640 2147483648 0 0 570425344 2048 0 4100 536945792 134217728 0 1048832 2113544 3221749794 100729398 2216690176 1077936385 1536 201331200 130 0 0 65536 0 1082163200 8192 1073750528 2147483650 1073742336 524288 66560 67109888 0 4194304 35667968 2 2048 67108864 0 0 0 0 536871456 16384 0 2097152 266240 4096 134234624 512 32768 33554432 1073741856 1048576 0 576 1048832 134250496 4 1032 32768 128 0 36864 131264 67108864 0 1073741824 0 0 2 2097152 0 2147532800 0 0 0 285212672 0 16777216 10242 512 8388608 536870912 262144 2147483652 16777216 2147483648 0 0 2048 33570816 2281709568 0 134221824 1073741824 0 0 524808 1081344 1 128 1 32 262144 0 4096 0 2048 67239936 0 0 1024 0 768 8192 0 4194304 264192 16384 96 4232 66064 1074004000 0 536870914 4194304 0 0 4096 2147483681 2147483648 0 4 0 3072 4096 0 128 4194304 524288 0 0 38281216 67110176 0 512 532480 2101248 0 1792 266240 2147483648 0 4194320 65536 2048 16 537002016 1024 4096 163904 0 0 131072 0 256 0 131104 2048 524288 0 640 4456448 1073742216 64 131088 256 0 1024 0 0 268436480 33619968 0 16384 4096 256 1073742978 131072 256 0 538970113 2147483648 0 0 0 128 262656 134217728 4224 0 0 16386 0 0 0 2130944 258 2097152 2064 0 2097152 32770 258 16384 134348800 16 2147680256 2228224 4718592 20480 131073 0 0 524288 134217728 0 0 0 0 0 1049600 1048576 256 64 1025 0 0 4194368 0 2105344 0 268435456 2147483656 516 536870912 1048576 2048 8 266248 2097152 786440 0 33554432 0 32768 146804736 8 0 262144 768 2164260864 0 64 16777216 65536 0 0 131072 4194304 16777217 33587200 0 0 0 0 1073741952 2097152 0 263168 8192 17039376 8388640 262152 0 1073750016 1 1074528256 32768 0 268435712 0 536870913 1024 4 16384 0 0 33554432 268435456 32800 0 2105348 32768 0 67109120 0 9699328 262144 1179648 1088 4521992 268435456 1073741824 0 0 16842752 67764224 67108864 0 0 0 2 1048584 16400 2 0 2048 32 2097664 36992 512 2 16 65536 0 37748736 0 8192 512 6 0 0 2147483648 67109504 8389632 0 4259840 1073741824 0 8192 24 0 0 0 536872960 32 0 16384 4 0 2147483648 16384 16777248 65536 32768 4097 0 33587200 146808832 4098 134222848 0 0 0 0 36944 0 65536 8650752 0 2097152 0 67108864 32832 167772226 0 132096 1048576 8388608 8192 16842752 4194304 536870914 0 268435456 32768 4194304 0 0 4 67239936 131072 0 2097156 262144 131072 8654848 1 33554432 524288 2701131776 16386 64 81920 8192 0 8388608 1 134217732 2 16448 0 64 2147483648 17039360 0 0 0 0 64 0 1140850688 2147483648 268437504 134742144 536887552 545261568 1115684864 167774854 2952790040 3507617801 0 16384 0 0 1048576 65536 16781360 0 67109376 32768 545259777 8388608 536870912 0 0 67585 67108864 4096 512 2 67108864 2214592512 0 0 138940416 0 0 67108866
is_linear=0
shrinkage=0.05


Tree=68
num_leaves=31
num_cat=22
split_feature=27 35 42 42 37 37 37 37 42 37 22 22 37 32 37 33 37 30 37 37 37 37 37 37 42 29 37 37 42 42
split_gain=50.7059 36.6814 24.6142 24.5738 22.5544 21.2912 19.1823 19.1995 19.0402 18.5822 17.8163 26.5423 24.3218 25.1498 32.4208 21.4033 31.7484 22.2159 18.5313 17.9685 17.6694 17.4774 16.1184 15.7415 14.8579 18.4471 24.5964 13.3782 13.3455 12.8999
threshold=0.52485430240631115 1.0027042031288149 0 1 2 3 4 5 6 7 4.5000000000000009 1.5000000000000002 8 20.32499980926514 9 72.215000152587905 10 1.0000000180025095e-35 11 12 13 14 15 16 17 1.0000000180025095e-35 18 19 20 21
decision_type=2 2 9 9 9 9 9 9 9 9 2 2 9 2 9 2 9 2 9 9 9 9 9 9 9 2 9 9 9 9
left_child=5 3 -3 -2 -5 -1 -6 -8 -4 -10 11 15 -12 14 -14 16 -9 19 -13 -17 -7 -18 -20 -15 25 -11 -27 -26 -22 -19
right_child=1 2 8 4 6 20 7 10 9 24 12 18 13 23 -16 17 21 29 22 -21 28 -23 -24 -25 27 26 -28 -29 -30 -31
leaf_value=0.0069726382653079932 -0.0050846185190216537 0.0021221714756936788 -0.0012061869242039336 0.020402731541381659 -0.0087133499451777924 -0.012435879889121792 -0.0064986583798963219 0.017513174682509024 0.0036100585827457659 -0.0058788356817420341 0.029522906455430865 0.0085078555662198626 0.041500851226985332 0.011920991969353379 0.0040016963401686102 0.0082654140007265061 -0.0084542881018259321 0.049940616263641664 0.00406412640097143 -0.0027678972898860631 -0.0087988826472754373 0.0032845676210131697 -0.0036398298790166657 -6.1755902835359812e-05 -0.00071718488572738949 0.016847423305021789 -0.0019039825522781063 -0.01019653021734817 -0.0051060693140335409 0.007890618602495637
leaf_weight=4132 29723 23377 47626 7096 5576 7154 11662 5545 6801 35500 6503 5978 2043 8945 4090 3645 3056 704 12588 43207 20828 38283 119421 89806 7317 2390 9088 51212 90803 1545
leaf_count=4132 29723 23377 47626 7096 5576 7154 11662 5545 6801 35500 6503 5978 2043 8945 4090 3645 3056 704 12588 43207 20828 38283 119421 89806 7317 2390 9088 51212 90803 1545
internal_value=-0.000589419 -0.000394757 -0.000980324 -0.00012601 -1.47833e-05 -0.00151227 -6.94564e-05 -2.39626e-05 -0.00120179 -0.00155708 4.3445e-05 -0.000204341 0.000563928 0.000379712 0.0034863 0.000434177 0.00119825 -0.000295407 -0.0006485 -0.000528463 -0.00163495 0.000720797 -0.000771816 0.00018678 -0.00172042 -0.00105748 0.000684727 -0.00225222 -0.00148022 0.00455778
internal_weight=705644 582727 183311 399416 369693 122917 362597 357021 159934 112308 345359 233972 111387 104884 6133 95985 46884 49101 137987 46852 118785 41339 132009 98751 105507 46978 11478 58529 111631 2249
internal_count=705644 582727 183311 399416 369693 122917 362597 357021 159934 112308 345359 233972 111387 104884 6133 95985 46884 49101 137987 46852 118785 41339 132009 98751 105507 46978 11478 58529 111631 2249
cat_boundaries=0 8 16 43 69 92 119 127 154 181 207 234 261 289 316 343 369 396 403 430 456 463 469
cat_threshold=573440 1703968 75845632 3221225472 1147207940 8389664 67119392 160 6555904 4260512 16790032 262144 37756932 1073741857 2152769792 272 0 64 16 0 553648128 0 64 16384 2099264 0 0 33792 0 0 336068608 1610612736 939540736 268435456 0 9 0 0 2097152 1073741832 0 33554464 50855936 65536 0 512 0 36 538968064 0 16777216 16384 40 299008 0 0 1073758208 8 268501008 0 1082130464 1073743872 2097152 65664 16384 134217728 1024 2048 16777216 135413760 0 1073774593 0 0 536936448 262144 131104 2151677952 33570816 264192 65536 2147483648 1048592 0 0 4194304 524288 1073774592 2048 25167872 2 512 536870912 2101248 32 16777344 262404 16777216 268435456 128 4 134217728 0 268451841 1073741824 512 5242896 1050752 0 2097152 0 0 32768 0 16785408 4 0 0 640 18940233 151060480 1107428608 3146369 806354945 6361152 1073741952 64 2147762176 0 16805888 8396800 536936448 134217728 83886080 1 2048 64 0 524288 2148007936 0 0 256 139264 4 65536 0 71303168 4 2097152 0 0 536870944 524288 17 131072 0 0 0 276824064 131080 524292 16793600 2684354560 1048576 0 544 0 2 0 786432 0 541073424 4194304 33554432 0 1 131072 545259536 0 1 11272192 67108864 1152 7606528 130 0 8422144 0 0 4240 0 0 0 1 0 64 0 0 4 0 16 524288 0 16 32768 1028 1 0 1048648 4096 134381568 2097152 1048576 8454144 0 4096 2147483650 0 8 8388864 0 0 8 4 0 44040192 0 1 8 3145728 16809984 1073741888 8192 4 32 0 8 0 131072 16777216 75563009 1074790400 0 0 33685504 537399296 8654848 0 134217728 0 536871440 0 67113088 0 0 0 536871936 536870913 0 73728 4098 262144 0 262160 144 16448 4 2684354560 0 2147483732 8388608 0 263168 2048 0 327680 0 0 0 4 32 4194304 0 1052672 0 2097172 8 1 4 576 49152 73728 262144 4194304 2 0 100 128 0 262144 256 8388608 272 0 0 256 4194304 524417 67108864 0 1 8 268435712 33554448 65536 2147745792 272629760 0 65536 8388608 8519680 131076 0 16777216 2147483776 33554432 541065216 4096 4 256 0 0 16 2050 4198400 33554464 134217728 0 0 17 0 2129920 4259840 2147483648 262400 0 134218752 8 0 262144 268443648 131456 0 541065248 134217736 4 0 0 8520192 0 1056768 33554432 0 2048 134221824 0 16 65540 4196352 4456448 4 65600 4096 131144 4 0 512 4100 1073741824 131072 8388612 2048 256 65536 0 33689600 2166358016 0 0 134217728 4096 0 0 0 8192 201327618 276824064 20981768 67248204 8338 1610613379 2820669444 2048 544 0 2097152 0 0 0 0 0 0 0 16 0 0 0 0 0 0 1048576 0 1024 0 0 4194304 0 0 2048 0 0 268435584 16777216 32768 272646144 3 65536 65572 301990032 8192 268632064 1073741824 1 0 65536 256 0 4 2097156 0 4194304 134217728 0 0 16 4 1610875392 66824 3230679296 544 4029153283 2340425736 524292 268435456 1073889280 2147500168 606076929 1573120
is_linear=0
shrinkage=0.05


Tree=69
num_leaves=31
num_cat=28
split_feature=3 28 37 42 36 36 42 36 37 36 37 36 36 36 36 36 36 36 36 37 37 36 36 36 36 36 36 36 42 36
split_gain=49.8165 32.1107 39.561 26.2135 24.4258 23.8146 22.473 24.2988 22.2109 23.2238 21.1378 20.7217 20.691 18.5682 16.9184 16.6545 16.6493 15.9591 15.9167 15.1857 15.1704 17.3105 17.2559 15.1415 13.5163 13.4225 12.333 12.3316 11.7756 14.8641
threshold=0.59146174788475048 0.91275000572204601 0 1 2 3 4 5 6 7 8 9 10 11 12 13 14 15 16 17 18 19 20 21 22 23 24 25 26 27
decision_type=2 2 9 9 9 9 9 9 9 9 9 9 9 9 9 9 9 9 9 9 9 9 9 9 9 9 9 9 9 9
left_child=10 2 4 5 -2 -3 7 -5 9 -4 -1 -8 -10 -12 -9 -7 -15 -14 -13 26 21 -19 -22 -11 -16 -6 -20 -18 -24 -30
right_child=1 3 8 6 25 15 11 14 12 23 13 18 17 16 24 -17 27 20 19 -21 22 -23 28 -25 -26 -27 -28 -29 29 -31
leaf_value=-0.011216308911075779 0.04447346987759377 0.023872073660840154 0.026710360201069702 0.013595501397744257 -0.0069883420052946985 -0.011931546030386819 0.0066536980891385893 0.0068603262026726806 0.011822880061305087 -0.011210109033119708 0.0071966103481251641 0.0027931261911441929 -0.0099508298809221317 -0.012550567954533307 -0.012914309560033702 0.0007636115276011085 0.0040041329593305643 0.044113709600216294 0.0074814534398510886 -0.0061920593484070252 0.0071361033068007137 0.0029978761587443471 -0.0069370181477686997 0.0067921478007612578 -0.0017495026975604293 0.013883555718510646 -0.0026272020669016651 -0.0046738221359527085 0.0067142915267333087 -0.0016146055148548452
leaf_weight=12881 1933 4124 1639 3552 1753 3312 5239 6411 5195 1564 3100 7337 3546 5529 2417 61185 4849 2534 2943 110825 8357 19177 13682 11789 94468 7452 9441 162182 7149 120475
leaf_count=12881 1933 4124 1639 3552 1753 3312 5239 6411 5195 1564 3100 7337 3546 5529 2417 61185 4849 2534 2943 110825 8357 19177 13682 11789 94468 7452 9441 162182 7149 120475
internal_value=-0.000561229 -0.000307721 0.000176123 -0.000628328 0.00307292 0.00023451 -0.000872329 -0.000329782 1.05821e-05 0.00185896 -0.00125704 -0.00129919 -0.000143373 -0.00111345 -0.000469766 -1.31886e-06 -0.00118241 -0.000235808 -0.00142298 -0.00155774 -0.000166994 0.00106781 -0.000346187 0.00116619 -0.000634444 0.00199381 0.000103266 -0.00109287 -0.000476802 -0.000327263
internal_weight=706040 517499 206245 311254 11138 68621 242633 106848 195107 14992 188541 135785 180115 175660 103296 64497 172560 174920 130546 123209 171374 21711 149663 13353 96885 9205 12384 167031 141306 127624
internal_count=706040 517499 206245 311254 11138 68621 242633 106848 195107 14992 188541 135785 180115 175660 103296 64497 172560 174920 130546 123209 171374 21711 149663 13353 96885 9205 12384 167031 141306 127624
cat_boundaries=0 27 35 63 89 97 125 153 180 207 235 263 290 318 346 374 400 428 455 482 509 538 566 594 622 649 678 686 712
cat_threshold=32 0 104 33554432 537133056 0 2097156 67108864 1050640 16 0 536870912 8 524288 268435456 536870912 268435456 4128 1048576 0 0 0 2097160 16 8388688 2147549184 4 19431682 3357016066 67321856 512 1143029760 83902976 134222084 130 536870912 2181038080 4160 2147483680 0 8388608 1077936128 1310784 8389632 172032 0 0 100663296 0 1 8388608 2147483664 2080 0 256 512 0 536870912 256 0 0 0 4 554172418 33571072 65536 0 16384 0 0 32 128 1048576 32 258 2097152 33849856 0 0 4 536870912 268435472 131072 0 134217736 33 16384 8192 4096 65669 75497472 1107297538 2147680393 2819621128 11538496 2 97 0 8192 2147483648 32770 2 256 0 0 1073742338 0 0 2048 16 512 2560 16384 1610874881 524544 0 131072 2147483648 32768 262144 33554432 268435456 536870916 0 134221824 1 64 0 69206016 69648 16384 32768 8388608 0 536870916 0 16 4 134217984 67108864 65792 553648128 132096 16 0 0 0 33554432 541065216 0 1310720 67174400 1 33554560 0 2147485696 268435456 131072 8916992 8388624 2147483648 1152 0 32 32 16777216 1082130432 8388736 0 128 4194304 1140850688 268435456 1 64 0 0 4268032 0 268435456 8388612 8768 32769 65536 262144 0 0 128 36 8192 0 0 0 134221840 272 16384 0 8 4194816 524288 8390656 1026 512 0 65536 32768 268435456 0 0 0 68 131072 4 0 512 1073741824 4194368 0 2298480640 0 0 4 8192 8650752 0 2148008704 0 17825920 512 0 1048576 524304 100663296 294912 32 4096 0 1 4128 134221824 67109920 0 3221226496 49152 524288 671088640 65536 0 0 0 64 268451840 4100 0 1024 524292 16 134218752 2048 0 8388608 0 262144 67108864 16384 2 2097154 0 0 32 524304 0 147713 0 134217728 8519680 262144 65537 0 8448 0 262144 2560 4096 0 65568 1048612 0 16384 524800 1048576 262146 0 513 0 128 1082130512 32 16 0 32 2367488 134218016 0 536870944 0 0 0 0 0 0 4198464 514 0 1040 65536 0 8456 8409216 2097152 268435456 1024 0 1040 0 16896 1048576 0 66 0 2147483664 2147483776 0 8192 67108864 134217728 553648640 12582916 0 0 4096 0 262144 0 65536 268435488 2281701376 2148532736 32768 268435456 32 134250496 0 0 3145728 0 1075838980 33554700 32768 0 0 36864 131136 0 536870912 2 0 8 0 18882560 0 0 128 33554432 16 2148532224 268435584 128 0 1073741824 262272 0 4096 2 14 4194304 0 0 1 524288 0 8 2176 67108864 469778432 0 180292 536870912 0 2147483648 66048 536870912 135172 16818176 0 4194304 16777216 8390672 0 16 128 0 1 0 8 4 8 335544321 0 67633152 1 2147483648 0 16 0 4608 16 67108864 2415921152 0 256 0 32772 16384 0 16777216 536887296 64 0 16 536870912 65537 0 65536 512 1073741828 512 131072 67108864 68 2097152 16777216 0 536904736 16777216 20 1073741856 0 12607488 134217728 16 8192 1048576 1073750016 2155872576 2147516416 32768 2147483648 8192 1048576 0 142607360 0 0 4 0 4194304 0 8 1 0 268435456 0 8 135266304 0 0 2147483656 32 131072 268435456 128 64 1073741828 16384 2176 1024 71311884 0 52224 536870912 256 0 1 0 16384 0 64 1 570425344 8196 0 0 4 16777216 1073758210 50595840 0 0 67371008 256 8421376 268435456 2113536 128 35651616 8192 0 0 64 0 0 131072 8192 8 4 0 2 0 131072 67239936 0 2080 0 536870912 805306368 0 4 536871040 64 32 2050 1049088 12292 268435456 0 4194368 16777728 2147500032 32768 0 4194304 2147483648 4 0 8 8 65536 524288 3104 4 0 4096 3254845440 0 1124073728 65536 1048576 1152 16 0 541065216 8 0 536870913 256 0 0 0 32 4096 33554432 2097152 2147483648 768 262152 2147483648 0 16 524288 10518528 524544 0 67109632 524288 0 16640 0 32 2048 0 0 4 1028 2048 0 268435456 0 134217728 0 64 33556488 2 33570832 0 131088 32770 16842752 9568256 264 128 16809984 268435456 0 4194304 8388736 0 4194304 1048576 134225922 64 0 32 67108864 8 0 0 0 1073741824 0 538969088 5 0 34816 512 0 32768 67108880 67108866 8388608 0 0 0 0 0 33554432 8388608 0 134217728 0 1024 0 0 289406976 606076929 67656 335544320 1 2950144 268435456 537415680 66816 67211392 2156396552 3255830534 73 2147483656 33554432 0 0 8404992 128 4202496 12591168 128 67112960 0 1073742336 4 33816576 68157440 268435456 1073741824 2359296 2 0 32768 1207959552 0 0 0 32
is_linear=0
shrinkage=0.05


Tree=70
num_leaves=31
num_cat=23
split_feature=11 35 37 37 36 37 36 36 36 36 37 22 32 37 36 37 36 31 22 36 36 30 37 36 36 36 37 36 36 36
split_gain=47.15 36.6366 27.9541 23.7047 21.6549 21.9765 20.0916 18.583 18.5735 17.6311 18.2199 17.4202 26.6929 39.6666 31.4772 25.8001 24.5253 22.2895 20.955 26.0733 20.9507 18.957 19.7059 19.1865 18.1362 16.5058 16.2606 15.9312 15.7375 15.6463
threshold=0.54285714030265819 1.0660022497177126 0 1 2 3 4 5 6 7 8 5.5000000000000009 21.605000495910648 9 10 11 12 3.0408500432968144 1.5000000000000002 13 14 1.0000000180025095e-35 15 16 17 18 19 20 21 22
decision_type=2 2 9 9 9 9 9 9 9 9 9 2 2 9 9 9 9 2 2 9 9 2 9 9 9 9 9 9 9 9
left_child=4 3 -3 7 -1 -6 -5 -2 -4 -7 -11 18 13 17 -14 -16 -15 -13 19 -8 -20 22 29 -24 -17 -25 -27 -12 -22 -21
right_child=1 2 8 6 5 9 11 -9 -10 10 27 12 14 16 15 24 -18 -19 20 21 28 -23 23 25 -26 26 -28 -29 -30 -31
leaf_value=0.0051830547036381021 0.052778008652009593 0.0074158817896269567 0.012100201378275846 -0.008111043091947925 -0.011153195661360979 -0.010618929475494188 0.012345336167118087 0.0046752357971931785 -0.0082551758077315258 -0.0081580419588482608 0.0049657777360609043 0.03901599959716473 0.027323058432947845 0.040630086181805698 0.020158301261991547 0.014639921002455543 0.00042290290436892091 -0.00082351712032057887 0.0089811515397035854 -0.0079086946508522878 0.0053506301924495783 0.024124982067928895 0.010537986660598825 -0.010839148181457241 -0.0031956564030981671 -0.010651312983091521 -0.00015077325480061869 -0.0035396321198206656 -0.0026567747049358707 0.019282274980035069
leaf_weight=5373 2667 5802 1398 6784 11670 6745 4903 9066 45426 19603 5972 2751 1564 1159 5875 1369 8738 796 7107 886 9272 2583 5164 2128 33422 2874 86456 202304 201203 4598
leaf_count=5373 2667 5802 1398 6784 11670 6745 4903 9066 45426 19603 5972 2751 1564 1159 5875 1369 8738 796 7107 886 9272 2583 5164 2128 33422 2874 86456 202304 201203 4598
internal_value=-0.000548481 -0.00024418 -0.0014846 -8.15353e-05 -0.00109742 -0.00116591 -0.000148239 0.00213173 -0.00189004 -0.00106046 -0.000985762 -0.000100404 0.000717197 0.00265749 9.94518e-05 -0.000169139 0.00102594 0.00718522 -0.000239537 0.00032429 -0.000523526 0.000157162 5.01423e-05 -0.00011549 -0.000686887 -0.000283048 -0.00017909 -0.000848494 -0.0006137 0.00296269
internal_weight=705658 453991 52626 401365 251667 246294 389632 11733 46824 234624 227879 382848 55674 13444 42230 40666 9897 3547 327174 109592 217582 104689 102106 96622 34791 91458 89330 208276 210475 5484
internal_count=705658 453991 52626 401365 251667 246294 389632 11733 46824 234624 227879 382848 55674 13444 42230 40666 9897 3547 327174 109592 217582 104689 102106 96622 34791 91458 89330 208276 210475 5484
cat_boundaries=0 28 55 83 110 138 166 194 221 248 274 301 328 356 384 412 439 463 490 518 545 573 598 626
cat_threshold=16 2147495936 128 2149580800 2 0 75497728 32 2048 1344290816 0 65552 4 0 75497600 0 256 32 16777216 0 4194304 0 0 4194304 65536 4227072 0 1 0 3221225536 50 0 536875008 147456 8256 1064960 2099216 8585216 0 0 8 4096 0 8454144 0 0 0 131080 32768 0 0 0 0 262148 587202560 16778240 132096 65542 2097152 262144 16777216 16384 0 0 655360 1 65536 8388612 0 1 0 256 0 0 134217728 32768 4864 0 0 5242880 513 134217728 268697632 8388612 8256 32801 2 17039360 4259840 0 0 36 16384 8521728 0 32 16 18 0 0 256 0 268959744 29362176 4194304 1 0 0 0 268435456 4096 1 268435584 512 536871168 0 32769 16384 2097152 33554434 16777216 0 128 0 0 0 0 8 0 536870912 134217730 0 541069312 598016 134479872 2147483648 134217729 268500992 514 2214592512 68 2147483648 1073741824 142606336 24 2147485696 1140850818 16777216 128 0 33554432 8192 33554432 0 0 0 1048576 8192 0 0 536870912 2147483648 8192 4325376 1024 4 16781312 2 8388608 16908288 33554432 25165824 16 4194304 67108864 144 0 0 8388608 1073741824 2048 1107296256 16777216 0 524288 0 2147483648 134217856 0 524288 402653184 1 16777216 2 2147500032 2147484160 33587200 0 36 67108864 0 268435456 3145728 64 262144 8 32768 16777345 0 37376 131072 71303168 0 268436484 4194304 0 0 2097152 0 32768 128 672137216 0 1073745920 16785408 256 1073741824 134250496 1 272629760 512 1073741824 262144 0 64 0 1048576 0 8 4194308 1 1024 1026 0 0 268501248 1073741824 66048 77856832 512 67117184 73400576 128 2147483648 2130176 0 0 4240 2147483648 0 4096 0 33554432 512 0 8 4 1082130432 65536 0 0 0 128 1024 1 0 8388608 0 0 8192 4268032 0 514 2685403136 537133056 67108864 256 0 0 0 67108864 4210944 0 0 4096 0 16 0 2164260873 1073811968 304087040 16 0 0 134283266 163840 268435520 268435460 1073741824 0 40 1073741824 131072 0 1024 34079744 0 536870920 0 16801808 0 0 16384 16777216 138412032 33554432 65536 4 0 2097152 2281701376 64 8523914 4210688 0 40960 0 67244032 268435456 0 0 4194304 0 8192 301989888 0 67108864 1048576 0 576 1 16640 4194304 4194304 0 8192 262208 0 0 1073741856 1024 0 369098752 128 4194304 131072 8388608 0 73728 1024 2 4 537395200 2097152 526336 512 0 2148532224 0 4194336 2149580800 4096 16 134217728 0 8208 6144 134348800 0 1610612736 3221225472 2181038080 256 268435456 67108864 4196352 0 4100 0 0 8 256 16 131072 4194304 0 2 0 1032 33554432 68190208 16384 3 0 32832 16 16 64 0 2147483648 32 1207959552 2147483648 16384 1048576 64 67108864 262144 268435464 12 0 2052 1024 4194304 33554440 0 0 2149580800 524288 1056768 0 8192 4194312 196636 2 0 262144 128 2147483648 32768 16777216 0 4194336 8388608 512 0 536877056 268435472 67108864 100 1 0 2112 268435456 0 65536 80 8389632 64 0 583008784 526336 0 0 16384 6145 0 134283268 0 2048 2 0 0 0 276824064 0 0 2048 134348800 32 0 0 1073741826 134349828 0 0 264192 0 0 0 32 327680 266760 24580 4096 0 0 2 0 0 34816 268435456 8388672 67109120 2064 0 1048576 64 0 0 0 33554432 260 16777216 184549376 4 20971520 16384 2 4194304 0 262156 33554432 134234113 131072 0 547373066 0 0 134217728 4096 0 8388608 0 512 2 0 0 134217732 0 131072 0 1048592 134217728 1 0 134217728 0 262176 524288 0 545259520 0 524288 1048576 262144 8 0 1048608 0 2105344 163889 536879364 0 34048 0 1 9060352 134217728 133136 0 16400 4210688 0 1073741824 16896 142606336 128 2 32768 8388672 131104 0 0 0 32 33554436 8192 9437184 8388608 1073741840 0 4096 537067537 32 0 0 0 16 262144 0 0 8388608 805306368 0 268435456 17956864 0 536871424 0 0 2097152 0 1077936132 33554688 512
is_linear=0
shrinkage=0.05


Tree=71
num_leaves=31
num_cat=26
split_feature=27 28 18 36 36 42 36 36 37 36 37 37 37 36 36 36 37 37 36 36 37 36 28 37 36 36 37 36 36 36
split_gain=41.5628 30.2506 28.4675 28.9006 27.7644 26.9257 21.4102 21.0683 20.6694 20.6223 20.5635 20.0356 18.7764 18.5876 17.288 16.3027 15.8092 19.6388 15.9689 15.4189 15.3051 15.1988 15.1697 25.287 23.0164 14.2784 14.1159 14.078 13.8306 13.7549
threshold=0.52685460448265087 0.99850001931190502 0.97771430015563976 0 1 2 3 4 5 6 7 8 9 10 11 12 13 14 15 16 17 18 0.58149999380111705 19 20 21 22 23 24 25
decision_type=2 2 2 9 9 9 9 9 9 9 9 9 9 9 9 9 9 9 9 9 9 9 2 9 9 9 9 9 9 9
left_child=4 7 3 -3 -1 6 -4 -2 28 -7 -5 -6 -11 -14 -10 -13 -16 -18 -19 -15 27 -17 24 -24 -20 -23 -27 -21 -9 -22
right_child=1 2 5 10 11 9 -8 8 14 12 -12 15 13 19 16 21 17 18 22 20 29 25 23 -25 -26 26 -28 -29 -30 -31
leaf_value=0.014848037819436517 -0.010493608764757955 0.012093171962365069 0.0058701283286710596 0.008772618901686232 0.0075091892475790227 0.0095462640848538918 -0.0079553335222646258 -0.0015800296316715646 0.012180702151581679 -0.010345851777210396 -0.007996697897231413 -0.012420471680456272 -0.011138626831569402 0.0089072559161591808 -0.010432648742882512 0.0061273584035797541 -0.0074168825531094607 -0.0079576604529154014 0.066724510467357584 0.0067584049315942505 -0.010456930107642589 0.0034684242835923427 -0.0097923700239254223 0.00045630543550748641 0.0054483862649843239 -0.011714162004656348 -0.005735489885628108 -0.0071192922208047366 0.021508727054491254 -0.00027589232220430747
leaf_weight=2099 4394 2116 2267 2514 3877 6271 20993 1760 6923 6517 58559 4124 3087 7621 2821 3231 10020 5388 1231 1601 2958 4984 10657 247562 7082 5999 101528 12122 3080 152708
leaf_count=2099 4394 2116 2267 2514 3877 6271 20993 1760 6923 6517 58559 4124 3087 7621 2821 3231 10020 5388 1231 1601 2958 4984 10657 247562 7082 5999 101528 12122 3080 152708
internal_value=-0.000526446 -0.000347798 -0.000722503 -0.00165604 -0.00135018 -0.000449582 -0.00205621 3.20394e-08 5.10215e-05 -0.000255709 -0.00185507 -0.00144694 -0.000350544 -0.000255043 -2.81235e-06 -0.00156143 -6.28761e-05 -2.55375e-05 5.46082e-05 -0.000187832 -0.000286867 -0.00145102 0.000109137 4.14557e-05 0.00221133 -0.00154819 -0.0016695 -0.00188692 0.00328798 -0.000145687
internal_weight=706094 580252 279334 63189 125842 216145 23260 300918 296524 192885 61073 123743 186614 180097 291684 119866 284761 281940 271920 177010 169389 115742 266532 258219 8313 112511 107527 13723 4840 155666
internal_count=706094 580252 279334 63189 125842 216145 23260 300918 296524 192885 61073 123743 186614 180097 291684 119866 284761 281940 271920 177010 169389 115742 266532 258219 8313 112511 107527 13723 4840 155666
cat_boundaries=0 28 56 64 92 120 146 174 200 227 254 282 310 338 364 391 419 444 471 499 526 553 582 609 637 665 693
cat_threshold=0 16777216 8650752 16777216 0 589824 131072 76021760 0 4194304 136 0 8388608 512 0 536870912 1024 2101248 0 256 0 2147483652 65536 0 402653698 40 8 67108864 512 0 0 67174400 0 512 0 2097280 0 0 0 134283264 131076 268435456 65552 0 8448 8388608 0 524304 5 77596672 1073741824 2052 0 16384 134250512 67108864 396288 4194496 17309696 33816576 34869248 4027195411 536903692 384 65536 16 0 0 0 0 1073774592 528 32 0 8321 134217728 0 4194320 2097284 33554439 512 3072 134217728 8388608 0 129 0 4194304 4194304 4096 2 67108864 0 1245696 8421376 0 0 0 32768 65536 2097152 0 262148 0 1073741824 1 32772 524288 8 8 0 0 18434 2147483648 67112964 8192 1026 2147500032 256 268435456 524322 0 32 0 262144 134348800 2097152 25165824 2099200 134217728 2147487744 32784 1048576 0 0 1207959552 268697600 268435712 2684354560 0 32 524288 1048576 0 320 2147483648 67108865 8192 67108864 2 0 4096 8388608 268439552 1073741824 0 0 2048 17301504 36864 260 0 1160 524288 0 33554432 128 4194304 8 33554432 1073741824 2228224 67112960 8192 0 4096 8448 134217728 0 0 67108864 0 269486112 16384 0 81920 2148016132 33554432 9437312 0 262144 32 2147483648 0 0 68 18874368 16777216 64 4194304 67108864 32768 524800 4 32 2097152 0 1090519040 0 40 262144 1 0 1073758208 0 402718720 0 1084227584 1073743888 0 262272 0 134217728 1024 0 16842760 2097152 65536 0 38 16777344 393216 0 0 16777216 0 0 0 0 0 1114128 1572865 2048 4194304 8520704 1081344 0 276824064 4 35652096 402653184 0 16777216 2048 1056 16777217 8192 659456 0 0 0 81920 512 33554432 16480 12 268436800 2097152 0 4096 2147483648 0 0 0 16386 0 0 0 0 41943073 64 65536 2155872800 263168 64 2147618848 0 268435488 0 1048576 0 0 2684362784 16384 32768 0 0 0 16384 8192 512 0 33558528 64 0 2147483648 16777216 512 0 2101250 65536 1049096 32768 33587200 33 68157444 0 64 1048578 135266304 2 4194304 2147483648 0 0 36864 268582976 0 0 1024 0 0 0 0 0 2147516416 128 128 8519680 0 1073741824 262144 4194304 536936448 1074003968 131088 2147483680 8650752 264192 540672 32 134479873 0 0 2048 4096 4608 0 16842752 2 32768 0 0 64 135266304 4202496 32768 134217728 0 0 67125248 512 268435456 0 524290 268763136 0 1073741840 16 1048576 4325376 32768 8 268959744 295040 0 16777216 4 0 0 536871040 0 2147483648 262144 0 0 0 262144 0 8192 0 2097154 33554432 8192 0 134481920 2147483664 0 0 134227968 536903680 603980804 0 131136 2621440 134283264 0 3 1073742336 512 16386 0 2097152 1073741824 0 33562656 262144 16384 5373968 67108864 16777218 8704 16384 4194816 0 8388608 1179712 268435456 0 0 0 262144 272 2415919104 4198400 2101248 0 67121160 0 0 2097416 1073741824 0 0 0 0 2147483648 2147483712 0 8405120 0 2097152 0 151552 32 32 150994944 131072 268435458 0 536 268436480 0 4 4194304 4098 0 35651584 536870912 528 0 268451840 0 536870912 32 134742018 268435456 1073745920 8 2147483648 8389120 0 8 512 0 16384 1 1073742336 536870912 262144 276824128 537395200 0 0 0 272629760 135856128 512 0 0 0 1073745920 33554496 537919488 16 0 524296 0 4194304 2048 0 0 0 16777216 1090519044 369098752 262144 0 33554432 0 1073741824 142606336 8192 2048 130 16809984 0 67108864 1 0 2097152 1049088 2155872257 34816 0 8192 0 0 2080 32 8192 32 16 4194304 0 1073743872 2048 262208 16777216 262144 1073741824 0 16777728 1 2 134217728 0 2155872256 16384 2155872784 0 1048576 0 258 0 1048576 1 0 4096 67592 33554432 1 0 8768 16384 73728 2 4325376 256 0 100 128 0 268435458 0 8388608 272 0 0 536871176 536870912 1 0 0 1 8200 256 33554448 16842752 16779266 268435456 0 8192 142610432 262400 1074266114 2048 8388672 536870912 0 0 0 0 537001984 67125256 2621440 33554433 0 0 0 1048576 8388608 16384 0 4 134217728 16384 1074790432 262144 16 65536 268452384 0 0 1073741824 8192 16777216 0 0 0 130 32 0 0 525312 576 1024 2281701376 0 524288 2097154 524288 0 2 1073742336 8388608 0 2621698 134217728 134217728 67108864 4096 134217728 8 2 134225920 32768 128 0 147464 134217728 67108864 256 553648128 0 0 0 4098 2048 2 0 3145728 32768
is_linear=0
shrinkage=0.05


Tree=72
num_leaves=31
num_cat=26
split_feature=35 37 42 36 36 6 36 36 37 36 36 42 36 36 36 42 36 37 36 37 37 36 36 36 35 37 29 37 36 36
split_gain=40.3942 30.1339 25.5514 28.5021 23.9802 22.9641 23.5015 20.5074 19.7936 18.9925 17.4833 17.4715 17.4246 16.43 15.3875 15.2636 16.2031 14.5709 14.5637 14.1213 14.0532 13.9682 12.0356 11.9772 12.6895 12.4305 11.8791 39.554 21.2037 20.2223
threshold=1.0032965540885928 0 1 2 3 1.8806459903717043 4 5 6 7 8 9 10 11 12 13 14 15 16 17 18 19 20 21 0.61867865920066845 22 1.0000000180025095e-35 23 24 25
decision_type=2 9 9 9 9 2 9 9 9 9 9 9 9 9 9 9 9 9 9 9 9 9 9 9 2 9 2 9 9 9
left_child=1 -1 3 -2 -4 7 -7 -3 -6 -9 17 13 -8 -12 -13 22 -17 -11 -5 -18 -16 -21 -10 -22 -25 -26 -23 28 -28 -29
right_child=2 5 4 18 8 6 12 9 15 10 11 14 -14 -15 20 16 19 -19 -20 21 23 26 -24 24 25 -27 27 29 -30 -31
leaf_value=-0.0077511032356176613 0.032260932122815937 -0.0081853219566345534 0.0056522739487645289 -0.015790267692447329 -0.016013499388429404 0.053518239229968345 -0.015010411343985808 0.0046460922511667706 0.004333380008008563 0.018562793979234767 0.0049570296820486068 -0.0067005930183632809 0.0029707518103439003 -0.005066866323287858 0.008130840574755412 0.0043964832735218836 -0.012257183624557738 0.0012940047493832177 0.00066136606255484068 -0.012605558549275354 0.0038364762461561177 -0.0048603363425797734 -0.010401567570911596 0.060723768130402256 -0.0071090750584602794 -0.0010820455118694817 0.027244966436348279 0.0088664908045761638 0.0070163812691117575 -0.0044872733429688226
leaf_weight=15208 1640 7884 4941 1741 5302 3556 2321 12575 1666 3154 3176 10202 72490 41825 7818 5894 8994 16985 26041 3484 11313 105472 16257 1212 12083 265892 572 1936 4172 28966
leaf_count=15208 1640 7884 4941 1741 5302 3556 2321 12575 1666 3154 3176 10202 72490 41825 7818 5894 8994 16985 26041 3484 11313 105472 16257 1212 12083 265892 572 1936 4172 28966
internal_value=-0.000522737 -0.000270191 -0.00109011 0.000279957 -0.00130487 -0.000199643 0.00058206 -0.000355083 -0.00139786 -0.000303499 -0.000367838 -0.00044948 0.000392865 -0.00136975 -0.000315205 -0.00130769 -0.00115203 0.00106476 -9.93068e-05 -0.00125079 -0.00024986 -0.00113102 -0.00269126 -0.000306186 -0.000370831 -0.000393111 -0.00105358 -0.00026454 0.00398107 -0.000917415
internal_weight=704772 487694 217078 29422 187656 472486 78367 394119 182715 386235 373660 353521 74811 45001 308520 177413 159490 20139 27782 153596 298318 144602 17923 290500 279187 277975 141118 35646 4744 30902
internal_count=704772 487694 217078 29422 187656 472486 78367 394119 182715 386235 373660 353521 74811 45001 308520 177413 159490 20139 27782 153596 298318 144602 17923 290500 279187 277975 141118 35646 4744 30902
cat_boundaries=0 25 33 61 90 118 146 173 201 229 237 263 291 319 327 355 381 410 437 464 491 519 547 574 601 628 655
cat_threshold=134217728 8388608 32769 0 262400 4259840 134479872 32 4194308 16384 2 268959744 0 1048576 134217728 1064960 0 524288 4227072 1 25167872 2 16777728 0 65536 6816000 135921664 100991232 2149580801 70320388 12582912 603988384 160 0 256 2048 134217728 4096 4 524288 8392704 32768 1 0 1048576 67108864 131 0 536871960 16384 2129920 0 67108864 0 0 2049 16384 134218752 0 524320 32 8192 393216 0 16777280 0 0 268435458 536870912 67110912 1 65536 2 12582912 4096 0 1107296256 1024 0 17301504 0 4 512 67174400 0 272629760 536870913 33554440 0 2 0 2155872258 64 2147483648 0 0 0 256 2 128 67108865 536871680 16456 0 8388608 134217860 0 0 268435712 0 4096 0 0 2181038080 0 4128 1024 4356 0 327680 262272 0 32 32768 32768 0 3145728 33554432 12 8 49152 64 4096 4096 131072 0 4194560 256 16384 0 4096 9216 2 2147483648 17825920 33554432 12582912 64 32 0 0 0 35655680 134742016 2147483648 0 655360 0 32 142606864 16 536871424 0 0 0 524416 128 67108896 1 0 0 1074790408 872415232 16777728 1024 4 67112960 0 131072 8224 524288 32 2148007936 131072 0 524288 0 0 268435456 1073742688 4096 1073741824 0 1 2304 262144 1048576 2097160 65536 0 1048576 536871936 0 134217728 0 131072 4194304 1073758272 0 1025 268435456 67108865 0 4608 2147778576 0 0 524288 0 1048578 1572864 4194304 536870912 0 147456 4194304 0 32770 8192 524546 512 50345984 1082392576 270852 1480654849 3242205472 12 4194304 16777217 8421376 16785408 0 0 526336 0 64 8192 134480896 0 0 1048576 393224 0 1073750016 1 1074003972 4 0 256 262144 524289 1024 33570816 2048 2048 1073743872 16 536871040 262144 0 2064 268435456 537149440 0 2147516418 0 0 0 6291712 2416967680 256 1024 0 0 0 1073742848 4194306 0 0 65568 67108864 16384 2147483648 525312 525312 256 1048576 1 66048 0 0 0 0 256 16384 32 2097156 0 128 8388736 553648128 0 2147483776 0 2097152 134479873 557072 0 32832 537001984 536871040 268468740 41992192 134645912 2148336128 35336 262 16842752 0 671088640 0 655360 8404992 133136 2214592520 16 2 536870913 2147524608 0 16 16 2048 0 0 131072 0 0 4224 0 16384 0 8 16777216 256 65536 0 8192 67633152 8388736 268435456 69206272 67125248 1073750016 536871200 0 671088640 256 256 524288 536870912 134217728 1032 2147483648 67108864 1073741824 0 0 4194304 0 4 128 0 0 1024 33 67141632 0 1049600 0 0 64 512 128 0 8192 0 34636800 0 2147549184 1554 4 16777216 0 67633152 16384 1073741828 16777344 0 2 4096 0 65538 2 1152 16 16392 2147483776 268435456 0 2147483648 0 0 64 268439808 0 29360128 655360 0 1048576 268500992 5120 0 8 8388608 1088 33554432 4194336 0 0 0 545259520 8404992 0 2148532224 0 2097152 0 33554432 262144 1207959552 268959744 65536 256 805306368 0 8 128 67108928 3145738 1073741824 0 65568 570425344 8388609 2281701889 268435456 134217728 32 0 0 1048576 4096 268435456 2149842944 263168 16 2097152 2147483712 16941056 0 0 1 524288 4194306 8388608 0 0 16 0 256 2 268435460 0 16384 0 196608 0 8390656 393216 32 0 9441408 1050624 512 33554592 0 0 5120 67108864 0 524320 134217740 0 0 0 4096 65536 2097152 65 0 4096 2048 0 2164260864 0 33554432 0 8192 268435488 1024 2051 256 131204 0 50340864 2097152 32 0 134217728 8388608 134217730 0 66560 2048 0 256 4 536879168 32 25174016 0 0 256 1073741824 0 512 0 0 0 589904 1048720 2049 16793600 65536 0 0 4194304 0 0 4 256 294912 270533248 2099200 8736 0 2158493696 134221824 16777216 0 1048576 0 80 32768 16 0 17664 0 2304 1024 0 1048576 0 1073742848 0 10 4194304 128 0 2099200 4194304 67108864 0 1073741824 1048576 16777216 4194304 0 0 8192 1024 0 68157440 0 0 0 268435456 131072 67108864 0 128 8 0 536870912 0 131072 524288 2147483648 0 0 131074 33558528 524290 1073758208 10368 33570817 524288 0 1140850688 1028 1024 0 1 0 2097152 69206032 131072 0 0 1024 0 1073741824 524288 268435456
is_linear=0
shrinkage=0.05


Tree=73
num_leaves=31
num_cat=21
split_feature=11 35 37 37 37 33 37 42 29 37 37 37 37 37 37 35 37 37 37 32 37 37 42 37 28 37 30 37 32 37
split_gain=38.8503 30.2986 27.1656 21.1705 17.4623 16.4115 18.0363 15.3401 14.7843 20.4608 17.2012 14.489 14.4873 13.3159 12.4063 12.0454 23.7883 16.7867 11.7445 15.013 42.4946 19.0365 15.2228 14.5316 11.1134 11.044 10.7069 21.289 33.1464 13.778
threshold=0.55714288353919994 1.1110839843750002 0 1 2 64.524997711181655 3 4 1.0000000180025095e-35 5 6 7 8 9 10 0.94641631841659557 11 12 13 22.23499965667725 14 15 16 17 0.67149999737739574 18 1.0000000180025095e-35 19 20.144999504089359 20
decision_type=2 2 9 9 9 2 9 9 2 9 9 9 9 9 9 2 9 9 9 2 9 9 9 9 2 9 2 9 2 9
left_child=3 4 -3 -1 -2 14 26 -5 10 24 -9 -12 -11 -8 -6 16 -15 -17 -19 20 -20 -21 -22 -23 -10 -18 29 28 -28 -7
right_child=1 2 -4 7 5 6 13 8 9 12 11 -13 -14 15 -16 17 25 18 19 21 22 23 -24 -25 -26 -27 27 -29 -30 -31
leaf_value=-0.0091362958069373269 0.011453841554158746 0.0056688624450231409 -0.010360965491274701 -0.0060863463405917521 0.0069932065994559355 -0.01199011400738474 -0.0081102103495951216 0.0052178503351385692 0.27264302783095107 -0.0077953709337192064 -0.013057464213963935 -0.0039936954582614542 -0.0003050813009617191 0.016869742217699497 -0.0046859532026761446 -0.0094102684361487034 0.0054503618187205748 0.0022778400207483312 0.0091737274050293759 -0.0090554735777331405 0.0024689678037376505 0.0023045805795121675 -0.0029950934089554536 -0.0023968695812163097 0.010465490769295802 -0.0020368620992067162 0.48540724056611029 0.0057394878956794296 0.092486749554562986 0.0051544383195386533
leaf_weight=12682 8638 4385 23955 32190 2083 5484 3867 5719 165 6942 7334 135749 66552 5967 36650 7083 12207 36115 17286 12050 22235 24147 46009 113906 2921 20141 224 10691 4068 18037
leaf_count=12682 8638 4385 23955 32190 2083 5484 3867 5719 165 6942 7334 135749 66552 5967 36650 7083 12207 36115 17286 12050 22235 24147 46009 113906 2921 20141 224 10691 4068 18037
internal_value=-0.000502366 -0.000209983 -0.00179069 -0.00097323 -9.9881e-05 -0.000148145 -4.27946e-05 -0.000874904 -0.000728995 -0.000164533 -0.00101954 -0.00112699 -0.000332223 -0.000165456 -0.00112601 -0.000129842 0.000701403 -0.000244073 -0.000181375 -0.000310066 0.000218633 -0.000611344 -0.000342394 -0.000444831 0.0038166 0.000165641 0.000979617 0.00202449 0.00499419 0.000314385
internal_weight=705482 435228 28340 270254 406888 398250 359517 257572 225382 76580 148802 143083 73494 321013 38733 317146 38315 278831 271748 235633 85530 150103 68244 138053 3086 32348 38504 14983 4292 23521
internal_count=705482 435228 28340 270254 406888 398250 359517 257572 225382 76580 148802 143083 73494 321013 38733 317146 38315 278831 271748 235633 85530 150103 68244 138053 3086 32348 38504 14983 4292 23521
cat_boundaries=0 27 54 81 108 116 142 170 197 225 252 279 307 333 359 386 412 420 447 472 499 526
cat_threshold=16 12288 4096 2149580800 258 0 8389120 32 67584 1073741824 0 134217728 0 0 8388608 65536 0 0 16777224 2097152 1073741824 67174400 2048 4194304 65537 1077968896 16777216 8388612 8256 32800 16785410 262144 4194304 4096 0 2097188 8404992 8519681 0 0 16 16 0 0 256 0 268959745 2048 4194306 512 0 256 0 268435456 2147483648 2147483648 50 0 536875008 147456 69 1064960 3147810 65536 0 16 0 4096 0 65536 4194304 0 8192 268435464 32768 0 0 0 2048 0 570425344 17 1073741824 0 0 0 64 32768 262144 16 537014272 2147487745 16416 537133064 33554432 1024 8388608 268435456 536870912 0 33554432 0 4196352 0 0 0 4 16850948 262146 537137952 32768 262144 138682412 3825992195 2298642432 16 0 0 524288 5242880 34 2147483648 2097156 1073741824 66048 134217984 0 32 512 278784 0 16 150994944 0 0 0 32 67108868 3153930 0 0 2151677952 524304 262144 0 4100 8388628 268435464 0 262144 536870912 2097172 0 66560 524288 0 0 536870912 0 48 2580 0 128 0 0 1073741824 0 2129952 0 1 536870912 0 68157440 33554432 134221824 0 0 134217728 0 8 524288 32800 0 512 1048576 67109392 16777216 512 0 138412032 16777232 67109892 2 134218752 0 4 67174912 134217728 272634368 4096 2147487744 0 0 4219144 0 268435456 4194304 4098 606208 0 0 128 16384 0 524288 516 128 67108864 0 0 16 0 0 128 1 134217728 10485760 16385 33554560 134217984 8 272629760 0 512 33554432 2050 268435456 0 134217728 0 603996160 134225920 0 0 0 268435456 34 8192 553648128 0 8 640 2048 0 536870912 8388608 4391040 0 3153922 0 0 128 0 167772160 2282749952 8 0 2 0 20 0 69206016 16 4 0 419430400 80 64 32768 69634 67108960 68 2148536328 65552 0 256 0 268500992 0 8388608 0 0 64 269492224 0 536870920 0 16777232 134217728 0 0 0 0 301989952 16777216 0 1 4096 64 12 16384 0 0 167772168 134217728 268435456 0 0 0 32 80 269484034 2048 256 33554448 2097152 5242880 32 135232 50331648 0 12582912 2147483648 2637888 0 4352 8388608 4195330 0 67108864 67588 0 2153775456 0 65536 134221824 8391680 0 0 8520192 0 0 2048 0 0 0 0 1 16 8454144 512 67108864 69206016 0 3221225472 1090519040 1 0 32912 0 134217728 0 16384 524288 262208 0 8 32 0 4259856 540672 8 1048576 33554560 2097152 32768 9502720 512 1677754368 8 128 0 1073742080 0 0 0 0 0 0 16388 102760464 64 0 2097160 32 4096 4259840 0 9 1048576 0 6357056 33920 620756992 46203010 4194953 874646016 1091567872 4325376 8 2 268435488 74816 2281701376 16 0 536871424 0 1073741828 67108864 0 4194304 1048580 8 0 514 0 4 16 131072 67109888 0 0 2097156 268435536 0 2097152 0 0 1048576 67125522 0 2147483648 134218240 67174400 8 20 0 536905728 4 2147483912 0 262144 0 1056 1048576 10485760 1024 4096 8 16 32768 16 1073741824 0 0 0 0 0 0 0 131072 1 0 0 0 0 0 0 536870912 0 0 0 0 0 0 0 4 65536 16 1073741824 0 0 0 0 0 0 0 131072 1 0 0 0 0 0 0 0 0 0 0 0 0 0 0 0 65536
is_linear=0
shrinkage=0.05


Tree=74
num_leaves=31
num_cat=28
split_feature=28 42 25 36 42 36 36 36 37 36 36 37 36 36 36 37 36 36 36 36 37 37 36 36 36 37 36 37 36 37
split_gain=35.4332 29.7451 25.0722 25.8122 24.9908 25.0883 21.6574 21.2256 20.4667 19.5114 18.9244 19.7016 17.3004 17.0222 15.9383 15.5639 15.441 14.8895 14.7444 14.5902 14.499 13.5963 14.723 13.2941 13.2648 13.1143 13.558 12.8409 12.4017 12.187
threshold=0.99850001931190502 0 0.75694981217384349 1 2 3 4 5 6 7 8 9 10 11 12 13 14 15 16 17 18 19 20 21 22 23 24 25 26 27
decision_type=2 9 2 9 9 9 9 9 9 9 9 9 9 9 9 9 9 9 9 9 9 9 9 9 9 9 9 9 9 9
left_child=2 18 3 -1 6 -6 -3 -4 19 -9 -7 -12 20 -11 -14 -15 -17 -13 -2 -5 -10 -19 -23 -24 -8 -18 29 -16 -29 -27
right_child=1 4 7 8 5 10 24 9 12 13 11 17 14 15 27 16 25 21 -20 -21 -22 22 23 -25 -26 26 -28 28 -30 -31
leaf_value=0.014422998201259966 0.0043896641321013183 0.0065152777689195113 -0.0109626361541 -0.0077348498210802049 0.0062887569498775624 -0.011110459511372468 0.0026336355195626889 0.019321209882049814 0.015074587401826878 -0.0094030613028130792 -0.010071379522313326 -0.0083006063061284545 -0.012273167583984222 -0.011519255908678224 -0.0112847576771056 0.0097240126424765466 -0.0085383966752649049 -0.0070956048146944206 -0.012850560520121346 0.013843704027825331 0.00020393702518166563 0.0071363167839623015 -0.0075941926579808569 -0.0014432764380545862 -0.00709162430854354 -0.0033565334745010306 0.00067799834754695462 -0.0090242358599731329 -0.0022814682374753584 0.016373462828564545
leaf_weight=3427 1876 2597 3046 1244 9566 4514 3388 4079 1816 4237 7499 6354 3180 2089 2884 9068 4900 13285 16303 3373 3743 7458 7739 222859 41288 2235 172391 4105 128805 5929
leaf_count=3427 1876 2597 3046 1244 9566 4514 3388 4079 1816 4237 7499 6354 3180 2089 2884 9068 4900 13285 16303 3373 3743 7458 7739 222859 41288 2235 172391 4105 128805 5929
internal_value=-0.000503257 -0.000865701 -0.000156719 -0.000643508 -0.000756023 -0.000576008 -0.00181912 0.000200408 -0.000742152 0.000262077 -0.000665286 -0.000610548 -0.000846906 0.000192446 -0.000956363 0.00026009 0.000306295 -0.00053695 -0.0028337 0.00253133 0.001886 -0.000476445 -0.000389513 -0.000460261 -0.00207734 0.000207719 0.000277044 -0.000874196 -0.000802357 0.00226667
internal_weight=705277 344726 360551 152577 326547 279274 47273 207974 149150 204928 269708 265194 144533 200849 138974 196612 194523 257695 18179 4617 5559 251341 238056 230598 44676 185455 180555 135794 132910 8164
internal_count=705277 344726 360551 152577 326547 279274 47273 207974 149150 204928 269708 265194 144533 200849 138974 196612 194523 257695 18179 4617 5559 251341 238056 230598 44676 185455 180555 135794 132910 8164
cat_boundaries=0 8 36 43 71 99 127 153 181 209 235 263 291 316 343 371 398 426 454 481 508 535 563 589 616 644 671 699 726
cat_threshold=537020432 541069376 294926 1141391424 16 805831171 574619656 4 67108864 1 65536 2 0 0 268451840 2048 51712 16384 0 65536 540672 2048 0 0 12304 4 0 0 524292 268 4096 2048 16777216 8388608 16 1052672 263168 1107575424 272638496 42205216 33830912 2147622912 1225920516 3 16384 64 16 262144 4194304 41943072 4128 1073741824 4198400 256 2147483648 0 0 4 34078720 0 0 0 0 134217728 0 2048 0 268435712 1130496 135176 264 131072 16384 0 0 0 0 1073872896 46137616 1073741856 0 65536 134217728 0 520 35651584 33554440 0 1056 524288 0 1 2147483648 0 3145728 4194304 4096 2 67112960 1024 131072 32768 8 0 1073741840 262144 0 2115584 0 262156 0 1073741824 0 24 0 0 8 2048 0 18432 2147483648 4100 256 328706 2147483648 17 32768 536870912 0 65537 4210688 32 268435456 0 26214400 2097152 0 1073750016 1024 0 520 2621440 16 0 2228224 536870944 0 262176 4194304 0 4195328 4194304 3758096384 1124073984 2147483680 2112 2099232 134217728 0 0 1024 0 2952790016 536870944 65536 0 64 33554432 0 16384 0 0 0 4096 805306368 256 2214723584 256 8 0 134217728 0 1 2097184 1052672 4 67109896 8192 65544 0 33554432 0 0 0 2097152 0 4096 0 16777218 541065216 10486272 16386 16777216 4096 0 0 167772160 2097344 1 128 0 1048580 65538 134479872 134217728 262144 0 0 0 1 34 262144 528 16 67109376 524288 131072 5242880 1210056705 293601280 0 0 0 0 17039360 8389634 0 2097152 4198400 128 16781312 0 33816576 0 0 8256 32 4194304 1073774592 131088 0 8388608 2147483648 1074266626 0 0 0 0 4 16384 201326592 8 2097184 67239936 0 8388608 16777216 4194304 0 0 0 3221487616 0 0 8193 2 1 4194308 524288 8194 0 0 524288 67239936 16777216 335691776 0 134217728 0 66056 768 8 512 32768 32768 0 135266304 0 142606336 0 536870912 32774 33554432 32 0 4096 294912 67239936 0 805371904 17412 0 268435456 4227072 2214592512 1073742080 8388608 0 1073808384 262144 4195328 4259856 1073758208 0 0 0 2048 0 2147487744 4624 0 0 134217728 65536 4648 132 262272 0 0 4194304 0 1073741824 268435456 2 0 0 2147483648 2564 270533632 1078468610 1048576 0 4096 0 2151677952 134250496 9175040 0 0 0 69206017 16 0 0 1073741824 0 4 1073750016 512 0 4 132 0 8192 1024 16 0 32769 2 0 0 16842752 268436480 1472 2 1073741832 134348801 2147483648 0 0 16 0 8192 0 603981824 262152 0 1064960 4195352 16 2147491840 0 0 131072 1073774592 2048 131585 0 1 128 1048576 16896 67712 33554432 0 1024 0 2097152 0 0 0 536870912 0 32 1026 2181046272 0 2147483648 69206016 0 33554432 1048576 65540 536870912 268439552 0 0 5242880 0 40960 4096 553648132 8 33554432 0 8388880 2147484160 0 0 0 0 4096 131072 270337 67108928 64 1073741824 0 0 2151677952 16810756 0 2 0 2181038080 0 262152 1024 33554432 0 536870912 33555456 1114112 8388608 0 134217728 0 0 33554449 0 2105348 0 0 0 16785408 0 0 268451840 1610612736 8192 776 2050 0 0 2148598788 1048576 2048 0 4096 0 33554432 2048 0 50331648 805437448 268435458 0 66048 0 8208 0 67 276824064 16777216 2097152 268435456 16384 2147483648 1 0 524288 8192 512 2097280 1024 1048576 268435456 1 1 4096 65537 0 2097152 538968064 67109376 8388608 0 524288 0 0 2 0 1 1048576 32 524288 0 311296 2052 274432 0 67141632 4194304 150994944 553648134 32768 0 8388608 0 0 75497472 0 2293760 4194304 33554432 545259524 1 272 8388608 4096 536870916 8388608 16384 0 2155872256 50331648 10240 0 1073741825 0 20480 135168 4096 0 0 1049088 0 8192 131072 134217728 4096 256 134742016 8388608 0 0 143654912 36 8388608 0 268435472 32 0 402653440 1048576 2048 524288 65536 4194304 32 65600 1048580 0 1 0 67108880 2147483648 0 0 16384 1462272 134217856 131088 2147614720 1024 0 8388608 16384 0 33554436 16777216 128 2147483648 8192 0 512 0 20 0 0 524288 5251072 67108864 278528 8650752 0 0 8208 4 2147483648 1073872896 528 268435488 0 131072 65538 32 0 536870912 16384 4326400 36864 512 268435584 0 0 0 0 268435712 32768 33408 0 0 0 0 536903968 64 0 0 0 16 2147483904 262144 16 16797888 2048 4192 0 0 8192 1073745920 553648128 16 2147483648 2097152 0 2147483712 0 33554432 0 2147483648 8320 1048584 4096 0 256 0 2 6295560 33562624 134217728 1073741824 16448 1074266112 0 0 8388640 0 134217728 1024 138412033 8192 0 130 0 512
is_linear=0
shrinkage=0.05


Tree=75
num_leaves=31
num_cat=21
split_feature=22 37 22 42 37 42 32 37 42 34 37 37 32 42 42 37 37 37 31 28 37 37 42 37 32 37 32 37 37 37
split_gain=33.7375 33.2559 29.8882 23.4318 23.1246 20.1178 20.0336 49.2092 21.396 20.2427 19.1279 17.8916 16.0037 15.5194 19.0637 16.3952 13.7724 13.082 11.7457 11.6882 15.2988 15.0959 11.8853 11.4549 11.1503 10.9255 10.8681 17.0033 13.6256 10.5638
threshold=4.5000000000000009 0 1.5000000000000002 1 2 3 20.945000648498539 4 5 1.735000014305115 6 7 20.494999885559086 8 9 10 11 12 2.1256999969482426 0.9975000023841859 13 14 15 16 23.755000114440922 17 22.144999504089359 18 19 20
decision_type=2 9 2 9 9 9 2 9 9 2 9 9 2 9 9 9 9 9 2 2 9 9 9 9 2 9 2 9 9 9
left_child=2 24 3 12 -4 -5 7 9 18 -3 -10 -9 -1 -6 -15 -16 -7 -12 -8 21 -21 -19 -22 -13 -2 -23 27 -14 -28 -20
right_child=1 6 4 5 13 16 8 11 10 -11 17 23 26 14 15 -17 -18 19 29 20 22 25 -24 -25 -26 -27 28 -29 -30 -31
leaf_value=-0.0099467160762368688 0.076313970295076361 0.036415688239202694 0.0070378853919027852 0.00092225425547564548 -0.0079267981859948138 -0.01226074903159502 0.01027730318294341 0.012759820256911811 0.0093580963571402546 0.0017908672458583502 -0.015025321750625403 -0.015023225002293304 -0.0026885074156191781 -0.0061899866171820171 -0.010662783082506276 -0.0026281223916501503 -0.0023368400657760025 0.009911116816055339 -0.0095084489233076743 0.0038034090224468909 -0.011718645485219071 0.0050742865948581826 -0.003866868424004142 0.00028511478821083118 0.0065186024699462608 -0.0022041298448178259 -0.003772916794386 0.015638176744792141 0.0086916497622957951 0.0041057571045484088
leaf_weight=3433 3342 2706 6456 58531 17816 3483 13566 3520 7253 932 2945 1747 1773 57614 6065 214405 109843 5343 4519 6911 8349 9996 48369 14178 3416 54886 7672 5262 11418 9496
leaf_count=3433 3342 2706 6456 58531 17816 3483 13566 3520 7253 932 2945 1747 1773 57614 6065 214405 109843 5343 4519 6911 8349 9996 48369 14178 3416 54886 7672 5262 11418 9496
internal_value=-0.000489369 5.74749e-05 -0.00070807 -0.000236204 -0.0010224 -0.00045986 -6.22935e-05 0.00132061 -0.000248291 0.0066484 -0.000492563 0.000319952 0.00106395 -0.00108698 -0.000995237 -0.000783515 -0.000848621 -0.000625284 0.00102729 -0.000552573 -0.00104346 -0.000107867 -0.00131397 -0.000393764 0.00350273 -0.000318371 0.00148607 0.00316586 0.000866899 1.24845e-05
internal_weight=705245 201474 503771 201415 302356 171857 194716 23083 171633 3638 144052 19445 29558 295900 278084 220470 113326 136799 27581 133854 63629 70225 56718 15925 6758 64882 26125 7035 19090 14015
internal_count=705245 201474 503771 201415 302356 171857 194716 23083 171633 3638 144052 19445 29558 295900 278084 220470 113326 136799 27581 133854 63629 70225 56718 15925 6758 64882 26125 7035 19090 14015
cat_boundaries=0 25 33 59 67 93 101 128 155 163 171 196 223 249 274 301 308 335 362 386 412 439
cat_threshold=16 4194304 16777216 64 4 268435456 131072 2048 1629505600 1073741824 0 0 8388864 0 1025 0 16384 256 2140160 8 33554432 0 0 1073741832 8388608 17334284 3238138882 75695394 6291520 270540800 16777216 33440 128 0 2147483648 256 4 536870912 0 64 278529 0 16384 32768 33702913 671096832 134217728 0 1073741841 268566528 1342177296 2048 8 0 0 0 1073745920 0 32 16402 143655040 4112 2147615364 68157448 12387776 75497476 34 12320768 512 1152 7340032 128 0 270565376 8388608 0 134221824 0 2048 0 33554433 0 192 8 0 512 0 0 524288 2048 0 64 1610613764 85999617 537657858 71305216 8788 2216755201 2281701392 268435461 146 2147483648 536870912 262144 134217728 36864 142737488 0 16384 512 539042304 6144 32768 524288 0 0 8388608 262144 268566528 3225419792 0 0 131072 0 0 0 0 1 67174400 67108864 67149824 256 2 0 1090519296 536936448 0 67371136 0 0 4096 0 4194304 1048576 0 32 9502724 33558528 0 0 0 16 268468352 0 2129920 281600 1107300864 37936 8388672 10368 2689090066 37785632 4 98564 20971584 285237508 34358560 48 1210130432 2172649984 16 4096 64 0 16842752 262144 536870912 262144 524304 2147483712 0 5242882 268435456 33554464 1048576 16 0 16384 131072 1077936128 0 285214720 2 0 131080 20971520 0 0 32800 4 0 16 0 134217728 16384 0 131073 0 512 134742036 536871312 134234368 4325376 4608 4215296 0 0 67108896 0 0 8388608 0 268435456 537919492 131072 16384 0 0 0 0 0 0 8388608 262144 268435457 0 1216348672 0 269484033 0 1073741824 512 524416 276832256 0 640 1048580 256 1090781192 2 268468224 268443792 0 541065232 2147483648 0 33554448 65536 0 33587200 537395200 4608 0 1048840 65600 3072 0 8388608 2049 67108864 0 0 0 64 524321 4096 268436576 67633152 65536 0 0 2155872256 2147483648 16 3221225472 0 0 8 0 0 553648128 33559584 536870912 0 32768 0 33554432 16 80 16 67108864 133632 142672896 1074368526 3288514560 4112 536871043 671125512 0 2147487744 64 0 65536 2097216 67108864 67108864 4 0 2 263168 2148007936 16 0 0 0 98304 0 268435456 65536 4196354 16777216 538976256 33554432 0 8200 0 64 256 2155888640 537002112 4194304 67109376 201326592 0 2147516672 1572864 4194320 0 2147483648 302514176 65536 0 0 17825792 0 0 67108864 8192 0 33554433 0 65536 2621442 64 0 134217984 134217728 0 2097152 1048576 0 0 0 0 0 0 0 0 16777216 0 0 0 0 4194304 16777218 4 67633156 0 4 134217792 0 2147483648 131072 1074004000 2147483712 1073750016 0 134217728 2684354560 33554432 524288 8650816 1 0 8224 2048 0 524288 8 1048576 0 1073741888 4096 0 0 0 0 0 0 0 0 4104 2 134217728 33554432 0 536870912 0 0 0 0 33554432 262144 134217730 1048576 4194304 0 65536 28
is_linear=0
shrinkage=0.05


Tree=76
num_leaves=31
num_cat=19
split_feature=27 35 37 28 37 37 37 37 37 42 37 37 30 29 17 37 37 37 37 28 37 42 37 0 3 32 37 37 42 19
split_gain=34.8183 27.0455 22.2442 21.3303 23.9768 21.6017 21.1801 17.6742 23.1927 22.3228 16.3184 15.2021 13.7452 13.3154 16.8827 11.7566 11.4644 13.2117 10.5646 10.4677 10.6265 10.4072 9.84218 10.3658 10.3033 9.35942 9.26221 8.68372 8.50404 9.15816
threshold=0.50178477168083202 1.1520773172378542 0 0.91275000572204601 1 2 3 4 5 6 7 8 1.0000000180025095e-35 1.0000000180025095e-35 1.0000000180025095e-35 9 10 11 12 0.57150000333786022 13 14 15 3.6050965785980229 3.8391523361206059 20.144999504089359 16 17 18 1.1044730544090273
decision_type=2 2 9 2 9 9 9 9 9 9 9 9 2 2 2 9 9 9 9 2 9 9 9 2 2 2 9 9 9 2
left_child=6 3 -3 4 -2 -6 -1 -5 -9 -10 12 -8 18 14 -14 -11 -12 -18 -7 26 -21 -13 23 -17 28 -16 -19 -23 -24 -30
right_child=1 2 -4 7 5 10 11 8 9 15 16 21 13 -15 25 22 17 19 -20 20 -22 27 24 -25 -26 -27 -28 -29 29 -31
leaf_value=0.0089334172069189879 0.021642114935547064 0.0028025321687057334 -0.01260016941639079 -0.011752929194186371 0.0086388361929192956 -0.012874281767283459 -0.012606153353503341 -0.0085399195414868536 -0.0050401911715443649 -0.0058401957951342773 -0.013998512638129035 0.00097404344981546489 0.044060621302591682 0.0086092704255571525 0.47904356557215166 0.0044827648677191016 -0.0056238122664186169 0.051696263368531441 0.003507349208762848 -0.0070654357319277676 -0.00024943624954096316 0.001772016296509103 -0.0031824723761345731 0.083194223430188341 0.0080926368595224379 0.16793518774844116 0.0024914184266776628 -0.0056577105851412478 -1.1583108953779722e-06 -0.0028950454550373361
leaf_weight=2646 5284 4434 17456 4076 14145 4779 5294 11453 35760 11130 1778 9739 1898 7358 109 9283 10860 1967 9442 10341 149149 4922 46597 218 16034 1533 5417 86810 162777 52971
leaf_count=2646 5284 4434 17456 4076 14145 4779 5294 11453 35760 11130 1778 9739 1898 7358 109 9283 10860 1967 9442 10341 149149 4922 46597 218 16034 1533 5417 86810 162777 52971
internal_value=-0.000478914 -0.000328462 -0.00205336 -0.00026272 0.00011827 3.77981e-05 -0.00129881 -0.00050641 -0.000467792 -0.000392049 -9.28707e-05 -0.00140832 0.00110048 0.00243692 0.00495623 -0.00025082 -0.000259912 -0.00021981 7.69922e-05 -0.000109777 -0.000194997 -0.0012717 -0.000189135 0.00139245 -0.000243167 0.00866707 0.00173053 -0.00143673 -0.000318378 -0.000186042
internal_weight=705660 596249 21890 574359 224060 218776 109411 350299 346223 334770 204631 106765 25119 10898 3540 299010 179512 177734 14221 166874 159490 101471 287880 9501 278379 1642 7384 91732 262345 215748
internal_count=705660 596249 21890 574359 224060 218776 109411 350299 346223 334770 204631 106765 25119 10898 3540 299010 179512 177734 14221 166874 159490 101471 287880 9501 278379 1642 7384 91732 262345 215748
cat_boundaries=0 28 55 82 108 135 161 169 196 223 250 277 303 330 357 365 391 417 444 452
cat_threshold=2128 2147487744 4736 2149580800 258 268435456 545259776 32 2080 268451840 0 134217728 0 33554432 1048576 65536 0 0 16777216 0 0 0 2048 0 0 0 16777216 1 4 64 100 33554432 17039360 0 2097156 67108864 1050624 0 0 536903680 8 512 0 536870912 805306368 268435488 2147483648 0 1073741856 0 0 536870912 33554752 65536 516 0 1073741824 0 67117056 536936448 16384 8192 2147483648 8208 16 2147483648 1040 4 0 336592896 1073742080 134217728 1792 17825792 0 0 0 33554440 16 16 0 16842752 0 8388608 67108864 16777216 32 536870912 0 1090650112 0 8 299008 1 8388608 1073758208 4097 268500992 1024 1082130464 2048 0 327808 16384 134217728 1024 0 16777216 536870912 1082130496 33 33554432 263168 16 268435456 2147483648 0 0 34816 0 1024 1207959552 0 806371328 0 1073741824 1073741824 134217728 25174016 1024 0 0 8388608 1073741828 67108864 0 0 524294 128 0 20971520 134488064 16777216 1056768 256 262145 0 0 80 1048577 2048 4194304 8519936 1050624 268959744 128 67108864 0 0 256 1048576 131072 1094714944 268709888 540672 135274502 2689466385 2164391936 264 18 67108864 67108872 4210688 134217744 0 16777280 0 0 1610612996 0 134217728 262144 2147483648 0 65536 0 33685504 16 0 0 4194304 16781442 0 8388608 262144 67108865 269484036 1073741888 16384 73728 0 4325376 0 0 96 0 0 268697602 0 8389648 272 0 524288 536870912 4194304 129 0 0 1 8 256 16 66049 0 2129920 0 16842752 0 0 2097152 8388608 0 16392 0 65536 262144 2148532740 4112 67109120 537395200 2097152 32 131072 32 4194306 512 4 4194306 16777216 512 8388608 12288 268435456 0 0 536936448 1140850688 131200 2684354592 138412032 262146 0 0 0 524545 16384 2048 0 2097696 0 0 67108866 0 0 0 32768 136 134217728 0 32768 134479872 4194592 134217728 278536 65552 16386 0 0 524288 1074266144 134479872 16 1048592 0 0 8 655360 67371008 0 0 0 4194304 1088 16 67108864 0 0 0 0 0 0 0 1073741824 0 134217728 0 0 0 0 0 0 0 0 0 0 0 0 0 0 1 0 268435456 0 536936448 1024 0 4194560 538443776 512 10485760 0 65536 0 33571904 128 0 16785408 36864 65536 4 0 65536 2048 0 16777216 1077936132 805306368 624951304 402788352 2248409088 69206016 268435461 17170480 70255236 386 268435456 0 16785936 16 4096 64 64 81920 270532608 0 0 1026 34086912 2048 67108864 0 16896 0 512 8 0 0 8192 1077940224 1 48 0 0 0 0 0 0 0 0 0 0 1048576 0 0 33555520 0 0 0 32768 0 0 0 0 0 0 536870912 1073741828 65536 2097152 262144 4198404 65536 270532624 2097152 1048720 0 32 2147483648 0 2147483648 0 4195336 0 0 2228240 1073741824 4194304 0 2048 2097152 1073741824 16777216 32768 536870928 16777739 81920 554174976 1115717890 37752960 1083179136 813703296 128
is_linear=0
shrinkage=0.05


Tree=77
num_leaves=31
num_cat=28
split_feature=25 36 36 37 36 37 36 36 37 36 28 36 42 36 36 36 37 36 36 36 36 36 37 36 42 36 36 37 36 36
split_gain=30.7837 24.756 21.5186 20.8006 19.3866 18.4983 18.6045 17.7342 16.8423 20.399 16.8089 26.5529 21.8462 27.7659 19.5513 17.2832 17.1748 16.1936 15.3207 14.6959 14.5884 14.3577 15.3917 14.0154 14.0026 22.0603 14.5894 13.5225 12.8665 12.7874
threshold=0.80250084400177013 0 1 2 3 4 5 6 7 8 0.99950000643730175 9 10 11 12 13 14 15 16 17 18 19 20 21 22 23 24 25 26 27
decision_type=2 9 9 9 9 9 9 9 9 9 2 9 9 9 9 9 9 9 9 9 9 9 9 9 9 9 9 9 9 9
left_child=2 -2 -1 -4 -5 7 -7 -3 9 -6 14 -12 13 -13 -8 -14 19 -10 -16 -17 -15 -18 -23 -20 25 -19 -26 -25 -28 -27
right_child=1 5 3 4 8 6 10 -9 17 -11 11 12 15 20 18 16 21 24 23 -21 -22 22 -24 27 26 29 28 -29 -30 -31
leaf_value=0.005420593203206257 -0.0089021806129332033 0.043575948855747365 -0.010309894285834035 -0.008443338019736053 0.021022185488287694 -0.0073337277216999151 -0.0098323284258362582 0.0061082571845057299 0.003216417738466263 8.5250833740135754e-05 0.0082987509973604292 0.023357124424525571 -0.012226876515400761 -0.01111568144580651 0.012585259700746428 0.013754049355476753 0.0078710121609962946 0.016268601946824869 -0.0068839454128312083 0.00034848741025422201 0.00071133967425062936 -0.015407764810478517 -0.0034692700287312223 -0.010736386527919885 -0.0097628248383855171 -0.010113812549634827 0.0025276178722647693 0.0013629789770219832 -0.0032581352883755336 0.00023785051526463614
leaf_weight=7391 5293 1795 8227 6325 2325 6807 3406 4155 9585 7105 5868 3218 3219 2127 4798 2091 2928 2427 5450 6812 46281 5224 91761 1669 8197 2605 9849 169353 242871 26564
leaf_count=7391 5293 1795 8227 6325 2325 6807 3406 4155 9585 7105 5868 3218 3219 2127 4798 2091 2928 2427 5450 6812 46281 5224 91761 1669 8197 2605 9849 169353 242871 26564
internal_value=-0.000440086 -0.000127534 -0.000788988 -0.000849457 -0.000785133 -7.85083e-05 -0.000124121 0.00268411 -0.000729412 0.00135049 -7.43203e-05 -0.000433818 -0.000552356 0.000298622 0.000255688 -0.000944479 -0.000837385 -0.000794383 0.000326288 0.00126598 -8.27314e-07 -0.00102493 -0.00112917 0.000250391 -0.000860666 0.000133514 -0.000981057 0.000329994 -0.000913621 -0.000248288
internal_weight=705726 372255 333471 326080 317853 366962 361012 5950 311528 9430 354205 169529 163661 51626 184676 112035 108816 302098 181270 8903 48408 99913 96985 176472 292513 31596 260917 171022 252720 29169
internal_count=705726 372255 333471 326080 317853 366962 361012 5950 311528 9430 354205 169529 163661 51626 184676 112035 108816 302098 181270 8903 48408 99913 96985 176472 292513 31596 260917 171022 252720 29169
cat_boundaries=0 27 55 82 110 136 164 192 220 248 276 284 312 341 369 395 422 450 478 506 535 562 589 597 623 651 678 705 733
cat_threshold=0 1 268959744 1703936 256 16 0 0 264192 33619970 4 0 268435456 0 2147516424 131072 0 8 0 536870912 2048 0 268505088 8192 134283266 0 65680 67108864 163841 4 67108864 2 0 16384 2064 67110912 16384 131072 0 524288 0 16 0 16 8392704 512 524288 4096 2147483904 65536 0 2163712 67584 8 1048576 4194304 64 32800 73730 262144 0 0 160 268435552 102760448 0 2 0 1048576 536871186 134217728 4194304 268435968 0 268435456 8388608 0 0 0 256 0 536871424 0 2097184 33024 65536 36 1081344 0 268435456 0 134217728 2 16384 0 16777216 4096 134221824 131072 0 73728 1073741828 0 0 260 2248155136 1073741824 2147483648 0 537133056 65536 0 17056016 8208 536870912 0 0 18464 2048 33914880 0 1026 0 1 545259520 134217728 285212672 268439552 0 0 0 0 0 16777224 2048 32768 0 2147483648 32896 2147483648 16 0 2097152 65536 4096 0 65544 8 1073742080 2097152 393216 536870912 65552 0 0 2099200 32770 256 1610612736 0 0 16 256 1107329088 4194312 2147483648 64 2147483648 0 2147483776 524288 100667392 0 32768 0 2048 33554432 18 262144 0 1049088 12288 135266304 0 0 67108864 0 2147483648 268435456 139264 1073741824 2097156 0 0 262208 4456452 32768 285229056 64 33554432 0 131072 8396800 1040 0 0 524288 81920 32 16 0 2097160 128 4 2097152 1073741824 4194305 2097184 0 1 33554432 268451856 4096 0 0 8 1073742338 32 1073742336 512 64 16777216 1048576 32768 33554432 8388608 536870912 0 1024 2 256 32768 0 1067072 524288 0 1 4096 131073 18432 3 16777280 1082131456 0 0 8392704 524290 1179649 0 526336 134217728 0 65792 33554432 0 2 0 32768 201326592 0 2 0 0 0 2 8200 153092100 135266304 2147631232 1049608 1143275565 69468224 1082130464 112 2 8388608 1048576 33554432 524801 4 8388864 0 1073741824 268440080 0 0 0 1073741824 128 0 4195328 1049600 1 2147483648 0 8388608 262145 16402 0 65536 131072 134217728 0 393216 0 0 0 1073741824 262144 0 2150121472 0 2359296 2105344 2 1 4194320 0 8194 0 2048 0 201342976 32768 131076 256 268436480 2147483648 0 768 1 0 71303168 0 4480 0 67371104 1 1048576 256 0 0 536937472 1024 0 16785410 134283264 33280 64 16 4718592 1024 0 0 1 0 65536 64 2097152 0 0 8200 134217728 4 16384 67108864 65556 1073741856 134234624 0 16 1073741824 33554432 1040 8454144 4195840 0 0 8 104857600 0 8192 4096 128 16 9218 1024 0 1048576 0 32 2097184 536870912 134250496 2147483648 0 1073741824 2 0 8388608 0 32 4 524288 2304 129 67110912 1073741824 32 286261248 0 263184 1090519074 268435456 64 4128 135266304 33554432 8208 0 0 805306368 545259552 0 8388608 65540 33554432 0 16384 0 513 512 0 268435456 0 68157440 0 8 0 134479872 0 35651600 4096 0 4194304 128 1024 32768 2097152 16777216 268435456 131328 131072 8192 33554432 40960 33554464 2048 2214592512 0 0 2097664 132104 0 512 512 32768 67108864 160 2 8192 32 2097152 67108864 134283272 1792 4194304 134217728 64 512 8388800 0 0 0 536870912 1 8388608 8388612 0 0 0 32800 16384 0 268435456 65568 0 537001984 1073741824 8192 0 0 268435616 128 0 0 67109120 2164260864 8192 2147483656 512 160 0 304087056 1048576 1 1073741824 65536 0 0 2147483648 1073741824 32 65536 1 0 536871008 67108896 8388608 131072 65536 32768 2147483648 8192 0 2 16384 262144 576 34078720 1048576 0 16 536936448 524288 0 16386 0 134348800 4194304 1073741824 268500992 67108864 1048576 262144 0 4194304 0 536903680 4096 1073741832 1074003968 0 0 8 8 134217728 2621440 0 0 2147483680 34078722 2147614720 128 32 536870914 1048576 4 3 203948313 2165768194 67174912 1142948353 1073741824 17826816 67108869 130 536871168 0 65536 0 0 2155872256 0 8388608 0 268435464 67108865 1310848 69206016 1048576 2147500672 0 9437186 8192 335544340 1048576 0 0 0 16384 0 2097152 0 268501248 8192 0 32768 33554432 0 0 1048576 268435456 64 54788360 160 0 33024 524288 335609856 0 268435456 83902496 0 0 0 0 0 135266304 0 34078720 8388608 4096 1073741824 134479872 4195328 65552 0 512 516 0 0 268435472 2147487776 16 268435456 1073743872 134219776 0 66088 4 262176 0 0 4194304 0 0 16 0 67108864 67108864 2147491841 268959744 524800 134217728 2097152 0 4194304 8 8388676 0 0 134217728 2097408 8192 0 131072 0 134217728 134217736 67110400 0 272 4100 65536 4 65536 2147483776 0 16793600 0 524288 2 1 33554497 0 537395232 81920 2 0 768 0 268435488 0 0 0 134217728 0 16778240 2147483664 4 67108864 32769
is_linear=0
shrinkage=0.05


Tree=78
num_leaves=31
num_cat=26
split_feature=27 36 36 22 36 36 22 36 37 36 36 37 32 36 37 37 36 36 42 36 36 37 36 36 37 36 36 37 36 37
split_gain=29.7405 28.2164 21.1222 19.3981 34.5869 23.904 21.2112 32.6901 23.5125 21.8402 21.3982 20.0944 19.8261 32.7344 28.387 27.9885 24.6039 19.1319 19.0902 18.6771 18.6407 21.5446 17.209 16.2361 16.1939 17.0823 15.9924 15.8367 15.6056 14.9101
threshold=0.52485430240631115 0 1 5.5000000000000009 2 3 1.5000000000000002 4 5 6 7 8 23.244999885559086 9 10 11 12 13 14 15 16 17 18 19 20 21 22 23 24 25
decision_type=2 9 9 2 9 9 2 9 9 9 9 9 2 9 9 9 9 9 9 9 9 9 9 9 9 9 9 9 9 9
left_child=1 -1 -2 6 -5 -6 7 8 -4 -8 -9 -11 13 -7 -15 -14 -17 -16 -12 29 21 -20 -3 -21 -19 -26 -24 -28 -18 -13
right_child=2 22 3 4 5 12 9 10 -10 11 18 19 15 14 17 16 28 24 20 23 -22 -23 26 -25 25 -27 27 -29 -30 -31
leaf_value=0.012418850033312133 -0.0070042747904157533 0.0054587183465160186 0.019823560270103801 0.023748521237007859 0.012235957676899771 0.030189608547801956 -0.010527745969430229 -0.0090699282916557235 0.0058751290220311171 -0.012947599390955465 -0.008567862539627609 0.015807863539818862 0.017992441174374735 0.021696868930657722 0.021716852151943522 0.016649353739722768 0.012578683231545013 -0.011084712515843457 0.024045080874941376 -0.0084709098227717782 3.3939006594585197e-05 0.0037939670851448977 -0.010790925195853928 -0.0018730488819882329 0.013913000891917908 -0.00066040175280613505 0.0067265098273469387 -0.0046604722216815444 -0.0056480198574814051 0.0013901902944436664
leaf_weight=2223 10248 3383 1513 2965 3789 2009 7887 3644 5165 4643 6409 2543 2672 4060 1787 1545 1659 2330 1622 10432 135900 6503 3958 288812 2243 28866 3257 110369 37345 6387
leaf_count=2223 10248 3383 1513 2965 3789 2009 7887 3644 5165 4643 6409 2543 2672 4060 1787 1545 1659 2330 1622 10432 135900 6503 3958 288812 2243 28866 3257 110369 37345 6387
internal_value=-0.000438692 -0.00114457 -0.000289531 -0.000249241 0.00041908 0.000240329 -0.00037594 9.28097e-05 0.00351472 -0.000610905 -5.57482e-05 -0.000545301 6.58949e-05 0.000849355 0.00052981 -0.00068264 -0.00100949 7.29335e-05 3.60917e-05 -0.000496034 0.000154995 0.00247972 -0.00124721 -0.0005633 -0.000197161 0.000104594 -0.00134844 -0.0012393 -0.00125516 0.00175595
internal_weight=706168 123190 582978 572730 91270 88305 481460 160756 6678 320704 154078 312817 84516 41295 39286 43221 40549 35226 150434 308174 144025 8125 120967 299244 33439 31109 117584 113626 39004 8930
internal_count=706168 123190 582978 572730 91270 88305 481460 160756 6678 320704 154078 312817 84516 41295 39286 43221 40549 35226 150434 308174 144025 8125 120967 299244 33439 31109 117584 113626 39004 8930
cat_boundaries=0 28 57 85 111 139 166 194 222 249 276 302 329 356 383 391 419 447 474 501 529 556 584 611 639 667 694
cat_threshold=268436480 0 0 71368704 0 16777728 0 0 0 0 16384 134283264 537001988 0 8454160 0 8449 8388608 0 524288 1 67141632 1073742848 2052 16 67108864 16 67108864 0 1 524672 8 256 0 0 0 2101248 33554432 4 0 268435456 0 2147778568 2147483648 0 8 0 2048 18434 0 4100 73728 2 2148007936 134218496 0 1 0 2147483648 134283265 64 0 67674113 8192 8388608 71827456 16 0 0 8388609 65536 0 0 0 1048576 0 0 134221824 65536 0 16386 150994944 4096 7 4 1050624 8388608 0 0 1024 8 8 0 6 16384 8192 8388672 0 32 0 2097152 806750208 16384 134217728 0 1 134217728 134234128 128 512 1073872960 0 2149580802 0 2147483648 33556480 0 67108864 1 0 268566528 8388608 0 33562624 1073742848 536870912 32768 512 2101248 17303552 134218242 67108864 0 0 0 2147483648 2097152 262144 134217760 67108928 262144 603983872 532480 4194560 0 33024 0 2048 28 0 2048 1074790400 1 1048576 1048578 8192 8389632 4 0 32768 131072 134217728 0 0 64 512 0 512 2097152 2048 2048 1343488 262144 0 0 2162688 2097152 0 16 65537 0 0 0 4194304 8388608 25182738 0 16777216 4227072 0 134217729 1073741824 5 33587200 0 0 1073741824 1024 0 0 0 2147549184 2147483648 0 0 138674304 1074135808 16781312 4096 64 131080 16777216 69632 0 0 1075838976 256 2048 16400 8 128 2 1064960 8388608 524289 0 0 0 0 0 2113536 8388608 4227072 268435456 0 8192 8388608 806357136 0 1075838976 0 268568576 268435456 34 0 0 0 1073741824 67108992 8 67108864 0 0 1049090 20971520 16384 49736 134217729 0 8519681 0 1073741824 0 2048 1073751040 2149646336 0 0 9437184 0 8 131072 0 0 8 32 65616 0 0 10485762 0 0 131328 579862528 32 128 2147483648 138412032 8 0 1048576 65536 0 1040 0 1048584 65568 147456 32769 0 0 1024 0 1073741824 1073741824 16 0 64 67117060 2048 536887304 32768 524288 16 1048576 1024 270532608 0 8192 0 8396800 33554432 0 32 16777216 538968064 545259520 16777216 16777220 16778240 0 0 532480 268435456 0 2 524288 2147549184 262144 536872960 4194304 1050880 8650752 1 65536 8320 268435456 4259840 0 0 268435456 0 16 2048 536870912 268435456 4194560 0 538968072 132 0 131136 65537 2 0 0 16512 2 16777216 0 0 0 49 36869 0 16777216 33554432 8388672 1 0 4202496 8192 524288 134479888 541131008 805308948 33554432 33686148 2684370952 1346377739 16 1073741824 33562640 66 2148532288 16384 33554436 0 2147483656 256 16386 536870912 0 0 4608 128 0 16384 0 0 0 0 256 524288 2181038080 1342178304 0 67108864 2097154 327680 4 0 1073741824 65544 4096 34603008 17039392 128 593920 2097152 2147483648 4194304 0 0 0 8396802 0 268435456 100663296 0 0 4194304 0 18874368 4128 0 67371008 134219776 0 1066048 2152726528 134217730 0 87163136 0 0 4198408 0 262144 0 0 524288 0 0 1024 0 67108864 1024 16385 0 536870912 2 33554432 2097156 4096 0 1073741824 16777224 134217728 0 128 673284224 0 512 0 0 0 268435456 524290 33554432 33554432 4 2097152 8388624 4 2099200 4096 0 16384 16384 1073742370 1024 0 536870912 65536 536870928 0 0 2097152 4719620 0 2048 33554436 0 32 536870912 524304 10242 2097152 8 35651584 536870912 2147483776 0 32 0 0 268435456 2415919105 134348800 1077936224 32768 0 131072 64 37748736 0 0 2415919136 8912898 0 2281701376 256 0 67108865 8224 0 65536 0 1024 0 16777216 136314880 0 20971520 16777216 64 536870912 3221233664 0 201328640 0 138412448 262272 32768 4097 0 1048704 16 33832960 65536 4194368 4194304 262144 1024 0 0 0 0 0 0 0 16777216 8192 0 0 32896 32770 161 202407936 0 268435520 2 135528448 2 1024 2147483680 0 0 37376 268566528 0 4194304 67108866 0 0 0 0 0 32768 524416 0 10485760 0 4 536870944 2097152 2097152 1091567616 0 32 0 0 0 16384 0 65536 1024 1084751904 2048 0 327808 16384 134217728 1024 16777216 16842760 2097152 1 0 134218752 8390656 16384 0 0 536870912 4 0 2147483648 2147745792 16384 96 0 268435968 0 0 33554688 8192 0 128 2147483652 0 1048576 0 66048 2147747840 1057032 2048 67108864 130 0 536871040 0 2688712704 0 1073741824 67108864 0 536870912 134217984 1 1024 65536 512 0 2147483648 142606336 16 4196352 0 0 33554496 0 75780
is_linear=0
shrinkage=0.05


Tree=79
num_leaves=31
num_cat=26
split_feature=35 11 36 36 42 4 36 36 36 36 42 36 36 36 42 36 36 36 36 35 36 36 38 42 36 36 36 36 42 36
split_gain=31.6567 23.5053 23.4165 18.6045 18.3537 16.7695 17.8454 16.1128 15.624 15.5512 14.5325 14.7423 14.046 13.9589 13.31 18.0244 15.8613 12.2673 12.2215 12.1839 11.717 11.5089 11.0846 10.9199 13.2655 12.2331 10.5379 10.2687 9.96011 18.9908
threshold=1.022608816623688 0.50071430206298839 0 1 2 5.6300218105316171 3 4 5 6 7 8 9 10 11 12 13 14 15 0.67103970050811779 16 17 18 19 20 21 22 23 24 25
decision_type=2 2 9 9 9 2 9 9 9 9 9 9 9 9 9 9 9 9 9 2 9 9 9 9 9 9 9 9 9 9
left_child=1 3 -2 -1 20 9 -7 -5 -6 -3 13 -12 -11 -9 16 -16 -10 -14 -17 22 -4 -13 -19 24 -21 -25 -23 -27 29 -29
right_child=2 5 4 7 8 6 -8 10 14 12 11 21 17 -15 15 18 -18 19 -20 23 -22 26 -24 25 -26 27 -28 28 -30 -31
leaf_value=0.0068613087481313008 0.0078491323975641535 -0.0075112433307060987 0.0042878542179072467 -0.010418681849785161 0.0064516875506997196 0.084115955683965904 0.010354616479151169 0.0055729374873227126 0.0076853627735988528 -0.006244065756668752 0.0064309707841130274 -0.0086054989991705515 0.0063249052075224979 -0.0067522981243789528 0.0074289317004960463 -0.012101844906149276 -0.0095175137884316793 0.14034295407750183 -0.0032164309601735923 0.0056037881157995186 -0.013434507845085243 0.0044291124800859604 0.0039720143694724486 0.0046046282517091721 -0.0047754577012098353 -0.0046820583850186439 -0.0023160090477833298 0.026382759256504913 -0.00061671361690370441 0.0011268816026564279
leaf_weight=3877 3234 5886 1399 4000 3918 2217 6978 1861 1404 8418 4967 4556 9920 23838 4182 2556 20702 717 86637 2196 10583 6591 1037 15668 16135 9141 129890 2546 244313 66419
leaf_count=3877 3234 5886 1399 4000 3918 2217 6978 1861 1404 8418 4967 4556 9920 23838 4182 2556 20702 717 86637 2196 10583 6591 1037 15668 16135 9141 129890 2546 244313 66419
internal_value=-0.00043176 -0.000269193 -0.00112152 -0.000742841 -0.001225 -5.19813e-05 0.00205796 -0.000818462 -0.00103756 -0.000102722 -0.000745223 -0.000552136 -6.28131e-05 -0.0018415 -0.00114298 -0.000881557 -0.00224624 -1.65998e-05 -0.00103207 -6.46609e-05 -0.00309014 -0.000646483 0.00409117 -8.51257e-05 -0.00127331 -2.06609e-05 -0.000563807 -8.69813e-05 -3.87514e-05 0.000491837
internal_weight=705786 571171 134615 179580 131381 391591 9195 175703 119399 382396 171703 146004 376510 25699 115481 93375 22106 368092 89193 358172 11982 141037 1754 356418 18331 338087 136481 322419 313278 68965
internal_count=705786 571171 134615 179580 131381 391591 9195 175703 119399 382396 171703 146004 376510 25699 115481 93375 22106 368092 89193 358172 11982 141037 1754 356418 18331 338087 136481 322419 313278 68965
cat_boundaries=0 28 56 64 92 120 148 176 184 212 240 267 275 303 331 360 389 415 441 442 450 478 506 535 563 571 597
cat_threshold=2147483648 262144 262147 83886080 512 524290 131072 8388624 2560 1 8388608 0 8388608 0 0 0 1024 2097152 16777216 0 16384 516 81920 0 268435456 65537 8 33554688 285212672 16 65536 4 0 16777216 512 1048576 48 268566528 1 2147549184 512 0 65536 0 2155880456 0 0 0 32768 16 0 32 2147484672 2097668 134217728 268435456 537133328 1614807360 268470420 41959424 1073905800 1572865 37749251 2 2 2684354570 0 0 1049096 134217728 1112539168 2 0 128 268435457 0 167788544 0 0 134225924 0 1048576 0 0 0 0 0 0 8192 4198400 1048576 4 2147500032 512 557056 0 32 8192 0 0 1048576 524288 3221487616 0 2147483648 128 0 4608 196608 0 268443648 1073741828 6 0 2 8192 0 2181070848 1048704 1073741824 4194304 2084 1024 0 0 8404992 67108896 16777224 0 131072 0 8192 0 0 0 1610612737 262144 16384 131072 33558528 68157440 67108864 1181696 0 0 536870920 1048576 20480 5120 131073 33816576 4096 536871168 0 0 65536 2097152 33554434 2147500036 0 128 0 0 0 0 8 0 16384 134219776 128 2147520576 8192 134479890 0 0 512 544002 83890976 81920 8389632 4194344 1074274563 163582208 16 71304192 16384 0 0 0 131072 2048 0 0 2097152 64 2 0 67108864 0 2097152 541065296 524288 134217728 1048576 1207959552 4616 16432 1048592 4194304 0 1 8194 0 2147483648 32771 0 0 16 32769 0 134217728 0 10 65536 0 64 16777224 2097152 0 2 136 33554432 49152 0 4259844 524320 1 16 65 65664 1048832 3080 0 16384 536875264 512 128 16384 268435456 16777216 536870912 1152 0 4194304 524288 4194432 0 4160 4096 0 512 128 0 536887296 134217736 0 67108864 165897 33574912 536871434 590882 268716032 2415985224 6280 8 0 0 32 0 33685504 65536 2048 0 131088 45056 8192 32768 134217728 1073741840 0 26214400 32768 32896 0 0 1 4096 0 16384 138936320 134217728 131104 67108896 2064 33562624 0 0 285212672 0 1073741841 131328 16384 8388608 0 4096 4 37749248 65536 2050 16384 2151682048 0 16 0 0 0 0 16777216 4 5120 2048 1048577 1024 0 2148532226 541184 1024 8192 524288 1073741824 2147483648 75628544 0 268435456 0 4 0 0 536870912 0 0 4194310 262144 0 0 285212936 0 5120 1048576 1 67108896 134218752 2097152 32768 4194321 1024 0 4 0 33554432 1076101120 4195332 512 0 4 2147614720 0 0 4194305 1024 0 16777216 0 32 0 8388612 1024 512 1 8 570425344 67108864 0 0 4259840 1024 537133056 131072 0 0 4 5242880 0 33558624 301989888 67108864 5120 67108864 0 524320 8 256 256 8192 4096 512 67174400 75760640 0 0 67108864 1610612736 268435456 0 134218784 134217728 33563656 0 2048 1073741828 0 0 4194432 20973568 268436480 512 0 0 0 134217728 16384 1 671350784 640 25167872 1082949632 2147491974 3762290690 3255968264 128 2048 0 0 134742032 8388676 4194304 0 12 0 0 0 2147483648 2359297 262152 2097154 4194432 0 131088 4 0 0 1 1024 542113792 2147483648 0 32768 67117056 262722 0 4096 268435456 268566528 8 2147483712 301989888 0 512 1073741824 536870912 0 2147483648 640 131072 34112320 0 19 0 0 2048 0 0 0 0 32 4096 0 1073872896 135266308 524352 1048576 1 10485760 262160 134217728 1073741824 0 34816 0 2281734168 1025 0 512 0 131072 0 256 134217792 0 16384 0 0 32 0 1 4194432 0 8320 134743040 32772 33554432 2097152 16384 0 536870912 0 2147487744 65 0 4096 0 67108866 0 0 4194304 268435456 0 32 536870912 0 532480 135266312 1073741857 67109120 537002050 3259039766 16532 1409318912 286262848 603983872 2 0 8388612 64 0 67111040 2147483648 1074266384 4194304 524290 0 65664 9 32 32 100663296 128 0 131072 268435460 0 0 33792 8 2147483648 0 32
is_linear=0
shrinkage=0.05


Tree=80
num_leaves=31
num_cat=24
split_feature=35 37 36 36 28 36 37 36 37 37 36 36 22 37 36 36 36 22 36 36 32 36 37 36 36 30 37 37 36 36
split_gain=27.8978 26.8736 20.5667 18.6834 18.6826 29.1603 20.5127 18.673 18.3638 17.3223 17.248 15.8194 15.0453 28.9334 22.4755 21.8915 21.1424 21.0723 27.4619 18.615 18.3498 35.2029 24.943 19.0487 17.9102 17.8956 17.0204 16.6381 17.2575 16.6238
threshold=1.0069045424461367 0 1 2 0.99850001931190502 3 4 5 6 7 8 9 4.5000000000000009 10 11 12 13 1.5000000000000002 14 15 20.945000648498539 16 17 18 19 1.0000000180025095e-35 20 21 22 23
decision_type=2 9 9 9 2 9 9 9 9 9 9 9 2 9 9 9 9 2 9 9 2 9 9 9 9 2 9 9 9 9
left_child=3 -2 -3 -1 5 -4 -7 -6 -5 -10 -8 -11 17 15 -15 -14 -16 18 26 -20 21 -18 -23 -22 -19 27 -13 -21 -29 -26
right_child=1 2 4 8 7 6 10 -9 9 11 -12 12 13 14 16 -17 20 24 19 25 23 22 -24 -25 29 -27 -28 28 -30 -31
leaf_value=-0.0065023962262291601 -0.015282987624337061 0.0074138805847202326 0.014447369980693819 -0.0074842150731442214 0.0063027592481018652 0.0086526391571870795 0.0086980193856784817 -0.0049103212551286036 0.0066900638461118087 0.0042924097787270408 -0.0029716640508288669 0.026632988052524842 -0.020555428685844614 0.014757012786686228 -0.011432826189550212 0.031840275428004827 0.037013786770762717 0.0051959674894580758 -0.0095547618107725725 0.011087933501256132 0.010724704738613745 0.021785414372877523 -0.00058362260948630789 -0.001300082091169013 0.0048763140353519502 0.018385610252520328 0.0076432812359276854 0.0073595372900242609 -0.00097753504157973669 -0.0033345044611946951
leaf_weight=10652 7665 3862 2393 10294 3153 4467 2770 104728 12384 17814 60000 1363 938 3536 3768 8007 1468 6346 3455 3171 4530 2714 10783 101346 9426 3088 4669 6254 110152 180958
leaf_count=10652 7665 3862 2393 10294 3153 4467 2770 104728 12384 17814 60000 1363 938 3536 3768 8007 1468 6346 3455 3171 4530 2714 10783 101346 9426 3088 4669 6254 110152 180958
internal_value=-0.000422033 -0.000941817 -0.000819065 -0.000232018 -0.000897665 -0.000259225 -0.00045258 -0.00130981 -0.000188401 -0.000145009 -0.000685718 -0.000192293 -0.000248208 0.000191842 -1.96267e-07 0.00293937 -0.000111901 -0.000431644 5.66755e-05 -0.000101087 3.26727e-06 0.00164205 0.000837651 -0.000228379 -0.000759668 1.01775e-06 0.00334933 -9.60473e-05 -0.00019353 -0.000846767
internal_weight=706154 189038 181373 517116 177511 69630 67237 107881 506464 496170 62770 483786 465972 137090 128145 8945 124609 328882 132152 126120 120841 14965 13497 105876 196730 122665 6032 119577 116406 190384
internal_count=706154 189038 181373 517116 177511 69630 67237 107881 506464 496170 62770 483786 465972 137090 128145 8945 124609 328882 132152 126120 120841 14965 13497 105876 196730 122665 6032 119577 116406 190384
cat_boundaries=0 27 55 83 111 138 167 194 221 249 277 304 331 358 386 414 442 468 494 522 550 577 604 632 660
cat_threshold=8388608 64 0 2 8388608 16 35651584 524288 2147483648 0 2148007936 2 536870944 8388608 16 537919488 0 0 544 540672 65664 67108864 0 1024 0 1048588 872415232 4194304 262176 0 16777216 524800 0 268435456 17 67110912 4210689 0 8388608 8388608 0 0 1107296256 0 0 0 32768 0 2147488256 1114112 0 16777232 536870921 8 256 4096 65536 2129920 1024 256 16 32768 1 2097152 0 2147483654 0 0 0 2151677952 4096 0 0 12582912 4 18432 2147483648 69634 73728 134217730 32768 128 128 0 0 134219776 32 268435456 16777216 131072 536872960 37879808 1073754112 142607360 1048576 67371008 0 0 8650752 4096 0 2097280 8192 268435456 0 1073741824 16384 0 0 0 136318976 2097152 544 1024 10485760 32784 150994944 8396800 0 4194304 2097152 8388610 0 0 2056 67633152 1082130432 9216 256 0 0 0 4194304 2048 4194304 65 0 2056 268435456 131072 2 0 0 0 32 76021792 0 0 140 2048 0 4096 0 0 8388608 2097168 0 0 201326725 134218752 2048 0 402653184 8192 262144 33554440 2 4 0 32801 0 262400 4194304 134217728 0 4194304 0 0 0 0 1114132 256 16640 0 524544 6324224 268959745 2048 6 516 0 65536 262144 128 0 0 16777232 4 545259552 16384 64 16384 1073752064 0 32768 33554432 536870920 1073741824 335544320 65536 671088896 0 2147483680 8 0 64 2097152 1073741824 0 32 570425344 2147483650 2048 65536 0 33685504 336068866 16777216 0 0 524288 0 1073807872 0 96 0 0 2165571584 49280 67109376 256 0 0 0 0 0 134221824 32768 262144 83886080 34048 65536 0 0 128 1209008128 524288 128 2148007936 0 0 524290 2147483648 0 128 42467368 8388608 0 0 4096 8396800 0 131072 8 4096 32768 1048576 2064 1073741824 0 64 0 80 536870912 134217748 2147483648 538968080 1048576 0 33555232 0 2 0 16777216 4096 536879632 131072 0 134217728 0 8 8388608 0 67108864 0 0 1073741856 0 262144 132096 8192 2097152 8423424 16400 131072 0 0 268713984 0 0 4194305 0 134291457 0 512 278532 524304 2 2097152 0 8388612 0 33556480 0 2112 0 320 0 268435456 0 0 0 2621440 2147485696 276824064 16 16 16384 134219776 285474880 131072 32768 0 0 524419 1048576 0 8 2155873408 5242881 128 1073741824 2129920 0 262144 0 0 0 0 262152 8196 0 268435456 0 20480 64 266496 18432 0 0 2147483648 4194304 0 2097152 1052672 33 262144 0 0 0 134217856 0 130 0 0 402657288 8388608 2097153 8192 71304224 0 0 536888832 2097152 0 1049104 0 0 0 32 65536 2097152 56 262144 1024 8192 33554466 2260992 32 0 0 2147483648 0 0 0 4489216 1082393088 134238208 16777216 0 131072 2 0 0 0 1140850688 536870976 603979776 0 0 256 1073741826 260 16384 0 64 67239936 272629760 33554433 4245536 0 67239936 276824064 2 0 0 0 0 0 266240 2097152 16 134217729 64 8 16384 4194304 4194304 78446592 0 67108992 4194560 130 0 33024 536870912 0 67113088 0 536872960 0 33554433 0 64 8 0 4 0 0 0 32776 134217728 0 536871940 0 0 0 2048 0 4096 2 12288 524288 1073741828 603979808 0 1310720 16 1073741824 524353 134217728 1097730 2147483648 0 0 0 536887296 0 524288 8388608 67109121 2 1024 5242880 66 2097152 268435458 536870916 16 33554432 2147483648 0 0 2560 2560 0 16 268435458 1073745984 0 4096 2048 1073741824 1280 0 0 1024 33554440 0 16384 2112 0 4096 4194560 4194304 1073741824 8422144 536870912 0 4104 2 138412032 524288 0 524288 0 0 8519680 16777232 0 0 0 2 269484048 301989889 1024 524288 34 0 524360 16 0 0 268435456 2149058560 1048576 1073741824 4194304 16 33554432 8396800 8388608 805568512 16384 4 0 0 268435584 0 8 0 16777216 3145728 16777217 0 2097152 24576 1073741824 33554432 262144 33554440 0 1024 2097280 0 0 167772160 1 1 33685504 16777216 2684617728 268435458 0 1073741824 4096 32 0 6291456 66048 0 8192 537919488 0 393216 4 0 2048 147456 2148794368 1073741872 16777216 0 65536 8 8388608 0 8192 32768 4160 131138 0 0 536870912 0 33554433 268437504 0 2 134217728
is_linear=0
shrinkage=0.05


Tree=81
num_leaves=31
num_cat=26
split_feature=0 36 37 35 36 37 36 36 36 37 36 36 37 37 22 37 36 36 36 36 37 22 36 36 37 37 36 36 37 42
split_gain=25.5141 17.3746 18.518 16.3235 17.3069 15.2631 15.1274 13.7391 12.995 12.2682 12.1461 11.9287 11.9214 11.7913 10.8919 22.5683 19.0562 18.942 17.2358 15.7613 14.7754 14.563 18.868 16.9605 16.263 15.6342 13.7856 13.5591 13.4445 12.8215
threshold=0.56763342022895824 0 1 1.1756802201271059 2 3 4 5 6 7 8 9 10 11 4.5000000000000009 12 13 14 15 16 17 1.5000000000000002 18 19 20 21 22 23 24 25
decision_type=2 9 9 2 9 9 9 9 9 9 9 9 9 9 2 9 9 9 9 9 9 2 9 9 9 9 9 9 9 9
left_child=5 2 -2 6 -5 -1 -3 -7 -9 -8 -10 13 -12 -11 16 18 20 -17 -16 -19 -13 23 25 -18 -25 -23 -24 -26 -28 -29
right_child=1 3 -4 4 -6 7 9 8 10 11 12 14 -14 -15 15 17 21 19 -20 -21 -22 22 26 24 27 -27 28 29 -30 -31
leaf_value=-0.012197712802392052 0.020894457125002864 -0.0060952612809205891 0.0011008583099128945 0.013557012615888523 -0.0095651924157248158 0.0055684501202416577 -0.0078137568534140858 -0.0093923526449773871 -0.0085982757387059253 0.011505562715169556 0.0068138630684381474 0.017204494283076157 -0.0025089925962502643 0.0015077449745577066 0.11284885683312346 0.015053316787100791 0.0090696583164881373 -0.011491239782142922 0.014199976624440967 8.2139120594452943e-05 0.0016902910023415822 0.018833583728576995 -0.0095552801512300625 0.013075448252545552 -0.0086594240629524529 0.00097785309701265387 0.0063043128903554017 -0.0072992158432181502 -0.0029460551129262373 -0.00013265377362045024
leaf_weight=7319 5016 9080 15088 999 13592 3163 4650 4316 7899 4732 4099 3068 185035 19311 1127 3492 4808 3535 5274 107471 13013 1978 4928 3398 2510 5343 4475 5352 153485 97984
leaf_count=7319 5016 9080 15088 999 13592 3163 4650 4316 7899 4732 4099 3068 185035 19311 1127 3492 4808 3535 5274 107471 13013 1978 4928 3398 2510 5343 4475 5352 153485 97984
internal_value=-0.000401821 -0.000204868 0.0012344 -0.000265987 -0.00191235 -0.000860848 -0.000213654 -0.000780402 -0.00083182 -0.000172845 -0.00077224 -0.000146129 -0.000691904 0.000936849 -0.000207965 0.000192761 -0.000369279 3.10881e-05 0.00307938 -8.31416e-05 0.00130468 -0.000464011 -0.000756978 -2.68308e-05 -0.000154868 0.00172463 -0.000868576 -0.00026432 -0.000787171 -0.000175913
internal_weight=705540 493709 20104 473605 14591 211831 459014 204512 201349 449934 197033 445284 189134 24043 421241 120899 300342 114498 6401 111006 16081 284261 170209 114052 109244 7321 162888 105846 157960 103336
internal_count=705540 493709 20104 473605 14591 211831 459014 204512 201349 449934 197033 445284 189134 24043 421241 120899 300342 114498 6401 111006 16081 284261 170209 114052 109244 7321 162888 105846 157960 103336
cat_boundaries=0 26 51 79 106 133 161 189 216 244 270 298 322 349 376 404 432 460 487 515 543 569 596 624 652 679 686
cat_threshold=33554432 2147483648 0 2164260928 393728 0 32 0 1536 128 536870912 2147483648 0 0 0 33562624 33554944 1052928 256 4096 68 0 512 2147483648 512 68128 67110929 2147483648 1073742400 0 536870914 2147483712 8388608 67108864 2050 2101264 4096 0 8 33555456 0 2 524288 8 1048592 0 4194304 4194304 0 0 268435456 4194304 4194304 1024 0 0 131072 16777216 131072 1 524288 8389633 1048576 33554432 268435456 19456 81921 1152 0 0 0 0 134218752 0 1048576 134217728 0 262176 266240 1048580 3221233728 32 0 262144 64 0 128 32 2105344 0 0 32 0 256 256 0 536871176 18944 524288 25165824 0 0 0 4259840 1073741856 872415232 0 1 302022784 0 536870912 16 0 65536 2097152 2 2147483648 4 640 16384 8 0 0 0 8 570442240 18434 0 268439556 8192 134479874 0 1073741824 0 1040 2 2097152 0 0 268435456 32784 2147483648 67125248 0 0 131072 2097216 65537 128 256 0 0 134217728 4096 784 2080 1048576 1024 16388 1107296256 134217856 16384 1049088 268730368 2147483648 32 32768 2048 0 2048 134217760 1073741824 37748992 335544320 128 0 4096 196608 0 536871168 5120 0 0 4096 2105344 0 0 128 33554432 134217728 0 32768 33554432 4 138412032 4096 134217728 0 33619968 264194 268435456 32 135266304 272 16384 0 524288 2097152 131072 33554560 67108896 512 8 8388608 0 128 2147483776 2281701376 0 268435456 33554436 134217728 1 0 3145728 33554496 2097152 8 33792 134217728 16392 134217732 0 256 8256 131074 536870912 16777216 0 65536 0 512 0 1073741824 1056769 512 131136 0 67125248 1 1073750080 262144 67108864 2147619328 0 0 0 262160 9437184 268435456 65537 263168 1048592 0 0 0 131072 0 0 2101248 524288 4096 17039376 4 536870912 536870912 2 16777216 0 4 16785408 0 2148016128 2147483648 0 1073741824 536870912 0 0 4104 262144 0 0 1073741824 32896 65536 2097157 1 2621506 67108864 268435456 2149597184 536871938 64 1081344 0 2048 134217744 0 167804928 4096 1032 8912896 0 16777216 0 16 1140850688 0 0 0 134225920 262160 0 268435456 64 0 8388608 536879112 0 16779264 2684362752 1074790400 33792 786944 0 2 65536 8912896 264 536871424 0 0 0 0 131072 4194304 0 33554432 32 34 262148 2097184 2097152 128 1048576 0 144 1024 8388608 524800 67117060 1073741824 0 0 17408 2176 17301506 2048 1073741824 1 0 4194304 0 0 4096 2048 134217728 0 134217728 1024 0 512 2097156 0 536870928 0 8388608 32768 134283264 4096 1024 0 41943048 134225920 2147483648 33558528 8 1572872 67174400 0 536870912 16384 128 2 8 2048 0 4096 0 131072 163840 268435458 0 0 536870912 33558528 4096 0 16842752 16384 402653184 1024 0 262144 278528 16 16384 0 4194384 1048578 4 8523808 4259872 0 8 2097168 0 0 0 0 0 4 2097152 67108868 2097152 32832 0 16386 64 65536 150996992 132096 16777216 2147483648 4194304 0 0 4096 134217760 64 2147483648 65 9441280 256 0 26214400 67174400 0 0 33554432 167772160 1048584 72 0 0 8192 40 0 0 65536 1024 134217728 536870928 32768 1024 4 0 33554432 6146 131072 524290 4 0 2147483648 4352 0 16416 134545664 8388608 134217728 512 0 32776 0 4096 0 0 1610612736 0 0 9216 33554432 134217728 1075855360 65536 262144 0 0 65672 4096 8 18874496 131072 268500992 0 32 32768 1024 536870912 32768 0 2129920 0 67108864 335544352 16777216 0 0 2149580800 524288 262144 33816608 1048577 0 72 16 0 2113536 33554496 1048576 1073743888 32768 0 0 0 8192 4096 0 268697856 4 2147483648 2099200 0 0 8194 4202496 20971520 2097200 2097216 32 8192 4096 0 0 2696937472 65540 67584 0 0 131072 134742016 262152 0 65536 8390656 0 8208 8388608 1024 2052 134221824 268435456 0 1024 4 256 0 524288 134283264 134218752 0 0 2097152 0 0 2129920 0 268500992 0 4096 2101248 262144 2147483648 146808832 67108866 0 16512 16384 32 1 80 4 262272 1024 0 1073741826 0 0 33554432 0 134217736 2147483648 536870912 131104 12845056 1074003968 134221824 4096 0 131080 0 0 0 0 2097152 0 65536 16 167772168 100663424 1073758336 524288 0 268435456 8192 25165824 16384 0 8388641 0 16384 0 33554432 671088640 8409348 268435456 256 268435456 33554432 4096 136 0 0 0 0 67584 65568 285736960 203423744 536952832 2952824960 42991616 33751556 2684354568 1359089675
is_linear=0
shrinkage=0.05


Tree=82
num_leaves=31
num_cat=27
split_feature=28 42 36 37 36 37 36 42 36 36 37 36 37 36 37 28 37 36 36 37 36 32 36 36 36 36 37 36 36 36
split_gain=26.3697 27.6905 18.949 17.6058 16.6665 18.3511 16.3314 16.514 17.862 17.1793 15.115 14.9002 15.6085 14.8817 14.7622 14.2833 21.4938 21.4104 14.4208 13.9271 14.3122 13.3159 15.5605 13.3184 13.1674 12.3485 12.2808 11.9777 11.7034 11.6099
threshold=0.99850001931190502 0 1 2 3 4 5 6 7 8 9 10 11 12 13 0.57150000333786022 14 15 16 17 18 22.664999961853031 19 20 21 22 23 24 25 26
decision_type=2 9 9 9 9 9 9 9 9 9 9 9 9 9 9 2 9 9 9 9 9 2 9 9 9 9 9 9 9 9
left_child=6 24 -3 13 -5 -6 -1 9 14 -8 29 -10 -13 -4 -9 17 -17 -14 26 -12 -21 23 -23 -15 -2 -20 -18 -22 -19 -7
right_child=1 2 3 4 5 10 7 8 11 -11 19 12 15 21 -16 16 18 28 25 20 27 22 -24 -25 -26 -27 -28 -29 -30 -31
leaf_value=-0.0075606429932607577 0.0044074575948283073 -0.010214684842020183 -0.0070778403503901138 0.0044982466376185136 -0.010339433763826098 0.0037096557327602644 0.0072362818509814873 0.02352984026858088 -0.0055343214648587479 -0.004444464108240064 -0.0057734070305641479 -0.0072263695446495683 0.080187426627362182 -0.016867422551558191 0.0020175254540855171 -0.008149668999085263 0.01680185580244405 -0.011187579918173964 -0.0061904123650106694 -0.0076328167217990048 0.0050384328792710733 0.058335477559166328 0.0088481669116138549 0.0089780805419919559 -0.011758502892339222 0.00034372387543773385 0.0032960606999980556 -0.0016059572242045966 0.010955932628063719 -0.0087521416101747056
leaf_weight=5166 1828 4984 3179 9526 6914 1797 2765 3268 8579 28066 20614 8990 1324 1951 6582 10443 2878 1637 8128 5401 8118 1615 4845 3365 13445 256799 8469 244872 7370 12516
leaf_count=5166 1828 4984 3179 9526 6914 1797 2765 3268 8579 28066 20614 8990 1324 1951 6582 10443 2878 1637 8128 5401 8118 1615 4845 3365 13445 256799 8469 244872 7370 12516
internal_value=-0.000385253 -0.000697741 -0.000601245 -0.00055421 -0.00063512 -0.000700467 -8.61954e-05 -4.55672e-05 5.95252e-05 -0.00115119 -0.000640374 -6.15131e-06 5.14938e-05 0.00112087 0.00215495 0.000113646 4.78333e-05 0.00194009 0.000132036 -0.000559019 -0.000459189 0.00194027 0.00346695 8.83945e-05 -0.0027784 5.72386e-05 0.00187665 -0.000404743 0.00106066 -0.00222459
internal_weight=705434 344970 329697 324713 309758 300232 360464 355298 324467 30831 293318 314617 306038 14955 9850 297048 286717 10331 276274 279005 258391 11776 6460 5316 15273 264927 11347 252990 9007 14313
internal_count=705434 344970 329697 324713 309758 300232 360464 355298 324467 30831 293318 314617 306038 14955 9850 297048 286717 10331 276274 279005 258391 11776 6460 5316 15273 264927 11347 252990 9007 14313
cat_boundaries=0 8 36 62 90 116 144 152 180 209 236 264 291 319 346 373 401 428 455 482 508 535 563 591 618 646 674 702
cat_threshold=537020432 574623808 268730926 0 8192 805831171 574652428 4 0 1 2097184 1052672 4 67109888 0 0 0 33554432 16777216 272695296 34112 0 32768 0 65536 4194304 541065217 536871424 0 16777216 0 67118080 0 33554432 16384 64 0 0 262672 0 0 16777280 0 81952 268437568 536924160 32768 590864 8192 2048 1024 0 131585 0 0 8 0 4 0 1073741824 128 32800 1 0 4 1 0 4194304 0 4096 1073741824 4325376 257 2155880448 8192 8 288 34078720 8421384 0 17305600 2147483648 67108864 2147483648 0 0 268435456 65536 2 256 536870912 0 68681761 65538 134483968 138412048 134483968 0 0 0 1 33554464 0 4 18 16 0 131072 4194304 136314880 16777216 1024 0 8 0 262144 0 196608 8421376 0 0 1073741824 0 2097152 2147483648 0 2147745796 33562624 0 0 2064 524288 131072 0 134217728 1024 536872960 2147483648 36868 73728 1024 2147483648 256 33587328 256 202375456 22528 1311744 2281832580 2349080610 2176844161 1 512 0 64 135168 134352896 0 16777216 16777217 32768 268439552 134217728 65568 64 1082130432 0 2 33554432 67108864 0 0 4 80 0 1050624 16777216 8388608 32768 4096 2 0 0 16 2097156 0 33792 278528 128 33554432 1024 2214592512 0 33554432 128 16384 32 1048582 524288 0 1077968896 67112960 1024 131072 0 536870912 8650752 0 1 0 2097152 2 16777216 131072 0 0 553648128 8192 0 1073741824 2048 262144 1048656 268439808 2304 0 0 1048576 1107427329 8390656 0 136 403701760 0 16777216 65536 0 1049088 262528 0 0 0 32769 0 2097152 0 2129922 262152 2415919121 0 4108 16 0 0 0 16384 0 266240 272629760 538968064 134217728 0 33554432 520 671350784 0 32768 262144 0 131072 0 20 32 0 2 269041664 8388640 0 256 1064960 4325376 65536 1073774592 128 65536 135168 0 8192 0 0 536903808 33558528 8388608 268435456 65536 524288 526336 1179680 64 68 32768 0 64 20480 0 134610944 17040896 131072 4 16777216 0 0 512 0 0 1073807360 0 0 32 2097168 0 67113984 69206016 536870912 2147614720 545260032 0 0 16 2147487744 0 0 64 524288 0 0 1024 1048592 4096 32 65536 0 268435472 33587264 1048576 4 0 41024 256 0 0 0 0 655360 268435968 268435456 0 32770 0 34078784 536871056 0 0 524288 0 0 4194336 2 4 0 16777216 1610678340 369099264 262144 2147483648 65536 0 0 142606336 4202496 2147485696 524418 536903680 0 67141633 0 0 538968064 512 1 0 0 0 0 0 32 0 8192 32 0 4 1048640 4 136314880 525346 524288 203423744 1073741824 33554432 67108864 8192 1082130432 0 0 0 67108864 268435456 536871016 8192 536871424 0 0 0 1073741824 2147483648 524288 0 16 4224 4202496 0 4194312 1152 0 16392 0 4 256 262144 2 0 3221225736 34603008 0 16640 33554432 0 4096 32 32 33554944 536870912 268435456 4194304 512 128 327952 67108864 134348800 0 2097160 1 1 67109376 0 65536 263168 0 1 1073741824 135168 0 0 0 8388610 32770 0 4096 2147485696 0 67108864 196 0 536870912 0 1073741824 20480 16916480 570687744 32 131072 4096 0 18874368 134217728 33849344 33554432 256 1024 0 1179648 0 0 0 512 16384 524304 4096 0 536870912 0 1073872912 16384 2164400128 33816576 4144 131072 1024 0 2105344 0 33849344 0 258 1536 128 1048576 4194304 0 0 0 1 0 4096 16777220 4194328 33554448 8192 0 0 537001984 1073741824 526336 577 0 1 128 16777216 16960 65540 1073741824 0 1024 0 0 0 0 0 0 0 32 1026 2181040129 131072 2147483656 33554432 32768 1073741856 0 2147745792 0 524288 537133056 16384 1 0 0 288 536870912 0 16777216 268435720 0 201327616 0 0 2 0 65556 2097152 1074266113 67110976 512 67108928 67112968 536870914 0 545259521 75497472 0 4112 0 0 524288 0 524288 0 0 0 8388608 8388608 0 4194304 0 807403524 0 1024 2048 64 8192 262144 0 262144 0 2097184 4 128 1024 67108992 0 536870912 2147483936 516 2097152 0 1024 268435472 4097 16777216 2097152 0 0 2147483648 16384 135208 134217728 1048576 0 1107301392 513 2048 0 1073743872 8200 4100 0 1090519040 0 0 0 1073741824 64 134217728 32 536936456 41943056 1024 0 0 128 0 0 0 2049 0 805306376 67115008 0 0 2113536 8392704 65536 0 2147516432 0 0 1048576 0 134217728 67109008 270532608 33554432 0 256 268435584 0 0 1048576 0 8224 8 2097152
is_linear=0
shrinkage=0.05


Tree=83
num_leaves=31
num_cat=19
split_feature=35 37 11 37 37 28 37 4 37 37 37 20 42 37 37 33 37 37 14 37 22 31 37 19 42 37 37 37 37 23
split_gain=25.1547 25.4867 18.3369 19.6888 17.4504 15.7004 17.3746 13.7147 12.5934 12.4507 13.334 11.9751 11.6573 10.8154 10.303 10.0506 12.3514 10.7968 10.6957 9.51683 9.38072 11.3411 9.16958 8.90758 13.5066 13.1394 11.1969 9.08206 8.65013 8.55502
threshold=1.0069045424461367 0 0.50071430206298839 1 2 0.99850001931190502 3 5.2144916057586679 4 5 6 0.11197417229413988 7 8 9 64.524997711181655 10 11 2.1964285373687749 12 4.5000000000000009 0.97279998660087597 13 1.0367181897163393 14 15 16 17 18 7.0256001949310312
decision_type=2 9 2 9 9 2 9 2 9 9 9 2 9 9 9 2 9 9 2 9 2 2 9 2 9 9 9 9 9 2
left_child=2 -2 3 -1 -3 6 -6 12 -5 -7 -11 -9 -4 -8 -14 16 -16 18 -17 -12 29 -22 -15 24 -19 -25 -27 -26 -18 -13
right_child=1 4 7 8 5 9 13 11 -10 10 19 20 14 22 15 17 28 23 -20 -21 21 -23 -24 25 27 26 -28 -29 -30 -31
leaf_value=0.0066069586021225372 -0.015017130861808968 0.0065123180532609118 -0.0030845928783208064 -0.0085619196473271549 0.0082645696017879591 0.0041993149961392145 -0.010186801231422933 -0.006179717434337725 -0.0021381951962366132 0.000629329507128365 -0.00074498302986895156 0.022993774452585172 0.0079405023314260692 -0.0068050699999963665 -0.01569894845165681 0.013140615089246164 0.0083087200134889082 -0.0022370799149793257 0.0020711373601447216 -0.0063061862555119814 0.15592959419831667 0.068856698557766924 -0.00034961172712000391 0.0053678335946642543 0.0052904835187125923 0.0019050852320167963 -0.0028956634433994002 0.00096143280590119367 -0.0023226931139684235 -0.01022518345163477
leaf_weight=5659 7375 4729 29334 7193 5586 4651 2978 3416 147071 12705 12668 3404 5972 7232 2938 6189 2103 30771 21234 76214 536 1940 54370 8509 12605 20908 71691 106047 26923 1975
leaf_count=5659 7375 4729 29334 7193 5586 4651 2978 3416 147071 12705 12668 3404 5972 7232 2938 6189 2103 30771 21234 76214 536 1940 54370 8509 12605 20908 71691 106047 26923 1975
internal_value=-0.000380083 -0.000874442 -0.000199626 -0.000644464 -0.00075694 -0.000837345 -0.00025696 -7.13191e-08 -0.000750739 -0.00122074 -0.00133649 0.0017162 -5.61095e-05 -0.000488459 3.24457e-05 -7.22865e-06 -0.000846865 8.93298e-05 0.00103102 -0.0015531 0.00279086 0.0053371 -0.00034587 -1.37913e-05 0.000231454 -0.000376229 -0.000549024 0.000473525 -0.000533114 0.00161803
internal_weight=704926 188508 516418 159923 181133 176404 70166 356495 154264 106238 101587 11271 345224 64580 315890 309918 31964 277954 27423 88882 7855 2476 61602 250531 149423 101108 92599 118652 29026 5379
internal_count=704926 188508 516418 159923 181133 176404 70166 356495 154264 106238 101587 11271 345224 64580 315890 309918 31964 277954 27423 88882 7855 2476 61602 250531 149423 101108 92599 118652 29026 5379
cat_boundaries=0 27 53 80 107 134 162 183 190 217 244 270 297 324 351 359 384 410 435 462
cat_threshold=8388608 64 32 0 0 0 35651592 134217728 2147484160 0 3221225472 2 536870944 8388608 4112 536870912 536870912 32768 32 524288 65664 67108864 0 1024 0 12 905969664 16 0 269484032 266244 134217760 8 16777216 134217728 0 2097216 0 0 262144 262144 301989888 16 687865856 268435504 0 0 0 0 10 1073872896 536870912 56 0 4096 268697600 2097152 2 0 75497472 32 2064 0 32768 525312 1056768 512 0 0 17408 4 0 0 71303168 131076 8196 0 67584 536903728 524288 2097152 544 67634176 67108864 4112 0 8192 0 0 2097216 8388608 134217728 4 0 67633152 2048 8448 33554688 0 0 1056 4194304 2048 0 65 0 2056 8388608 0 98336 16777216 17039360 1077936128 536911872 0 2097184 16384 0 0 256 0 8192 16384 131072 524552 4194308 524288 4194304 0 2097152 8192 32768 0 268435968 16384 0 8705 16 537198592 805322752 1179648 0 268435456 1073741824 4096 81920 524292 33554432 1056768 0 134218240 32 0 268435456 0 0 2097152 0 64 4194304 16777216 1 2097152 71303168 4352 134217728 4194308 0 536870912 41943040 0 409223168 262144 134217728 2155876352 16384 2097280 128 0 0 36884 8 32768 134219777 704 12288 1074036736 65670 2823102491 3255836680 134217729 67108864 1073741824 134234128 0 0 0 604569728 268443648 268435456 524288 268435456 0 134221824 1048832 0 134217728 0 8388608 0 16 5121 2 0 536870928 1024 8192 1 3221225472 16 0 536870912 16384 8 16384 1342177280 512 2147483648 132144 536871936 4096 4096 8388608 32 0 32 8 32896 0 0 1048576 16 1073741824 570433536 9175042 268435456 98304 262408 0 64 1082130432 67108864 2147483656 0 0 0 1073750016 0 33554433 1048640 536870912 1032 16777232 134217728 32 0 16777216 0 0 536870916 0 0 1073741826 24 36864 64 32832 1048576 2149580800 41056 16777216 536870912 33824776 33554496 0 0 537133568 0 0 67108864 0 0 0 0 0 16777220 16777220 2 8388608 536871936 67108864 0 2097152 1073742336 1 537919496 131072 8192 262144 1073741824 65536 8388608 65536 8388608 16 16777224 67108864 0 64 2 4194304 145 1024 32768 0 2415919104 2 1048834 0 1073741824 138412032 0 1048578 0 1048576 536936448 0 33562688 276824064 1048576 16777728 0 0 1048576 0 134217792 1048584 134217728 0 17825792 4 67090 2768307200 2164260864 2147483648 33585153 1091059840 71434368 136 2155937796 0 256 8388608 262144 0 536870912 262145 1048576 10551296 4096 0 512 8396808 135790592 1074004032 0 33555464 0 268959744 32 0 0 0 268435456 82 0 8192 67108992 8388608 2149580800 2097152 0 65554 256 0 0 2282749952 0 67108864 65536 257 0 16 4096 0 0 2058 4194304 34945 536870912 64 67108896 0 16384 0 0 1074790404 1610678272 8192 4325764 0 0 0 2049 6291472 1 525312 0 2 8390660 0 64 4096 0 33554432 0 32 0 4194304 4390912 138412032 271589376 0 0 262400 0 134479874 135266304 9 0 2 0 0 0 2097152 16 0 0 134217728 16777216 64 17334272
is_linear=0
shrinkage=0.05


Tree=84
num_leaves=31
num_cat=27
split_feature=35 37 36 37 5 36 37 36 36 36 36 35 36 37 37 36 37 36 36 37 37 36 36 37 36 36 37 37 36 36
split_gain=25.9884 23.9955 20.7316 19.8829 17.7222 28.0152 17.6322 16.5586 16.4841 15.6054 14.9739 14.3264 27.5585 15.1314 13.0941 13.1212 12.3376 12.2033 12.1508 11.8541 11.5225 11.0294 10.9878 11.3552 10.5572 10.0974 10.0084 13.8229 18.0412 12.5003
threshold=1.0318102240562441 0 1 2 0.53571751713752758 3 4 5 6 7 8 0.81005272269248974 9 10 11 12 13 14 15 16 17 18 19 20 21 22 23 24 25 26
decision_type=2 9 9 9 2 9 9 9 9 9 9 2 9 9 9 9 9 9 9 9 9 9 9 9 9 9 9 9 9 9
left_child=4 7 -3 -4 5 -1 24 -2 -6 -5 -8 12 -10 -14 -13 20 -12 -11 -17 -20 -16 -18 23 -21 -7 -15 29 28 -28 -19
right_child=1 2 3 9 8 6 10 -9 11 17 16 14 13 25 15 18 21 26 19 22 -22 -23 -24 -25 -26 -27 27 -29 -30 -31
leaf_value=0.0097883071698354751 0.027714030242397481 0.0074868109308025262 -0.015439879047148121 0.0056583982171050408 -0.0062206764535502751 -0.0028994312131781354 0.0057188464453153953 0.0026938021405058105 0.088763000295735459 -0.011497662284968979 -0.010921692344485024 -0.0086153304753677773 0.03176032060913974 0.019835922094057892 0.015249187476106396 -0.0054681826660364649 -0.011262950755180893 0.0079833562481974995 -0.005805274434389161 -0.0048274024025739904 0.0016172651738822067 -0.0037281531712405011 -0.0004330565360842161 0.0041100850106508009 0.014098494042429433 -0.0015745358761151741 0.019210979531422447 -0.0057315194887370136 -0.0015854019181042742 -0.00095190924433824302
leaf_weight=2450 889 2886 6854 4032 9149 1297 2576 3352 1255 3171 5344 4315 1993 1278 3874 11929 2827 1197 9353 3190 12346 65467 417068 21667 1811 10315 1334 70510 17012 4654
leaf_count=2450 889 2886 6854 4032 9149 1297 2576 3352 1255 3171 5344 4315 1993 1278 3874 11929 2827 1197 9353 3190 12346 65467 417068 21667 1811 10315 1334 70510 17012 4654
internal_value=-0.000358346 -0.00104283 -0.00118305 -0.00129414 -0.000223782 -0.000906902 -0.00106967 0.00264464 -0.000113762 -0.00111851 -0.00122034 -7.51425e-05 0.00145499 0.000795763 -0.000122091 -9.73756e-05 -0.00135155 -0.00124417 -0.000146336 -0.000104679 0.00129998 -0.00117005 -6.73752e-05 0.000953634 0.00261622 0.000102119 -0.00114165 -0.00127359 -5.06631e-05 0.000860627
internal_weight=705395 115891 111650 108764 589504 81772 79322 4241 507732 101910 76214 498583 14841 13586 483742 479427 73638 97878 463207 451278 16220 68294 441925 24857 3108 11593 94707 88856 18346 5851
internal_count=705395 115891 111650 108764 589504 81772 79322 4241 507732 101910 76214 498583 14841 13586 483742 479427 73638 97878 463207 451278 16220 68294 441925 24857 3108 11593 94707 88856 18346 5851
cat_boundaries=0 27 55 82 109 136 164 192 220 244 272 299 325 354 381 409 437 464 491 519 546 572 600 627 655 682 710 738
cat_threshold=0 4096 268436736 2147483648 2 0 1149370368 32 2096 2113536 8421376 66560 8192 0 0 2048 0 0 0 8 0 4 2097152 4194304 65600 4227072 8 0 17039360 262144 16777216 512 16384 131072 8388608 2048 147457 0 4096 0 0 2048 1073743873 263168 0 524288 256 2281701376 2281701376 0 8192 268435456 65537 8 288 0 64 1048608 16384 128 0 0 65664 2147483648 0 1074266112 0 0 134217728 524560 1064960 536870912 8 8388640 524288 0 0 0 1024 0 1114188 838926336 8 4194320 134217728 20 1024 0 2097152 0 134283264 339738624 1 0 0 16 4 67108872 8389120 1024 4096 131072 268435712 536870912 16384 129 0 0 2080 65536 32 262144 266244 8388608 0 4194304 134219776 65552 32768 0 65536 8 1208221952 8389632 335544320 0 0 0 4194304 16 147456 10 0 0 16 536870912 0 4 0 131072 0 0 0 25165872 134217728 32768 0 33024 16777216 67108865 536870912 1032 0 131073 0 0 0 4096 4196416 1064960 138412032 1064968 32 67108864 4224 1 33849472 4096 0 0 262144 0 2097152 33554434 0 0 128 0 16781320 0 0 0 4194304 17408 3072 0 65796 536879104 134479874 2147483648 67108864 33554432 2151682048 131072 3 0 33554432 524288 16777216 603979776 0 32770 159383552 0 8388608 0 0 39845888 67125248 12416 262144 0 1048576 67108864 0 16384 0 536870912 131072 262144 5242881 16777216 0 75497536 0 513 67239944 4243456 0 2164264968 8 163840 0 0 33554432 2105344 33554464 0 150994944 0 0 512 0 16416 8388608 2181054464 2147483648 4 67108864 406847488 1048832 6146 130 67633152 8388608 1073741824 0 0 8388608 268468224 524288 8389632 0 0 0 0 0 32 0 131072 0 4 0 67108864 603980352 8 65536 268435456 516 2148007936 0 0 2147483648 134217728 0 64 34603008 0 524288 1024 16 1275068416 32 0 0 0 16 2147483648 50339840 0 2097216 16809985 0 263168 65536 0 134218368 512 0 4194305 589824 0 1074855936 384 335544320 0 0 4227072 1 16777216 34 512 0 16777216 1073741824 0 0 6208 2149580802 8 0 134217728 262144 0 2147487744 67117312 2048 0 0 0 128 256 0 1049088 36864 4 16777224 0 131072 8 2101760 16 1048576 1 0 8768 65576 16842752 262402 4194304 8192 0 269484064 0 0 268435488 0 33554432 1048576 0 0 33032 2 268435456 0 0 33556480 8192 65536 0 268435472 0 0 0 268435456 4194309 100663296 0 4 0 2147483712 1073741824 543424516 16 0 2147483648 131072 16 0 0 268518400 0 0 4384 0 0 1048576 513 164352 4194304 2147745792 8192 0 32 16 32768 0 0 0 0 268468224 1024 16777280 4227072 4096 201392144 4194304 8388608 16777216 16384 128 6210 4096 0 0 0 327681 672137248 0 0 73728 0 536870928 33554688 2052 4 0 0 0 8388608 262208 546308096 0 0 268959744 2097152 1048704 268435456 4 0 0 256 8 67109504 2 268435456 0 0 687964160 268435456 536870976 81920 8192 536875012 33558528 33554432 8 0 524288 1048576 0 32 25165824 0 0 81920 0 402653200 0 16777216 4 671088644 1048576 67109120 33554432 32 32832 2147483648 0 256 33280 256 17825792 0 2048 8192 37376 131200 16777216 16 2 128 0 2 2097152 0 1048576 0 33554432 1048640 0 196612 4194305 131072 301989888 64 0 1342177408 512 0 0 0 294920 0 4 33587744 4096 0 0 4194304 0 0 2147483648 18875392 0 37888 0 32768 67125440 538443840 4194576 0 268435456 16 0 0 2147483648 0 0 256 0 0 553648128 65536 512 131072 0 65536 4 138412036 268435521 4194308 0 0 2147484688 1073741825 524296 0 72 8388608 4194304 2147483656 524288 32768 1073741824 0 2148532224 25165824 2048 2097152 134217740 1114128 2080 8 0 0 0 0 0 2147483648 24 0 134217728 128 0 8388608 2348834818 0 0 32896 65536 536903681 0 1073774594 16400 1024 42008576 8448 0 0 0 0 2048 0 8192 0 16 2228224 0 1073750656 2097152 256 16777216 0 0 4194304 1207959616 8192 134217728 1573892 0 128 0 134217728 0 2147549184 2097152 4194304 0 33554560 0 129 0 18874368 1 2128 67108864 4096 67108864 32800 81920 536879104 16777216 65536 268435488 33554432 537395200 2147483648 524288 0 67371008 262144 0 16814080 8388608 0 0 10240 268435456 0 0 32768 8454144 67108864 0 0 268439552 64 0 512 268435460 134218240 8192 67109120 2097152 1024 1064960 1048608 2 12615680 16908288 0 0 1073741824 0 4194304 0 32768 0 2097152 16777216 256 1024 134217728 65536 0 1024 0 544 524288 96 32768 69206016 1073784872 0 8404992 128 4210688 4 0 0 0 1 4196352 0 0 262144 8192
is_linear=0
shrinkage=0.05


Tree=85
num_leaves=31
num_cat=20
split_feature=35 5 37 37 37 22 31 37 31 37 37 37 22 33 37 30 37 37 37 37 37 37 33 37 30 37 37 37 37 37
split_gain=24.7958 20.5844 20.3015 17.4296 16.0903 13.8272 22.7765 30.3633 29.4216 37.6277 21.2779 20.5476 15.6782 20.5225 24.9764 23.151 20.2803 18.9504 18.8178 16.0957 15.175 14.0542 13.393 20.5954 17.7426 38.787 15.6959 13.7772 13.3421 13.2161
threshold=1.0660022497177126 0.53571751713752758 0 1 2 5.5000000000000009 3.0408500432968144 3 2.4970999956130986 4 5 6 1.5000000000000002 72.215000152587905 7 1.0000000180025095e-35 8 9 10 11 12 13 74.505001068115249 14 1.0000000180025095e-35 15 16 17 18 19
decision_type=2 2 9 9 9 2 2 9 2 9 9 9 2 2 9 2 9 9 9 9 9 9 2 9 2 9 9 9 9 9
left_child=1 3 -2 -1 -4 12 7 -7 10 -10 -9 -8 13 14 -3 17 -17 -15 -16 -20 -14 -12 29 -24 27 -26 -27 -25 -11 -22
right_child=2 5 4 -5 -6 6 11 8 9 28 21 -13 20 15 18 16 -18 -19 19 -21 22 -23 23 24 25 26 -28 -29 -30 -31
leaf_value=0.0088099328785431266 0.006683393118839369 0.013758726234065422 -0.016670845304006671 -0.0039857780602328627 -0.0044792891146211876 0.026523253861127784 0.013282936890898909 0.01508725922940591 0.029845212043409421 -0.010105351954148212 -0.011842439515162409 -0.0064953785772388709 0.010324380557305625 0.0072313835148058005 0.0088259449943271541 0.090372806186013746 0.011086576060620631 -0.0023851924490801164 -0.011275989326935791 0.001038824422088778 -0.010852611990292301 -0.00042639501502796204 0.011555097389660856 0.0061957858689064152 0.01629982568741822 0.0075676067078920776 -0.0023988473698002381 -0.0031453309109168355 0.0079253396229837965 -0.0023096769535597204
leaf_weight=2423 4065 4311 6208 85122 60468 7016 2085 4950 2375 1670 2811 16793 5122 3678 8855 275 3212 72080 2227 61717 4076 36251 4872 2402 7195 5658 26733 41538 5602 213533
leaf_count=2423 4065 4311 6208 85122 60468 7016 2085 4950 2375 1670 2811 16793 5122 3678 8855 275 3212 72080 2227 61717 4076 36251 4872 2402 7195 5658 26733 41538 5602 213533
internal_value=-0.000361771 -0.000262788 -0.00124968 -0.000974632 -0.00145876 -0.000148867 0.000460504 0.00093241 0.000527388 0.00302809 -2.06769e-05 -0.0010562 -0.000252565 0.000155893 0.000736599 -0.00040917 0.00357368 -0.000592538 0.000517167 0.000217808 -0.000457832 -0.000412306 -0.000503027 1.59492e-05 -0.000168549 0.000599185 -0.000139036 -0.000860246 0.00123438 -0.00071387
internal_weight=705323 634582 70741 87545 66676 547037 79553 60675 53659 9647 44012 18878 467484 156355 77110 79245 3487 75758 72799 63944 311129 39062 306007 88398 83526 39586 32391 43940 7272 217609
internal_count=705323 634582 70741 87545 66676 547037 79553 60675 53659 9647 44012 18878 467484 156355 77110 79245 3487 75758 72799 63944 311129 39062 306007 88398 83526 39586 32391 43940 7272 217609
cat_boundaries=0 28 54 81 105 131 158 185 212 236 263 290 316 342 369 396 423 450 476 503 529
cat_threshold=0 4096 0 2283798528 258 0 8519680 32 2048 1142964224 32768 4260864 1048580 66048 0 0 256 32 65536 0 4194304 4 0 4194304 65536 4227072 0 1 65536 2097152 524288 266244 1056 16 0 0 65616 0 4194304 0 2147483648 1208238080 12583936 268435456 0 0 0 4194304 0 131076 4106 0 0 1610612752 0 64 68681760 16384 0 0 0 65536 2147483648 4096 524288 33554432 0 0 268439824 1048576 536870912 537395200 0 524288 0 134217728 4096 268436496 0 12 905977856 2128 1073741824 128 256 0 0 4 33556496 536873000 8216 0 1024 33554440 33554432 67108864 65536 671088640 4096 16 268435464 0 0 1 20971520 67633152 512 1060864 71303168 384 2147483648 136347648 65536 0 4224 2147483648 0 4096 1 33554432 1048640 0 32 0 41943040 0 524288 2048 0 32896 536871936 0 0 1088 8388626 142610432 64 262144 1 0 4227360 0 0 1073741824 2048 1048576 0 0 0 16384 0 0 138562592 16781312 0 33554432 4 16777220 262146 262144 8192 0 0 8 537968640 2147483648 24576 0 1073745920 393216 266240 0 1024 0 0 0 25174016 0 1056 64 0 134217728 8388672 64 2048 1 0 1065024 4194320 0 0 268435457 16400 2048 67108864 16777216 0 1073741824 8192 0 65664 285229064 8 0 0 0 0 8 19923968 16809984 4194368 512 0 0 0 0 0 0 8388608 0 0 0 0 0 8 0 0 0 0 0 16777232 1073741824 0 134217728 0 16 16384 8650752 1082368 33816592 0 16448 64 2149056512 0 33620048 8388608 0 134217728 0 524288 262144 0 2097152 0 268435456 268468256 0 4 0 0 0 8 68 96 0 2117632 4096 2149580800 70255104 1073741824 32 268439552 2147483648 262160 0 16896 4096 0 0 1028 0 2097152 0 1024 33554432 0 128 1024 524288 4194304 135168 33024 65536 8388608 131088 0 33554433 536870912 2147500032 8388608 536870912 8388608 134217732 272 67108864 0 0 536920064 269484032 33554432 32 4 0 2048 65536 0 0 36 68 553648160 0 16777216 1 18874368 512 0 32800 0 4100 268435456 134217728 268435456 1073742352 0 8 33554432 0 132 1073741824 536872961 18874368 2282356740 0 268435456 262144 256 6291456 2113537 32 2 0 1572864 65536 0 8388672 4194305 0 0 2129920 536870916 0 32768 524288 33554436 0 0 16777216 512 3145728 96 65536 8192 4194432 2149580864 0 34603008 0 71303296 33554434 1024 0 41943040 2097152 1 0 33554432 4 0 4194304 4194304 4096 0 64 4 2048 8388624 67108864 67117056 0 0 0 538968064 0 73728 537001984 1 2048 4096 0 1024 0 132609 8 16777240 1073741824 262192 0 2048 16 276824064 0 32768 67108864 0 640 67190784 262160 0 2148565004 0 268451842 2097176 0 536870912 32 0 2 8388608 264192 66560 8388608 0 0 1 0 134217728 0 16 8192 671746 0 266240 134217728 32768 16777216 0 0 0 288 0 4325377 1310724 1 16 1114114 8 537395200 0 4194304 0 65536 0 4096 0 536936448 196608 0 64 524296 69632 64 0 67108864 0 288 33554432 541327360 2147483648 264 524288 0 0 0 0 135266304 1073742848 4196352 16777216 0 268435456 68 2052 403701792 32768 16793600 33882128 0 0 0 17303552 64 67108864 4194304 0 1048576 1048576 142606592 537919504 0 0 32768 524288 268435456 2 0 1048576 0 1073741832
is_linear=0
shrinkage=0.05


Tree=86
num_leaves=31
num_cat=27
split_feature=35 27 36 37 36 36 36 37 36 37 36 37 37 36 28 37 36 37 37 36 36 36 36 36 37 36 36 36 36 37
split_gain=23.1185 22.1073 26.185 20.3186 20.1973 18.4214 17.7726 14.9069 16.5719 14.1592 13.4254 16.168 13.1126 12.296 12.0613 25.4182 19.0116 18.6348 21.3165 23.4572 17.0835 15.9501 14.4148 14.0052 12.9777 17.8095 13.996 12.1895 12.1209 10.4245
threshold=1.1756802201271059 0.49386531114578253 0 1 2 3 4 5 6 7 8 9 10 11 0.91275000572204601 12 13 14 15 16 17 18 19 20 21 22 23 24 25 26
decision_type=2 2 9 9 9 9 9 9 9 9 9 9 9 9 2 9 9 9 9 9 9 9 9 9 9 9 9 9 9 9
left_child=1 2 -1 -4 -2 -3 -5 -8 -9 -7 11 -11 -6 -10 15 16 -12 -16 19 -19 -17 -20 -23 -22 25 -25 -26 -24 -27 -28
right_child=4 5 3 6 12 9 7 8 13 10 14 -13 -14 -15 17 20 -18 18 21 -21 23 22 27 24 26 28 29 -29 -30 -31
leaf_value=0.014038089497719428 0.015541162786889221 -0.0062238753417501562 0.0092571074634788756 -0.010498013224597763 0.00093589035274344165 -0.0080703399008731861 -0.011193309873439422 0.0067067598772516494 0.0052335616080813278 0.017647218344096865 -0.0089574278799307988 0.0010448808950300089 -0.011910008104700024 -0.0038958979441154149 -0.0088812894198461931 0.010137289227699053 0.017008523633953474 0.00878279671953619 0.0068413607186864102 -0.0081393791996292545 -0.010247228222412211 -0.0079924184475276654 0.0034983077619611886 0.030151003227046527 -0.0071369131740362125 -0.010139442867719039 0.0045690569971863623 -0.00088020264785923237 0.004752383653330217 -0.00053479327487017316
leaf_weight=1911 1099 11674 1964 4166 3333 4822 4095 2804 3506 4607 1124 14489 15683 82931 6625 6149 7225 2199 9182 17339 3104 5124 15731 1648 5950 1374 24548 278073 8474 154823
leaf_count=1911 1099 11674 1964 4166 3333 4822 4095 2804 3506 4607 1124 14489 15683 82931 6625 6149 7225 2199 9182 17339 3104 5124 15731 1648 5950 1374 24548 278073 8474 154823
internal_value=-0.00033889 -0.000289874 -0.000971464 -0.00108297 -0.0020096 -0.000171613 -0.00118456 -0.0010416 -0.000905919 -0.000131502 -0.000108561 0.00119433 -0.00239029 -0.00102877 -0.000153928 0.000138769 0.00284151 -0.000341682 -0.000288533 -0.00188961 2.91136e-05 -0.000186941 -0.000250019 -5.07935e-05 1.85322e-06 0.00163118 -9.93095e-05 -0.000204109 0.000822597 -2.0098e-05
internal_weight=705776 685661 101377 99466 20115 584284 97502 93336 89241 572610 567788 19096 19016 86437 548692 214419 8349 334273 327648 19538 206070 308110 298928 199921 196817 11496 185321 293804 9848 179371
internal_count=705776 685661 101377 99466 20115 584284 97502 93336 89241 572610 567788 19096 19016 86437 548692 214419 8349 334273 327648 19538 206070 308110 298928 199921 196817 11496 185321 293804 9848 179371
cat_boundaries=0 28 54 81 109 136 163 191 218 246 273 300 328 355 383 410 435 463 491 519 546 574 601 628 656 684 712 739
cat_threshold=0 0 262144 67108864 66 512 0 2097280 0 512 0 2 131072 268435520 8454144 0 536879104 0 2097152 524288 1 2048 262144 2048 134217744 16384 134283282 603979776 0 8421376 768 16777220 32 0 4456448 1091698704 0 65536 294912 0 0 0 0 65536 0 1082130464 2048 0 327808 0 136314880 1040 16777216 16842752 131072 4194304 1024 4194304 0 0 16814081 67108864 1073742592 524800 8389696 8388608 33554432 0 2080 16384 1024 0 0 0 1024 134218752 2 0 402653184 0 262176 1152 1 1073742080 8 0 16 262144 65536 0 33554432 0 0 1342177408 16777216 2147516424 4096 67108864 4194312 8388608 2048 2 0 36868 73728 134217728 0 256 2147483648 0 2147483648 0 32768 161 1141932036 1 0 2 0 3221225474 262144 0 0 1073741824 33280 131108 0 138412033 65568 0 0 8 0 512 4194320 128 268435460 8256 16793600 65536 0 4325376 8194 0 32 128 0 2 524288 8388608 134217984 0 525312 0 4194304 34603009 0 0 34603009 8 0 33554448 512 512 0 1073741824 8390656 0 16777216 0 32 0 0 8404992 1073741824 134221824 2147483656 0 268435456 2147483648 8388616 2147487744 17830416 0 0 1052672 32 16384 0 1073742336 16384 0 10485760 32 0 0 536870928 0 131584 0 0 262145 65536 32 1209008128 1 268437504 4194304 0 1073743872 1 25436160 0 512 0 0 1091567616 67108992 17825792 2147483648 0 2147483714 131072 8388608 32 8912896 2 131072 1 2048 8192 1073741824 0 128 16384 536870912 0 0 4096 16 0 2147614720 2432696320 2099200 0 16390 0 2147483648 1073741824 79695872 536870912 2147483648 64 0 2056 80 0 33554434 1048580 1024 33554448 8388608 16777216 1056 8462352 67108864 0 0 0 1048576 0 4 8192 2064 4096 4608 2281705472 2 16777216 276963328 32 2048 268439552 8192 134479872 0 34078720 0 0 8389120 0 8 0 0 67108864 10 8192 128 0 16777216 268435520 0 0 22544384 262144 0 16 134283264 0 16842752 16 134217728 0 32 2147483648 2099200 1073742337 0 131072 8396800 0 2097152 525344 64 0 0 2129920 2097152 4 1073741824 524352 0 536936448 0 2097156 67108864 8192 0 0 0 8 0 268435456 536871168 268435456 32 17825792 0 32 16384 33554432 536870920 12583248 2147483648 516 66048 268 1048576 0 0 524416 33792 33554688 0 67109380 134217728 0 33816580 516 32 2048 0 0 0 4 2048 2056 0 0 0 0 2048 33554504 536870912 64 2 33554434 0 4194304 402923520 2147483648 1056768 256 0 0 0 512 1052672 537919488 536870912 8519936 0 167772160 1024 0 8 0 256 12 512 16 0 1140850817 16777224 1024 268435456 2129920 0 0 0 131072 2048 263168 2147491904 2 0 0 557056 537919488 4 37748864 0 2097152 1048584 4227072 0 0 73729 524288 8388608 0 0 67108865 8192 532 524288 1073741824 0 33554432 0 369106944 34078720 100667392 0 4097 262144 0 16 1064960 0 32 0 96 268435464 0 0 269619200 4096 0 65536 2147483648 4228608 268435456 536870912 81920 34816 8388608 67108864 1342177280 0 0 1 0 557056 0 1024 16384 8192 8388608 4 4096 67108864 0 65538 33587712 268436480 0 0 0 1073741824 4194304 0 4096 524290 262152 768 0 8388608 0 268959744 67108864 1048576 0 0 33554432 524290 536973312 4096 264 32 0 538968112 135168 536870912 67108864 0 1 1024 0 16448 268501004 66560 268435456 0 2416050176 0 131072 1073741824 1280 0 16785408 0 2048 0 8388608 1048576 0 131072 0 32768 268435456 1073741824 0 2097152 77824 0 4 2097216 32 512 1 262144 8 0 138414080 67113472 268435456 262656 64 524288 0 2147500036 8 33554432 4096 64 67108864 71319552 0 16384 134225920 0 0 536870916 2147483648 541066256 0 2147484416 134217728 0 0 302120960 16 2097152 1073741824 4096 10 0 33554433 0 65536 131074 0 1181696 8388608 0 67633152 8388934 262432 128 524288 8388608 0 4 4203520 8388608 4194560 0 0 1024 0 16777216 4160 512 0 0 0 262144 0 0 0 16777728 256 0 0 256 134217732 0 0 655360 0 8321 2048 2097168 2048 16777216 262336 81920 553665024 536903808 2 0 1064960 0 0 1 0 262144 1179648 0 128 272695296 9437184 32800 2147483648 4096 0 524288 32 32768 4 33556480 65536 1 1048576 512 268435456 512 262144 256 1073741824 512 2214592512 8192 272 536870912 2147483664 1 537395249 64 872415232 805306369 1048576 16777728 0 256 2147483648 0 1049088 8192 0 524288 0 0 0 0 8 0 0 4194304 524288 8 536870960 0 1073741824 8 131088 2147483648 16777216 0 1048576 1073742096 4096 262176 134217728 64 1048576 65536 671613952 1536 0 128 0 4194304 0 8208 0 0 16777217
is_linear=0
shrinkage=0.05


Tree=87
num_leaves=31
num_cat=27
split_feature=35 36 42 36 36 42 36 36 36 36 42 36 36 42 36 35 36 36 36 36 36 42 36 36 36 35 42 36 36 36
split_gain=20.8748 19.5225 17.2565 17.9369 16.406 15.8298 15.3672 15.2673 13.0698 12.4331 13.1135 19.2755 16.053 11.9891 11.6202 11.0377 10.391 10.3412 10.1698 9.49483 9.14118 9.31274 19.5193 12.4844 9.37615 9.0909 9.00003 8.60429 8.5815 8.51371
threshold=1.0012609362602236 0 1 2 3 4 5 6 7 8 9 10 11 12 13 0.67103970050811779 14 15 16 17 18 19 20 21 22 0.89252424240112316 23 24 25 26
decision_type=2 9 9 9 9 9 9 9 9 9 9 9 9 9 9 2 9 9 9 9 9 9 9 9 9 2 9 9 9 9
left_child=2 26 3 -1 13 -3 -6 -7 -8 -9 11 -11 -12 25 -5 16 -10 -14 -17 -19 -20 22 -22 -24 -23 -4 -2 -13 -25 -16
right_child=1 5 4 14 6 7 8 9 15 10 12 27 17 -15 29 18 -18 19 20 -21 21 24 23 28 -26 -27 -28 -29 -30 -31
leaf_value=0.0055891850896493955 0.014341320238167641 -0.0097089489134170679 0.13749073617644186 -0.0097042839398068514 -0.0065537942625899367 -0.0095272913613477297 -0.0062139628941957695 -0.0078976933302777053 -0.0055228670058217275 0.010647551738270034 0.0074937755777849963 -0.015326334357204464 0.0034916529357278563 0.0026832564658914775 0.002286548755006822 -0.0039822601888150231 0.043787992638931031 -0.0084375816841177256 -0.0042757230123641951 -0.0015928601259117478 0.0073669182980904595 -0.0039012617664763469 -0.010293079475538163 0.0041649669907076236 0.00065205740860778644 0.01383929649878566 0.0018678353987180174 -0.0052518894479263792 -0.0026006532166962903 -0.0034987496799001889
leaf_weight=3285 2209 9901 627 2891 7517 4232 10218 6182 1722 2018 5739 2448 7358 9557 4589 10218 3341 5353 12645 165114 3774 10120 2916 4479 293252 2289 4906 26870 39796 40090
leaf_count=3285 2209 9901 627 2891 7517 4232 10218 6182 1722 2018 5739 2448 7358 9557 4589 10218 3341 5353 12645 165114 3774 10120 2916 4479 293252 2289 4906 26870 39796 40090
internal_value=-0.000339727 -0.000715758 -0.000143054 -0.00101197 -3.58937e-05 -0.000793812 -9.15991e-05 -0.000707734 -4.86773e-05 -0.000650678 -0.000586988 -0.00153221 -0.000425549 0.00174904 -0.00125891 -1.47919e-06 0.00231734 -0.0005096 -3.26098e-05 -0.000588846 1.07347e-05 5.78939e-05 -0.000567425 -0.000844351 0.000162961 0.00455073 0.0018629 -0.00185789 -0.000635078 -0.00105941
internal_weight=705656 242330 463326 50855 412471 235215 399998 225314 392481 221082 214900 31336 183564 12473 47570 382263 5063 177825 377200 170467 366982 354337 50965 47191 303372 2916 7115 29318 44275 44679
internal_count=705656 242330 463326 50855 412471 235215 399998 225314 392481 221082 214900 31336 183564 12473 47570 382263 5063 177825 377200 170467 366982 354337 50965 47191 303372 2916 7115 29318 44275 44679
cat_boundaries=0 27 35 61 90 98 127 151 179 206 213 241 268 276 304 331 359 387 415 442 450 478 506 533 541 569 596 624
cat_threshold=0 262176 1 16777280 0 256 268435584 16 0 1 545259522 0 8388608 0 0 1073741953 0 0 2625536 32768 268435456 65536 16384 0 272629760 537395209 8388616 4474112 512 46080 1074003968 4203140 1677721603 2169544960 13 536872960 18432 1073741824 0 69632 0 268435456 2064 16416 0 0 2147483712 16777216 40960 65536 6291456 0 269492225 134218752 1048578 32768 0 1024 536870912 0 8388608 0 2147484672 64 2147483648 131072 16777216 16448 32 512 524288 8192 0 64 0 268435456 268468224 256 0 0 0 0 8390656 134217728 1179648 2149580808 8388608 1081344 1052676 1 536870912 1648366528 268468276 8388608 41112 17563648 37753352 258 16384 0 128 0 0 0 32768 0 2097152 33554432 0 0 2415919104 64 32808 4096 0 0 134217728 536903680 182272 0 4198400 4096 134217728 2148007936 1073742208 33587712 2 1024 2148532737 268435456 1049600 32 33792 0 1048576 8 0 294912 4194304 128 0 262148 2147614720 1073741840 0 0 1073759234 2 16777216 528384 33554432 2147485824 66048 294912 16777216 256 2 2048 0 8448 0 0 0 8388608 0 2147483648 536870961 0 0 4194304 268568576 0 128 16388 2097152 0 33603584 0 65537 0 1024 256 301994248 536870917 8192 1 0 262144 0 3221225472 262144 512 0 0 0 0 16777216 65537 16777216 0 12591104 268435456 131074 24576 2560 1024 201459728 2147762176 522 1107312738 134481954 2550145033 1351614464 8 33554432 0 16384 285736960 131072 1073774592 41945088 512 0 0 0 4194560 0 0 33562624 16384 2181046288 130 131072 0 1 0 1048576 0 4096 2 14336 2 2048 2048 2097152 33554944 8388608 0 16846848 2147483984 528384 0 524288 1 16 0 35651584 262152 536870976 16777216 0 0 0 1048576 20480 0 2147500032 131072 16777216 285212672 2050 2147500074 536891393 2164391936 0 146 0 0 132112 0 0 1048592 67108864 256 1048576 256 268443648 0 4 33816576 8389632 64 524288 0 16 67108896 1048576 0 3 2106368 0 4194304 1048576 8448 32 537133056 1073741842 513 32 262152 0 262152 2147483648 0 128 8192 262144 8429584 4 65792 0 0 65536 33555456 0 4 256 2 524288 0 512 4194304 131072 2 524304 1179648 81920 131072 2147483776 1107298304 0 0 0 32768 0 0 17825792 1024 2097184 0 67109120 1073741825 4096 2147484160 0 135266304 0 0 134217760 4096 262144 8388608 135176 0 32768 262144 65537 16384 536870912 65538 1048584 256 8192 0 65536 131080 0 8388992 67174400 0 0 1073809408 0 0 1 0 1073741952 16 134217728 0 0 0 2147483648 2281701376 64 0 8388624 0 5248 1073742084 2097152 0 0 2097152 0 0 0 2048 536870916 8388608 603979840 262144 33554448 65984 131076 4194304 2057 67108864 32 0 1048592 0 128 134217732 1 8 33587200 0 0 4096 524288 2 16777352 262152 4 0 262144 67109120 524416 2 536870912 2097152 134283264 33624064 2164279296 8912928 704858114 2288590864 134217864 16 0 4 2147483648 0 66068 4608 67108864 16392 0 25165824 524288 2147483682 71303184 0 1048576 0 268960256 2228224 64 0 1024 0 1 96 0 0 0 2048 8388688 0 0 2112 262145 134217728 65536 67108864 33558528 40960 0 1090519040 2097152 1073758212 0 167772160 1115136 1 268435456 2 2147483648 0 0 0 0 134217728 524288 131072 0 285212672 268976128 0 65536 0 1 536 0 0 2097156 2214604800 1 524288 0 2097152 469762048 0 4096 33571840 1024 0 2148532224 256 1 0 16384 134218756 67108864 33686528 134611080 2097161 70912 3155970 32 0 0 0 1073741824 134217730 0 570425344 4096 4096 557056 0 2048 134217744 1082130450 8388608 1048576 276824064 16448 0 0 1 1048576 8 32 0 49152 0 2214592512 0 0 16384 67108880 136314880 0 50462720 0 8388608 67108864 2097152 0 0 34111744 4194304 8388864 0 13312 131078 33554432 1 68 0 256 0 0 2088 256 33554432 0 0 545259520 0 1048592 69222404 32768 0 1 0 0 16448 2097152 24832 139460608 1028 0 0 1 0 1073741824 16384 20971520 4096 256 67125248
is_linear=0
shrinkage=0.05


Tree=88
num_leaves=31
num_cat=27
split_feature=27 36 36 37 36 37 37 36 36 37 28 37 42 36 36 42 36 36 36 36 36 36 30 36 36 37 36 36 36 36
split_gain=19.2652 24.2037 18.3099 17.2361 14.2102 13.8058 13.4675 13.9647 13.2065 13.7532 12.9007 23.1508 17.2622 35.9893 17.0865 15.6123 20.9045 15.7814 15.4405 15.0347 14.763 13.3853 12.0605 21.7446 11.8144 11.4644 12.0441 11.6373 11.4003 10.9471
threshold=0.50178477168083202 0 1 2 3 4 5 6 7 8 0.91275000572204601 9 10 11 12 13 14 15 16 17 18 19 1.0000000180025095e-35 20 21 22 23 24 25 26
decision_type=2 9 9 9 9 9 9 9 9 9 2 9 9 9 9 9 9 9 9 9 9 9 2 9 9 9 9 9 9 9
left_child=1 -1 -2 -3 -5 -4 -6 -8 -7 -10 12 18 13 -11 -14 16 -13 -17 -12 -15 -19 -16 24 -24 -21 26 -22 -27 -18 -23
right_child=2 3 5 4 6 8 7 -9 9 10 11 15 14 19 21 17 28 20 -20 22 25 29 23 -25 -26 27 -28 -29 -30 -31
leaf_value=0.010879825090640859 -0.0064900123652314916 0.0096716727541083895 -0.0097893920538998213 -0.01023105713557225 -0.011681249620729341 -0.0041549366311363503 0.0080650678959653006 -0.0034015962047364359 -0.0066592806291731312 0.079926185399292249 0.0039916818169106263 0.0093552999274284648 0.014521661122311692 -0.012795508299805403 -0.0088538968682455137 -0.007580548351493902 -0.012676887555629096 0.0066399677226530972 -0.010222106808020655 0.016167179589732149 0.0034509198735608116 -0.0050750720020709753 0.1462576364679927 0.011739594983141307 -0.0009414687963656904 0.0051550966782451559 -0.0046340441337404609 -0.00021834367212661537 -0.0037682345394140144 0.00029265538631441309
leaf_weight=2322 10540 2074 4687 3137 3444 15395 2502 96229 10615 1613 1987 2378 4185 1918 3437 6263 2709 8042 11838 1437 2542 6116 1335 7931 10806 11475 14682 250493 31748 172397
leaf_count=2322 10540 2074 4687 3137 3444 15395 2502 96229 10615 1613 1987 2378 4185 1918 3437 6263 2709 8042 11838 1437 2542 6116 1335 7931 10806 11475 14682 250493 31748 172397
internal_value=-0.000341205 -0.000950151 -0.00022922 -0.00105943 -0.00114847 -0.000192044 -0.00104638 -0.000938862 -0.000170225 -0.000130903 -9.68062e-05 -0.000285582 0.000210842 0.00144305 4.49904e-05 -0.00020164 -0.00117177 -7.98457e-05 -0.00228932 0.000943552 -2.56587e-05 -2.77544e-05 0.00132226 0.00268372 0.000292795 -8.65332e-05 -0.00133566 -4.35269e-06 -0.001485 3.18433e-05
internal_weight=706277 109708 596569 107386 105312 586029 102175 98731 581342 565947 555332 344157 211175 25040 186135 330332 36835 293497 13825 23427 287234 181950 21509 9266 12243 279192 17224 261968 34457 178513
internal_count=706277 109708 596569 107386 105312 586029 102175 98731 581342 565947 555332 344157 211175 25040 186135 330332 36835 293497 13825 23427 287234 181950 21509 9266 12243 279192 17224 261968 34457 178513
cat_boundaries=0 28 56 82 109 136 163 191 218 245 271 279 307 335 343 371 399 427 455 483 511 539 567 592 620 648 674 702
cat_threshold=0 0 4 67108864 64 0 0 1075839104 0 512 0 134217728 131072 2147483712 8388608 0 536879104 0 2149580800 1573376 1 0 1073746944 2052 16 0 134217786 67108864 1024 1 2129920 524296 0 0 2048 65536 0 33554432 2048 0 268500992 0 2147516424 4096 0 8 545259520 0 18434 0 1052676 8192 16384 0 66048 1073938432 0 0 0 4 536870948 0 2097152 1090519040 4194304 0 131072 1 8388608 1073758208 1024 81920 0 1084227616 2048 147456 327808 0 134217856 1024 0 1090584576 0 0 1 32768 161 202407940 0 268435456 2 135266304 2 0 8 0 1073741824 520 147456 0 4194304 33555492 0 0 272629760 0 268435456 16 524416 0 2097152 32 0 0 16 0 16908928 2147483648 0 264192 0 0 1207959552 8 805322752 4194304 1074266112 1073741824 540672 25436160 0 0 0 0 1074790400 369098880 268435462 1073750080 16384 65536 0 4325376 536870914 0 32 0 1073741824 268435458 0 8388608 134217984 0 525312 8 4194304 129 4194304 0 1 8 0 33554448 513 4608 0 262144 4259840 2 16777728 0 34816 16 0 0 2 0 128 134217746 0 4096 16 655360 4096 0 2131968 0 32 540672 16384 512 536870920 4240 512 1074004096 512 536870912 16 262144 0 331784 0 4 0 16 16777281 262144 0 2147483648 0 65536 16793602 0 0 268468224 65536 0 16 2097408 0 64 524288 33554432 0 536936448 268697600 0 0 8470528 4194304 1 8388640 0 4353 1048592 0 167936 2097152 0 128 67108896 0 1028 4194304 16777224 536870912 536870912 8388608 1048576 2 262144 0 40960 2291138560 1056768 2147483904 0 33554432 262144 64 0 1073742336 537395200 8388864 1048576 167772160 1024 1024 8 0 256 4 134234249 805830720 100990976 2185240610 67373328 285229120 2105376 2 0 2147483648 4104 8192 135168 134283264 16 0 0 565248 545259520 0 67108864 271360 8388608 0 16400 134217728 0 16 0 64 0 4210688 8193 131072 0 2052 0 8388608 64 2415923232 0 0 0 2147483648 34304 268435456 65536 65536 2147516416 8388608 131072 1073742016 16512 0 1024 0 32768 4096 132352 2147483648 0 8388608 0 262146 134348800 553730112 286007808 1107836994 5255428 2684551184 0 272 0 0 4 0 0 0 1090650144 2065 131104 512 1 2147483648 4194304 512 8392704 8197 17039360 69206016 134742016 0 262144 2147483648 0 32 0 0 0 4128 0 2147483648 536870992 8392736 0 1032 0 16384 33555456 0 16448 268435456 1036 268435456 8388608 402653184 67108864 131072 1090519040 1280 0 16785408 0 0 0 33554432 0 32768 0 0 67592 0 524288 0 4096 8256 2 8212 134742033 0 0 2147483648 134217856 335544320 2621440 33555456 0 256 2147483776 32768 16 1048576 0 32 0 64 0 131072 1048576 65 4194308 0 536875008 268959744 1207959552 4 0 524353 0 0 1572880 0 0 2147483648 4194304 2147484160 0 4096 262144 537395200 524288 16384 2048 72 64 262144 65538 34603008 0 65536 41943040 0 3221225472 1024 0 4196352 256 0 548 0 65536 0 0 100663296 134217728 128 131080 33554432 2432696320 2101248 0 8192 0 2148532224 8388608 98304 0 0 128 134217728 8192 512 0 2097408 8192 8192 2561 134479872 0 16777216 262144 67113728 268435460 2147483648 96 64 0 0 2 16384 0 0 1 0 130 4160 8224 1048576 268435456 16896 268435712 536870916 16384 0 65537 151068736 0 0 0 0 266240 0 0 64 16777216 4194304 268435458 1048576 327680 0 0 33554432 0 549478400 5243136 32 16 0 64 0 1050624 0 0 1082130432 0 34852 131072 0 268435968 0 536870913 32 8 1073741824 524288 2147483648 200704 0 1073741829 16850944 128 0 144703496 0 0 8 32768 0 0 512 5242880 2176 0 33554432 2048 1342177284 1073774592 0 32772 8192 8388608 0 33554432 0 0 131072 2117632 4194368 8192 268435472 2147516672 0 1073741824 0 1073774592 69214208 33554432 1048580 4096 0 0 67108864 0 1024 16384 2097152 0 2415919104 2147483648 67108866 16386 1050624 64 277086208 4194304 0 0 4 1 0 0 4456992 0 0 1064960 0 0 268697632 131072 2147483648 0 0 0 2163456 32768 1056 8 2 67108864 0 0 134217730 268697600 41943056 4194304 4 0 67108864 66560 134217984 0 16384 0 268435456 4194304 20 65536 16777216 2129920 1 17472 4096 1048576 0 2048 0 16777216 32768 4194560 0 0 1073872896 134217728 0 8256 544 0 671088644 4 65536 0 128 0 201326592 704 0 0 65537 32772 16777216 2147483937
is_linear=0
shrinkage=0.05


end of trees

feature_importances:
store_id=917
product_id=667
discount_rel=208
third_category_id=185
dow=152
holiday=94
mean14=61
discount=55
same_dow_mean=54
mean7=46
temp=38
mean28=22
mean3=20
precpt=20
y_t=16
second_category_id=16
obs_mean7=14
y_lag21=11
activity=10
y_lag7=9
y_lag28=9
humidity=9
y_lag14=8
city_id=8
disc_mean7=4
std14=2
max7=2
act_mean7=2
trend=2
y_t1=1
y_t2=1
so_t=1
so_mean28=1
so_days7=1
understatement7=1
wind=1
management_group_id=1
first_category_id=1

parameters:
[boosting: gbdt]
[objective: quantile]
[metric: quantile]
[tree_learner: serial]
[device_type: cpu]
[data_sample_strategy: bagging]
[data: ]
[valid: ]
[num_iterations: 200]
[learning_rate: 0.05]
[num_leaves: 31]
[num_threads: 0]
[seed: 7]
[deterministic: 0]
[force_col_wise: 0]
[force_row_wise: 0]
[histogram_pool_size: -1]
[max_depth: -1]
[min_data_in_leaf: 100]
[min_sum_hessian_in_leaf: 0.001]
[bagging_fraction: 0.8]
[pos_bagging_fraction: 1]
[neg_bagging_fraction: 1]
[bagging_freq: 1]
[bagging_seed: 17422]
[bagging_by_query: 0]
[feature_fraction: 0.8]
[feature_fraction_bynode: 1]
[feature_fraction_seed: 7040]
[extra_trees: 0]
[extra_seed: 6516]
[early_stopping_round: 0]
[early_stopping_min_delta: 0]
[first_metric_only: 0]
[max_delta_step: 0]
[lambda_l1: 0]
[lambda_l2: 1]
[linear_lambda: 0]
[min_gain_to_split: 0]
[drop_rate: 0.1]
[max_drop: 50]
[skip_drop: 0.5]
[xgboost_dart_mode: 0]
[uniform_drop: 0]
[drop_seed: 15215]
[top_rate: 0.2]
[other_rate: 0.1]
[min_data_per_group: 100]
[max_cat_threshold: 32]
[cat_l2: 10]
[cat_smooth: 20]
[max_cat_to_onehot: 4]
[top_k: 20]
[monotone_constraints: ]
[monotone_constraints_method: basic]
[monotone_penalty: 0]
[feature_contri: ]
[forcedsplits_filename: ]
[refit_decay_rate: 0.9]
[cegb_tradeoff: 1]
[cegb_penalty_split: 0]
[cegb_penalty_feature_lazy: ]
[cegb_penalty_feature_coupled: ]
[path_smooth: 0]
[interaction_constraints: ]
[verbosity: -1]
[saved_feature_importance_type: 0]
[use_quantized_grad: 0]
[num_grad_quant_bins: 4]
[quant_train_renew_leaf: 0]
[stochastic_rounding: 1]
[linear_tree: 0]
[max_bin: 255]
[max_bin_by_feature: ]
[min_data_in_bin: 3]
[bin_construct_sample_cnt: 200000]
[data_random_seed: 61]
[is_enable_sparse: 1]
[enable_bundle: 1]
[use_missing: 1]
[zero_as_missing: 0]
[feature_pre_filter: 1]
[pre_partition: 0]
[two_round: 0]
[header: 0]
[label_column: ]
[weight_column: ]
[group_column: ]
[ignore_column: ]
[categorical_feature: 36,37,38,39,40,41,42]
[forcedbins_filename: ]
[precise_float_parser: 0]
[parser_config_file: ]
[objective_seed: 15521]
[num_class: 1]
[is_unbalance: 0]
[scale_pos_weight: 1]
[sigmoid: 1]
[boost_from_average: 1]
[reg_sqrt: 0]
[alpha: 0.9]
[fair_c: 1]
[poisson_max_delta_step: 0.7]
[tweedie_variance_power: 1.5]
[lambdarank_truncation_level: 30]
[lambdarank_norm: 1]
[label_gain: ]
[lambdarank_position_bias_regularization: 0]
[eval_at: ]
[multi_error_top_k: 1]
[auc_mu_weights: ]
[num_machines: 1]
[local_listen_port: 12400]
[time_out: 120]
[machine_list_filename: ]
[machines: ]
[gpu_platform_id: -1]
[gpu_device_id: -1]
[gpu_device_id_list: ]
[gpu_use_dp: 0]
[num_gpu: 1]

end of parameters

pandas_categorical:null
