tree
version=v4
num_class=1
num_tree_per_iteration=1
label_index=0
max_feature_idx=42
objective=quantile
feature_names=y_t y_t1 y_t2 mean3 mean7 mean14 mean28 std7 std14 max7 zero_frac14 obs_mean7 so_t so_mean7 so_mean28 so_days7 act_t act_mean7 disc_mean7 trend understatement7 h dow y_lag7 y_lag14 y_lag21 y_lag28 same_dow_mean discount activity holiday precpt temp humidity wind discount_rel store_id product_id city_id management_group_id first_category_id second_category_id third_category_id
feature_infos=[0:73.334518432617188] [0:55.984825134277344] [0:73.334518432617188] [0:41.392345428466797] [0.014285714365541935:37.084465026855469] [0.064540930092334747:34.396240234375] [0.099014267325401306:33.396030426025391] [5.9604644775390625e-08:24.78974723815918] [3.5762786865234375e-07:19.407119750976562] [0.10000000149011612:73.334518432617188] [0:0.71428573131561279] [0:29.200000762939453] [0:16] [0:16] [0:16] [0:1] [0:1] [0:1] [0:1] [0.020802874118089676:3.4821879863739014] [-0.50000005960464478:1] [1:7] [0:6] [0:58.339408874511719] [0:65.781837463378906] [0:65.781837463378906] [0:58.339408874511719] [0:49.752281188964844] [0:1] [0:1] [0:1] [0:28.191699981689453] [18.360000610351562:28.780000686645508] [27.350000381469727:91.569999694824219] [0.97000002861022949:3.8499999046325684] [0:999.99993896484375] -1:235:555:212:554:417:96:145:817:438:556:822:182:431:229:648:537:586:875:1:151:237:18:488:118:95:312:200:284:140:131:291:628:214:76:174:241:877:167:202:409:557:242:602:843:577:150:198:434:436:532:704:343:211:469:154:494:549:81:359:684:263:790:378:74:183:404:405:678:490:253:441:34:57:62:593:172:540:420:144:256:314:493:232:303:215:423:128:458:147:621:692:424:152:187:446:607:885:301:517:129:250:750:191:406:722:442:744:209:672:707:126:234:812:149:781:860:561:46:222:439:521:578:474:373:455:59:254:194:35:461:166:500:806:60:173:55:61:541:178:29:876:273:596:216:367:457:481:585:2:449:571:84:236:300:100:647:597:148:471:20:176:179:330:348:564:177:305:382:713:856:502:850:890:311:225:188:295:197:570:189:171:740:562:714:16:78:278:11:357:758:22:503:388:104:137:196:780:142:279:294:181:230:507:8:157:544:883:221:402:58:381:595:765:135:358:669:162:204:307:468:77:742:483:565:121:75:327:410:530:579:829:847:17:249:467:217:699:476:462:662:612:625:371:258:523:87:395:536:146:339:546:702:19:473:514:658:813:109:3:698:9:757:799:168:320:160:184:276:124:756:201:482:418:119:805:68:265:675:411:159:271:552:169:283:324:480:671:288:308:484:513:566:496:624:190:582:67:452:40:326:608:664:90:679:333:893:7:103:134:454:161:296:427:143:353:477:33:479:666:708:199:233:534:736:286:741:72:542:205:361:475:506:102:510:522:581:239:105:354:539:91:110:274:580:251:309:583:262:376:508:163:101:360:370:567:213:261:489:498:891:36:111:195:346:603:164:777:548:132:231:425:193:238:297:430:687:787:504:599:130:543:864:247:551:317:867:207:610:66:281:398:558:569:208:257:259:563:226:246:264:723:319:364:24:535:355:386:408:4:107:429:282:447:550:609:112:486:600:734:872:43:136:206:292:518:630:895:23:192:45:450:25:372:531:94:268:293:419:682:465:335:379:435:629:815:865:153:186:387:576:681:572:632:798:6:272:426:645:654:228:363:54:397:894:315:640:881:344:649:270:784:341:511:27:526:613:897:347:827:170:495:768:255:334:660:844:98:487:709:746:383:650:837:737:227:350:674:71:158:260:325:516:210:751:466:575:604:0:453:492:627:863:464:588:710:633:139:472:636:821:830:879:56:501:519:298:30:63:156:180:269:313:448:218:512:701:753:851:93:244:369:533:605:721:389:659:13:302:415:224:456:12:203:414:80:115:460:505:573:802:5:392:290:53:240:416:594:733:52:64:869:478:670:559:667:316:394:444:760:69:336:509:545:432:538:712:800:349:693:338:835:399:639:252:277:635:275:616:634:849:155:368:631:820:220:243:365:400:732:772:778:831:853:525:528:743:786:833:779:873:28:318:855:133:527:668:97:245:266:413:113:362:584:106:814:219:726:838:858:866:92:26:366:859:377:795:803:755:248:688:331:385:696:880:651:892:731:463:491:48:529:665:762:470:618:289:459:823:120:352:896:31:390:796:267:771:832:391:792:407:680:428:606:767:816:622:683:747:878:70:99:568:587:65:374:443:547:592:655:804:657:83:223:384:396:598:700:738:825:848:323:642:826:836:50:287:337:351:695:735:321:421:497:852:375:422:782:715:310:485:716:37:138:108:123:47:720:748:761:49:122:412:788:834:652:809:857:705:515:637:646:870:499:776:789:14:82:127:175:685:811:819:730:846:871:10:304:440:520:524:619:638:694:862:676:718:724:117:690:841:641:328:380:401:589:623:686:752:884:322:393:727:749:839:889:403:437:719:840:703:882:41:85:451:617:706:769:306:620:42:165:32:89:842:79:116:185 -1:4:834:596:580:122:6:215:41:740:638:631:291:554:190:381:300:600:117:26:129:11:127:422:635:296:194:634:715:115:699:76:70:104:118:191:666:775:108:783:201:650:363:411:802:578:810:345:843:116:387:290:644:23:835:77:93:769:207:467:90:259:774:21:250:19:310:567:500:763:806:486:240:292:691:481:150:426:796:489:535:140:136:688:473:99:764:58:200:370:71:18:379:847:683:295:79:419:793:135:219:351:496:293:132:212:74:672:670:166:45:549:223:272:599:386:253:686:218:768:694:757:267:521:306:119:114:309:728:396:110:144:213:765:157:829:452:416:222:145:112:60:633:17:37:831:645:321:531:258:719:221:63:80:220:515:547:12:682:525:332:424:392:522:738:44:403:707:214:294:67:94:716:845:749:441:415:836:656:447:1:286:216:38:374:315:181:73:316:503:458:797:559:188:816:16:402:560:27:860:592:628:84:257:333:804:689:261:487:340:758:822:655:317:491:217:530:772:478:824:2:50:65:579:684:206:548:729:414:476:864:731:125:247:468:343:620:362:193:629:92:210:254:120:705:314:607:512:121:470:820:235:469:269:853:366:541:536:673:565:394:589:480:301:20:319:858:184:439:377:404:109:62:305:356:839:100:517:420:143:209:244:284:407:678:841:474:636:856:461:569:393:430:677:151:577:195:228:350:662:224:449:123:367:610:630:369:64:97:265:553:130:182:704:429:344:163:303:339:83:830:155:556:31:72:249:848:54:380:69:546:588:177:205:243:176:285:717:270:456:573:627:507:534:756:784:164:425:523:561:591:146:318:138:320:510:605:183:434:529:229:233:22:792:815:460:7:198:242:251:335:651:760:825:832:14:226:664:698:102:278:304:539:563:581:611:706:857:0:55:255:353:409:427:448:587:280:625:861:5:103:471:779:78:287:590:82:187:791:494:506:498:585:746:192:61:368:821:413:276:302:615:204:608:477:619:803:508:451:455:53:98:435:174:342:371:389:725:748:297:766:29:88:189:260:428:665:790:68:313:484:526:574:597:724:739:818:231:238:241:338:397:488:552:674:711:47:49:66:133:152:262:277:352:436:509:647:653:658:776:805:28:311:331:337:418:432:443:446:606:663:713:753:851:248:357:475:520:540:572:598:622:668 -1:0:12:16:3:6:13:11:4:15:5:14:1:7:2:10:9:17 -1:6:5:2:0:1:3:4 -1:4:16:20:29:8:21:10:18:28:31:5:24:7:30:15:11:25:22:23:0:27:14:3:6:17:12:13:1 -1:28:25:50:53:29:80:27:76:64:33:79:72:68:78:58:17:6:61:7:38:75:69:3:51:71:43:47:81:26:10:8:42:66:56:40:57:35:39:52:60:13:5:74:67:73:21:62:0:15:45:32:49:19:22:20:12:37:11:48:16:9:1:2:24:46:31:55:77:23:82:44:65 -1:60:113:81:77:103:123:154:65:94:181:168:105:82:167:86:172:104:98:101:149:58:180:1:127:230:128:170:112:179:156:100:131:10:229:109:99:2:24:7:157:142:184:110:66:114:59:190:216:191:177:140:116:97:176:56:17:160:218:213:106:183:96:72:42:16:223:74:19:231:89:78:173:67:63:227:121:51:161:199:88:193:111:139:52:46:205:115:145:9:153:166:71:83:146:6:129:55:192:221:11:182:169:215:224:148:133:8:0:174:188:225:27:93:163:122:76:222:194:195:26:75:38:15:187:209:135:18:61:95:159:204:212:3:119:92:79:203:126:189:41:48:137:158:164:197:57:141:44:150:186:130:14:62:214:220:54:219:155:69:87:217:228:207:102:132:80:4:226:68:73:136:39:40:117:178:90:144:200:118:33:201:29:143:165:232:22:49:50:21:37
tree_sizes=3997 3462 5016 3127 4678 5043 5288 3613 5209 3677 4683 5253 3983 4608 3825 3809 5035 4026 5183 5503 4074 5819 4509 5259 5659 5357 5843 5666 4047 5896 5728 4018 6208 5552 5905 6801 6025 5642 6307 5928 6186 5793 6265 4928 6284 6240 4574 5636 6501 5975 6642 6380 6298 5310 5117 6294 4961 5172 6405 3722 6047 5502 6852 6265 6520 6835 6344 6304 5472 6725 6964 6787 6171 5338 6546 5870 5359 6429 6499 6451 7059 6800 6793 5485

Tree=0
num_leaves=31
num_cat=10
split_feature=27 4 4 27 37 36 37 35 37 35 22 30 36 37 23 6 36 30 36 27 24 4 35 27 36 36 26 35 30 22
split_gain=13075 1228.65 992.757 440.935 205.162 175.644 147.477 139.337 136.052 131.88 104.515 98.2228 86.6292 86.1337 84.1323 78.6332 67.985 63.1874 58.1482 49.6047 43.7039 37.6705 37.1111 36.3751 33.9694 32.9993 32.5513 32.1115 31.0836 30.4476
threshold=3.472071766853333 3.8238735198974614 2.7119711637496953 4.8749260902404794 0 1 2 0.80002030730247509 3 0.90389192104339611 4.5000000000000009 1.0000000180025095e-35 4 5 3.9259293079376225 3.3232803344726567 6 1.0000000180025095e-35 7 2.0788953304290776 3.7136085033416752 3.6698857545852666 0.71344330906867992 2.0788953304290776 8 9 2.8642642498016362 0.82508671283721935 1.0000000180025095e-35 4.5000000000000009
decision_type=2 2 2 2 9 9 9 2 9 2 2 2 9 9 2 2 9 2 9 2 2 2 2 2 9 9 2 2 2 2
left_child=2 4 6 8 10 -4 7 18 12 -7 -2 16 -3 -13 -5 -12 -11 24 -1 -9 26 -18 -20 -8 -10 -14 -16 -25 -21 -27
right_child=1 3 5 14 -6 9 23 19 17 11 15 13 25 -15 20 -17 21 -19 22 28 -22 -23 -24 27 -26 29 -28 -29 -30 -31
leaf_value=3.7463533163070677 3.8329431772232057 3.8350122690200807 3.8704065918235586 4.0388008832931517 3.8052395582199097 3.881185081608693 3.6556565165519714 3.7140506161864777 3.847538137435913 3.8189562082290651 3.911484095721272 4.1994070291519163 3.921531081199646 3.814058780670166 3.8451871871948242 4.0163677930831909 3.7539118634696136 4.3948390961159021 4.1764688730239872 3.7464321494102477 4.7879431962966921 3.8038716793060301 3.8564033746719359 3.8465308332556107 3.822943162918091 3.8740247105179124 4.9940823443116127 3.729349899291992 3.8045229763374295 3.9354645914474533
leaf_weight=823 3087 990 2099 1071 2926 1874 571485 33609 477 1716 2760 1099 2171 4110 124 2396 10840 513 966 5192 12516 4133 906 529 1163 3996 602 25402 5306 833
leaf_count=823 3087 990 2099 1071 2926 1874 571485 33609 477 1716 2760 1099 2171 4110 124 2396 10840 513 966 5192 12516 4133 906 529 1163 3996 602 25402 5306 833
internal_value=3.73994 3.76945 3.73837 3.77573 3.75571 3.74797 3.73798 3.74069 3.76775 3.74674 3.75974 3.74565 3.77077 3.75164 3.78138 3.76412 3.74378 3.75631 3.75172 3.74001 3.78248 3.74269 3.75655 3.73777 3.75158 3.77278 3.77046 3.7396 3.74301 3.77013
internal_weight=705714 35625 670089 24456 11169 25871 644218 46802 10143 23772 8243 21898 7990 5209 14313 5156 16689 2153 2695 44107 13242 14973 1872 597416 1640 7000 726 25931 10498 4829
internal_count=705714 35625 670089 24456 11169 25871 644218 46802 10143 23772 8243 21898 7990 5209 14313 5156 16689 2153 2695 44107 13242 14973 1872 597416 1640 7000 726 25931 10498 4829
cat_boundaries=0 27 55 82 109 137 164 192 220 245 273
cat_threshold=16 64 192 10486080 536870912 2147483648 545259520 0 65536 603984132 0 0 0 0 0 262210 8388608 0 8388624 0 67108864 524288 0 1048576 0 0 4 1114114 8388610 131072 2147483648 2097280 65536 0 4096 1073741952 17825920 128 16785472 0 0 0 8202 2097153 0 67108864 0 0 0 16 0 0 6144 0 536879104 4194320 64 528 256 536870912 2147483712 8388672 134234112 0 4096 0 0 0 34078784 0 64 536870912 32 16 8 0 0 134217728 1073742848 0 4 8196 2 0 64 2097408 0 2147483648 8388608 0 0 538972160 0 0 0 0 0 262208 0 4 0 0 0 524288 0 1048576 268435456 0 4 0 33554440 0 32 10551296 536936448 0 64 0 1048576 536870912 18874496 1077936128 128 144 524552 35651585 262144 8388674 0 0 0 16 0 0 2048 0 8192 16 0 0 256 0 0 0 0 0 0 0 0 0 0 0 0 0 0 0 0 0 524288 0 0 0 0 4 2147483649 167772168 0 2 2155872260 512 128 0 512 1536 75497472 2097152 8192 0 2162688 1024 16384 75497552 8388608 0 0 4096 1025 1024 0 0 0 8 16 2147483648 77856 513 0 0 2048 8 0 134225920 128 8192 0 0 32 0 0 8 536870920 100663296 0 0 0 0 0 0 0 65536 262144 8 131072 0 131072 1 32 0 0 16777344 0 0 16384 256 0 8192 2147483648 1048576 0 0 0 0 0 0 2147483648 262146 0 131072 33554432 1052681 2151678464 37879808 536872960 131200 1024 0 0 33554432 0 0 0 2147483648 1048576 131072 1048576 256 4096 1024 0 2147483648 4160 0 524288
is_linear=0
shrinkage=1


Tree=1
num_leaves=31
num_cat=5
split_feature=5 27 5 37 22 4 37 37 23 22 35 26 37 35 35 22 35 37 23 35 22 32 22 5 24 35 5 11 32 5
split_gain=10131.9 990.461 746.438 438.272 239.287 184.028 117.356 105.443 101.115 90.6282 87.5221 74.4233 68.7512 66.9063 60.7728 56.1105 48.131 46.5754 43.627 43.4901 42.8238 41.8916 37.402 36.5512 34.081 30.7566 29.0563 28.9485 28.2752 28.2303
threshold=3.5214376449584965 5.7241039276123056 2.4967967271804814 0 4.5000000000000009 4.1912307739257821 1 2 5.2002701759338388 4.5000000000000009 0.89581334590911876 6.5725424289703378 3 0.8655003309249879 0.61867865920066845 4.5000000000000009 0.94916144013404857 4 2.920212030410767 1.0021722316741946 4.5000000000000009 20.494999885559086 4.5000000000000009 7.1855149269104013 5.204397678375245 0.97268852591514599 1.815041780471802 4.6571428775787362 20.304999351501468 1.7396645545959475
decision_type=2 2 2 9 2 2 9 9 2 2 2 2 9 2 2 2 2 9 2 2 2 2 2 2 2 2 2 2 2 2
left_child=2 3 6 5 10 9 13 25 24 16 -4 19 -7 18 -8 21 -2 -12 28 -10 27 -5 -15 -23 -3 -6 -16 -14 -1 -24
right_child=1 8 4 15 7 12 14 -9 11 -11 17 -13 20 22 26 -17 -18 -19 -20 -21 -22 23 29 -25 -26 -27 -28 -29 -30 -31
leaf_value=0.5311846433519366 0.12858669719069593 0.21630161643028259 0.09697780474982659 0.70750496745109559 0.24243451198694033 0.18839567303657534 0.27215173934822706 0.069297051429748541 0.33537001575055231 0.15541729440159513 0.071130574941635133 1.1832912290096285 0.12487514248257568 -0.027109913297574617 -0.083793539862366442 0.34525800704723225 0.078330541412035423 0.0097175097465515229 0.35694993271088465 0.25085233092308046 0.19117186903953554 0.083352864980697633 0.0099077937113236942 0.1294174361228943 0.34330905318260196 0.11544910206055506 -0.012782821059226991 0.15053275418968057 0.074673884803553678 0.0825512059132118
leaf_weight=146 557 444 1792 860 1205 2790 1248 3601 2487 1815 5268 5707 5360 23369 567435 877 4786 14748 375 554 1374 4952 5302 772 1236 3877 34148 1525 3168 3945
leaf_count=146 557 444 1792 860 1205 2790 1248 3601 2487 1815 5268 5707 5360 23369 567435 877 4786 14748 375 554 1374 4952 5302 772 1236 3877 34148 1525 3168 3945
internal_value=-0.000224958 0.0255786 -0.00161592 0.020298 0.00602691 0.0244803 -0.00198055 0.0130461 0.0385732 0.0182435 0.00323169 0.0407338 0.0285409 0.000780303 -0.00214679 0.0100438 0.0149593 0.00228356 0.00716192 0.0343845 0.0260825 0.00847228 5.85578e-05 0.00692402 0.0273052 0.0176801 -0.0021697 0.0244972 0.00532881 0.00275005
internal_weight=705723 36096 669627 25668 30491 18207 639136 8683 10428 7158 21808 8748 11049 36305 602831 7461 5343 20016 3689 3041 8259 6584 32616 5724 1680 5082 601583 6885 3314 9247
internal_count=705723 36096 669627 25668 30491 18207 639136 8683 10428 7158 21808 8748 11049 36305 602831 7461 5343 20016 3689 3041 8259 6584 32616 5724 1680 5082 601583 6885 3314 9247
cat_boundaries=0 27 54 81 97 124
cat_threshold=2 0 192 2097408 0 2147483648 8388608 0 0 538972160 0 0 536870912 0 0 262208 536870912 4 0 0 67108864 524288 134217728 1048576 268435456 0 4 4194320 64 528 256 536870912 64 8388672 16384 16384 1610616832 0 0 0 33554432 0 0 536870912 32 16 8 0 0 134217728 1073741824 0 4 8196 16 0 64 256 536870912 2147483648 8388608 0 65536 69210112 0 536870912 0 0 0 0 0 0 8388624 0 0 524288 0 0 0 4 4 0 0 0 0 0 0 0 0 0 4096 0 0 0 0 0 262144 16 0 64 0 536870928 0 64 65536 0 538972160 0 536870912 0 8388608 524288 262144 536870912 0 0 0 0 0 0 1048576 268435456 0 4
is_linear=0
shrinkage=0.05


Tree=2
num_leaves=31
num_cat=19
split_feature=4 24 4 36 37 22 36 30 22 37 36 37 37 36 36 36 36 37 22 30 37 37 6 36 36 37 23 36 36 4
split_gain=8306.77 779.735 619.46 294.58 288.14 208.508 161.353 128.431 114.923 112.056 106.084 100.895 100.4 80.7684 66.5779 63.2088 62.6766 48.2488 47.4204 47.0918 48.1728 42.2793 34.4192 34.3877 32.6493 30.8197 29.6942 28.1087 27.2375 26.7046
threshold=3.5173294544219975 5.00000023841858 2.4490737915039067 0 1 4.5000000000000009 2 1.0000000180025095e-35 4.5000000000000009 3 4 5 6 7 8 9 10 11 4.5000000000000009 1.0000000180025095e-35 12 13 1.6847680211067202 14 15 16 9.0633039474487322 17 18 1.816993832588196
decision_type=2 2 2 9 9 2 9 2 2 9 9 9 9 9 9 9 9 9 2 2 9 9 2 9 9 9 2 9 9 2
left_child=2 4 11 26 6 16 -2 14 13 -9 -8 19 21 -5 -6 -12 -4 -10 23 24 22 -7 -21 -17 -1 -18 -3 -19 -23 -13
right_child=1 3 5 8 7 12 10 9 17 -11 15 29 -14 -15 -16 18 25 27 -20 20 -22 28 -24 -25 -26 -27 -28 -29 -30 -31
leaf_value=0.098067112810605858 0.16430021232972977 0.29630994278192518 0.071364209040517143 0.16779715684868274 0.084884563568854432 0.33787924723507423 0.14754900902509688 1.3446829952230983 0.49458999669777981 0.17048148745481773 0.13139364537547357 -0.0796043297121658 0.066029126944029515 0.11502873941673238 0.029090000748634326 0.091426257511013867 0.049611371172546798 0.19722903219112936 0.12617022390873431 0.13406240775716619 0.041797351799377824 0.048436821565282208 0.42273658898038352 0.059986501638241166 -0.032876459710603871 0.0033400529977706188 1.2563234754204751 0.16954514700174333 0.1097165783575893 -0.012777381097542962
leaf_weight=1776 2163 1531 1717 1758 1761 885 2982 599 2846 1142 2942 566566 3992 3168 3987 1712 8948 868 1159 597 11654 809 451 3193 19113 13095 2575 1681 3898 36022
leaf_count=1776 2163 1531 1717 1758 1761 885 2982 599 2846 1142 2942 566566 3992 3168 3987 1712 8948 868 1159 597 11654 809 451 3193 19113 13095 2575 1681 3898 36022
internal_value=-0.000378938 0.022995 -0.00163812 0.0319991 0.0169909 0.00500495 0.0211886 0.009017 0.0273807 0.0209228 0.0188749 -0.00198631 0.01123 0.0218764 0.00542355 0.0161123 0.00249358 0.0324523 0.0131259 0.000680688 0.00308155 0.0155488 0.0132956 0.0109942 -0.000778962 0.00177258 0.043426 0.0269053 0.0135826 -0.00213495
internal_weight=705590 36067 669523 14427 21640 33344 14151 7489 10321 1741 11988 636179 9584 4926 5748 9006 23760 5395 6064 33591 12702 5592 1048 4905 20889 22043 4106 2549 4707 602588
internal_count=705590 36067 669523 14427 21640 33344 14151 7489 10321 1741 11988 636179 9584 4926 5748 9006 23760 5395 6064 33591 12702 5592 1048 4905 20889 22043 4106 2549 4707 602588
cat_boundaries=0 28 55 83 84 112 139 166 192 217 245 273 295 296 315 343 371 398 423 450
cat_threshold=32 2148810752 1042 0 528480 134217728 0 8192 0 0 0 0 167772160 0 0 65536 65536 8192 65792 1028 4096 4 512 2 16 0 2050 1073741828 2 0 64 2097408 0 2147483648 8388608 0 0 538972160 0 0 536870912 0 0 262144 536870912 4 0 0 67108864 524288 134217728 1048576 268435456 0 4 393216 545259520 0 33554432 1052748 2147492352 37879808 0 1073741828 67108864 0 0 32768 0 0 0 128 1056768 131072 4 0 0 1024 0 2147491840 4160 2048 524288 16 2 0 2048 65536 641 134218048 256 545263616 131200 16778240 8388736 64 33554432 262400 2097152 1026 2147483648 128 0 1048576 256 0 512 0 0 0 0 536870912 16 64 528 320 536870912 64 8388672 134234112 16384 1610616832 0 32 0 34078720 524288 0 536870912 32 16 8 0 524288 134217728 1073742848 0 4 532480 16 512 64 256 536870912 2147483648 8388608 0 0 606081028 0 536870912 4 0 0 0 8388608 0 25165840 0 0 524288 0 0 0 4 4 1048576 603979776 131072 268435456 640 2147491840 542245120 536872962 131072 67112960 0 0 0 0 0 134225920 8388608 1310720 131072 1048576 256 1048576 0 0 0 4096 262146 8 131072 2147483648 10620928 4194305 32 2048 268435968 128 8388609 0 16384 0 0 402661376 2147483648 68173856 0 0 0 1073741824 0 17408 2147491840 1114116 201326592 132096 268435456 16842752 69760 536870912 2050 0 10485760 0 16777216 134225920 0 0 0 0 134219792 0 0 0 1052673 1 0 0 2048 0 67112968 2147483649 33554432 8192 2 2147483652 16842752 128 536871424 1073741952 37376 67125376 69206016 8200 0 0 4194304 0 4160 2097152 0 0 0 0 0 2147483648 0 0 536879104 16 0 0 0 0 0 0 0 0 4096 0 0 0 0 0 0 0 0 0 0 0 524288 16 16 0 0 0 0 0 0 0 0 4096 0 0 0 0 0 0 0 0 8388608 8912896 268435458 0 4 0 553648128 0 0 256 1572864 8192 40960 3145736 0 1064960 0 547356673 8388672 1049602 0 16777216 0 16 0 4198400 0 0 8192 262144 258 0 2149580800 0 159383681 1073741824 33554464 1073872896 67141632 0 2097152 524288 33818624 33554432 0 1536 2048 64 8192 0 0 0 0 8192 4 1024 4096 18 0 64 320 536870912 64 545259520 65536 0 4096 8388608 536870912 0 8389632 524288 262144 0 0 0 0 0 0 0 0 268435456 4 4 524290 0 131072 0 1146880 4325440 5242880 2050 256 16781312 0 0 0 262144 0 0 8388608 1048576 1048578 1048576 0 0 0 0 2147487744 0 256 8388608 0 4194304 20496 0 32 1048608 8449 64 131082 1024 0 16384 4194304 131104 4096 1048580 16777216 1073741824 128 262144 536870912 0 0 1048576
is_linear=0
shrinkage=0.05


Tree=3
num_leaves=31
num_cat=7
split_feature=5 27 27 5 42 22 35 5 22 42 42 35 42 42 3 27 4 35 4 15 35 35 35 22 18 38 42 5 33 5
split_gain=7139.99 928.279 446.012 414.494 196.947 129.891 89.8897 87.9754 83.1853 83.0664 73.0678 67.0023 65.5324 57.8283 55.4469 54.3032 45.2161 43.7053 40.0224 33.4825 32.09 30.3754 28.8235 27.7341 27.1024 26.4192 24.6732 24.5777 24.547 23.7347
threshold=3.3835936784744267 7.757441759109498 3.7510277032852177 2.2758400440216069 0 4.5000000000000009 0.67103970050811779 9.4108757972717303 4.5000000000000009 1 2 0.89581334590911876 3 4 5.5112104415893564 1.7482046484947207 4.6186585426330575 0.88521882891654979 4.4030632972717294 0.5000000149011613 0.96329206228256237 0.94788587093353283 0.96463149785995495 4.5000000000000009 0.99807140231132518 5 6 4.921595811843873 69.985000610351577 2.9367743730545048
decision_type=2 2 2 2 9 2 2 2 2 9 9 2 9 9 2 2 2 2 2 2 2 2 2 2 2 9 9 2 2 2
left_child=3 2 10 6 19 11 12 23 9 14 18 -5 25 22 -6 -8 20 26 21 -4 -10 -2 -7 24 -3 -1 -17 -25 -11 -13
right_child=1 7 4 5 8 13 15 -9 16 28 -12 29 -14 -15 -16 17 -18 -19 -20 -21 -22 -23 -24 27 -26 -27 -28 -29 -30 -31
leaf_value=0.47806562187052359 0.12612996309808922 0.074040611543052706 0.15207571753883747 0.087231802347960671 0.091665125665683522 0.18504642621050982 -0.076504820488131661 1.1846450685993475 0.29693100099954245 0.031557927499671283 0.098980018847033738 -0.0028555843538582205 0.062587686732592393 0.041544505994628667 0.14041512616075075 0.113372403678273 0.26074952693879599 -0.015189480088389518 0.11723037895987348 0.19792333528071124 0.13227383456032862 0.067170180022012804 0.092209882593197845 0.61293770564985284 0.17362209542691709 0.13165094291655813 0.023507137478953291 0.68077943444189926 0.26100079134880833 0.034057020625770838
leaf_weight=352 674 167 2020 2163 5429 1410 571217 2585 424 1036 6187 17983 2782 4032 2361 1164 1933 50133 1416 2945 3124 4474 5540 432 220 262 1711 1794 1571 7428
leaf_count=352 674 167 2020 2163 5429 1410 571217 2585 424 1036 6187 17983 2782 4032 2361 1164 1933 50133 1416 2945 3124 4474 5540 432 220 262 1711 1794 1571 7428
internal_value=-0.000476861 0.0203753 0.0173319 -0.00169113 0.0218381 0.00334077 -0.00200025 0.0400375 0.0190701 0.016451 0.00996491 0.00150916 0.00611127 0.00793909 0.0190392 -0.00204439 0.0240692 -0.000513498 0.0136411 0.0305843 0.0207044 0.01161 0.0106989 0.0335377 0.0210889 0.020744 0.0054807 0.0356915 0.00860676 0.000789882
internal_weight=704969 38792 33594 666177 20843 38556 627621 5198 15878 10397 12751 27574 3396 10982 7790 624225 5481 53008 6564 4965 3548 5148 6950 2613 387 614 2875 2226 2607 25411
internal_count=704969 38792 33594 666177 20843 38556 627621 5198 15878 10397 12751 27574 3396 10982 7790 624225 5481 53008 6564 4965 3548 5148 6950 2613 387 614 2875 2226 2607 25411
cat_boundaries=0 7 15 23 28 36 37 45
cat_threshold=16777220 0 1280 0 0 0 2097152 524290 2147483648 131072 0 69206016 0 128 32 16777220 2147483648 148738 2281701376 69210112 268435456 0 32 0 0 2 32 2050 17301636 402653184 1074135046 134217744 606076929 0 2 32 1 4 335544320 33554436 131072 0 0 0 66
is_linear=0
shrinkage=0.05


Tree=4
num_leaves=31
num_cat=16
split_feature=5 36 4 22 36 22 37 37 4 37 36 36 36 36 36 36 35 35 37 22 27 36 35 35 25 31 35 39 36 42
split_gain=6143.73 789.173 564.963 309.79 233.244 147.167 113.493 102.286 90.2363 84.1718 76.5881 75.1139 70.4363 55.7054 55.6465 50.8609 47.0023 36.1589 35.8269 35.3248 34.4752 30.1064 29.5422 29.0283 27.4605 27.3494 27.2385 26.8424 26.4027 26.3508
threshold=3.6811071634292607 0 2.5687874555587773 4.5000000000000009 1 4.5000000000000009 2 3 10.373413085937502 4 5 6 7 8 9 10 0.61867865920066845 0.93340539932250988 11 4.5000000000000009 1.7482046484947207 12 1.0846541523933413 0.82508671283721935 3.0835262537002568 3.008450031280518 0.87822669744491588 13 14 15
decision_type=2 9 2 2 9 2 9 9 2 9 9 9 9 9 9 9 2 2 9 2 2 9 2 2 2 2 2 1 9 9
left_child=2 8 7 4 22 10 14 15 24 25 -4 -8 -7 -11 -6 26 29 -12 21 -17 -18 -14 -3 27 -2 -5 -1 -22 -15 -9
right_child=1 3 5 9 6 12 11 16 -10 13 17 -13 18 28 -16 19 20 -19 -20 -21 23 -23 -24 -25 -26 -27 -28 -29 -30 -31
leaf_value=0.34907530949260024 0.12134582313648208 0.13086201429630259 0.082370014465155086 0.62776082585445792 0.050408720489892991 0.15908787943209238 0.19729886113705464 0.35163248681505527 1.1343381448406598 0.19069685788767801 0.080569126517961359 0.070482513670271307 0.036437894392305208 0.15203406332712788 0.092553469756252005 -0.018656597517715992 -0.07465397354203844 0.014939458634650958 0.056049285836981634 0.043660088366871151 0.13644785654240035 0.14289829765332124 0.038807819911668484 -0.017122600334829638 0.22058357841304965 0.40647143539868252 0.10465979193056396 0.034720951446564757 0.12906393460427804 0.04157718297254228
leaf_weight=336 175 4032 1728 2586 1506 1011 2474 463 2370 1479 2159 4771 951 1186 7637 26518 550640 18219 2964 10544 190 3865 140 50117 1915 481 1509 893 2446 743
leaf_count=336 175 4032 1728 2586 1506 1011 2474 463 2370 1479 2159 4771 951 1186 7637 26518 550640 18219 2964 10544 190 3865 140 50117 1915 481 1509 893 2446 743
internal_value=-0.000567412 0.02043 -0.00160344 0.0173712 0.0141019 0.00500057 0.0113897 -0.00192129 0.0400022 0.0256089 0.00282422 0.00668929 0.0104723 0.0214901 0.0151019 0.000563556 -0.00208159 0.00196209 0.00881787 0.00015901 -0.00210139 0.0114895 0.0246641 -0.000860335 0.0324845 0.032288 0.00864089 0.00723478 0.0179989 0.00777548
internal_weight=706048 33198 672850 28738 20560 30897 16388 641953 4460 8178 22106 7245 8791 5111 9143 38907 603046 20378 7780 37062 601840 4816 4172 51200 2090 3067 1845 1083 3632 1206
internal_count=706048 33198 672850 28738 20560 30897 16388 641953 4460 8178 22106 7245 8791 5111 9143 38907 603046 20378 7780 37062 601840 4816 4172 51200 2090 3067 1845 1083 3632 1206
cat_boundaries=0 28 54 81 108 118 146 174 200 228 249 276 303 330 331 357 362
cat_threshold=32 2148810752 1042 0 524388 2147483648 256 8192 0 0 0 0 33554432 0 0 65536 65536 8192 65792 1024 4096 4 512 2 16 4096 2050 1073741828 1048576 612368384 0 33619968 4744 134226432 4325376 536877058 131072 67109888 0 0 134217728 0 0 0 0 1048704 131072 1048580 256 4096 0 0 8192 64 0 0 64 2097408 0 0 8388608 0 0 536875008 0 0 536870912 0 0 64 0 0 0 0 67108864 524288 134217728 1048576 268435456 0 4 4194320 64 528 320 536870912 64 8388672 16384 16384 1612709888 0 0 0 33554432 0 0 536870912 32 16 8 128 524288 134217728 1073742848 0 4 532485 16 0 0 256 0 0 0 0 0 4096 2684551169 0 67117120 34 0 66048 0 512 1073741952 4608 8388736 85983232 16785416 0 0 0 536870912 0 2097152 0 0 0 0 0 2147483648 4096 0 536881152 0 8 131072 2147483648 131072 1 1073741856 67108864 1342178048 128 8388736 16384 16384 264192 0 402661376 16384 67108864 0 0 0 1073741824 0 2147501056 0 4196352 0 4096 0 0 1024 0 2147483648 8388672 0 2692743168 0 0 1073741824 68 1048576 256 0 1024 0 134217744 1073741824 8192 262144 67108872 0 1024 4194304 1078005792 2 0 133120 301989888 1151112 4194368 541065216 2050 0 25165824 0 2097152 1048576 262144 0 0 2155872384 1048576 0 1048580 0 0 0 0 4096 0 0 67112960 8388609 33554440 0 32 0 2228224 128 0 32 512 67108864 2105856 1140850688 1073758336 33619968 524544 539099136 262144 77594688 0 262144 262145 1026 1088 16386 16416 142606336 33554432 2080 1073741826 0 0 0 0 37748736 16 64 1 268441600 1074790400 256 0 0 0 0 1073750016 0 1024 16 512 67109056 256 536870912 2147483648 545259520 0 0 538972160 0 536870912 0 0 0 0 8388608 0 16 0 67108864 524288 0 0 0 4 4 524288 2097408 4096 0 4194304 144 0 32 1048576 513 64 648 33554432 2 393216 4194304 0 4096 537919556 16777221 256 128 0 536870912 0 0 1048576 4 524288 75497472 0 4 16908800 151130496 128 67108864 384 2101248 8396928 67108864 2097152 0 0 0 0 262144 8389634 0 0 0 1 0 2147483648 2112 536872960 0 2 134217760 2050
is_linear=0
shrinkage=0.05


Tree=5
num_leaves=31
num_cat=17
split_feature=27 36 4 37 36 36 0 22 36 37 36 35 36 36 36 36 35 36 30 37 27 42 27 30 36 36 35 32 36 4
split_gain=5223.57 789.992 501.848 248.175 145.152 116.488 113.229 95.0086 107.966 89.8854 73.7899 57.2693 55.7108 52.7934 44.835 43.7381 42.9894 38.3106 35.7572 69.1736 34.4605 34.132 33.522 30.7012 28.2569 27.4633 25.8013 25.7942 24.2779 22.1341
threshold=3.6039527654647832 0 2.6375552415847783 1 2 3 6.1002306938171396 4.5000000000000009 4 5 6 0.8655003309249879 7 8 9 10 0.67103970050811779 11 1.0000000180025095e-35 12 1.5877619981765749 13 12.693529129028322 1.0000000180025095e-35 14 15 0.97894003987312328 22.964999198913578 16 3.6698857545852666
decision_type=2 9 2 9 9 9 2 2 9 9 9 2 9 9 9 9 2 9 2 9 2 9 2 2 9 9 2 2 9 2
left_child=2 6 9 4 -3 -4 29 10 -9 17 -6 -7 -10 -13 -12 26 21 -1 24 -20 -18 -11 -8 -19 -15 -25 -5 -14 -21 -2
right_child=1 3 5 15 7 11 22 8 12 16 14 13 27 18 -16 -17 20 23 19 28 -22 -23 -24 25 -26 -27 -28 -29 -30 -31
leaf_value=0.11888357787581186 0.057179481010476763 0.17583231403245064 0.12316073286005985 0.19949773728156886 0.10114039893730348 0.13495535140688111 0.30198684237820772 0.59637278456173493 0.070679562852319078 0.39936023485463945 0.017702669875192902 0.067758872613098653 0.27295658126994676 0.059525134723119336 0.088846884349061059 0.056866232720497262 -0.073840838403894216 -0.021323613658580726 0.5185897145063767 0.098619482249089882 -0.017514201469307201 0.022381570933599316 1.1460381557784762 0.14649271481668769 0.0091250500881705134 0.020707858199022374 0.084228924741068717 0.17463733684459393 0.044455355466827842 0.16629443515866793
leaf_weight=1759 192 4837 2120 438 2637 1304 1305 1420 923 569 1122 2772 2298 2153 5992 3956 529332 25219 365 901 68465 2036 2057 1439 15954 13186 1815 3355 4793 728
leaf_count=1759 192 4837 2120 438 2637 1304 1305 1420 923 569 1122 2772 2298 2153 5992 3956 529332 25219 365 901 68465 2036 2057 1439 15954 13186 1815 3355 4793 728
internal_value=-0.00065045 0.0187481 -0.00160473 0.0157484 0.0181872 0.00467658 0.0387829 0.016065 0.020115 -0.00190179 0.0127587 0.00382243 0.0173159 0.00332807 0.0100582 0.00686133 -0.00205751 0.000345857 0.00257414 0.00589975 -0.00208548 0.00435054 0.0431296 2.6094e-05 0.00146247 0.00184859 0.0124194 0.0191945 0.00450745 0.0232899
internal_weight=705442 33075 672367 28793 22584 30362 4282 17747 7996 642005 9751 28242 6576 26938 7114 6209 600402 41603 24166 6059 597797 2605 3362 39844 18107 14625 2253 5653 5694 920
internal_count=705442 33075 672367 28793 22584 30362 4282 17747 7996 642005 9751 28242 6576 26938 7114 6209 600402 41603 24166 6059 597797 2605 3362 39844 18107 14625 2253 5653 5694 920
cat_boundaries=0 28 55 76 104 132 159 187 215 243 269 297 325 326 332 360 386 414
cat_threshold=32 2148810752 1042 0 524384 2147491840 0 8194 0 0 0 0 33554432 0 0 65536 65536 0 65792 1024 4096 4 512 2 16 4096 2050 1073741828 18 64 64 2097472 0 0 545259520 0 0 538972164 0 0 536870912 0 0 262144 0 4 0 0 67108864 524288 0 1048576 268435456 0 4 1179650 75497488 0 65536 4748 134217728 4325632 2048 131200 75498496 0 0 134217728 0 0 8192 0 1056768 1073872896 1048580 256 1245184 8388610 67239936 64 16777216 512 0 25169920 1073873024 16781312 536871040 64 134250496 0 0 0 536887297 128 0 0 0 0 16 0 0 6144 0 536879104 0 0 131073 268435456 1114112 1 1124073504 134217728 268435970 16777216 0 524288 16384 2048 0 402653184 8388736 67141632 1024 0 262144 0 268435456 16384 0 4194304 0 67108864 16 64 16 320 536870912 16448 8388672 134234112 16793600 1679822848 0 0 0 33554432 524288 0 536870912 32 16 8 0 524288 134217728 1073741824 0 4 532484 262144 805306368 2048 33554432 16842752 16778048 34603008 536875008 0 528384 8388608 0 8192 0 0 1026 8388608 134217856 0 0 0 1052673 0 0 2147491840 64 0 524288 2147483648 35651584 0 0 541065216 16384 0 64 0 544 0 16777736 0 0 33554432 71860224 33554432 4 262144 17 0 4225 0 33554432 0 0 16777216 1048576 2 134217736 0 2 2157969540 65536 4194336 1073741824 512 1049088 8388608 16777216 16785664 0 0 2 0 67117136 69206016 8192 0 4097 0 0 0 0 0 4096 8388864 8 0 64 0 0 16777248 0 2 512 1 537395200 1073741824 268435456 33554496 88637696 35651584 32784 67108864 256 262144 0 268435456 0 0 2048 1056768 0 8388672 2151677952 8519680 12582913 1073741824 67110912 1073742080 0 128 16384 0 1024 67125248 0 32 1048576 0 0 4194304 67108864 0 2147483648 2147483648 0 0 4096 262145 1026 64 2147483650 262176 159383553 0 2336 2 16384 0 67108868 32 4194304 33554434 0 0 2048 67108864 8192 0 0 0 2147483648 1073741824 1073741824 1024 4096 16 536870912 0 2 134217760 2050 128 2156134405 67108864 2147483712 0 1073741824 536871041 0 2048 0 1152 0 0 34603016 0 3145728 4194304 35651584 8388612 1048576 0 0 0 1 2147484672 0 0 0 2056 10240 0 134217856 0 0 69632 0 3221225472 0 512 256 536870912 4096 0 0 4608 537001984 268435456 5242948 131073 524288 16392 262144 16777216 16785408 65536 1 16384 9216 0 262144 12582913 256 67108864 268435456 32800 0 0 100663296 0 16 1032 0 134217732 16 0 0 67108864 1 1040 0 4194336 16777216 32
is_linear=0
shrinkage=0.05


Tree=6
num_leaves=31
num_cat=19
split_feature=6 36 5 36 30 3 36 37 36 30 36 36 35 37 36 37 38 36 33 36 36 36 36 37 5 35 36 36 27 3
split_gain=4331.78 874.244 330.468 230.841 183.933 143.069 131.855 121.35 92.1877 70.3341 70.5368 66.8333 64.4391 98.8305 50.9305 48.37 42.1797 36.2368 35.5074 33.1499 33.1448 30.407 29.2264 28.0491 27.2133 26.9168 26.4806 24.6896 22.6415 21.0867
threshold=3.4734656810760502 0 2.2758400440216069 1 1.0000000180025095e-35 7.855290651321412 2 3 4 1.0000000180025095e-35 5 6 0.79101082682609569 7 8 9 10 11 76.055000305175795 12 13 14 15 16 1.5243466496467593 0.94641631841659557 17 18 12.693529129028322 4.576890468597413
decision_type=2 9 2 9 2 2 9 9 9 2 9 9 2 9 9 9 9 9 2 9 9 9 9 9 2 2 9 9 2 2
left_child=2 5 12 29 7 18 -6 11 -4 21 23 -5 13 16 -8 27 -1 -13 -2 -15 -9 -10 -16 -11 -17 -12 -27 -14 -7 -3
right_child=1 3 8 4 6 28 14 20 9 10 25 17 15 19 22 24 -18 -19 -20 -21 -22 -23 -24 -25 -26 26 -28 -29 -30 -31
leaf_value=0.36506384078299664 0.17425451238739631 0.14123977776788474 0.12971508072217261 0.092471483463683724 0.85984622682542333 0.3225735640257768 0.071420749885160673 0.077731580315415383 0.051782328659277392 0.249713911887919 0.1072021755667017 0.085076812807945518 0.09174989756123722 0.15775298216638667 0.21146314573037667 -0.073166472360316925 0.083240200882969712 0.049593127766237581 0.11223879380003093 -0.017878952852040886 0.012058982985347867 -0.0012061663216580835 0.14525596855182185 0.073242305194449561 -0.020051431499615999 0.11552999986408626 0.023892096909390346 -0.0083688582769287072 1.0757607459753922 0.18663945661272618
leaf_weight=719 1285 1358 2310 2977 1600 714 1214 1949 2349 755 1411 2941 2870 1146 1867 526349 682 4064 291 8794 5058 22284 4916 939 64911 1215 10425 22254 2023 3734
leaf_count=719 1285 1358 2310 2977 1600 714 1214 1949 2349 755 1411 2941 2870 1146 1867 526349 682 4064 291 8794 5058 22284 4916 939 64911 1215 10425 22254 2023 3734
internal_value=-0.000754617 0.0161431 -0.00166315 0.0132524 0.0113729 0.0372497 0.0169106 0.00825059 0.0026477 0.00207558 0.00480724 0.0117878 -0.00194944 0.00178518 0.0142242 -0.00201815 0.0141625 0.00908459 0.0253075 2.51225e-05 0.0031893 0.000441158 0.0159247 0.0143783 -0.00210944 0.00355018 0.00276179 0.000130893 0.0442504 0.0230198
internal_weight=705404 35991 669413 31678 26586 4313 9597 16989 41688 39378 14745 9982 627725 11341 7997 616384 1401 7005 1576 9940 7007 24633 6783 1694 591260 13051 11640 25124 2737 5092
internal_count=705404 35991 669413 31678 26586 4313 9597 16989 41688 39378 14745 9982 627725 11341 7997 616384 1401 7005 1576 9940 7007 24633 6783 1694 591260 13051 11640 25124 2737 5092
cat_boundaries=0 28 54 82 109 137 163 191 218 246 273 274 299 327 355 383 411 438 465 494
cat_threshold=32 2685681664 18 0 524392 2147483648 256 8192 0 0 0 0 33554432 0 0 65536 65536 0 65792 1024 4352 4 512 2 16 4096 2050 1073741828 1179648 75497474 1024 33619968 4740 138420225 4325376 4098 131072 75497472 0 0 134234112 0 0 268435456 8388608 8192 131072 1048580 0 0 0 0 0 64 2 0 1 64 2 64 1090519072 67108864 268435970 128 0 537395200 1048576 2304 0 151003140 16384 67158016 1024 0 0 0 0 17408 0 4194304 0 67108864 2 0 192 10486016 536870912 0 8388608 0 0 536875008 0 0 536870912 0 0 262144 0 4 0 0 67108864 524288 0 1048576 268435456 0 4 196609 0 67108928 18 2097152 0 0 142610440 1073741952 4096 0 0 32768 256 1048640 0 536870912 80 1140850688 0 0 1 16 33555456 0 1073741824 0 536879104 2434 0 1024 0 2147745792 276824321 33554432 2147483664 0 32 0 536870912 0 0 65552 1024 0 0 262144 8448 4194304 67108872 0 16 1073754112 69664 262146 268435456 131072 268435456 1048576 16778048 34603008 536870912 132 4096 8388736 64 40960 0 1048576 0 128 135266432 1048576 0 0 4097 0 0 2147483648 0 0 532480 0 67108928 0 0 0 0 0 0 0 0 0 0 0 64 1048576 0 16777216 536870912 17825808 0 32 0 0 0 16 2147483648 33554432 262404 0 0 32 75499520 0 0 32 0 512 0 0 1073774856 0 8388736 67108872 33554432 1056 67108928 0 0 4289 0 0 0 1073872928 0 532480 4194320 0 528 64 536936448 536887360 64 16388 16384 1610616832 0 32 0 134217728 524288 0 536870912 32 16400 8 0 4194304 134217728 1090520064 0 0 524289 1 0 134217728 2048 0 16842753 536871040 536870912 8390656 0 20448256 0 32768 3145728 262400 2097152 1026 2147483648 8390672 1024 0 0 1048576 1025 0 8192 262144 4210688 134217728 0 1082130432 142671872 16384 2050 3 536870912 0 67108864 134217728 134217732 16384 512 33554432 8390656 1048576 8208 0 0 262176 0 0 0 0 4096 262144 0 131072 0 8519680 0 32 2048 768 4224 536871040 0 8 0 8404992 134225928 16384 67108864 0 0 0 64 0 16384 8192 2048 0 4128 262144 33554432 2147483648 0 2147483780 65664 67108864 16779776 0 512 8388608 520 16777224 262144 0 4194312 2097157 8196 268435472 75497472 0 0 0 0 4194304 0 0 2048 1 24 133120 4 98304 128 0 134219784 256 16778240 0 0 4194304 268435456 1048576 64 128 135266304 2 256 0 1073741824 1024 0 4096 2048 1048576 32 16 0 64 0 0 0 0 0 0 4096 0 0 0 0 0 0 0 0 8388624 0 0 0 0 0 0 4 4 2147483656 545275920 4096 16384 8388610 65600 131072 32768 0 64 0 16777280 1048576 0 0 0 131104 8388612 268435988 131072 128 0 0 0 0 4194304 16777216 0 1026 0 1075855360 4210690 524288 1073741824 256 1073872896 32768 0 16777220 524320 33816576 33554432 0 536871936 0 1028 0 1048576 8 0 2148007936 0 0 1024 1048576 2
is_linear=0
shrinkage=0.05


Tree=7
num_leaves=31
num_cat=7
split_feature=5 27 27 37 37 30 37 37 4 9 18 27 35 35 4 35 4 35 42 5 37 3 35 5 30 37 30 5 33 30
split_gain=3644.92 819.946 415.837 175.139 102.508 100.816 94.5709 85.7787 67.9826 63.6136 50.5335 44.7578 37.8818 33.8422 29.5191 29.4698 30.8136 29.4603 21.9181 20.7875 20.4203 20.1107 19.1057 21.5895 18.7777 18.4267 16.9987 38.7963 18.8168 16.5819
threshold=3.8482166528701787 12.693529129028322 2.5820980072021489 0 1 1.0000000180025095e-35 2 3 6.213503599166871 7.8833310604095468 0.7993571162223817 4.5860850811004648 0.80002030730247509 0.67103970050811779 1.4314547777175906 0.92330414056777965 4.6186585426330575 0.88897725939750682 4 1.0132504105567934 5 4.576890468597413 1.1245278716087344 7.1855149269104013 1.0000000180025095e-35 6 1.0000000180025095e-35 1.7647651433944704 69.284999847412124 1.0000000180025095e-35
decision_type=2 2 2 9 9 2 9 9 2 2 2 2 2 2 2 2 2 2 9 2 9 2 2 2 2 9 2 2 2 2
left_child=2 3 7 8 11 6 15 17 21 -7 -3 12 -4 18 -15 -5 -17 -1 19 -9 26 -2 23 -11 25 -14 -19 -28 -29 -16
right_child=1 10 4 5 -6 9 -8 13 -10 22 -12 -13 24 14 29 16 -18 20 -20 -21 -22 -23 -24 -25 -26 -27 27 28 -30 -31
leaf_value=0.070196764048617036 0.1141818604353694 1.0501764670914042 0.1919150621656274 0.12215682975482817 0.0073212977507182593 0.11479195857210378 0.053814484068196382 0.23632011376346673 0.24684496847583387 0.38854098455853903 0.91558539737738676 0.23560401948590393 0.056472506831075353 -0.070253105474097355 -0.031578453870081492 0.048408620043277895 0.080896465416101473 0.014956399781428355 0.022100693913643853 0.46476102349612891 -0.012906767319037683 0.13831676940966614 0.11100157267433129 0.68698993633563088 0.072460768108611823 0.011835559342402435 0.037752560641638323 0.13643033528806633 0.33599767033232197 -0.0023371269284940665
leaf_weight=4882 2116 1986 760 661 14484 4146 5246 447 1764 2510 636 1746 3366 511854 55709 3449 4309 5118 2026 109 31890 2906 213 459 8662 5262 1706 171 455 26695
leaf_count=4882 2116 1986 760 661 14484 4146 5246 447 1764 2510 636 1746 3366 511854 55709 3449 4309 5118 2026 109 31890 2906 213 459 8662 5262 1706 171 455 26695
internal_value=-0.000828215 0.0161074 -0.00159061 0.0135836 0.00377469 0.0113058 0.00877268 -0.00187751 0.0205804 0.0160431 0.0428307 0.00611198 0.00537505 -0.00203493 -0.00205978 0.0120525 0.0112005 0.000247439 0.00367596 0.0123633 -0.000207164 0.0176379 0.0213619 0.0223998 0.00489416 0.00324255 0.00214783 0.00568795 0.0163238 -0.00118148
internal_weight=705743 30401 675342 27779 34280 20993 13665 641062 6786 7328 2622 19796 18050 596840 594258 8419 7758 44222 2582 556 39340 5022 3182 2969 17290 8628 7450 2332 626 82404
internal_count=705743 30401 675342 27779 34280 20993 13665 641062 6786 7328 2622 19796 18050 596840 594258 8419 7758 44222 2582 556 39340 5022 3182 2969 17290 8628 7450 2332 626 82404
cat_boundaries=0 27 54 79 106 111 138 165
cat_threshold=0 0 0 0 0 0 0 0 2048 4096 0 0 536870912 0 0 0 268435456 0 8192 0 0 0 0 1048576 0 0 4 16 64 64 8388928 536870912 2147483712 8388608 0 65536 543166724 0 134217728 0 0 524288 262144 545259520 0 26214416 0 67108864 524288 0 1048576 0 4 4 2 0 64 2097408 0 2147483648 8388608 0 0 538968080 0 0 0 0 0 262208 0 4 0 0 67108864 524288 0 0 268435456 16 64 16 256 536936448 16448 8388672 16388 16384 1142951936 0 32 0 34078720 524288 0 536870912 32 16400 8 0 0 134217728 1073741824 0 12 524292 2048 0 2 134217760 2050 16 0 16 0 536870912 64 64 16384 0 0 0 0 0 0 0 0 536870912 0 0 8 0 0 0 1073741824 0 0 524288 0 0 64 256 536870912 0 0 0 0 536875008 0 0 0 0 524288 262144 536870912 0 0 0 0 0 0 1048576 0 0 4
is_linear=0
shrinkage=0.05


Tree=8
num_leaves=31
num_cat=21
split_feature=6 37 27 36 30 37 37 37 37 36 36 36 36 36 36 36 35 37 13 35 36 38 36 36 27 36 37 28 32 36
split_gain=3090.18 862.643 301.147 203.23 95.2024 104.808 95.1955 82.1766 74.0446 62.8744 52.777 51.4892 41.6201 36.2655 34.9958 34.8219 33.2675 55.1009 31.4121 30.2623 27.609 26.7714 25.5695 23.4953 23.1439 20.0296 19.8902 19.6462 19.2753 18.5016
threshold=3.6381691694259648 0 2.4136893749237065 1 1.0000000180025095e-35 2 3 4 5 6 7 8 9 10 11 12 0.80002030730247509 13 2.928571462631226 0.96329206228256237 14 15 16 17 1.250000059604645 18 19 0.57150000333786022 24.275000572204593 20
decision_type=2 9 2 9 2 9 9 9 9 9 9 9 9 9 9 9 2 9 2 2 9 9 9 9 2 9 9 2 2 9
left_child=2 12 8 18 6 14 10 9 11 -4 -5 27 -2 -8 28 -7 17 21 -3 -11 -12 -10 -21 -9 -18 -13 -20 -1 -6 -26
right_child=1 3 7 4 5 15 13 23 16 19 20 25 -14 -15 -16 -17 24 -19 26 22 -22 -23 -24 -25 29 -27 -28 -29 -30 -31
leaf_value=0.37702855693805226 0.28367435948373138 0.11784340931229594 0.14155619003637285 0.096141386332645018 1.0042771151238288 0.13099649239782618 0.056439526695867895 0.055838959450430659 0.38565830213600089 0.097846481070860802 0.085987725326905629 0.069857141358231928 0.96332393933816585 0.014506412544213544 0.36311381918827818 0.095464033997464448 -0.071351960238768358 -0.010933882138608896 0.076969693174657378 0.079236580590947556 0.048691235662187471 0.017813582300470535 0.023768680962898768 -0.0044614352882214048 0.025067463708160726 -0.011607651123679195 0.23536015832297985 0.12243026908866678 0.28369072286873609 -0.02957477907356534
leaf_weight=230 365 1923 1979 3046 811 1941 2066 2369 725 3919 3026 3753 1959 4784 1740 4752 460382 10172 231 1760 3956 542 12902 16510 3444 36336 2394 1622 195 115481
leaf_count=230 365 1923 1979 3046 811 1941 2066 2369 725 3919 3026 3753 1959 4784 1740 4752 460382 10172 231 1760 3956 542 12902 16510 3444 36336 2394 1622 195 115481
internal_value=-0.000879234 0.0140141 -0.00161467 0.0117871 0.0100903 0.0141157 0.00784436 0.0026243 -0.00187892 0.00481017 0.0109453 0.000151303 0.0433362 0.00328305 0.0223558 0.0106828 -0.00202302 0.000647071 0.0215574 0.00390208 0.00851494 0.0104323 0.0028606 0.000241 -0.00207578 -0.000226247 0.0251666 0.00827697 0.0300737 -0.00145395
internal_weight=705315 33189 672126 30865 26317 9439 16878 39439 632687 20560 10028 41941 2324 6850 2746 6693 590746 11439 4548 18581 6982 1267 14662 18879 579307 40089 2625 1852 1006 118925
internal_count=705315 33189 672126 30865 26317 9439 16878 39439 632687 20560 10028 41941 2324 6850 2746 6693 590746 11439 4548 18581 6982 1267 14662 18879 579307 40089 2625 1852 1006 118925
cat_boundaries=0 19 46 73 100 127 154 182 210 237 259 287 315 340 367 395 396 424 452 480 487 514
cat_threshold=0 0 0 0 0 0 0 0 2048 0 0 0 0 0 0 0 268435456 0 8192 1048576 603996160 1024 65536 528460 2147492352 4194560 2 131072 75497472 0 0 134217728 0 0 402653184 0 8320 131072 0 256 0 512 0 16 4096 2048 16 0 0 0 0 0 0 0 0 2097152 0 0 0 0 0 0 0 0 0 0 0 0 0 1048576 0 0 4 2 0 64 2097408 536870912 0 8388608 0 0 536875008 0 0 536870912 0 0 262144 0 4 0 0 67108864 524288 0 1048576 268435456 0 4 18 67108928 64 256 536870912 2147483712 8388672 0 0 610275588 0 0 0 33554432 524288 262144 545259520 0 9437200 0 0 524288 134217728 0 128 0 4 16 0 528 320 536969216 64 8388672 134234112 16384 1075838976 0 32 0 0 524288 0 553648128 32 16400 8 128 524288 134217728 1073741824 0 4 532484 1114113 8388610 64 32 6 65536 0 134217736 1073741952 0 67174400 4 32768 256 0 1024 570425344 0 1140850688 8192 0 9 17 0 0 4096 0 1056768 262146 276824064 131072 301989888 1114112 150995328 1179648 536872960 132 4096 8388608 0 0 0 1048576 0 2147483776 8388608 1049600 1048576 0 4096 0 0 2147483648 64 0 524288 537133057 1026 67109888 2 32 142606337 37748736 6144 1073741954 32768 0 67108864 0 262144 16 0 0 6144 0 8192 262144 0 0 2147483664 12288 0 1024 0 0 0 0 0 0 0 8192 0 0 0 0 0 0 0 0 0 0 65536 0 0 4 262146 0 131072 0 10616832 4194305 32 67110912 268436224 0 128 0 16384 0 8404992 8192 16384 68157472 0 4 0 0 0 16384 2147491840 0 0 4096 0 24 131073 0 2 1 32 0 268435970 128 0 524288 16384 256 0 16785412 16384 0 1024 1 0 0 0 16384 0 4194304 1048576 67108864 524288 0 2048 0 164481 155189376 131072 6144 256 0 0 67108992 3145728 1074003968 2113536 0 8388608 135266304 10485760 1048576 0 1048576 0 0 8192 0 64 0 0 16 2147483648 0 0 512 0 0 0 0 64 1048576 0 0 536870912 17825792 0 32 0 0 0 16 2147483648 33554432 0 134217728 2048 4 641 64 570425344 0 0 19923968 128 67108928 35659776 262144 2097152 2 8388608 135268352 0 0 0 1 1025 0 8192 0 0 8192 2049 2147614720 0 67108864 16384 2147745920 576 1073873152 16 0 0 0 0 1048584 16384 65536 8 1 8388672 80 67108864 536870912 1052672 0 0 0 4194304 0 536872960 8218 0 8192 4194368 10485760 0 0 0 4227072 4096 8388610 0 67117056 37748864 67108864 1024 32 0 268435456 2097152 16777344 0 1 0 1073741824 4096 0 4096 8192 256 0 2113552 3221225472 128 0 1073741824 131072 143904 65601 0 17301536 4194560 33554432 512 536870912 0 1310724 131072 0 0 0 0 0 4096 0 4096 0 0 64 0 0 0 8388608 33685504 8192 1024 64 0 0 8192 0 1073742336 16416 67108864 0 524800 262144 4 128 16384 32768 268435457 8913408 1073741824 24576 16 0 1073742344 0 4128
is_linear=0
shrinkage=0.05


Tree=9
num_leaves=31
num_cat=10
split_feature=5 37 4 4 35 22 24 37 37 37 22 37 35 4 30 5 35 22 30 37 37 30 37 35 30 37 22 11 37 12
split_gain=2667.38 865.49 322.32 97.2515 73.4662 72.5999 46.8745 44.1814 43.7767 36.7071 43.4365 36.608 32.1207 29.7797 29.551 26.9654 28.0074 26.7593 26.7002 47.5787 25.3457 24.2592 23.4009 18.9236 18.8427 23.6623 18.0226 17.9713 17.9098 17.4377
threshold=3.8482166528701787 0 2.1259223222732548 4.8858752250671396 1.0096654295921328 5.5000000000000009 12.070152282714846 1 2 3 5.5000000000000009 4 0.8655003309249879 3.1554119586944585 1.0000000180025095e-35 1.24660861492157 0.82508671283721935 5.5000000000000009 1.0000000180025095e-35 5 6 1.0000000180025095e-35 7 0.92330414056777965 1.0000000180025095e-35 8 4.5000000000000009 0.90000000596046459 9 3.5000000000000004
decision_type=2 9 2 2 2 2 2 9 9 9 2 9 2 2 2 2 2 2 2 9 9 2 9 2 2 9 2 2 9 2
left_child=2 6 7 12 9 8 -2 21 18 29 -11 -7 -3 -10 -6 -9 28 22 20 -20 -4 -1 -14 27 -24 -26 -18 -23 -17 -5
right_child=1 3 5 4 14 11 -8 15 13 10 -12 -13 17 -15 -16 16 26 -19 19 -21 -22 23 24 -25 25 -27 -28 -29 -30 -31
leaf_value=-0.032692814760237915 0.25273737808637586 0.14253663372669848 0.18340361205062572 0.11902603019753476 0.04500852779806077 0.1085312752839067 0.92112224062628278 -0.067445341444577395 -0.0022542242383546593 0.12444666777793488 0.61157579017102426 0.037903237531903979 0.062606882918699466 0.029577781086903256 0.49599252641385772 0.32887071724178896 -0.038051289377716763 0.15380680189461604 0.029467379665588905 0.32487388634357339 0.034240062535713767 0.058190768893322288 0.018802239182388408 0.023453266001875833 0.53363092781208166 0.050582727612212421 -0.0056852177450510194 0.18086122697496151 0.027770741731508154 0.17475974141563208
leaf_weight=14516 275 536 101 1523 2111 4432 2110 482782 31432 6072 1199 3905 6821 8728 707 312 77791 1964 1424 1130 7176 1119 3401 6741 500 760 31032 719 1998 2388
leaf_count=14516 275 536 101 1523 2111 4432 2110 482782 31432 6072 1199 3905 6821 8728 707 312 77791 1964 1424 1130 7176 1119 3401 6741 500 760 31032 719 1998 2388
internal_value=-0.000934756 0.0135614 -0.0015866 0.0110812 0.0140311 0.00196609 0.0424197 -0.00192245 0.00124565 0.0158495 0.0136601 0.00628538 0.00813452 0.000512807 0.0068127 -0.00200587 -0.00130367 0.00765487 0.00423415 0.00863601 0.00269408 0.000223426 0.00673125 0.00233129 0.00396993 0.00919905 -0.00141933 0.00682708 0.00414323 0.0198298
internal_weight=705705 30367 675338 27982 14000 58328 2385 617010 49991 11182 7271 8337 13982 40160 2818 593915 111133 13446 9831 2554 7277 23095 11482 8579 4661 1260 108823 1838 2310 3911
internal_count=705705 30367 675338 27982 14000 58328 2385 617010 49991 11182 7271 8337 13982 40160 2818 593915 111133 13446 9831 2554 7277 23095 11482 8579 4661 1260 108823 1838 2310 3911
cat_boundaries=0 19 46 73 100 127 154 178 205 206 225
cat_threshold=0 0 0 0 0 0 0 0 2048 0 0 0 0 0 0 0 268435456 0 8192 4194320 131136 528 64 536969216 268451904 64 135282688 16384 536870912 0 32 0 0 0 0 553648384 0 16 8 128 0 0 1090520064 0 4 524289 16 64 64 0 536870912 64 64 65536 0 0 0 0 0 8388608 524288 0 536870912 0 0 0 0 0 134217728 1048576 268435456 4 4 0 0 0 0 0 2147483648 0 0 0 4096 0 0 0 0 0 0 0 0 0 0 0 0 0 0 0 0 4 16 512 67109056 256 0 2147483648 8388608 0 0 73404436 8388608 0 0 33554432 524288 0 536870912 0 25165840 0 0 524288 0 0 0 0 4 0 0 64 0 0 0 0 65536 0 0 0 0 0 0 524288 0 536870912 0 0 0 0 0 0 0 0 0 4 0 0 0 0 0 64 0 0 0 0 0 0 0 0 0 0 0 0 0 0 0 0 0 1048576 2 0 192 2097408 536870912 0 0 0 0 536875008 0 0 536870912 0 0 0 536870912 4 0 0 67108864 524288 0 1048576 268435456 0 4 16 0 0 0 0 0 0 0 0 0 0 0 0 0 64 0 0 0 0 1048576
is_linear=0
shrinkage=0.05


Tree=10
num_leaves=31
num_cat=16
split_feature=4 37 4 36 22 37 36 36 35 35 36 37 36 36 37 5 36 35 4 12 37 36 22 36 23 36 24 31 36 24
split_gain=2176.96 829.04 254.253 141.06 62.0854 57.4284 56.4647 56.1911 44.2734 36.1414 40.367 35.4261 34.0522 31.0904 30.3581 34.9548 23.8669 23.7692 23.0025 21.8535 20.7235 18.7917 18.5865 26.8067 18.3843 17.4942 15.5155 15.0598 14.8608 14.4924
threshold=3.6698857545852666 0 2.0542894601821904 1 4.5000000000000009 2 3 4 0.71344330906867992 0.96463149785995495 5 6 7 8 9 1.2677425146102907 10 0.79101082682609569 1.3399407863616946 3.5000000000000004 11 12 4.5000000000000009 13 11.728550910949709 14 7.1180593967437753 0.74325001239776622 15 18.74082183837891
decision_type=2 9 2 9 2 9 9 9 2 2 9 9 9 9 9 2 9 2 2 2 9 9 2 9 2 9 2 2 9 2
left_child=2 7 8 19 12 -6 24 -2 14 -8 -11 28 -4 -7 15 -1 -12 -14 -13 26 21 -19 -20 -24 -5 -16 -3 -21 -10 -9
right_child=1 3 4 6 5 13 9 29 11 10 16 18 17 -15 25 -17 -18 20 22 27 -22 -23 23 -25 -26 -27 -28 -29 -30 -31
leaf_value=0.18117169676398687 0.22218155761152636 0.0880382870132599 0.07469256043561516 0.11360833729017 0.23929948019889447 0.097732615440778173 0.26170400042334513 0.43852969277890819 0.072492253020455533 0.084601873745074524 0.095229403630120224 -0.063254885198250496 0.10164715822256598 0.031613469127971944 0.16763092924584816 0.41369113724817441 0.046523834950645077 0.10067975409737513 -0.033872262596230572 0.25579965137003863 -0.0063610008023054282 0.019543429671785698 0.043537537670163225 -0.0069542994007161353 0.78204174516436753 -5.3239130008748995e-05 0.22107579030174318 0.21070519823599843 -0.0093945034017941745 1.0011403189996113
leaf_weight=533 228 1670 2081 5275 1251 1477 2475 717 2435 4185 3508 499453 763 14635 597 100 10328 1395 62654 253 32674 6687 1424 23811 180 3747 817 2063 16683 1302
leaf_count=533 228 1670 2081 5275 1251 1477 2475 717 2435 4185 3508 499453 763 14635 597 100 10328 1395 62654 253 32674 6687 1424 23811 180 3747 817 2063 16683 1302
internal_value=-0.000990078 0.0115477 -0.00160544 0.00939265 0.0014737 0.0040021 0.00792784 0.0408027 -0.00191245 0.00671527 0.00593982 -0.00195099 0.000466732 0.00319233 0.00278375 0.0129154 0.00462627 0.000152961 -0.00201992 0.017271 -1.07963e-05 0.00225442 -0.00127401 -0.00012829 0.0124611 0.0012721 0.0140404 0.0208071 0.000167546 0.0436219
internal_weight=705401 33001 672400 30754 60963 17363 25951 2247 611437 20496 18021 606460 43600 16112 4977 633 13836 41519 587342 4803 40756 8082 87889 25235 5455 4344 2487 2316 19118 2019
internal_count=705401 33001 672400 30754 60963 17363 25951 2247 611437 20496 18021 606460 43600 16112 4977 633 13836 41519 587342 4803 40756 8082 87889 25235 5455 4344 2487 2316 19118 2019
cat_boundaries=0 19 45 62 90 112 140 167 195 221 247 275 302 330 357 380 408
cat_threshold=0 0 0 0 0 0 0 0 2048 0 0 0 0 0 0 0 0 0 8192 1048576 603996162 1024 65536 528460 2281709568 131328 8194 0 75497472 0 0 134234112 0 0 134217728 0 8320 131072 0 256 0 512 16384 16 4096 16 64 0 64 536870912 64 0 0 0 67108864 0 0 0 0 0 0 8388608 131072 8388608 131072 268435456 641 16843265 4194336 2048 268435584 1024 8388608 0 2105344 0 0 268443648 0 143654912 0 4 0 1048576 0 0 2147491840 4194304 2048 4096 0 0 0 0 0 0 0 0 0 0 0 0 0 0 0 0 0 0 65536 0 0 4 65538 0 2048 33554432 65536 4194432 34603136 545259520 131076 1052672 128 0 34603008 262400 2097152 0 8405120 0 1048576 1048576 0 0 16 1024 0 64 0 524288 16 0 528 80 536903680 268451904 64 135282692 16793600 0 0 32 0 0 8 0 537526528 0 16 8 270464 0 0 1073741824 0 0 532481 1 41943042 67108928 16422 32 16777344 536871040 0 1073741952 512 8388608 83886080 8192 16384 0 4194304 536872064 0 270532608 0 0 1 0 2147483648 0 0 0 8192 2049 8388608 0 128 262144 67108865 4333824 25165904 0 8256 0 64 32 384 8388608 1024 33685504 16 268440576 0 0 0 0 0 0 4263936 0 64 0 8 0 0 0 0 0 0 0 0 0 64 0 0 0 0 0 0 32 0 0 0 0 2147483648 0 402653192 1 0 19267586 4096 553648128 134217728 1073742336 18874496 0 32832 0 0 0 2 2097152 0 1104 0 0 4096 1025 33554432 0 2048 0 8224 16 0 96 0 536870912 64 0 81920 0 536875264 0 536870912 0 8388608 525312 0 0 0 0 0 0 0 134217728 0 0 0 4 512 67125248 16384 0 2147483776 537198592 0 4096 0 4096 1 0 32 0 1048592 16640 512 16 1048576 8449 262144 1048576 1 16 4096 4198400 0 536870912 100663296 0 66560 64 67174464 0 514 32 1082163716 32 0 0 1052672 262144 0 144 2052 0 0 2621440 0 0 1040 0 1073741824 4194304 262144 262144 16384 2147483648 1 1073741824 8388608 0 2048 2 536879104 0 67108864 0 134250500 0 512 0 8391680 0 8208 0 0 32 0 256 0 1075838976 4194304 0 33554432 1073742080 0 134250496 65552 4 0 262144 512 256 536872448 0 1073741828 0 0 12 0 2147483648 20971520 73732 16778240 34603008
is_linear=0
shrinkage=0.05


Tree=11
num_leaves=31
num_cat=20
split_feature=27 37 4 37 36 36 36 37 36 30 36 36 37 30 37 32 36 36 13 36 36 27 36 17 37 36 22 36 36 30
split_gain=1897.03 798.44 206.138 138.044 77.4002 77.3097 65.6184 47.9396 52.4327 41.088 48.3387 43.1649 30.9206 26.2311 65.8005 27.6294 22.2604 22.0054 21.6033 20.948 20.6301 20.381 19.0942 17.9175 17.0605 16.1494 15.1313 21.6788 15.1107 14.7985
threshold=3.472071766853333 0 1.8938751220703127 1 2 3 4 5 6 1.0000000180025095e-35 7 8 9 1.0000000180025095e-35 10 20.435000419616703 11 12 2.928571462631226 13 14 1.2707331180572512 15 1.0000000180025095e-35 16 17 4.5000000000000009 18 19 1.0000000180025095e-35
decision_type=2 9 2 9 9 9 9 9 9 2 9 9 9 2 9 2 9 9 2 9 9 2 9 2 9 9 2 9 9 2
left_child=2 6 12 5 24 18 29 8 -4 11 23 -7 25 20 15 -15 -6 -16 -3 -9 -10 -14 -23 -11 -5 -1 -21 -28 -12 -2
right_child=1 3 7 4 16 9 -8 19 13 10 28 -13 21 14 17 -17 -18 -19 -20 26 -22 22 -24 -25 -26 -27 27 -29 -30 -31
leaf_value=0.073253217283062624 0.1724987273965545 0.15374590705673985 0.13230858222402658 0.090452309615013965 0.071775851352498296 0.082849096391764035 0.93954212720734565 0.043697584579201226 0.048364731961913848 0.37405791059339111 0.22946066145331315 0.027589248527186246 -0.061089360107182446 0.51222362159482071 0.083020208637978862 0.30462075565641616 0.042667143054450796 0.020159332707837315 0.28082817625831097 -0.013930482135729356 0.0040349743027444677 0.021392293414598675 -0.028010028873073758 0.71588609141566173 0.049313092020872112 -0.011708779982522444 0.050342437631121367 0.0039903499710542498 0.1209360910203765 0.39590179975373224
leaf_weight=1749 433 1157 2095 3898 3011 1858 1504 3807 1901 605 1207 2439 474239 159 1104 426 13090 5494 2521 31103 17230 2752 99182 530 784 18521 1415 8824 2338 250
leaf_count=1749 433 1157 2095 3898 3011 1858 1504 3807 1901 605 1207 2439 474239 159 1104 426 13090 5494 2521 31103 17230 2752 99182 530 784 18521 1415 8824 2338 250
internal_value=-0.0010301 0.0102127 -0.00162791 0.00828739 0.00577294 0.0124082 0.0394142 0.000869438 0.0024781 0.00987511 0.0131275 0.00635354 -0.0019359 0.00186952 0.00444634 0.0203649 0.004121 0.00299667 0.018543 -0.000143324 0.000902806 -0.00200341 -0.001362 0.0221313 0.0114309 -1.60254e-05 -0.000470462 0.00119653 0.0101483 0.0252774
internal_weight=705626 35625 670001 33438 20783 12655 2187 73558 28409 8977 4680 4297 596443 26314 7183 585 16101 6598 3678 45149 19131 576173 101934 1135 4682 20270 41342 10239 3545 683
internal_count=705626 35625 670001 33438 20783 12655 2187 73558 28409 8977 4680 4297 596443 26314 7183 585 16101 6598 3678 45149 19131 576173 101934 1135 4682 20270 41342 10239 3545 683
cat_boundaries=0 19 46 73 99 121 148 174 202 230 257 258 286 314 342 370 398 420 448 476 504
cat_threshold=0 0 0 0 0 0 0 0 2048 0 0 0 0 0 0 0 0 0 8192 16 64 0 320 0 0 0 0 0 536875008 0 0 536870912 0 0 0 268435456 0 0 0 0 0 134217728 1048576 268435456 0 4 139265 0 132096 2415919108 589956 134217985 1048576 2050 0 8392704 128 0 3145728 0 0 0 128 1056768 1048576 4 0 0 16 0 8192 0 2048 262144 603996160 0 0 4680 150994945 4194560 134225920 128 67109888 0 0 134234112 256 0 134225920 0 8388608 131072 1048576 0 1048576 512 0 16 4198400 0 0 18 0 0 0 0 0 0 0 0 0 0 0 0 0 0 0 65536 1024 4096 4 18 64 112 2147483920 536870912 2147483712 9437248 16384 0 1142951936 0 0 4096 8388608 525312 262144 545259520 0 0 67108864 0 0 134217728 1048576 0 4 4 9764864 41959426 64 32 128 65536 32 8390656 1342177280 4096 0 0 288 262144 0 8 570441729 0 0 0 0 1 1 2147483648 8192 6144 0 8 1 268435456 3 2147483648 1090650144 0 268435970 128 1 536870912 37748736 268435456 0 268435712 16384 16384 1024 0 262144 0 0 17408 4096 0 1048576 67108864 1048578 142606336 2048 65536 1 2147557888 33685504 536870912 4 1048576 8388608 16777280 33562624 0 2097152 2 2097152 128 67108864 0 256 4096 1 0 0 0 0 532480 16 64 16 64 536903680 16448 0 135282692 24592 0 0 1024 0 0 8 0 553648128 4 16400 8 128 4194304 0 1090520064 0 4 532481 16 2148532224 268435456 0 33554432 8425472 8392768 536870912 8388672 1073741824 0 0 67141632 33554432 263168 68173824 0 8388608 134217728 8388608 0 0 1 0 1024 2147483648 64 0 4096 1 0 67174400 0 2147745792 12582912 4194304 2164260864 128 1 0 16777216 0 2 65536 5120 2228228 134219776 16 139264 536871168 0 0 536870912 0 65536 0 4096 18 8388608 0 0 2228224 272646273 4325376 0 192 16785920 1149239296 0 8192 0 2097152 1032 0 134348800 268435456 0 0 4194312 0 0 0 131104 0 4096 131075 0 67109888 6 4 545522176 4194432 4096 512 1048576 0 0 17858568 16384 0 335544320 512 8390656 67108864 0 1073741824 0 0 0 0 0 0 536879104 1 0 33800 64 128 0 0 33554432 1073741824 16416 67108864 0 2147484160 0 0 0 16384 8421376 0 524800 262656 16384 131088 131072 1073741824 4198912 4128 4 0 0 64 2097152 536870912 2147483648 8388608 0 0 2097152 0 0 0 0 0 0 0 0 16 0 0 524288 0 0 128 1075838976 4194304 8388608 0 2306 514 32768 17 67108868 524288 0 67108864 0 8389120 2048 0 8208 4194304 8192 0 2147500032 16777216 65536 1024 6144 0 0 5120 16777344 68157504 8192 8448 32 268435456 8404992 0 1073741888 0 128 8388608 0 32 41943040 1024 0 4194304 0 1024 0 1077944320 4198400 0 264 537919616 142607376 133120 16 16777344 768 33554432 32768 131072 0 0 0 8192 6144 3145728 16777216 0 41104 4 256 0 8 0 0 0 0 0 32
is_linear=0
shrinkage=0.05


Tree=12
num_leaves=31
num_cat=15
split_feature=27 37 5 4 38 35 37 37 35 37 4 30 41 37 37 30 37 37 35 38 30 37 28 28 37 27 42 37 26 25
split_gain=1594.35 797.409 167.188 106.314 75.2029 42.1778 44.5015 38.0097 33.2019 40.0037 32.1953 35.0007 29.8529 25.1964 25.1437 23.0275 53.5454 21.6894 19.7107 19.5704 18.4243 17.8731 17.6387 17.1222 16.6974 16.3494 15.4911 13.2666 12.7627 12.3832
threshold=3.3447831869125371 0 1.7647651433944704 4.6186585426330575 1 0.95987150073051464 2 3 0.82508671283721935 4 6.213503599166871 1.0000000180025095e-35 5 6 7 1.0000000180025095e-35 8 9 0.9908207654953004 10 1.0000000180025095e-35 11 0.57150000333786022 0.57150000333786022 12 2.6422220468521123 13 14 6.5725424289703378 3.0835262537002568
decision_type=2 9 2 2 9 2 9 9 2 9 2 2 9 9 9 2 9 9 2 9 2 9 2 2 9 2 9 9 2 2
left_child=2 4 8 7 20 17 15 29 9 19 26 12 28 -10 -13 27 -17 23 -9 22 -2 -20 -1 -4 -15 -8 -5 -7 -12 -3
right_child=1 3 5 10 -6 6 25 18 13 -11 11 14 -14 24 -16 16 -18 -19 21 -21 -22 -23 -24 -25 -26 -27 -28 -29 -30 -31
leaf_value=0.33336296778820707 0.16075037011462012 0.080834685378733007 0.27877817972400493 0.10164502992274452 0.90186830453838462 0.15152882042128904 -0.016190696609486216 0.096928871964213306 0.0010521065028054055 -0.019073177257944177 0.10704868103378398 0.70991262748519313 0.051255718939872519 -0.018760417724039892 0.094437436957983234 0.47024105437733854 0.040446686630663156 0.023223160729532271 0.037272515263217489 0.012297530440128938 0.47548843316997635 0.004464074834364104 0.036989619558955029 0.073790210748437529 -0.055536387633051604 0.010067445744049275 0.080249265686845914 0.01185824061798342 0.078887691568607851 0.14512664461463851
leaf_weight=797 497 1352 326 3480 1398 562 42432 2415 14161 12859 1274 1327 1332 33797 627 639 3569 7673 7594 1884 294 5127 1122 3386 520104 13131 6383 10485 627 4684
leaf_count=797 497 1352 326 3480 1398 562 42432 2415 14161 12859 1274 1327 1332 33797 627 639 3569 7673 7594 1884 294 5127 1122 3386 520104 13131 6383 10485 627 4684
internal_value=-0.00105984 0.00884548 -0.00163034 0.00706524 0.0380807 0.000481028 2.6899e-05 0.00478298 -0.00192716 0.000272759 0.01028 0.01347 0.0102713 -0.00199169 0.0187545 0.00241795 0.00556664 0.00330559 0.00343698 0.00476993 0.0247163 0.00265269 0.00831736 0.00643836 -0.00204491 -0.000629926 0.00860123 0.00122036 0.0142769 0.00813792
internal_weight=705338 38411 666927 36222 2189 82203 70818 21172 584724 16662 15050 5187 3233 568062 1954 15255 4208 11385 15136 3803 791 12721 1919 3712 553901 55563 9863 11047 1901 6036
internal_count=705338 38411 666927 36222 2189 82203 70818 21172 584724 16662 15050 5187 3233 568062 1954 15255 4208 11385 15136 3803 791 12721 1919 3712 553901 55563 9863 11047 1901 6036
cat_boundaries=0 19 20 47 74 101 104 131 158 172 199 200 222 247 254 278
cat_threshold=0 0 0 0 0 0 0 0 2048 0 0 0 0 0 0 0 0 0 8192 24578 20 0 16 0 536870912 64 64 81920 0 4198404 0 0 4352 8388608 525312 0 545784832 0 0 0 0 4210688 134217728 1048576 0 0 524292 18 64 128 320 536870912 0 0 0 0 536875008 0 0 0 0 0 0 0 0 0 0 0 0 0 1048576 268435456 0 4 0 67108928 0 0 65536 268435456 0 134217728 514 0 0 32768 0 33554752 1048576 0 16777216 536870912 17825808 67108864 32 0 0 16 16777232 2147483652 654319616 268435456 262144 256 4194320 393216 528 80 536903680 16448 0 1064964 16384 0 0 32 0 0 8 0 537002240 0 16400 8 128 0 0 1090520064 0 2097152 532481 16 0 0 0 0 0 0 0 0 4096 0 0 0 0 0 0 268435456 0 0 0 0 524288 0 0 0 0 4 16 0 0 0 0 64 0 0 0 0 0 0 0 8388608 2 64 64 67108864 536870928 2147483648 0 0 0 16 0 0 0 1088 0 262144 0 32 1048592 0 0 0 0 0 268468224 4 4 139329 0 0 64 2097152 0 0 8388608 0 0 69206292 0 536870912 536870912 0 0 2 0 4 0 0 67108864 524288 536870912 0 0 67108864 0 0 536870976 134217728 20971536 67109120 0 197632 790528 134219776 524288 1073741824 524800 268435488 0 0 8192 4194304 136314884 0 8421504 16777220 268435456 256 0 69206016 0 128 4 0 0 0 536870912 64 64 0 0 0 0 0 0 0 0 0 0 0 0 0 0 0 0 1048576
is_linear=0
shrinkage=0.05


Tree=13
num_leaves=31
num_cat=14
split_feature=27 37 3 36 9 5 35 36 25 37 37 36 30 36 22 36 37 36 35 37 22 36 12 31 35 37 14 30 11 37
split_gain=1352.84 721.383 189.019 133.461 43.5867 41.3526 40.1386 38.5721 36.8119 35.595 31.8805 34.3599 26.8999 35.8056 24.7606 24.4866 23.6684 23.5094 22.2184 21.9408 18.7536 21.0766 17.5088 17.1187 17.0315 26.5544 16.9034 15.7589 14.6916 14.0488
threshold=3.6039527654647832 0 2.1505157947540288 1 24.813255310058597 1.2067573070526125 0.82508671283721935 2 11.218502521514894 3 4 5 1.0000000180025095e-35 6 5.5000000000000009 7 8 9 0.9908207654953004 10 4.5000000000000009 11 5.5000000000000009 0.81534999608993541 0.87452495098114025 12 3.1250000000000004 1.0000000180025095e-35 5.0428574085235605 13
decision_type=2 9 2 9 2 2 2 9 2 9 9 9 2 9 2 9 9 9 2 9 2 9 2 2 2 9 2 2 2 9
left_child=2 4 5 8 -2 24 9 -4 22 -7 11 -5 15 -14 17 -9 -8 -13 28 -15 -18 -22 -3 26 25 -1 -16 -10 -12 -17
right_child=1 3 7 10 -6 6 16 12 27 -11 18 14 13 19 23 29 20 -19 -20 -21 21 -23 -24 -25 -26 -27 -28 -29 -30 -31
leaf_value=0.072980249922359783 0.37375248404693129 0.11357856109502269 0.093987325683708933 0.013630115429190362 0.87199419625726604 0.42463813368799719 0.024419971064843563 0.044704274144892503 0.15572456138929761 0.04181524970131148 0.10574637832019332 0.10127684107770796 0.11539782822049682 0.080573891216976501 0.31666524469768015 0.014953304891910197 -0.033416572769922624 0.068993175803991044 0.018942250137083338 0.0069198542207936867 0.036921399665455268 -0.0083980423296361913 0.2164502164223534 0.135653882741613 -0.058871371851564193 -0.027661446915276833 0.91590955374792449 0.84729939064485693 0.15249710580462361 -0.012163805726713578
leaf_weight=2571 518 2296 2854 2119 1127 114 10541 2708 342 2761 1602 2963 1434 4917 171 12108 86285 10894 5569 10439 1391 32405 1175 3411 454035 23965 258 416 126 24154
leaf_count=2571 518 2296 2854 2119 1127 114 10541 2708 342 2761 1602 2963 1434 4917 171 12108 86285 10894 5569 10439 1391 32405 1175 3411 454035 23965 258 416 126 24154
internal_value=-0.0010924 0.00879358 -0.0015772 0.00708848 0.0409647 -0.00183615 -0.00105764 0.00113563 0.0153485 0.00478529 0.00579441 0.00683714 0.000844524 0.00251772 0.00755915 0.000123809 -0.00118628 0.00657797 0.00295669 0.00180647 -0.00138563 -0.000387313 0.0131977 0.0111169 -0.0020524 -0.000821118 0.0205291 0.0253689 0.00791209 -0.00021931
internal_weight=705669 32987 672682 31342 1645 614068 133497 58614 4229 2875 27113 19816 55760 16790 17697 38970 130622 13857 7297 15356 120081 33796 3471 3840 480571 26536 429 758 1728 36262
internal_count=705669 32987 672682 31342 1645 614068 133497 58614 4229 2875 27113 19816 55760 16790 17697 38970 130622 13857 7297 15356 120081 33796 3471 3840 480571 26536 429 758 1728 36262
cat_boundaries=0 9 35 63 77 104 132 159 187 214 241 268 296 323 350
cat_threshold=0 0 0 0 0 0 0 0 2048 1048577 16384 1026 0 4172 134291969 33554688 8192 0 8389632 0 0 134234112 256 0 134225920 0 0 256 0 4096 4 512 0 16 4198400 1 8388610 67240000 16416 160 0 131072 8388608 1073741824 4608 67108992 0 16785664 16384 0 268435456 16389 67108992 268435456 0 0 0 0 2147483648 0 6144 0 4096 0 64 0 0 0 0 0 0 0 0 0 0 0 64 18 64 192 2097472 536870912 0 536870912 0 0 606081024 0 0 536870912 0 0 262146 0 0 8192 0 0 524288 134217728 1048576 268435456 0 4 8388612 2097152 4096 96 4194304 536871040 0 0 0 512 1073741824 2105344 1073742080 128 33554432 67142656 2097152 0 2097216 273 0 0 0 33554434 0 0 0 536879104 514 0 1024 64 2147745794 1 71303200 2147483648 130 0 0 0 0 0 65552 1024 33554432 167772160 0 131329 4194432 1140850689 0 0 12288 65536 1048576 9502720 0 0 4 2097156 128 0 0 131584 16809984 545259520 0 8 262144 2097152 138 536871936 8388608 69206034 0 0 0 1 16 2147483648 0 0 10240 20 0 66064 80 536870912 16448 537919552 16384 16384 64 0 1024 2147487752 0 525312 0 16778496 32 0 1048576 0 4210688 134217728 0 0 0 524289 262146 0 133121 2415919104 17301504 0 1179776 134217728 128 67108864 8388608 0 6291456 264192 67108864 2 16384 134225920 1049600 4 262144 1073741824 0 0 8192 0 2048 18 64 512 2214592768 0 64 536870912 0 65536 2097428 0 134217728 4096 41944064 0 262144 1 8388608 16 0 0 524288 0 0 0 4 4 67108864 16908288 0 8388672 64 524288 8840 33554432 512 134217760 64 0 0 33554432 0 0 2147483680 0 66560 0 0 2147500032 16 536870912 1073741824 4202560 0 2097156 0 67108928 128 8 65536 0 256 0 268444160 0 1 0 0 540992 9437184 0 16777216 0 0 0 32 0 0 0 16842768 2147483656 654319616 64 4160 1600 2097408 536870912 2147483712 576 81920 0 4096 0 0 256 41944064 524288 262210 0 0 0 0 0 0 0 1048576 268435456 4 268443652
is_linear=0
shrinkage=0.05


Tree=14
num_leaves=31
num_cat=10
split_feature=27 4 1 27 5 37 35 22 35 37 35 37 6 37 3 37 30 28 42 24 30 22 37 37 32 26 42 6 32 37
split_gain=1156.39 717.143 124.521 94.795 68.5359 54.4659 36.4414 29.6433 31.3217 29.3821 23.6856 30.625 25.8374 22.9929 20.5953 19.9968 17.856 32.7888 18.9107 17.0498 16.0064 15.8438 18.1998 15.8403 15.7216 14.1162 13.9815 12.3361 14.305 12.276
threshold=12.693529129028322 2.9567737579345708 18.214126586914066 1.5713860392570498 4.4370880126953134 0 0.90663462877273571 5.5000000000000009 0.7614157795906068 1 0.7614157795906068 2 0.86565533280372631 3 6.7309298515319833 4 1.0000000180025095e-35 0.90449997782707225 5 18.74082183837891 1.0000000180025095e-35 4.5000000000000009 6 7 20.064999580383304 16.820131301879886 8 2.3903970718383794 23.035000801086429 9
decision_type=2 2 2 2 2 9 2 2 2 9 2 9 2 9 2 9 2 2 9 2 2 2 9 9 2 2 9 2 2 9
left_child=1 3 25 10 7 20 15 8 -3 14 11 12 -1 -12 -6 -7 18 24 -11 -4 -5 -8 -23 -10 -18 -2 -9 -22 -29 -15
right_child=2 4 19 5 9 6 21 26 23 16 13 -13 -14 29 -16 -17 17 -19 -20 -21 27 22 -24 -25 -26 -27 -28 28 -30 -31
leaf_value=0.15974005992712528 0.26968944272905288 0.26766379274135882 0.51225516988556485 0.072376800043933973 0.078944258783604671 0.089086882269024031 -0.02056593327273383 0.31311878655092729 0.098307636135331278 0.057301307399471438 0.0021816578376196993 -0.0014956384448251668 0.40890217691271913 -0.019806139199047376 0.14260376468562308 0.019916589987493419 0.74115376850865511 0.063171787188564199 0.030567115167797684 0.8441955347232114 0.11073396828463755 0.024306028494391972 -0.0064708939957448548 0.022095533471497612 0.4076005809874646 0.67172076207139242 0.070701820431055662 0.47113426791178092 0.12680641060699704 -0.050862105827421657
leaf_weight=500 758 291 273 1350 3874 1821 53222 463 3035 5459 12259 6519 167 21591 1302 6063 130 2819 3863 1144 1039 7107 31471 20743 1861 464 3490 293 286 511681
leaf_count=500 758 291 273 1350 3874 1821 53222 463 3035 5459 12259 6519 167 21591 1302 6063 130 2819 3863 1144 1039 7107 31471 20743 1861 464 3490 293 286 511681
internal_value=-0.00111605 -0.00124014 0.0319138 -0.0016694 0.00470358 -0.000274031 -0.000473043 0.00312404 0.00246479 0.0069957 -0.00192855 0.000923194 0.0110361 -0.00196611 0.0102294 0.00278884 0.00579933 0.0082779 0.0045259 0.0420011 0.00638805 -0.00075326 1.82736e-05 0.00226481 0.013189 0.0201921 0.00713644 0.0097622 0.0156078 -0.00201531
internal_weight=705338 702699 2639 655369 47330 102652 99684 28022 24069 19308 552717 7186 667 545531 5176 7884 14132 4810 9322 1417 2968 91800 38578 23778 1991 1222 3953 1618 579 533272
internal_count=705338 702699 2639 655369 47330 102652 99684 28022 24069 19308 552717 7186 667 545531 5176 7884 14132 4810 9322 1417 2968 91800 38578 23778 1991 1222 3953 1618 579 533272
cat_boundaries=0 7 34 61 88 115 123 150 177 181 208
cat_threshold=20 1073741888 0 0 536870912 64 64 0 0 0 256 0 0 0 0 2048 4096 0 0 536870912 0 0 0 268435456 0 0 0 0 0 134217728 0 0 0 4 0 64 0 0 0 0 0 0 0 0 0 0 0 64 1048576 0 16777216 536870912 0 0 32 0 0 0 65552 2147483648 536870912 16 0 528 80 536903680 16448 64 135282692 8192 0 0 33 0 2052 524296 0 131072 0 16384 8 128 0 128 1090519040 8388608 8 34078720 66 67108864 4160 0 0 268435456 512 0 65536 0 2147483648 0 0 0 0 0 0 32 1048592 1073741824 0 0 0 0 268435456 0 8192 524290 2147483648 132354 0 2097152 0 2097152 32 4718592 131072 0 0 32768 0 536903684 81920 16384 1879048468 0 134217728 266248 0 2 0 8912896 8388608 16384 8 65536 4718592 0 0 128 0 4 0 0 0 0 536870912 64 536870912 0 0 536870912 0 0 0 0 524288 262146 536870912 0 0 0 0 0 0 1048576 268435456 0 4 0 0 271616 512 0 32768 0 2097152 16842752 0 0 2147483648 16793600 2097408 0 134218752 528384 167788544 536870912 1610612736 536870913 0 0 0 33824768 4194304 136314884 1024 32768 2097152 8192
is_linear=0
shrinkage=0.05


Tree=15
num_leaves=31
num_cat=9
split_feature=5 37 5 23 5 22 37 22 35 37 32 35 37 37 22 37 24 37 35 35 35 37 9 3 35 37 32 33 33 5
split_gain=1003.56 662.528 115.341 58.386 53.4969 46.1369 35.8986 34.9867 29.7589 27.3253 24.4345 22.7627 26.9571 22.6077 22.2537 18.8673 16.4748 15.6823 14.9876 14.9742 14.9116 13.3481 11.8282 11.3144 11.2383 10.4089 10.3258 15.5595 10.1874 10.0549
threshold=3.2596467733383183 0 1.5072591900825503 19.21418380737305 7.1855149269104013 4.5000000000000009 1 5.5000000000000009 0.85972008109092724 2 20.435000419616703 0.89581334590911876 3 4 4.5000000000000009 5 2.453943252563477 6 0.97158312797546398 0.90389192104339611 0.81005272269248974 7 24.813255310058597 4.00000023841858 0.77937248349189769 8 22.845000267028812 74.764999389648452 67.454998016357436 4.4370880126953134
decision_type=2 9 2 2 2 2 9 2 2 9 2 2 9 9 2 9 2 9 2 2 2 9 2 2 2 9 2 2 2 2
left_child=2 3 11 -2 7 9 8 13 -7 24 -9 12 -1 23 21 -13 18 -10 -12 -11 -15 -6 -16 -3 -4 -14 27 28 -18 -22
right_child=1 4 5 -5 14 6 -8 10 17 19 16 15 25 20 22 -17 26 -19 -20 -21 29 -23 -24 -25 -26 -27 -28 -29 -30 -31
leaf_value=0.045789079876276693 0.27664237324431407 0.048743229707067522 0.14609040114126323 0.77320329491332029 0.10793430891225242 0.20427561590194918 0.003991760353347691 0.14215460158902135 0.18275390395963159 0.017899305879516773 0.95605033695372377 -0.0023932061881906624 0.0095233375491239787 0.10478001879241067 0.39102107007280118 -0.050263033430006425 0.089690247030930093 0.029535198060307438 0.37886718142740411 -0.020183037559889778 0.021891980172185091 0.095336279809958957 0.63821250627028303 0.074140860200069311 0.019777300523411784 -0.029251358202036021 0.061649176678208975 0.045739030942289524 0.25727944363821037 0.054571450912940134
leaf_weight=3828 460 2852 289 1182 1363 581 22950 349 904 5401 105 12934 6975 511 832 497464 526 8162 113 64734 12406 1339 221 5888 11692 27524 2721 856 526 9416
leaf_count=3828 460 2852 289 1182 1363 581 22950 349 904 5401 105 12934 6975 511 832 497464 526 8162 113 64734 12406 1339 221 5888 11692 27524 2721 856 526 9416
internal_value=-0.00113857 0.00638839 -0.00161129 0.0374138 0.00510403 -0.0001694 0.0014221 0.00451689 0.00397934 -0.000801175 0.00831441 -0.00191273 -0.000737516 0.00388162 0.0107861 -0.00200097 0.00739119 0.00327947 0.0207991 -0.00117808 0.00303292 0.00837773 0.0169521 0.00603931 0.00140489 -0.0011793 0.0067554 0.00957569 0.0136467 0.00283623
internal_weight=705104 41666 663438 1642 40024 114713 32597 36269 9647 82116 5196 548725 38327 31073 3755 510398 4847 9066 218 70135 22333 2702 1053 8740 11981 34499 4629 1908 1052 21822
internal_count=705104 41666 663438 1642 40024 114713 32597 36269 9647 82116 5196 548725 38327 31073 3755 510398 4847 9066 218 70135 22333 2702 1053 8740 11981 34499 4629 1908 1052 21822
cat_boundaries=0 9 36 63 90 117 144 156 175 202
cat_threshold=0 0 0 0 0 0 0 0 2048 16 67108928 0 256 536903680 64 536903744 0 0 1610625284 0 134217728 4360 0 1026 0 8913408 0 1048592 1073741824 0 16384 0 0 0 4 4 22 67108928 592 16 536870912 16448 64 81920 0 0 0 33554432 0 8388608 525312 262144 1280 32 0 0 0 4194304 134217736 0 0 4 8196 0 67108928 128 0 536936448 268435456 536871680 0 268509696 0 1 0 0 2368 1048576 0 16777216 536870944 16 0 32 0 0 16 8388624 2147483656 100671489 2 0 0 256 536870912 0 536870912 0 0 538972160 0 0 536870912 0 0 262144 536870912 0 0 0 0 0 134217728 1048576 0 0 4 16 262144 16 64 536870912 16384 0 1048576 18890752 603980032 0 1057 0 4 537395208 0 537001984 0 16384 8 8320 0 0 1090520064 0 0 532481 16 0 0 0 0 64 0 0 0 0 0 134217728 0 0 0 2097152 0 2147483648 0 0 0 4096 0 0 0 0 0 0 268435456 0 8192 16 0 512 8392712 16 0 1048576 135266304 2 0 0 0 8 541184 33554432 1073741824 524288 0 17891328 1073741824 32768 0 136 0 16875648 1090519044 16777216
is_linear=0
shrinkage=0.05


Tree=16
num_leaves=31
num_cat=21
split_feature=37 4 36 4 36 30 37 30 36 36 35 37 35 36 28 36 36 0 36 36 37 37 37 36 35 37 38 37 38 37
split_gain=909.39 591.431 88.6921 82.7933 57.8785 44.4439 47.5355 39.8318 55.6083 32.3493 21.8838 20.5734 20.0384 21.6766 19.4121 17.8892 17.6625 17.6274 17.2132 16.4225 16.2163 16.0939 15.5716 15.1483 14.9761 15.8164 12.5566 11.8473 11.2497 11.8131
threshold=0 2.8751608133316044 1 1.3025441169738772 2 1.0000000180025095e-35 3 1.0000000180025095e-35 4 5 0.67103970050811779 6 0.98505902290344249 7 0.89535999298095714 8 9 6.5093603134155282 10 11 12 13 14 15 0.90389192104339611 16 17 18 19 20
decision_type=9 2 9 2 9 2 9 2 9 9 2 9 2 9 2 9 9 2 9 9 9 9 9 9 2 9 9 9 9 9
left_child=4 3 17 10 -1 15 14 9 27 -4 28 19 13 -8 20 -5 -14 -3 -13 -10 26 -12 23 -11 25 -17 -7 -9 29 -2
right_child=1 2 7 5 -6 6 12 8 11 22 21 18 16 -15 -16 24 -18 -19 -20 -21 -22 -23 -24 -25 -26 -27 -28 -29 -30 -31
leaf_value=0.26852357133460514 0.0092819166048827128 0.12251975446065344 0.059685070210385688 0.030380308937982471 0.76332559324138483 0.23872969777802833 0.068610185527231013 0.50401845273306722 0.28008462980346938 0.053500402011051856 -0.00037465566164106946 0.067985921254081455 0.04059185199949638 0.011646024593936767 0.035248407561730602 0.36805472136376055 -0.009674929444653561 0.19362308615628987 0.029447743279327573 0.11463946864603727 0.023494046617043213 -0.048392595080370575 -0.00248951421085315 0.018500707281506244 -0.025788686974295944 0.0071467501567600705 0.15875425382255243 0.069484040919371534 -0.028468298607461098 0.24905713777817443
leaf_weight=585 887 3273 3687 4135 1065 767 1117 1312 1168 3588 10282 2107 1666 9062 3793 118 35730 1704 8731 2814 947 491984 8768 13502 82860 6293 670 592 1146 877
leaf_count=585 887 3273 3687 4135 1065 767 1117 1312 1168 3588 10282 2107 1666 9062 3793 118 35730 1704 8731 2814 947 491984 8768 13502 82860 6293 670 592 1146 877
internal_value=-0.0011464 -0.0012336 0.00393847 -0.00163993 0.0358067 -0.00059626 0.000549178 0.00325362 0.00520418 0.00215046 -0.00194395 0.0041602 1.28708e-05 0.00197962 0.00467154 -0.00125542 -0.000522502 0.0102762 0.00302378 0.00723641 0.00821384 -0.001969 0.00152325 0.00240191 -0.00140429 0.000923658 0.0115383 0.0132324 0.00237891 0.00486761
internal_weight=705230 703580 51246 652334 1650 147158 53752 46269 16724 29545 505176 14820 47575 10179 6177 93406 37396 4977 10838 3982 2384 502266 25858 17090 89271 6411 1437 1904 2910 1764
internal_count=705230 703580 51246 652334 1650 147158 53752 46269 16724 29545 505176 14820 47575 10179 6177 93406 37396 4977 10838 3982 2384 502266 25858 17090 89271 6411 1437 1904 2910 1764
cat_boundaries=0 9 37 61 85 111 139 163 190 218 246 273 301 323 350 377 404 431 432 459 460 487
cat_threshold=0 0 0 0 0 0 0 0 2048 1179648 8404994 131074 4 528453 1 4194304 8396800 0 128 0 0 134217728 0 0 402653186 0 0 272 0 4096 4 512 16384 8208 4096 0 4096 0 0 16 0 32 0 0 0 0 0 0 0 0 0 0 0 65536 0 0 1024 0 0 0 2 16 67108928 512 64 4194304 64 536903744 0 16384 1073750080 0 134217728 4104 0 0 0 8388608 0 8388624 0 0 16384 0 4194304 1 0 2049 16 262282 256 131104 32768 268435970 8388608 67108865 536870912 16384 256 2097216 16785408 16512 16384 131072 0 0 1073741824 16 0 0 4194304 262144 33554432 64 33554432 3145728 201334784 1048832 2 1073741824 1086464 8388608 0 17825792 262144 0 0 0 135274624 1048576 1048576 0 4096 0 2147483664 0 64 0 8192 16 0 0 0 0 0 0 0 0 4096 8388608 536870912 0 33554432 0 262144 536870912 0 8208 0 0 0 0 1048576 262144 16 0 0 655360 8192 1078984704 262144 512 32 0 0 1050624 1074036740 0 1536 33554436 256 1048576 0 0 134217728 1032 0 8192 4194336 294912 131072 258 72 2149580832 0 128 131072 65536 0 4096 8388608 4194304 32772 16 524288 136 8390144 4096 268435472 512 0 0 0 0 0 4194816 1024 33554432 1 0 0 16384 67108928 16777216 4194304 2147483648 32768 134234116 0 1090519040 4096 33554432 0 8192 32 0 268435456 1342832640 0 272728064 64 536870912 1073741824 65536 0 4096 8194 0 0 2147483648 2164260864 131072 603979776 2 384 16781312 128 128 3178496 16384 16384 1280 8388609 135274496 8388608 0 0 0 0 33555456 0 64 2048 128 24 0 4194368 131584 2164260864 0 536870920 1073741828 67108864 0 64 8192 268437504 9437184 4 0 0 1024 1048833 262144 72 0 1024 0 1073741856 0 67108864 16 67108928 0 0 0 0 0 0 0 0 0 134217728 0 0 0 0 0 0 16 0 0 16384 272629776 262144 16 2097168 536936448 0 0 135266304 16400 536870912 0 33 524288 0 537395208 0 537001984 268435456 16384 8 128 0 134217728 1090520064 0 0 524289 0 64 64 2097408 536870914 2147483648 8388672 65536 0 538972176 0 536870912 0 33554496 524288 262144 0 0 8192 0 67108880 524288 0 1048576 268435456 4 4 65554 67108864 3072 268435456 16908800 16781312 33554432 67110912 128 10485760 128 0 8448 0 2097152 8 33554560 8390656 2 0 256 64 1 0 0 0 2048 0 64 0 0 0 0 0 0 0 0 0 0 0 64 0 0 0 0 0 0 0 0 0 0 0 0 268435456 22597 16 0 0 0 0 0 545259520 0 0 536875012 0 0 0 0 0 0 0 0 0 0 0 0 0 0 0 0 4 2057 0 0 0 0 0 0 0 0 0 0 2148532224 0 0 256 0 0 0 0 0 0 16777232 0 0 0 0 1073741824 872415232
is_linear=0
shrinkage=0.05


Tree=17
num_leaves=31
num_cat=11
split_feature=37 5 4 27 2 35 37 27 30 37 22 37 28 37 22 37 35 37 5 37 11 37 22 32 37 37 3 22 3 30
split_gain=818.483 507.232 72.8143 70.0185 51.2627 44.5428 31.7264 28.8521 28.0315 44.0308 28.1139 25.2517 23.8948 19.0736 18.742 17.4747 15.966 23.5568 15.7537 14.1475 12.6665 12.1627 11.8721 13.0884 14.431 11.5144 11.4404 10.7941 10.018 9.98756
threshold=0 2.6278630495071416 4.8858752250671396 1.2288133502006533 19.540961265563968 0.96571087837219249 1 12.693529129028322 1.0000000180025095e-35 2 2.5000000000000004 3 0.52949997782707225 4 1.5000000000000002 5 0.87452495098114025 6 1.3101791143417361 7 15.185714244842531 8 5.5000000000000009 21.545000076293949 9 10 3.702121496200562 3.5000000000000004 7.855290651321412 1.0000000180025095e-35
decision_type=9 2 2 2 2 2 9 2 2 9 2 9 2 9 2 9 2 9 2 9 2 9 2 2 9 9 2 2 2 2
left_child=4 3 8 15 -1 6 12 19 13 10 -10 -7 -5 -3 -11 -2 17 18 -17 28 -6 -13 -16 24 -24 -25 -15 -14 -4 -21
right_child=1 2 7 5 20 11 -8 -9 9 14 -12 21 27 26 22 16 -18 -19 -20 29 -22 -23 23 25 -26 -27 -28 -29 -30 -31
leaf_value=0.27790582539889103 0.0036176308965851335 -0.013750168708512069 0.072647171636183519 0.34149985035433139 0.58683378731780833 0.01916444033458875 0.00027978324216457743 0.44917135604740138 0.44791515433280504 0.16186294459740047 0.22838512117289525 -0.00075872849740035166 0.014322681977134932 0.011011430699725856 0.016173041629322826 0.082890282035806492 -0.049060839181359263 -0.02183858291696239 0.37937397914111443 0.039747626536567632 0.69637685050558518 -0.024531060036379108 0.10267938652126762 0.057560468404140155 0.065365566577425135 0.00045415668028257663 0.033671566556495829 0.050810825792614291 0.14250369077132938 0.21852995516788001
leaf_weight=511 9022 7458 4159 231 194 10344 18098 952 243 262 2139 17631 3171 12572 8403 1352 445861 24236 111 6257 917 110256 582 2143 818 1920 8025 4035 699 2934
leaf_count=511 9022 7458 4159 231 194 10344 18098 952 243 262 2139 17631 3171 12572 8403 1352 445861 24236 111 6257 917 110256 582 2143 818 1920 8025 4035 699 2934
internal_value=-0.00115974 -0.00124173 0.00317265 -0.00164984 0.0341978 -0.00075696 0.00116159 0.00618567 0.00215832 0.00379293 0.010069 -0.00111137 0.0039081 0.00119627 0.00272509 -0.0019541 -0.00199578 -0.00078395 0.00535448 0.00561406 0.0404429 -0.00130352 0.00247602 0.00429035 0.00845824 0.00285248 0.00198018 0.00340433 0.0078055 0.0044417
internal_weight=705536 703914 59566 644348 1622 163766 25535 15001 44565 16510 2382 138231 7437 28055 14128 480582 471560 25699 1463 14049 1111 127887 13866 5463 1400 4063 20597 7206 4858 9191
internal_count=705536 703914 59566 644348 1622 163766 25535 15001 44565 16510 2382 138231 7437 28055 14128 480582 471560 25699 1463 14049 1111 127887 13866 5463 1400 4063 20597 7206 4858 9191
cat_boundaries=0 9 37 51 78 104 131 158 185 212 234 261
cat_threshold=0 0 0 0 0 0 0 0 2048 18 64 1048608 2214592520 16 2415919104 516 0 65536 16 2147483648 167772160 0 0 33554432 0 536870912 536870944 1048592 0 16 0 0 268435456 32768 4 8193 1 16 0 0 64 536870912 0 0 0 0 538968320 0 536870912 0 33554432 20 0 1536 536870912 536870912 8388672 536903748 16384 16384 8 0 131072 266504 0 1024 0 26083328 0 0 1048584 0 0 134217730 1024 0 0 33554432 16 8704 67112960 68419648 18 0 536870912 0 65536 4194324 8396800 0 4100 8388608 0 1048576 8388609 32800 9437200 0 0 0 0 0 32768 1028 4194320 0 528 80 536870912 64 64 2282766340 0 69206016 0 32 0 4 537395208 0 536870913 0 0 0 33554560 0 0 1090519040 0 2097160 34078720 0 0 0 0 65536 0 256 0 8704 0 0 0 0 320 1048576 0 16777216 0 0 0 32 0 0 0 16 2147483648 67117056 0 0 0 0 0 2147483648 8388608 0 0 4096 0 0 0 0 0 0 268435456 0 0 0 0 0 134217728 0 0 4 4 65536 1074003968 0 67108880 4325376 16384 0 65536 16777248 1547968772 0 0 0 0 524288 0 1024 536870944 2147500032 33554432 65536 4194304 0 0 0 2097152 524292 0 512 67108864 2097408 0 2147483648 0 0 0 4096 0 0 0 0 0 64 0 0 0 0 0 524288 0 0 64 8388864 0 0 8388608 0 0 4096 0 0 0 0 524288 0 0 0 16 0 0 0 0 0 0 0 4
is_linear=0
shrinkage=0.05


Tree=18
num_leaves=31
num_cat=18
split_feature=37 27 36 5 36 35 37 36 36 37 42 36 37 22 36 35 36 36 22 36 28 36 37 36 22 28 9 36 22 32
split_gain=706.522 444.255 76.8264 74.0567 66.6223 36.6489 34.8527 32.6941 32.1906 29.7288 19.5972 19.3153 17.658 16.3573 15.9537 14.8343 17.474 14.8119 14.4051 14.5034 14.0939 12.99 12.6174 12.3627 12.0882 11.8338 11.5782 11.1103 11.0828 18.4817
threshold=0 2.7750804424285893 1 1.2268590927124026 2 0.97565940022468578 3 4 5 6 7 8 9 4.5000000000000009 10 0.90901944041252147 11 12 5.5000000000000009 13 0.57150000333786022 14 15 16 4.5000000000000009 0.50099998712539684 24.813255310058597 17 5.5000000000000009 22.595000267028812
decision_type=9 2 9 2 9 2 9 9 9 9 9 9 9 2 9 2 9 9 2 9 2 9 9 9 2 2 2 9 2 2
left_child=2 3 24 12 10 8 7 -6 20 11 13 -7 27 -3 -9 16 -14 -11 19 -10 -5 -8 -18 -16 -1 -25 -15 -2 -27 -30
right_child=1 4 -4 5 6 9 21 14 18 17 -12 -13 15 26 23 -17 22 -19 -20 -21 -22 -23 -24 25 -26 28 -28 -29 29 -31
leaf_value=0.11434567357367308 0.046355435096875966 0.12934804227202265 0.68955022632129526 0.3158166009270611 0.10160536330146477 0.08501431246641411 0.035284160304546133 0.086506600928847766 0.042093365128147431 0.017871680788928198 0.02803390699295067 0.0087213415407641475 0.047635714860115246 0.27287351426695511 -0.014144852753424733 -0.047385576643727556 0.021430881122675542 -0.021644177299504297 0.027553393857717847 -0.0036319375478279545 0.057605048744420545 -0.008081743817848687 -0.026822540490153382 0.094693201062462637 0.39973722555361119 0.023276040058382644 0.57722472157266214 -0.013760683966161197 0.096284821169958124 0.041190448514607569
leaf_weight=403 1669 2380 1022 192 4767 1927 2676 4082 1862 4504 729 14779 1838 946 1702 436045 3312 113440 3240 20854 2146 8420 35043 289 164 21700 120 10084 1888 3591
leaf_count=403 1669 2380 1022 192 4767 1927 2676 4082 1862 4504 729 14779 1838 946 1702 436045 3312 113440 3240 20854 2146 8420 35043 289 164 21700 120 10084 1888 3591
internal_value=-0.00117104 -0.0012464 0.0320172 -0.00160575 0.00314265 -0.000682808 0.00262514 0.00334479 0.000952995 -0.00102654 0.00920031 0.000947239 -0.00191392 0.0107854 0.00278748 -0.00196115 -0.00104201 -0.00130609 0.00044518 4.39603e-07 0.00655811 0.000158458 -0.00127033 0.00237569 0.0164057 0.00263219 0.0159653 1.48699e-06 0.00252585 0.00453513
internal_weight=705814 704225 1589 650935 53290 162944 49115 38019 28294 134650 4175 16706 487991 3446 33252 476238 40193 117944 25956 22716 2338 11096 38355 29170 567 27468 1066 11753 27179 5479
internal_count=705814 704225 1589 650935 53290 162944 49115 38019 28294 134650 4175 16706 487991 3446 33252 476238 40193 117944 25956 22716 2338 11096 38355 29170 567 27468 1066 11753 27179 5479
cat_boundaries=0 9 33 59 86 114 141 168 174 202 229 257 283 309 333 361 388 415 441
cat_threshold=0 0 0 0 0 0 0 0 2048 0 0 16 0 32 0 0 0 0 0 0 0 0 0 0 0 65536 0 0 1024 0 0 0 2 196608 41959424 2 2147483648 4165 1 0 2147491840 0 67108992 0 4 134217728 4096 0 402661376 0 8388608 272 0 4096 4 512 2147500032 16 4096 18 64 64 2097472 536870912 2147483648 8388608 0 65536 543166484 0 0 536870912 1024 524288 262146 512 1024 8208 0 67108864 524288 134217728 1048576 32768 0 4 262146 0 134144 0 131072 134217728 5243168 8388608 268436098 1048576 0 0 16384 0 8388608 2 536870913 269492224 1073872896 0 1048576 0 0 0 8192 4194368 0 256 262144 1024 2147483648 64 8519680 12591104 5251072 32 268435456 524288 8388608 0 8388608 32772 0 1049088 33554432 4096 1024 16777472 0 0 0 2147483648 8192 4202528 32768 2097172 32 66096 80 536870912 64 32832 16384 0 262208 1073741824 32 2147487752 8388608 525312 0 16777472 0 0 67108864 128 16384 134217728 0 0 0 4 16777216 0 262146 0 69206016 16777216 0 16386 1 16386 278560 0 33554432 0 1073741952 4608 0 4194304 524288 262144 16384 0 0 1024 262144 67109121 262144 0 1 2147483664 0 4096 0 4128 272629776 294912 16 0 536903680 16384 8388608 2281701376 2113536 536871168 0 33 0 0 537395208 0 536870912 0 16384 8 128 0 0 1090519040 8421376 0 33562625 1048576 10 64 268435456 17826440 8192 100663296 32770 0 1024 0 0 4096 263424 0 16777216 8405120 16512 1048576 0 256 72 0 0 0 0 2048 1048576 16777216 0 0 4 1073741824 272629760 8397344 0 2 16384 8388609 0 0 4 65536 16777728 612384768 256 2 8208 4194560 134217728 2080 4194304 0 8388608 0 256 1024 64 0 285212800 131072 2164260880 512 4096 1082146816 65536 32 0 0 128 16384 64 268435712 1074266112 16777216 268451840 16 33555456 0 69632 0 0 16384 33554432 67108864 2113536 288 264194 131200 512 0 67108992 4227392 1111490576 0 0 538968128 2048 536870916 0 1073741824 0 1 131072 8200 256 2147483648 1 10485760 16512 4325380 2048 128 4160 8388608 1073741824 0 1024 67108864 1032 32 0 268436480 8192 0 1073741888 0 0 8192 131072 32 4096 0 0 640 67108872 65536 0 0 0 268509696 0 1 1024 8 16704 1048578 0 16777216 805306368 0 1048576 32 0 136 536870912 16 2164260864 620756992 0 1 8392716 2097153 536870912 16 2147483648 1073741856 0 32 17472 2752514 0 0 33816578 16384 0 0 0 16777216 0 0 262144 536871170 1073741824 2147483648 1024 1024 545259520 4096 1073741824 0 0 1375731720 1107298816 3288334337 64 67108864 0 0 2050 33554432 0 536870912 0 268437636 0 0 0 0 131072 16777216 68
is_linear=0
shrinkage=0.05


Tree=19
num_leaves=31
num_cat=20
split_feature=37 5 36 36 27 27 35 37 36 36 36 37 36 37 36 37 35 36 37 36 22 37 25 36 31 13 28 36 36 36
split_gain=633.422 386.571 85.313 64.3744 57.7635 37.3024 36.4735 29.2969 26.0609 24.5616 23.8955 22.0864 22.0109 14.6702 16.6818 13.277 13.1402 17.6392 13.7831 13.0439 12.8787 12.7494 12.7164 11.8498 11.8458 11.0381 10.6747 10.5767 10.2118 10.1033
threshold=0 2.439872264862061 1 2 1.105135500431061 4.1269311904907235 0.97158312797546398 3 4 5 6 7 8 9 10 11 0.87822669744491588 12 13 14 4.5000000000000009 15 18.139724731445316 16 0.4634499996900559 7.2142856121063241 0.55101019144058239 17 18 19
decision_type=9 2 9 9 2 2 2 9 9 9 9 9 9 9 9 9 2 9 9 9 2 9 2 9 2 2 2 9 9 9
left_child=2 4 25 15 16 8 7 10 -5 -7 -6 28 -9 14 -13 -3 17 26 -19 -10 24 -18 -4 -11 -17 -1 -2 -15 -8 -22
right_child=1 3 22 5 6 9 11 12 19 23 -12 13 -14 27 -16 20 21 18 -20 -21 29 -23 -24 -25 -26 -27 -28 -29 -30 -31
leaf_value=0.7685412968351395 0.21961824655882134 0.014919777315124942 0.14669568565011373 0.071699871470285795 0.080595191718330544 0.14941100018472017 0.06799952855507263 0.045963314119945808 0.036590077762362561 -0.012646632447867663 0.022520468324105994 0.031170055357877514 -0.0073241375191725015 0.016239525627867978 -0.0068054113027959358 0.31879388018817911 0.00097752175205740254 0.065124947922669166 -0.026321306678881974 0.0057514551796089206 0.14795472639614637 -0.046881088727984049 0.2486833832889834 0.049823879535736561 0.095923124821489 0.85723416349550507 0.041653490601639191 -0.026741042681052464 0.0078390436932957181 0.42853508880909202
leaf_weight=786 186 845 500 3525 1180 2771 1758 1535 3913 1153 6879 1733 23061 3912 18473 139 7444 2197 22215 35731 363 409040 311 15463 2801 143 1078 130234 4898 827
leaf_count=786 186 845 500 3525 1180 2771 1758 1535 3913 1153 6879 1733 23061 3912 18473 139 7444 2197 22215 35731 363 409040 311 15463 2801 143 1078 130234 4898 827
internal_value=-0.00116649 -0.00124123 0.0288692 0.00235551 -0.00162326 0.0019189 -0.00090315 0.000620483 0.00110094 0.0037411 0.00323451 -0.00121217 -0.000237331 -0.00133374 -7.74107e-05 0.00782441 -0.00193866 -0.000840831 -0.0011395 0.000733577 0.00900145 -0.00200634 0.0164507 0.00300776 0.00724243 0.039391 0.00489412 -0.00152296 0.00160642 0.0134131
internal_weight=705094 703354 1740 67531 635823 62556 193663 32655 43169 19387 8059 161008 24596 154352 20206 4975 442160 25676 24412 39644 4130 416484 811 16616 2940 929 1264 134146 6656 1190
internal_count=705094 703354 1740 67531 635823 62556 193663 32655 43169 19387 8059 161008 24596 154352 20206 4975 442160 25676 24412 39644 4130 416484 811 16616 2940 929 1264 134146 6656 1190
cat_boundaries=0 17 45 71 99 127 155 182 209 234 260 288 313 340 367 395 420 449 477 505 530
cat_threshold=0 0 0 0 0 0 0 0 2048 0 0 0 0 0 0 0 268435456 32 2148794368 0 0 0 0 0 0 0 0 0 0 33554432 0 0 65536 0 0 0 0 0 0 0 0 0 0 2 4 1048576 8404994 2 16384 4164 1 33554432 0 0 1049728 8388608 0 134217728 0 0 402653184 16385 67125248 268435712 0 4096 0 528 2147500032 8208 4096 2 67108928 1048608 2214592520 65536 268435456 4 0 73728 16 2147483648 167772160 0 0 33554432 65536 536870912 536870944 1048592 2097152 16 0 0 0 8421376 4 8193 1 131072 33554432 131136 100 131232 268451840 32 2147483664 268566656 4096 0 32768 8448 278528 0 2 0 1048576 16 1048576 0 0 1 33555456 0 0 0 4096 537133185 1040 3072 4194304 1179656 134217728 5243168 32768 640 0 0 0 4194304 2048 0 16785408 0 0 131072 0 16777216 68 0 0 0 4194304 1048576 32 262144 536870912 1024 0 1048706 12591104 5243392 2048 268435459 2654208 8388608 0 1048576 262144 67108864 135266304 536870912 0 1048576 0 0 0 0 0 8192 4194304 36864 20 0 66048 16 553648128 64 8256 16384 16416 8192 0 0 791560 8192 1025 0 655616 0 536870912 4194312 0 0 0 4195328 16777216 0 33554432 536870912 8388608 8 2097152 9437184 2101248 8396800 0 16 0 8912896 0 1 0 0 67108872 35667972 20480 578 1 0 0 1033 16384 1 0 262144 1024 603979776 131072 8404992 538214404 2147549184 0 1077940492 1073741824 0 0 0 524288 8388608 8389120 0 2147483648 1048576 0 16416 134217730 0 0 1024 257 258 1024 1073741824 131072 402653184 1073741824 2048 0 524320 0 0 1048608 16777216 0 0 8388608 32 256 4 33554944 16777216 512 131072 1073742336 4194368 2048 262148 524288 512 67108928 71303168 0 0 0 0 0 256 0 0 0 8388608 0 0 0 0 16 0 67108864 0 0 16 128 17039360 0 0 0 71368704 273170432 16785472 5120 130 67108864 8462336 0 4 4 0 16777216 545521664 0 0 8192 512 134217728 0 4196352 0 0 16777216 0 67108864 0 0 536936448 0 0 134217728 268444160 256 1 0 0 524608 276824064 0 16777216 0 16777216 0 4227104 0 0 0 16842768 2164260864 587211264 8454154 0 67110912 4194304 0 4259968 1614807040 4096 1073741824 2097664 128 0 16777216 0 10485760 8 536870912 8388800 1048576 0 0 1 0 0 0 2080 0 8200 268435472 32768 528 68 536870912 16384 64 1048580 2113536 0 32768 33 0 134217732 537395200 0 536870913 0 16384 0 128 0 134217732 1090520072 4194304 2147483652 0 2155872256 100 2080 536870912 16777216 32 1048576 0 536870912 2621440 0 0 0 1032 0 1056 2097156 16 4194304 1 0 0 4194304 2048 0 536870912 2 1073741824 0 0 134217792 0 16777344 0 0 0 17408 536870944 0 544 268435456 512 2147483776 16384 0 0 524289 152305664 268501248 0 100663296 268435456 1052672 32 65536 131072 0 0 1080033282 0 0 131072 0 1073741824 4096 67108864 538968068 0 262144 33554432 256 16777728 1024 67371012 0 0 16392 262144 0 134744064 8519680 0 33554432 1048576 8388608 0 0 4 0 0 0 0 1024 8388608 0 0 0 0 268435456 0 67108864 0 0 0 0 0 0 8208
is_linear=0
shrinkage=0.05


Tree=20
num_leaves=31
num_cat=11
split_feature=37 5 23 27 27 35 37 37 11 37 30 8 24 5 28 37 37 28 28 35 37 37 5 37 32 37 23 20 30 37
split_gain=538.093 345.897 65.8809 55.2456 50.9543 30.6397 22.7638 22.6823 22.0288 21.3338 20.828 20.0186 19.0567 21.5071 16.6655 17.7361 15.9196 14.0185 13.9476 13.0588 19.2533 11.787 11.0987 10.9941 10.9496 10.7132 10.2742 9.39388 9.12235 39.936
threshold=0 2.3856412172317509 19.21418380737305 1.2394225597381594 4.3427586555480966 0.97158312797546398 1 2 15.185714244842531 3 1.0000000180025095e-35 3.3997923135757451 2.8378288745880131 7.1855149269104013 0.57150000333786022 4 5 0.52949997782707225 0.8652142882347108 0.85972008109092724 6 7 1.2879550457000735 8 23.394999504089359 9 4.50000023841858 0.070545673370361342 1.0000000180025095e-35 10
decision_type=9 2 2 2 2 2 9 9 2 9 2 2 2 2 2 9 9 2 2 2 9 9 2 9 2 9 2 2 2 9
left_child=2 3 -1 16 14 9 10 -7 -4 17 21 -10 18 24 26 28 -2 -5 -12 20 22 -6 -18 -9 -14 -21 -3 -15 -16 -30
right_child=1 4 8 5 6 7 -8 23 11 -11 12 -13 13 27 15 -17 19 -19 -20 25 -22 -23 -24 -25 -26 -27 -28 -29 29 -31
leaf_value=0.16711681713916987 0.00095292078306360669 0.056914062603276229 0.66354852894887095 0.2752344968349843 -0.0063384451375609746 0.017884021023011589 0.032743360473122832 -0.0021817777989681978 0.24736505596799196 -0.0002157108737038005 1.2905679569218207 0.83809419720334355 0.18175464444497844 0.089027054139114256 0.021430864867594997 0.0026728352358930743 0.10992041984687505 0.031308752398319671 0.24777699408646869 -0.017222234267552251 -0.017859974753897372 0.060283381308745089 0.29692495845994171 -0.024150109790061353 0.06275126009527715 -0.043460890370963699 0.13481505428257953 0.50409445182084622 0.42327158711797275 0.029267617321722436
leaf_weight=585 10379 1215 269 222 1294 8916 10584 18350 453 19244 137 478 2273 141 15535 28155 962 5978 110 20904 20634 2852 111 97246 1747 430644 213 725 680 4665
leaf_count=585 10379 1215 269 222 1294 8916 10584 18350 453 19244 137 478 2273 141 15535 28155 962 5978 110 20904 20634 2852 111 97246 1747 430644 213 725 680 4665
internal_value=-0.00117132 -0.00124102 0.0261623 -0.00161031 0.00208576 -0.000771822 0.00423089 -0.00109491 0.0330142 0.000809196 0.00603902 0.0366658 0.00817442 0.00748619 0.00124133 0.00108619 -0.00187029 0.00335695 0.0217036 -0.00191275 -0.000714829 0.00340849 0.00578183 -0.00128228 0.00594379 -0.00197037 0.00656403 0.0146309 0.00218994 0.0039726
internal_weight=705701 703916 1785 633590 70326 149956 19863 124512 1200 25444 9279 931 5133 4886 50463 49035 483634 6200 247 473255 21707 4146 1073 115596 4020 451548 1428 866 20880 5345
internal_count=705701 703916 1785 633590 70326 149956 19863 124512 1200 25444 9279 931 5133 4886 50463 49035 483634 6200 247 473255 21707 4146 1073 115596 4020 451548 1428 866 20880 5345
cat_boundaries=0 17 44 71 99 126 153 179 198 225 252 253
cat_threshold=0 0 0 0 0 0 0 0 2048 0 0 0 0 0 0 0 268435456 16 0 0 320 536870912 0 0 0 0 4096 0 0 0 0 0 0 0 0 8208 0 0 0 0 0 0 0 4 20 0 512 536870928 536870912 8388672 32836 0 16416 4104 0 0 266248 0 1024 0 26083328 0 0 34603016 4194304 4194304 2 1024 0 0 33554432 18 64 1049632 2214592512 536870912 268435456 4 0 73728 272 2147483648 167772160 0 0 33554432 65536 536870912 536870944 17825792 1073741824 0 0 0 0 32768 4 532481 1 16 0 64 0 536870928 2147483712 64 65536 0 610275584 0 536870912 536870912 1024 524288 262144 0 32 0 0 67108880 0 134217728 1048576 268435456 0 8196 272629776 32768 16 80 536870912 16384 64 2282749956 16384 69206016 0 32 0 134744064 537395200 0 536870913 0 16384 0 128 0 0 1073741824 8421376 2097152 33554432 0 0 0 0 65536 0 536871424 0 512 0 1 33555456 0 64 1048576 0 16777216 0 0 0 32 0 0 0 65536 2147483656 16 0 0 0 0 0 0 0 0 0 0 0 0 0 0 0 0 0 16 589824 393216 268436480 67108864 163840 268435456 536870912 16384 1090519040 4464896 0 0 0 0 524288 0 1536 0 2147500032 0 65536 16384 134221824 268435456 0 2098192 4 0 0 512 67108868 0 64 16777216 262144 16 324 163840 66560 532480 16388 8 536870912 0 0 2097152 1048576 33562624 4194304 134217732 20972544 0 32 524288 16
is_linear=0
shrinkage=0.05


Tree=21
num_leaves=31
num_cat=22
split_feature=37 3 36 27 36 37 27 35 36 11 36 36 35 37 37 36 37 36 36 36 37 36 37 36 36 42 36 35 34 36
split_gain=472.116 311.448 71.2678 59.4657 46.4883 30.5503 23.9575 22.954 22.3199 22.2175 20.2012 19.1245 15.928 21.8832 15.5476 12.0201 12.8511 11.6849 11.3509 11.0224 10.7082 14.2815 10.144 9.77624 9.40725 9.26163 9.10882 9.0831 9.01345 8.407
threshold=0 2.5430332422256474 1 1.2394225597381594 2 3 3.222434520721436 0.94524696469306957 4 15.185714244842531 5 6 0.93340539932250988 7 8 9 10 11 12 13 14 15 16 17 18 19 20 0.98437505960464489 2.745000004768372 21
decision_type=9 2 9 2 9 9 2 2 9 2 9 9 2 9 9 9 9 9 9 9 9 9 9 9 9 9 9 2 2 9
left_child=2 3 9 12 25 19 11 8 -7 -1 -8 -6 13 -2 26 -9 18 -15 -17 -5 21 -16 -10 -12 -13 -3 -14 29 -11 -25
right_child=1 4 -4 5 6 7 10 15 22 28 23 24 14 17 20 16 -18 -19 -20 -21 -22 -23 -24 27 -26 -27 -28 -29 -30 -31
leaf_value=0.78119502887328629 0.04833629030620909 0.20385676019818316 0.17789806534879196 0.10167904751027107 0.06185425378355025 0.075898031895352477 0.10112293981014359 0.027992659214127903 0.023274025789115985 0.7758254889300904 -0.0094892480450292707 0.040405247786018603 0.064741426928485057 0.031481180181479634 0.044089997114672916 0.031756213537894366 -0.021622749904577229 -0.024263350597623731 -0.005371114022369311 0.026894201930712899 -0.042764306488277143 -0.023591004867713594 -0.0070691884932318873 0.018169135906294549 0.0003170553315931542 0.026475024013606144 -0.011033105405348291 0.024527631256281258 0.2305449120783564 0.1206603342001959
leaf_weight=177 3565 3558 828 1437 2141 1476 4096 2535 5469 622 1629 2415 1141 1757 2029 1947 107198 50357 20368 8020 397979 18393 9619 1116 24911 1202 6133 20591 144 2681
leaf_count=177 3565 3558 828 1437 2141 1476 4096 2535 5469 622 1629 2415 1141 1757 2029 1947 107198 50357 20368 8020 397979 18393 9619 1116 24911 1202 6133 20591 144 2681
internal_value=-0.00116817 -0.00123322 0.0245356 -0.00156689 0.00208265 -0.000725455 0.0017016 -0.000900803 0.000853606 0.0340592 0.00269368 0.000688288 -0.0018432 -0.00104791 -0.00194723 -0.00112095 -0.00118768 -0.00130715 -9.5741e-05 0.00202867 -0.00198704 -0.000868938 0.000276839 0.00217679 0.000330504 0.00683295 0.000345229 0.00242756 0.038116 0.00467549
internal_weight=705534 703763 1771 639423 64340 158069 59580 148612 16564 943 30113 29467 481354 55679 425675 132048 129513 52114 22315 9457 418401 20422 15088 26017 27326 4760 7274 24388 766 3797
internal_count=705534 703763 1771 639423 64340 158069 59580 148612 16564 943 30113 29467 481354 55679 425675 132048 129513 52114 22315 9457 418401 20422 15088 26017 27326 4760 7274 24388 766 3797
cat_boundaries=0 17 45 71 98 125 151 178 205 231 259 286 313 341 369 396 424 452 480 508 515 543 568
cat_threshold=0 0 0 0 0 0 0 0 2048 0 0 0 0 0 0 0 268435456 32 2147745792 0 0 0 0 0 0 0 0 0 0 33554432 0 0 65536 0 0 0 0 0 0 0 0 0 0 2 1073741828 1048576 8404994 131075 2147483648 4165 1 0 0 0 1048704 0 0 16793600 262144 0 268435456 16384 16512 268435712 0 536875008 0 512 2147500032 8208 4096 65556 1073741888 32 536870912 536870912 8388672 40964 16384 0 0 0 134217728 266248 8192 1025 0 17301504 536870912 0 4194312 0 4194304 2 1024 0 0 532481 4456448 0 2147549184 0 131074 2097152 1056768 264192 0 0 8912896 0 37748736 0 8388608 0 33554432 12589056 0 16777216 1073742080 134217728 262145 131072 8193 0 268435456 0 0 11264 268435456 1179784 134217728 5243136 8421376 268436096 0 0 536870976 0 2304 67174400 134225920 0 8192 0 0 0 68 16 0 0 4194368 8389120 33554432 67108928 4194304 0 0 32 16777232 1073741826 37376 0 0 264 16384 0 1160 1025 67108864 69206016 67108864 0 0 1 33555456 0 32 32768 0 67108864 0 4096 545325056 0 0 2281701376 269558272 64 0 1024 0 524608 1048576 0 553648136 268435456 0 1048576 262176 0 2097160 0 8388624 3221225472 33554432 268435472 32768 16 68 536870912 16384 0 2148532228 2113536 69206016 0 32 524288 2052 537395464 0 536870913 0 16384 0 128 0 0 1073741832 4194304 2097152 1 256 0 64 0 0 0 2147483648 2048 4096 67108864 0 41504 0 0 33554432 16384 32768 268445697 34079488 512 16777216 0 67108864 1342177280 1114624 32 4 0 67108864 64 67108864 32768 16384 64 0 16859168 272638220 0 0 524288 0 524288 65600 8521216 32 16384 0 0 0 4096 0 0 2098176 33554436 0 0 0 260 134217728 16640 8388640 0 0 0 545267776 0 2052 4 0 131072 8667136 16 1073741826 8224 512 134217728 2080 2048 16777216 8388608 262144 0 8388608 1024 128 2148270080 262276 1073872896 262144 67108864 0 0 0 1067008 37750784 0 4194304 545259520 262144 16 131072 536870912 0 512 0 8704 4194304 0 266240 1 0 64 1073741824 32 4194304 33554944 8 1073742464 512 67108864 538968064 0 0 33554432 16777280 640 1024 0 1 262144 16384 0 2147614720 16793600 4194304 262144 33554432 0 1073741824 512 67108880 0 64 25165824 262272 4194320 324 131072 66561 5120 4096 0 0 256 0 0 3145728 33554432 0 134225924 16777216 32768 32 524288 0 671088898 134234112 1073741824 0 134217728 72 20992 131073 524288 524288 128 4 0 0 514 0 0 22 0 512 0 262144 0 2147484160 4202560 0 1048576 0 67109376 67108992 2150629376 65536 268435456 1048576 0 268509184 16 2147483648 33554432 0 33555456 33554434 0 512 1056 17825808 1073741824 16 0 0 16 8388608 4 0 1 0 270532864 4096 1 603981824 0 524288 32 0 32 65536 1074266112 40 16384 2 32776 131073 5124 0 8388608 0 67109376 268435456 0 0 2147483648 0 536870912 264192 0 0 2 131200 4 1107304448 2147483968 268566528 16777216 1024 0 32768 0 0 2 572522496 8388608 1048656 256 524288 1077936129 0 0 0 0 0 4104 16777218 134217728 262150 0 69206016 16777216 2 8192 0 4096 0 0 0 16384 0 3221225472 0 0 16777220 524320 2048 0 16777216 0 0 1024 0 0 268468224 0 0 16778240 65540 1040 1060864 536870912 0 2147483648 64 0 4194368 1090519040 536871424 0 16777728 128 8 4194560 268435456 1048640 256 0 68190208 1024 5 262272 4096 262144 0 2147487744
is_linear=0
shrinkage=0.05


Tree=22
num_leaves=31
num_cat=14
split_feature=4 26 4 30 0 37 28 30 37 37 37 35 30 37 32 37 37 37 37 35 37 35 35 37 6 8 37 37 32 37
split_gain=383.994 262.467 81.4172 43.7904 39.858 39.6764 22.1128 17.012 22.3404 16.814 15.5369 14.8275 14.6664 27.8623 27.0368 15.2568 14.6402 13.0614 12.8375 12.4981 15.9883 10.6431 10.6157 10.6095 9.88159 9.68631 7.85421 7.80724 7.39228 26.6938
threshold=3.0457364320755009 16.820131301879886 1.239272475242615 1.0000000180025095e-35 19.785278320312504 0 0.6055000126361848 1.0000000180025095e-35 1 2 3 0.90389192104339611 1.0000000180025095e-35 4 20.435000419616703 5 6 7 8 0.94350069761276256 9 0.99914148449897777 0.61867865920066845 10 5.1828453540802011 6.0166618824005136 11 12 24.054999351501468 13
decision_type=2 2 2 2 2 9 2 2 9 9 9 2 2 9 2 9 9 9 9 2 9 2 2 9 2 2 9 9 2 9
left_child=2 6 7 11 -3 10 -2 22 -9 12 -5 18 15 14 24 -8 28 -7 -4 20 -10 -12 -1 -18 -14 -6 -24 -19 -13 -30
right_child=1 4 3 5 25 17 9 8 19 -11 21 16 13 -15 -16 -17 23 27 -20 -21 -22 -23 26 -25 -26 -27 -28 -29 29 -31
leaf_value=0.13430735196945962 0.083675952679877194 0.60525732614962646 0.32497388522514092 0.19112067147451556 0.37850624240149106 0.014322755628749165 -0.00264122951546269 0.016375045027527822 0.02431298443282031 0.00691909581334258 0.068750831269403651 -0.00010550018588349206 0.35868734212926001 0.039727191799695839 0.23938361052272017 0.033228176053671357 -0.0057380505739136334 0.0068227379018097533 0.0081376569808805505 -0.030748266380538094 -0.015297790612254315 0.014533966076497399 0.00071397224956608611 -0.026149700059289058 0.73185422713776294 1.0597005240470168 -0.045655000608672253 -0.011727132694559101 0.13927354461636138 0.028359081609032166
leaf_weight=782 2606 738 115 1329 792 10853 5966 6505 4198 11979 2993 4849 223 7893 2708 14056 20047 12101 7691 150636 19110 6819 4307 73120 110 242 303521 27596 173 1444
leaf_count=782 2606 738 115 1329 792 10853 5966 6505 4198 11979 2993 4849 223 7893 2708 14056 20047 12101 7691 150636 19110 6819 4307 73120 110 242 303521 27596 173 1444
internal_value=-0.00118852 0.00316222 -0.00150127 -0.000555635 0.0220361 0.000506102 0.00242737 -0.0018283 -0.00144263 0.00215582 0.00320548 -0.00116528 0.00277101 0.00424463 0.00830521 0.00196749 -0.00132969 -8.94965e-05 0.000933136 -0.00155017 -0.000472779 0.00251145 -0.0020538 -0.00148927 0.021759 0.028372 -0.00206858 -0.000509785 0.000970356 0.00389833
internal_weight=705502 47313 658189 169130 1772 61691 45541 489059 180449 42935 11141 107439 30956 10934 3041 20022 99633 50550 7806 173944 23308 9812 308610 93167 333 1034 307828 39697 6466 1617
internal_count=705502 47313 658189 169130 1772 61691 45541 489059 180449 42935 11141 107439 30956 10934 3041 20022 99633 50550 7806 173944 23308 9812 308610 93167 333 1034 307828 39697 6466 1617
cat_boundaries=0 26 53 80 102 121 140 167 193 207 234 261 288 315 321
cat_threshold=4718608 1073741888 65536 16 536903680 268435520 536903744 0 81920 1073742100 0 134218752 4104 0 2 0 1024 0 16 0 0 16384 4096 4194304 1 4 268435472 0 0 0 536903680 0 0 2147483648 2121728 264 0 0 528384 2048 536871177 0 16908832 268435456 536887296 8 33816576 0 134217728 1024 8388608 0 1 18 0 64 2097216 536870928 0 536870912 65536 0 606081024 8388608 536870912 536875008 8388608 0 262146 268435456 4 16 0 0 524288 134217728 1048576 268435456 0 4 16 64 0 0 0 0 0 0 0 0 0 1024 0 0 0 0 0 0 0 0 0 16384 16 0 0 64 0 0 536870912 0 0 538968064 0 0 0 0 0 0 268435456 0 16 16 0 0 64 0 0 536870912 0 0 69206016 8388608 0 0 0 0 2 0 0 16 327684 0 65584 24 536936448 16448 1048640 1130496 32 4194304 0 33555456 536870912 16384 524288 2 16777472 32 0 8 1073741824 0 0 1073741824 0 0 33554432 0 67117056 1664 67108864 4194304 0 256 5 0 538968136 1073741824 536870912 0 8388608 525312 65536 8389129 1032 17825792 1048576 0 0 0 0 0 1024 0 64 0 0 0 0 0 0 0 0 0 0 0 64 1048576 1140850688 4736 2147483648 65536 0 545259532 0 0 0 1073741824 671088640 8 540672 1107296256 0 0 536871968 17825792 0 0 0 0 4194320 16 16777220 33562624 2097216 0 1088 67109120 0 0 134218240 0 0 67113248 0 0 4096 1024 1024 64 536872960 0 0 67108864 67108864 4210688 134217728 0 32768 2684354560 17311764 268435456 294912 16 20 536870912 16384 0 1310720 2097152 0 131072 33685537 1056768 134225920 536870920 536870912 0 0 0 1048576 8192 0 2097280 1090519048 0 2097152 16777216 2 131584 335544352 2097472 65536 0 25165824 16384 16777216 71311360 1048576 0 134217732 0 0 0 524288 0 16384 1073741832 0 524288 134217728 0 268435584 16777216 8196 0 0 0 0 0 64
is_linear=0
shrinkage=0.05


Tree=23
num_leaves=31
num_cat=19
split_feature=27 37 3 36 36 22 37 22 22 37 36 37 36 36 35 37 35 36 37 36 36 22 34 33 36 36 28 37 36 38
split_gain=339.442 225.468 66.3149 48.109 33.0369 30.5617 25.1476 19.6724 19.3644 19.0219 20.8597 18.1887 18.8316 14.9655 14.8048 15.9281 14.0218 17.9746 13.9377 12.8381 11.7792 11.6549 11.6107 11.4621 11.0707 10.9421 10.3628 10.1296 10.1279 9.07016
threshold=2.7750804424285893 0 1.2069883346557619 1 2 5.5000000000000009 3 4.5000000000000009 4.5000000000000009 4 5 6 7 8 0.81005272269248974 9 0.9747353494167329 10 11 12 13 4.5000000000000009 2.5849999189376835 79.475002288818374 14 15 0.90449997782707225 16 17 18
decision_type=2 9 2 9 9 2 9 2 2 9 9 9 9 9 2 9 2 9 9 9 9 2 2 2 9 9 2 9 9 9
left_child=2 3 14 8 26 9 -7 22 -2 10 -4 12 -6 -8 15 29 17 -11 -16 -18 -17 -20 -5 -10 -23 -14 -3 -26 -13 -1
right_child=1 4 5 7 11 6 13 -9 23 16 -12 28 25 -15 18 20 19 -19 21 -21 -22 24 -24 -25 27 -27 -28 -29 -30 -31
leaf_value=0.27359738586751325 0.12059242451778487 0.33733577523060226 0.11625480104543323 0.33949294054868251 0.077728031762312008 0.036822815051493631 0.044925541887056941 1.0123885742675633 0.69803823886898908 0.033895146075774686 0.0027149324896469005 0.033260702358905256 0.07307591974303726 -0.0016183548930935746 -0.00026130712269449851 0.052357939147639865 0.017491866195942736 -0.0046911850047655695 -0.043524226990126036 -0.020534884594934487 -0.014277582314770519 0.019205687484964162 0.10923536940800212 0.17217654963510542 0.0092192159597097815 0.021173942239469473 0.073704803482700296 -0.027739130817528393 -0.0093298269243792132 0.025932756159749049
leaf_weight=339 594 1478 1629 402 3924 4618 1024 269 115 2126 9832 2836 4152 15840 10004 1208 3957 24050 325125 111718 9441 3101 192 120 4883 29926 2581 121562 8328 460
leaf_count=339 594 1478 1629 402 3924 4618 1024 269 115 2126 9832 2836 4152 15840 10004 1208 3957 24050 325125 111718 9441 3101 192 120 4883 29926 2581 121562 8328 460
internal_value=-0.00118 0.00259491 -0.00149849 0.020505 0.00202095 -0.000665552 0.00110064 0.0288816 0.0115208 -0.000913035 0.00104581 0.00166206 0.00218333 0.000203851 -0.00180427 -2.79506e-05 -0.00107131 -2.63596e-05 -0.00184804 -0.00130786 -0.000541511 -0.00188863 0.0240588 0.0237818 -0.00148761 0.00180425 0.00635197 -0.00155993 -0.000112752 0.00673148
internal_weight=705834 54917 650917 1692 53225 174794 21482 863 829 153312 11461 49166 38002 16864 476123 11448 141851 26176 464675 115675 10649 454671 594 235 129546 34078 4059 126445 11164 799
internal_count=705834 54917 650917 1692 53225 174794 21482 863 829 153312 11461 49166 38002 16864 476123 11448 141851 26176 464675 115675 10649 454671 594 235 129546 34078 4059 126445 11164 799
cat_boundaries=0 9 36 64 90 117 143 170 196 222 248 275 302 329 355 382 409 434 459 460
cat_threshold=0 64 0 0 0 0 0 0 2048 0 1048576 16 0 32 0 0 0 0 0 0 0 0 0 0 0 65536 0 0 1024 0 0 0 2 0 0 2 1048576 41959426 133184 2147483648 4100 1 0 8192 0 128 16 4 0 4198400 0 268443648 16384 268435456 1073742096 0 4096 0 512 16384 0 4096 0 1052672 524304 0 67175424 69206272 4194304 268435520 32772 0 0 1073742084 2147483648 134218752 8 2181038080 524288 0 8388608 8389640 0 0 65536 4194304 0 4194304 128 1024 20 0 32 16 553648128 16448 134217792 2684370944 268435456 67108864 0 1056 536875008 8396800 1572864 0 256 32 0 0 0 0 134217728 1073741824 0 4 50331648 0 16386 64 1073758210 0 128 0 2147747840 1082261504 4096 0 19398656 256 0 64 512 1536 67108864 16 256 0 32768 0 2147483648 12288 4096 16 0 64 2097408 536870912 0 8388608 0 65536 543166484 0 536870912 536875008 33555456 524288 262210 0 4 8208 0 67108864 524288 0 1048576 32768 4 12 0 0 1027 0 9568896 67108864 1048832 8388608 128 1048576 0 536870912 36864 33554432 8388608 134217736 32 68157440 65536 0 0 8 16 2147483648 2147483648 4194400 33554432 0 2147549184 8388608 8388608 139264 1107304448 0 8421376 5 262144 16416 1048576 4 16896 134234112 1048576 0 67108864 0 541065216 0 0 0 4194304 135168 0 0 0 0 65536 0 0 0 514 0 0 0 0 33570880 1048576 0 16777216 0 16777216 67108864 4194336 0 8 0 16 2147483648 538181632 8388608 2147483648 0 75694080 6291456 0 32 0 33792 0 1024 4194368 32768 0 268435456 572522496 6144 536870914 18874368 1073741824 0 0 0 8192 0 32768 268435472 32768 16 0 536870912 0 0 2148532224 2113536 67109120 0 33554465 262144 6148 536870920 0 131584 0 16384 8 0 0 4 1090519040 8388608 2097152 532481 1 272 32768 0 268697600 0 131072 16781328 1073741824 4096 67108864 276824576 4 0 0 8 8388608 262208 268435472 1140850688 0 268435456 0 33555456 1073741824 81920 16 262146 4210688 3363831808 0 8388608 142606336 64 2048 2 536870912 65600 32768 134217728 32772 8388608 512 0 8391712 0 16 0 0 1048576 96 0 131072 8192 1040 32 64 0 4194304 0 8 1073741824 4210688 0 24576 8388608 134217728 0 0 56 33603584 4202496 0 512 2097424 32768 67125250 0 0 20 1 0 0 302006272 50331712 134217728 33554432 0 268435968 134218752 0 0 134225920 3072 0 66 536871040 142614528 2 256 1048576 68 0 0 0 65536 2048 540674 1073741824 0 256 0 276955136 0 133124 0 536879128 1073741824 134218768 33558528 0 3 0 134217760 0 4194304 6291456 33554432 0 128 0 32896 270344 16 8192 0 0 128 4325380 2147483714 384 45312 128 1073741824 0 263168 8404992 0 33554432 96 268436480 0 128 64 0 0 2147483648 1
is_linear=0
shrinkage=0.05


Tree=24
num_leaves=31
num_cat=20
split_feature=3 37 5 36 22 36 37 36 36 32 26 22 37 36 35 36 33 36 35 36 37 36 37 36 37 36 36 36 36 22
split_gain=290.232 166.31 60.5882 41.7652 37.5855 28.4652 27.4661 21.3038 20.8912 16.7635 16.2828 16.1057 14.9516 14.01 13.4104 18.7679 13.3356 12.2997 12.0959 14.4791 12.1894 11.7446 11.2202 10.4176 10.1852 9.7984 9.55592 9.18816 8.48135 8.46534
threshold=2.6015038490295415 0 1.0405713319778445 1 4.5000000000000009 2 3 4 5 22.195000648498539 2.7746874094009404 4.5000000000000009 6 7 0.98505902290344249 8 75.604999542236342 9 0.92101219296455394 10 11 12 13 14 15 16 17 18 19 5.5000000000000009
decision_type=2 9 2 9 2 9 9 9 9 2 2 2 9 9 2 9 2 9 2 9 9 9 9 9 9 9 9 9 9 2
left_child=2 3 18 9 12 24 8 -8 -6 -2 21 -5 -4 -12 15 -14 -13 -16 19 -1 -20 -7 -21 -9 29 -17 -15 -10 -25 -3
right_child=1 5 4 11 6 10 7 23 27 -11 13 16 14 26 17 25 -18 -19 20 22 -22 -23 -24 28 -26 -27 -28 -29 -30 -31
leaf_value=0.037911063580973112 0.3721243308278675 0.13949895553373087 0.021713269923207854 0.1198609425687055 0.05386886916604311 0.036255869157677784 0.034184823674809718 0.029304634926949992 0.070729655218960741 0.75599731785643121 0.064350808534018464 0.48283409627194429 0.040139871975382366 -0.011721641423836585 0.013610576913601034 0.021064950305643974 0.15768636729337651 -0.024974301917584454 -0.0030073899963737986 0.017460171718058064 -0.04030695846586918 0.00068126510751517007 -0.024110959843043327 0.021552692897438348 0.016595082659718412 -0.010576276951894286 0.026208825965098478 0.014455141994198041 -0.0089571433115258874 0.54351922966961008
leaf_weight=1659 145 2874 6724 943 1019 1989 1982 2350 1196 312 3212 145 1691 1833 3756 2133 213 115615 9016 2878 371295 23310 39625 2562 1071 25406 27004 8213 45001 493
leaf_count=1659 145 2874 6724 943 1019 1989 1982 2350 1196 312 3212 145 1691 1833 3756 2133 213 115615 9016 2878 371295 23310 39625 2562 1071 25406 27004 8213 45001 493
internal_value=-0.00118089 0.00204249 -0.00149988 0.0171594 -0.000821599 0.00160906 0.000215687 -0.000255029 0.0025558 0.0302511 0.00130982 0.0123457 -0.0012378 0.00205858 -0.0013421 -0.0003823 0.0214624 -0.00157723 -0.00184766 -0.00106435 -0.00193861 0.000361758 -0.0012433 -0.000457346 0.00546302 -0.000696825 0.00170748 0.0018129 -0.000618143 0.00681838
internal_weight=705665 63544 642121 1758 217648 61786 62323 51895 10428 457 57348 1301 155325 32049 148601 29230 358 119371 424473 44162 380311 25299 42503 49913 4438 27539 28837 9409 47563 3367
internal_count=705665 63544 642121 1758 217648 61786 62323 51895 10428 457 57348 1301 155325 32049 148601 29230 358 119371 424473 44162 380311 25299 42503 49913 4438 27539 28837 9409 47563 3367
cat_boundaries=0 9 37 63 87 115 143 170 198 226 252 279 306 332 358 386 413 441 468 495 523
cat_threshold=0 0 0 0 0 64 0 0 2048 0 2147483648 0 0 0 0 0 0 0 0 0 0 33554432 0 0 65536 0 0 0 0 0 0 0 0 0 0 0 4 512 8404994 1 2147500032 135684 268435456 0 0 2 1024 0 0 0 2048 0 134226050 16384 8404992 268435712 67108864 4096 4 16 2181054464 0 4096 524304 64 32 64 4358144 268435520 536903684 0 16384 1610621188 0 134217728 266240 0 1024 65536 8912896 536870912 1048592 8 0 0 0 272629760 0 16777216 8192 64 131072 67108864 8200 33554432 1073774592 16420 67108864 0 1048576 2415919104 0 0 1048576 4194320 268435456 0 4194304 2415984640 0 0 1073750016 537919488 262144 4 67379456 0 134222848 128 65664 4194304 512 536872960 131072 0 67108864 0 524288 4194304 0 0 33554432 268435456 1024 0 0 8 16 2048 0 4268032 268697600 2105600 65556 1073741856 528 80 536870912 16384 134218048 278528 268435488 67371008 0 33555488 2147483648 8392704 1024 0 16777216 0 0 1048576 0 0 134217728 0 0 0 532480 8 1024 0 268435520 1 134283264 1048612 2155872258 268436096 1048704 0 536870912 2113536 1024 0 4 128 2048 66050 0 0 0 0 0 0 4194368 0 8 16 0 2147500032 65600 8388608 268445696 1048580 258 128 2622464 8388608 1056 64 4194320 0 0 0 4096 2097222 33554432 0 0 1 0 8192 0 0 262144 1 0 8 131072 272630272 1073741956 131136 0 1073741824 0 0 268437504 1073750052 0 17301504 67108864 16896 537133056 268435472 1073741824 0 4 0 0 2147483648 98304 16777216 4194304 65536 1073741824 134217728 4194304 16777216 524288 2 16384 536870912 0 134217728 8388612 2 285212672 75513856 256 2 0 4194304 134217728 262144 4196352 2 8404992 524288 268435472 294912 16 4 536870912 8388608 0 4 6307856 320 8192 1 524288 134217728 537395464 0 524800 0 16384 0 128 0 0 1090520064 0 2097152 33554432 131072 8 2147483712 32 3211264 0 570433536 2147483664 131456 67108864 8388608 16384 0 16384 0 0 35651584 67108928 68157456 0 128 0 0 0 2147483648 32 0 67108864 128 0 0 536870912 4 135331840 2147492352 0 0 33555456 0 786688 269484034 0 16777216 268435456 16 3145728 262176 0 2097160 536870912 8388624 3221225472 0 16400 65544 0 2147483648 0 4194304 1 2560 134217728 17040384 1073741824 2049 134217728 0 16384 8388608 8388608 0 2148007936 16793600 0 131072 553648128 4194304 4096 1024 4096 524304 0 67108864 0 536870912 0 8388608 0 0 2101264 0 0 0 0 0 0 0 0 8208 0 67108864 0 134217728 0 0 0 4 1310722 8388624 4096 33554432 2129920 18874496 4210688 4128 512 0 0 0 545259520 0 0 8388608 524800 67108868 512 0 0 64 0 67108896 0 32 16809984 2048 257 0 8392704 0 536870912 2097152 512 544 32 32 65536 524290 32 24592 393218 4227072 0 0 67108864 0 262144 512 262144 256 4194304 2147483680 16777216 33556480 8388608 2147483648 1 2 131073 0 32800 0 8389376 268435712 4 4198400 0 33554432 268435456 2048 33554432 65552 0 1310720 134217728 0 0 20971521 0 8388608 0 131072 134221824 8388612 67371008 512 1073741824 2048 67108868 1 0 65536 0 0 512 0 4 1179648 4096 268566528 512 67108864 576 0 0 4259905 8388608 1073741824
is_linear=0
shrinkage=0.05


Tree=25
num_leaves=31
num_cat=20
split_feature=4 26 27 36 27 35 36 36 36 22 30 36 32 36 36 42 36 36 36 35 36 42 36 35 36 42 36 36 36 42
split_gain=270.235 151.836 46.7371 35.9897 28.6757 27.349 25.5777 24.9836 23.9771 17.3302 15.5674 18.7601 14.0302 12.9571 12.933 12.7319 21.3924 12.4573 12.0399 11.3575 14.4653 10.9081 9.88456 8.95068 8.75264 8.67095 8.77358 8.43343 8.13055 7.95967
threshold=2.2534967660903935 16.820131301879886 0.98236477375030529 0 4.1269311904907235 0.96571087837219249 1 2 3 5.5000000000000009 1.0000000180025095e-35 4 22.195000648498539 5 6 7 8 9 10 0.95987150073051464 11 12 13 0.71344330906867992 14 15 16 17 18 19
decision_type=2 2 2 9 2 2 9 9 9 2 2 9 2 9 9 9 9 9 9 2 9 9 9 2 9 9 9 9 9 9
left_child=2 4 19 12 6 8 21 -6 -4 27 13 -12 -3 -7 -8 16 -13 -9 -10 20 -1 -2 -17 -16 -20 26 -22 -5 -19 -21
right_child=1 3 5 9 7 10 14 17 18 -11 11 15 -14 -15 23 22 -18 28 24 29 25 -23 -24 -25 -26 -27 -28 -29 -30 -31
leaf_value=0.041388790015082159 0.27538011113374239 0.62854296076986305 0.05086162380030626 0.14161711590577328 0.14633023840093548 0.017956038304386624 0.03838508340469321 -0.018893827015462383 0.032374411921875935 0.94346959194085667 0.032936460937103097 0.040288440921728189 0.92396927966136355 -0.02550272613214806 0.084139571693976914 0.025221110362068311 7.0896714172308253e-05 -0.0026870680851149675 0.034097064552469643 -0.025315426718421508 0.067084076213466015 0.062495743984777342 -0.015783069511257478 0.0011829665860213175 -0.0049526834608251344 -0.028025771943221131 -0.0068099954185575186 0.14515832171185541 0.046040146498503368 -0.041157300813684745
leaf_weight=2220 366 102 1786 553 2427 2322 3658 1639 2631 344 2575 1044 231 104033 346 1910 12354 2207 2504 34956 1023 2716 70363 49093 29138 55996 7151 572 15929 292817
leaf_count=2220 366 102 1786 553 2427 2322 3658 1639 2631 344 2575 1044 231 104033 346 1910 12354 2207 2504 34956 1023 2716 70363 49093 29138 55996 7151 572 15929 292817
internal_value=-0.0011632 0.00156942 -0.00151388 0.0159151 0.00123941 -0.000948579 0.000638171 0.00276066 0.000316208 0.0122483 -0.00118294 -0.000691979 0.0307195 -0.0015903 0.000380498 -0.000818463 0.000596987 0.00216883 2.09275e-05 -0.00184468 -0.00124829 0.0050582 -0.00108091 0.000167896 -0.00024974 -0.00138554 0.000136224 0.00931394 0.00254643 -0.00196548
internal_weight=705006 80183 624823 1802 78381 230660 56179 22202 36059 1469 194601 88246 333 106355 53097 85671 13398 19775 34273 394163 66390 3082 72273 49439 31642 64170 8174 1125 18136 327773
internal_count=705006 80183 624823 1802 78381 230660 56179 22202 36059 1469 194601 88246 333 106355 53097 85671 13398 19775 34273 394163 66390 3082 72273 49439 31642 64170 8174 1125 18136 327773
cat_boundaries=0 28 56 83 111 139 167 195 203 230 258 286 315 321 348 376 384 412 440 463 471
cat_threshold=0 2147483648 0 0 0 0 0 0 0 0 0 0 0 0 0 65536 0 0 0 0 0 0 0 0 0 0 0 4 9437696 2 64 16480 4224 4 0 0 268435456 1052672 0 32768 8448 262144 0 268451970 1 68157440 268435472 0 0 0 1 0 1 4096 0 12288 270337 33571856 2064 2147483648 516 134217728 1048576 32768 512 0 67108864 536870912 4194304 2048 0 8192 16384 16384 0 0 4096 64 512 2147500032 0 4198400 1048578 0 0 2147487744 0 9437186 524288 4203008 512 0 86016000 8388608 32 8388609 1082130432 81920 0 536887296 276840448 0 0 0 0 8 0 0 1048576 8650752 1048576 33554433 0 4 134217792 2048 16777216 128 2147516416 2147500544 4211200 67108864 0 4096 134217728 0 0 0 32768 67174400 256 0 16640 536870912 2147483648 1342177280 1048576 16 4 0 4 0 2149580928 2048 16777248 0 0 0 0 0 272629760 8704 0 16777216 0 16896 805306368 6208 16777216 512 0 2147483648 0 135266304 37376 1048612 33685504 2056 41943040 1 0 16809984 4194432 4325408 2147483664 1073741824 0 524288 0 32768 0 2097152 64 536870916 32768 1048576 0 536870912 0 16 2181055488 8192 0 0 2056 19399065 2148532738 278528 2147492356 4194337 603980040 1610612776 128 0 0 197632 0 1074003968 4194304 8520192 536879104 1073741824 96 8388608 536870912 1312768 2147483648 1048576 0 2048 134348800 16 0 4194304 1073743872 0 2064 0 536870912 32 4 0 2155872256 100 2048 541065216 0 0 1048576 0 0 2637824 8 128 16 1024 0 67109920 3145732 17 0 129 1 1024 4194304 2048 0 536870912 17039360 8388608 134283264 0 134217728 0 0 8390688 129 1073741824 524288 1610613760 33554432 262144 524288 512 4 4096 8389120 0 0 0 0 0 16384 12595200 268435456 536870912 17040384 0 0 0 1207959552 16384 268435520 0 0 524320 0 0 6 4 0 285212672 0 16777216 1073872902 2064 33280 134217728 264224 2048 16777216 0 0 0 1 0 134217728 262144 0 0 16777216 0 131072 1 16777216 0 0 2147483648 0 67142656 0 96 65536 0 268435456 0 8392704 16384 33554432 8256 0 135266304 2415984704 80 50331648 512 1 1024 541065226 2 0 8388608 0 10489856 34603008 262144 0 4194304 64 0 4194304 0 67108864 67141632 34078720 2305 0 0 4194560 67108864 1 67256320 8192 0 0 262144 671088648 55115776 302318756 1082130530 536903683 560 33554437 2 2 4 131072 1342177281 8 4259840 2056 33554432 142606349 0 8192 0 0 262144 2 1073741824 524288 0 0 68157440 4194304 0 0 1048608 0 131072 2048 2048 32 1310720 0 0 0 0 0 0 0 0 0 0 33554432 0 0 0 0 0 0 0 0 0 0 0 0 0 2 1073741824 8388608 268435456 0 0 2 131072 16908288 0 256 2097664 536936576 32832 256 1073742080 36700352 67109128 0 262144 67108864 256 4194304 1048576 268435456 67731472 1092092162 328210 2147484165 32768 805306368 570425355 258
is_linear=0
shrinkage=0.05


Tree=26
num_leaves=31
num_cat=21
split_feature=4 37 4 30 36 37 27 36 36 22 36 36 37 30 37 36 37 36 36 35 36 36 22 36 33 36 36 36 36 37
split_gain=240.25 129.22 43.4463 37.2478 34.7812 28.703 27.4312 23.2245 20.6293 19.4547 18.2881 15.8659 12.7766 12.3807 15.9724 11.9962 11.4548 13.2629 10.8981 10.7117 17.903 11.5818 10.3948 10.2825 9.87553 9.49218 9.24459 8.9694 8.78784 8.71042
threshold=2.1259223222732548 0 1.0180479288101199 1.0000000180025095e-35 1 2 4.1269311904907235 3 4 4.5000000000000009 5 6 7 1.0000000180025095e-35 8 9 10 11 12 0.9908207654953004 13 14 4.5000000000000009 15 78.064998626708999 16 17 18 19 20
decision_type=2 9 2 2 9 9 2 9 9 2 9 9 9 2 9 9 9 9 9 2 9 9 2 9 2 9 9 9 9 9
left_child=2 4 13 15 9 11 8 -8 -3 -2 -7 -5 18 -1 -15 -4 17 -16 -12 20 -10 -21 -6 29 -24 -9 -14 -17 -13 -18
right_child=1 6 3 5 22 10 7 25 19 -11 12 28 26 14 16 27 23 -19 -20 21 -22 -23 24 -25 -26 -27 -28 -29 -30 -31
leaf_value=-0.041744905559157441 0.25573565256649344 0.071734886101726555 0.0124892361072427 0.063703102413542947 0.10807294919154682 0.028748936084942972 0.19450875204276261 -0.0146420861729482 0.065389878636740548 1.1157070453837921 0.034765631085754485 -0.01573989315440158 0.020548296843133224 0.020565244368925928 0.057510034841707892 0.0032732041710519912 -0.031947656585933862 -0.0075359011584241967 0.00430732160742939 0.04023386181642577 0.0094823518649765591 -0.0030643948968934916 0.37672125089467579 -0.027624173265994402 0.13390833831364393 0.038796531821139402 -0.010970418637250422 -0.022788071975246328 0.031300951376846152 0.025186571631717943
leaf_weight=260721 341 3321 4026 1114 1008 2405 2669 1377 1960 139 1486 1017 2191 4204 1273 6572 1326 7585 9100 2851 12415 43634 201 136815 193 18432 50575 118541 5640 2012
leaf_count=260721 341 3321 4026 1114 1008 2405 2669 1377 1960 139 1486 1017 2191 4204 1273 6572 1326 7585 9100 2851 12415 43634 201 136815 193 18432 50575 118541 5640 2012
internal_value=-0.00115141 0.00128411 -0.00150114 -0.000901315 0.0142076 -2.99261e-06 0.00100153 0.00250478 0.000475172 0.0258656 -0.000342758 0.00286848 -0.000505501 -0.00179481 -0.00143808 -0.00141279 -0.00152379 0.00022043 0.00107908 0.000265315 0.00145816 -0.000103526 0.010046 -0.00163403 0.017 0.00191107 -0.00082356 -0.00149917 0.00193574 0.0011063
internal_weight=705144 88541 616603 202667 1882 73528 86659 22478 64181 480 65757 7771 63352 413936 153215 129139 149011 8858 10586 60860 14375 46485 1402 140153 394 19809 52766 125113 6657 3338
internal_count=705144 88541 616603 202667 1882 73528 86659 22478 64181 480 65757 7771 63352 413936 153215 129139 149011 8858 10586 60860 14375 46485 1402 140153 394 19809 52766 125113 6657 3338
cat_boundaries=0 23 51 78 106 134 161 189 215 241 269 295 323 351 379 406 435 463 491 519 545 570
cat_threshold=0 0 0 0 0 64 0 0 2048 0 0 0 0 0 0 0 0 0 0 0 0 0 134217728 0 2147483648 0 0 0 0 0 0 0 0 0 0 33554432 0 0 65536 0 0 0 0 0 0 0 0 0 0 0 4 524304 1073741920 268435488 0 8421376 268435456 536903936 0 90112 536871168 0 134218752 4104 8388608 0 0 1 536870912 16 0 0 16384 0 4194304 25165824 0 33554433 262145 17408 2048 2147483648 520 0 1048576 32776 514 524416 0 536870912 16384 0 0 8192 16384 8407040 258 0 4096 64 0 2147500032 0 4198400 1048576 32 8388608 8388608 67108928 16416 16781312 4194308 33685504 16777216 268435456 1048576 0 32768 8448 0 0 134217858 1 68157440 269484048 0 0 0 1 1024 8192 0 0 8192 1024 33554448 73740 64 134348800 67108864 8328 33554432 516 272 0 0 8390656 2281701376 0 0 32 0 65600 33554432 4194304 0 2064 0 0 0 16 8448 0 134221824 0 66048 4194304 512 2147483680 1140850688 0 0 536870916 2097152 4456448 0 0 16777216 8192 0 0 0 268501064 0 67110912 0 1048576 268697600 2105344 2 0 512 536870992 4259840 64 4 1 16777224 1073750044 0 131072 0 0 0 65536 524296 1028 17825792 1048584 0 4194304 134217728 0 0 1028 18 0 0 0 536870912 545259520 0 2283012100 24576 256 8192 0 34078720 0 11 0 16908832 268435456 538968064 0 262144 0 134221824 0 8388608 4 0 0 1032 2149584904 281018368 128 64 0 0 0 0 268959744 516 0 524288 128 16896 537133120 1073742096 16777216 0 4 0 2147483648 0 2097152 1056 262144 32 67141632 560 0 0 134217728 16777220 131088 4194304 8204 1073774592 0 266240 0 33554432 0 0 536870912 12599296 2097152 33554560 0 6 1024 0 18874368 131076 16 0 0 1073741824 4718593 131104 8192 0 24578 0 0 262152 8388616 0 0 262144 1 67633152 0 33554946 536870912 262162 16384 2048 0 0 4096 262404 0 537003008 1 268435456 131072 10502160 2048 268566528 0 268435456 0 1048576 262144 0 402653184 2048 131072 67108864 0 0 134217984 8 0 4194304 0 0 528384 1312784 0 0 272629760 655360 134225920 0 2080 1073741952 32768 8388608 536871424 32768 2 0 1024 0 2048 67108864 257 0 67108928 0 2147483648 0 32 0 67112968 131074 33562624 1 16 2147483776 262272 541067264 2155876368 0 8704 525312 17301504 150994948 0 2097152 64 0 0 0 0 536870912 0 16 33554432 0 0 4 0 335872 65568 0 0 0 268451840 2147516416 1073741840 4194304 536870912 4194304 0 4096 1073741824 2147483648 0 2147483648 131072 0 134217729 1075839056 34816 65538 2064 0 0 0 1 2147483908 268435456 8388608 100 0 538968064 0 0 1179648 0 0 19398656 8 16384 0 1032 0 33824 3145732 16 4194304 67108865 0 33554432 4194304 0 0 536870912 67108865 553779200 0 8388608 262208 0 1073741824 0 32768 134217728 67633216 0 16386 33558528 536870912 0 65536 16 0 8192 553648128 2147483648 0 1024 512 8388608 8388608 536870914 536870912 8388882 0 131072 0 1073741824 0 4457472 1073872896 1024 0 2098176 0 37781504 16384 0 8388608 5120 268435460 1536 262144 32768 0 0 512 512 4 33554432 0 1 268435456 1073750016 2147483648 67125248 1048576 0 0 1073741824 0 0 2147485696 2097152 2 4194322 8650752 144 4194304 8192 2147516416 1024 0 524288 135790592 8388608 8388608 64 0 2148536320 135168 0 2490368 524288 0 4194432 4096 0 134217728 8 1048576 8454528 0 256 20 0 32 32 2048 2228224 301989952
is_linear=0
shrinkage=0.05


Tree=27
num_leaves=31
num_cat=20
split_feature=27 25 27 37 36 36 37 28 36 36 37 36 37 36 36 37 36 36 36 28 22 36 32 36 22 36 37 22 34 36
split_gain=211.394 95.9053 44.9834 27.8496 22.4571 20.5909 19.0211 16.6506 19.7634 16.2413 14.8732 15.1156 14.0113 13.8537 11.0308 10.8985 13.9086 9.77049 9.75543 9.11029 8.43416 11.7035 8.40104 20.0582 11.787 10.0972 8.09852 10.005 9.2925 8.27599
threshold=2.2315516471862797 18.139724731445316 0.9706791639328004 0 1 2 3 0.96119549870491039 4 5 6 7 8 9 10 11 12 13 14 0.50099998712539684 4.5000000000000009 15 21.585000038146976 16 5.5000000000000009 17 18 5.5000000000000009 1.6749999523162844 19
decision_type=2 2 2 9 9 9 9 2 9 9 9 9 9 9 9 9 9 9 9 2 2 9 2 9 2 9 9 2 2 9
left_child=2 3 12 4 -2 -3 14 8 -8 -5 11 -10 -1 -9 -4 16 -12 -17 -6 -11 -7 -22 23 24 -21 -24 27 29 -29 -25
right_child=1 5 6 9 18 20 7 13 10 19 15 -13 -14 -15 -16 17 -18 -19 -20 22 21 -23 25 26 -26 -27 -28 28 -30 -31
leaf_value=0.0047507596195502932 0.14024304604581644 0.82198546340910572 0.060404803075569072 0.040147515527811088 -0.019317141914400659 0.1146509199440013 0.023079428288153386 0.015632369910259548 0.03749879571996597 0.056286257644697704 0.039061273454334869 0.0037981506817620879 -0.034339788188452576 -0.022108524241478043 0.011745952005423695 0.016676425572282751 -0.0015979017952717969 -0.014222182840614758 0.030077329590375981 0.050029703483633087 0.55148699572868665 0.38278470221462263 0.026285371543733456 0.036758253453558785 0.087630914534967908 -0.006786673861098597 -0.011351925095471322 0.088184746650399451 -0.00061512882246661071 -0.0033150115626044158
leaf_weight=7489 3259 210 1717 3853 1753 783 4020 3490 1211 447 1866 6166 382148 113405 6789 2617 15205 76143 25336 1202 213 516 2636 1092 230 31125 4619 638 373 4107
leaf_count=7489 3259 210 1717 3853 1753 783 4020 3490 1211 447 1866 6166 382148 113405 6789 2617 15205 76143 25336 1202 213 516 2636 1092 230 31125 4619 638 373 4107
internal_value=-0.00114175 0.00123821 -0.00145688 0.000988893 0.00218485 0.0129106 -0.000906687 -0.000994752 -0.000544816 0.00026712 -0.000678848 0.00148315 -0.00178536 -0.00140756 0.00141306 -0.000845428 0.000299876 -0.00109368 0.00171135 8.12118e-06 0.0106172 0.0145582 -6.09484e-05 0.00105998 0.00659737 -0.000468056 0.000320802 0.00149895 0.0060499 0.000615865
internal_weight=704658 82392 622266 80670 30348 1722 232629 224123 107228 50322 103208 7377 389637 116895 8506 95831 17071 78760 27089 46469 1512 729 46022 12261 1432 33761 10829 6210 1011 5199
internal_count=704658 82392 622266 80670 30348 1722 232629 224123 107228 50322 103208 7377 389637 116895 8506 95831 17071 78760 27089 46469 1512 729 46022 12261 1432 33761 10829 6210 1011 5199
cat_boundaries=0 27 55 71 98 125 153 181 208 235 262 288 315 341 368 395 423 451 476 502 530
cat_threshold=4194322 67108928 64 256 536870912 64 2147483652 0 18432 541069580 2147483648 0 536875008 0 0 0 276824064 8388608 8192 8 67108864 0 134217728 1048576 32768 0 4 262145 8404994 17 2147483648 1049088 4194308 0 16 268435584 4 0 4 24576 0 0 134225922 0 1048576 0 256 0 4194304 0 16386 4096 4198400 0 1048832 0 2147483648 0 0 0 0 0 0 0 0 0 0 0 0 0 65536 20 1073741824 2 16 536870912 131136 1048644 18432 0 0 0 132096 0 8192 67108864 671088640 151126272 32 16384 131080 0 32 0 0 16777216 0 33554432 0 1048576 4096 1024 8389120 150994976 0 2147484160 512 0 32 16384 64 1216348160 16793600 0 16384 33570816 1024 20 4194816 0 16 100663296 8192 0 524288 0 1073741824 131072 0 131076 524288 0 258 2 4096 132096 0 1048596 33554432 16384 1024 536870917 411041856 268435456 1 1048576 64 262160 0 0 0 268435456 2048 0 67108928 67108904 67108866 16842752 16384 134225920 2147483648 16392 0 0 134250512 786440 256 0 0 0 536871936 16777216 0 0 4198400 4096 0 0 0 532480 1 33554434 16 0 65536 1179650 335556608 4194816 262146 0 524288 8388608 0 1048576 262144 524288 256 0 4196352 1048578 0 0 0 262664 0 0 536903680 2048 272629776 32768 16 0 536870912 8404992 0 2283012100 2097152 0 0 33554465 0 528388 537395208 0 536870912 268435456 0 0 128 0 4 16777216 4194304 2097152 16785408 0 0 262145 64 0 0 2147623040 4096 1073741824 67113472 0 134217728 541065216 0 0 0 0 805306368 268435456 67108865 1049600 2147745792 2147483648 65552 2097408 69632 32 536870912 0 0 1073741826 1082130432 0 128 1074003968 128 512 8388608 536870912 0 33849360 33555008 0 512 1024 1048576 256 0 0 0 2148663296 134217728 4329472 2048 131072 0 0 0 285212672 33280 67174401 0 2149581076 2147483648 0 0 33555456 34087936 65600 536870912 16 1048576 0 16 0 0 268435472 8388624 0 67108864 262656 1073750016 2147483648 0 524288 4194304 24592 33554464 268435456 32768 0 32 71303200 4194304 2424832 8388608 17039376 1024 0 0 0 134217728 0 0 0 4194400 8 256 67108864 8519684 0 8388608 0 66576 0 1610612736 64 66560 134223872 16777216 0 67145856 0 8421376 576 8388608 0 0 0 32768 0 0 67112992 139520 0 134254592 0 0 1073741840 0 1073741824 64 0 65536 2 33555520 32784 393216 16 2048 0 536870912 2147483652 131072 0 16 2621472 0 33554436 1024 32 1310720 0 0 0 0 0 0 0 0 0 0 33554432 0 0 0 0 0 0 0 4096 0 0 0 0 0 2 4 2 0 0 1 10518528 68157440 0 67371008 256 131136 1350574208 1073775104 1140850688 0 8388608 266240 32 270336 1024 131072 0 0 0 0 0 0 0 4096 2048 16384 2147483648 134217728 0 128 4194308 58722304 0 134217728 294914 1048576 0 4195328 268435460 128 33554432 33554464 66 2621440 0 0 0 4325376 1 0 512 128 6291456 0 3221225472 8388608 0 0 67108880 8192 2048 0 33554432 0 262210 0 0 1048576 8388608 0 524288 0 0 0 1028 0 134217736 1032 268435456 2147484160 138428416 0 2147483648 1048576 2097665 536870912 0 169869312 1073741824 67108866 0 512 1048576 131136 0 0 0 1025 0 4194304 32 2048 67108864
is_linear=0
shrinkage=0.05


Tree=28
num_leaves=31
num_cat=12
split_feature=3 26 4 30 37 37 30 22 37 32 31 22 42 22 32 42 31 35 37 37 37 22 30 37 31 37 38 35 37 28
split_gain=192.443 76.6423 40.0541 32.5416 29.3665 25.8921 23.2068 21.0179 18.3228 25.4756 16.0094 15.5325 14.539 14.1437 15.9188 13.5713 15.5161 12.596 14.1196 11.9917 11.2863 13.4851 25.503 11.2212 11.1037 10.5935 10.2451 10.1731 9.96986 9.69718
threshold=2.0190167427062993 16.820131301879886 0.90000006556510936 1.0000000180025095e-35 0 1 1.0000000180025095e-35 5.5000000000000009 2 23.154999732971195 2.8919498920440678 2.5000000000000004 3 5.5000000000000009 21.48499965667725 4 3.0923500061035161 0.91871085762977611 5 6 7 1.0000000180025095e-35 1.0000000180025095e-35 8 1.0253500342369082 9 10 0.61867865920066845 11 0.96650001406669628
decision_type=2 2 2 2 9 9 2 2 9 2 2 2 9 2 2 9 2 2 9 9 9 2 2 9 2 9 9 2 9 2
left_child=2 5 17 23 -5 6 19 26 9 11 -9 -8 29 20 15 16 -15 18 27 -2 21 22 -7 -4 -10 -24 -3 -1 -19 -6
right_child=1 7 3 4 12 13 8 10 24 -11 -12 -13 -14 14 -16 -17 -18 28 -20 -21 -22 -23 25 -25 -26 -27 -28 -29 -30 -31
leaf_value=0.32457637528754213 -0.015335619910625041 0.33930974054608609 0.034571865190075803 0.04397620480599583 0.014682186109523529 0.016850887618499202 0.57309822632324126 1.018822591605838 0.091465560867422815 0.079715143945836078 0.15583470749224315 0.44594671017857412 -0.010542861074652514 0.10068099513104599 0.011334852147826216 0.029967293958924536 -0.0084083850297525763 0.00061866893923604284 -0.020236967642704832 0.028437554217115704 -0.010417014597378822 0.00091141764246081749 0.28353539289791752 -0.021249607209886626 0.027893580189904878 0.079105477657750431 0.11617744638019115 0.010863201358899444 -0.036308533543398247 -0.0047045614100005529
leaf_weight=137 5796 490 2577 6009 11251 5864 169 238 1209 1501 160 1284 61734 659 8081 1404 207 6405 34406 10772 24798 31281 108 152578 4630 225 884 2836 316566 10336
leaf_count=137 5796 490 2577 6009 11251 5864 169 238 1209 1501 160 1284 61734 659 8081 1404 207 6405 34406 10772 24798 31281 108 152578 4630 225 884 2836 316566 10336
internal_value=-0.00113049 0.00090416 -0.00146608 -0.000972091 -0.000211853 0.000717733 0.00209276 0.011207 0.0041696 0.00737437 0.0213158 0.0121166 -0.000455438 0.000237237 0.00194866 0.00564729 0.0105302 -0.00180123 -0.00093225 0.00099161 -4.7209e-05 0.000500279 0.00263109 -0.00140979 0.00253034 0.0160704 0.00826545 0.00236846 -0.0019018 0.000661287
internal_weight=704595 99760 604835 244485 89330 97988 25361 1772 8793 2954 398 1453 83321 72627 10351 2270 866 360350 37379 16568 62276 37478 6197 155155 5839 333 1374 2973 322971 21587
internal_count=704595 99760 604835 244485 89330 97988 25361 1772 8793 2954 398 1453 83321 72627 10351 2270 866 360350 37379 16568 62276 37478 6197 155155 5839 333 1374 2973 322971 21587
cat_boundaries=0 27 54 73 81 87 114 126 152 179 198 199 225
cat_threshold=524304 1073741824 32768 0 8421376 131072 536911876 0 16384 536870912 0 134218752 266248 0 67108866 134217856 0 0 16384 0 0 16384 134217728 4194304 8388609 4 268435457 84 262208 512 64 536870912 64 1048640 16384 2048 4198400 0 536871936 0 8388608 0 262144 268435456 0 8192 0 0 0 134217736 1074790400 268435456 0 268435460 16 0 0 64 0 64 0 0 2048 0 0 0 0 0 0 0 0 0 8192 69828994 2952790018 301990914 2156921348 536870912 603996416 12587040 130 524294 2147483648 8192 256 0 1048960 65536 2214592512 128 0 8454144 16 4 2348810240 512 0 1 0 0 16640 336592896 0 16777216 268435488 0 1048576 32 0 2097160 0 25165840 2147549184 553648128 16 64 512 64 0 0 0 0 0 0 0 536871936 2 4096 1136 69206272 0 2147483648 545259520 65536 0 606076928 33554432 0 536871168 0 524288 66 8388608 32 16 68157448 67108864 524288 0 0 1 4 2147483652 0 16 16 553648128 16384 0 2148550656 1343225904 4096 0 33555488 2147484672 12288 67108864 0 256 0 0 0 0 0 0 1073742852 0 0 17301504 0 0 0 0 0 0 8388608 0 0 0 0 0 0 0 0 0 0 0 16 80 268435474 294912 16 0 671088640 0 0 1310756 16384 320 0 131104 786432 134217732 536870920 0 536871424 1073741824 16384 0 128 0 0 16778248 0 2097152
is_linear=0
shrinkage=0.05


Tree=29
num_leaves=31
num_cat=21
split_feature=5 35 5 22 36 37 36 36 22 36 35 36 37 30 36 36 36 36 30 37 36 37 36 37 37 36 22 36 36 36
split_gain=181.306 65.144 37.0118 31.1626 27.5173 26.653 23.449 18.6828 28.7982 17.1251 16.2018 19.2002 16.0685 15.1798 29.9951 15.0445 13.9137 12.8948 12.5224 13.0034 11.7112 11.5945 11.267 9.99417 9.55897 9.43414 9.3105 12.459 10.5037 8.79981
threshold=1.8996986746788027 0.67103970050811779 0.90391415357589733 5.5000000000000009 0 1 2 3 4.5000000000000009 4 0.96082454919815075 5 6 1.0000000180025095e-35 7 8 9 10 1.0000000180025095e-35 11 12 13 14 15 16 17 4.5000000000000009 18 19 20
decision_type=2 2 2 2 9 9 9 9 2 9 2 9 9 2 9 9 9 9 2 9 9 9 9 9 9 9 2 9 9 9
left_child=2 7 18 10 -5 6 -3 8 -2 -7 11 -4 -6 15 -15 -8 -14 -12 -1 -20 -16 -13 24 -18 -21 -23 28 -28 -11 -25
right_child=1 5 3 4 12 9 13 -9 -10 26 17 21 16 14 20 -17 23 -19 19 22 -22 25 -24 29 -26 -27 27 -29 -30 -31
leaf_value=-0.039348953118536915 0.19680853628494771 0.12426449132231787 0.07669710039370102 0.044688661774511654 0.023499917429682854 0.032384393802632847 0.0514301036913982 0.099364118681891489 0.92792975373889885 0.016090411271366508 0.013648312779641004 0.019289439229042943 0.03437700072911324 0.32586254451310792 0.12934658371450639 -0.0017974975559445295 0.013922842955182839 -0.020809221102167309 0.021654691679540497 0.05052890752715853 0.012091966219019732 0.039476365096459555 -0.023826497911148548 0.033946729518240619 -0.00098343513782290777 -0.011275965558352936 0.065737129217981305 0.0051577396455906536 -0.0078732120107249514 -0.011283175341116045
leaf_weight=227478 408 3908 1596 1497 3673 5967 2621 2147 167 4108 3779 4313 1478 1615 1717 15684 4828 172706 2596 777 6971 1335 126962 1157 2016 21949 1318 17196 42086 21414
leaf_count=227478 408 3908 1596 1497 3673 5967 2621 2147 167 4108 3779 4313 1478 1615 1717 15684 4828 172706 2596 777 6971 1335 126962 1157 2016 21949 1318 17196 42086 21414
internal_value=-0.00111432 0.000792789 -0.00145122 -0.00096991 0.000431229 0.000591349 0.00177575 0.00842637 0.0164036 4.61542e-05 -0.00120185 -0.000110725 0.000125149 0.00127817 0.00281371 0.000414481 -0.00027148 -0.00138233 -0.00177187 -0.00138515 0.00164157 -0.000419897 -0.00145522 -0.000527089 0.00168242 -0.00086113 -0.000190362 0.000756953 -0.000570084 -0.000968803
internal_weight=705467 105913 599554 239725 34047 103191 32516 2722 575 70675 205678 29193 32550 28608 10303 18305 28877 176485 359829 132351 8688 27597 129755 27399 2793 23284 64708 18514 46194 22571
internal_count=705467 105913 599554 239725 34047 103191 32516 2722 575 70675 205678 29193 32550 28608 10303 18305 28877 176485 359829 132351 8688 27597 129755 27399 2793 23284 64708 18514 46194 22571
cat_boundaries=0 28 55 83 111 139 167 194 222 250 278 306 333 358 386 412 438 465 493 521 545 573
cat_threshold=33554432 0 0 68 0 131080 130 2 67108864 0 786432 536887296 9453600 268435456 512 8388608 0 37748737 65536 0 0 0 131088 0 2048 536879104 262176 4 20 67108864 80 2147483712 536870912 64 64 81920 2048 1078071552 0 0 536871168 8388608 524288 262144 268960768 0 0 0 67108864 0 134217728 1048576 0 0 8196 2 41959426 64 2147483648 1048577 134483969 4194304 0 0 1053312 0 0 134217728 262144 0 134225920 0 1056768 16 256 0 0 0 17408 4096 4096 4 8 0 2147483648 0 0 0 0 0 0 0 0 0 0 33554432 0 0 65536 0 0 0 0 0 0 0 0 0 0 2 4 8 256 139264 0 16 16768 8194 2050 0 0 75497472 0 8192 0 0 1152 33554437 320 268435456 0 1077936128 268501056 17 0 8192 0 0 4096 2 0 4096 0 0 278921216 268435524 4096 130 67665920 8388608 1073742848 64 33554432 0 0 536870912 4096 1073742336 0 0 0 1 67108896 8192 8192 5120 1048576 4194304 0 1152 256 4227072 8388608 32772 4 16777216 536879364 0 134217728 1052680 2048 33554432 0 545259528 1024 0 33554432 0 0 134217728 4194304 1 1024 8192 0 1032 2049 268435472 4136 0 0 8 268566534 0 1 536870912 16384 2176 0 68 16384 67108864 131072 131073 262144 0 0 536870912 1 4194304 0 4096 0 134217728 16384 37765122 16777344 0 1048576 8192 1073741952 16777216 8388608 0 8450 71303168 2097152 2 0 2048 1048576 68157440 0 4096 1025 2147483664 0 64 0 8192 8 180224 65536 2 2097152 4194304 1073750016 0 8405000 0 0 0 2048 4 536870912 16384 1049088 1310720 64 268435456 512 2147483648 0 16777216 4194304 4194304 2097152 536870914 0 0 0 136314944 131072 0 512 0 1073741824 4194304 0 268443648 8704 0 16384 0 16896 536870912 268437840 1536 262144 262144 0 2181038080 8192 114688 16 33554432 268435474 0 128 0 1024 0 0 2148794368 24576 0 2048 0 524288 16384 536871304 0 16924704 268435456 8404992 0 33816576 0 4096 1073742848 0 0 16777216 128 16 0 0 2214593090 8704 1644167456 36864 0 0 0 0 4194304 268439808 16 285212672 128 49152 1074004992 0 0 0 512 0 2147483664 65536 1073741920 67108864 2101248 16 16384 512 65536 268500992 64 0 33792 262144 1088 1048578 0 1024 536871968 16777216 2097152 0 0 0 0 25198592 4 0 1 8192 1040 65568 65536 1073774592 0 0 2147483648 1073741824 1073758208 0 4194304 10 1024 0 512 16 32768 4325376 2064 167772161 2097152 0 67174400 2056 64 66 0 1049088 8388608 536940544 268435520 4194560 1073807360 32 136 1073741824 0 0 0 524290 0 131072 0 17842192 8 65536 16384 0 268435456 268435584 65536 264256 67108864 32 536870912 0 0 1073774592 0 0 134217988 0 0 520 0 8192 0 0 0 1048576 75497472 0 0 0 134217728 0 4 32768 270336 16384 0 1073742848 8388608 2147483648 16384 4194304 512 0 0 0 4 0 82048 268439552 262144 8388608 537395204 0 0 1024 1024 131072 16384 512 8912928 536870912 0 0 4096 4194304 0 67117057 4194308 0 138444864 134225984 0 1048640 0 4211968 0 0 268435456 268435456 8388608 2147483648 1048704 0 0 0 0 196640 262144 256 0 0 4 268435456 4198404 150994944 0 16777472 0 135680 1073741824 148480 4 262160 541184 0 1024 268288 4162 4 0 4096 0 4194304 65536 0 2147491840 256 131076 16777216 33554432 8196 32772 138412032 1024 1024 524288 8192 67108864 16 2147483648 8388608 0 2147483648 256 0 32768 3146753 0 4096 0 256
is_linear=0
shrinkage=0.05


Tree=30
num_leaves=31
num_cat=22
split_feature=5 25 4 35 36 36 35 36 42 36 36 42 36 35 36 36 42 36 36 36 36 42 36 36 36 23 36 32 36 36
split_gain=158.91 47.9563 34.6342 25.5678 22.3184 16.0605 15.5114 23.5929 15.1025 14.4747 13.1499 12.486 14.8462 11.3401 15.6789 11.2794 10.9966 18.8377 10.8348 8.93382 7.47644 7.24016 7.20396 7.00166 6.96625 6.95067 6.74387 6.54735 19.9111 8.25156
threshold=1.8695983290672304 18.139724731445316 0.83281496167182933 0.9747353494167329 0 1 0.96952912211418163 2 3 4 5 6 7 0.85972008109092724 8 9 10 11 12 13 14 15 16 17 18 6.4962506294250497 19 21.48499965667725 20 21
decision_type=2 2 2 2 9 9 2 9 9 9 9 9 9 2 9 9 9 9 9 9 9 9 9 9 9 2 9 2 9 9
left_child=2 4 13 5 21 -4 7 -6 9 -8 -3 12 -5 14 -1 25 17 -7 -18 -10 -11 -2 -15 -13 -14 -9 -19 28 -22 -29
right_child=1 10 3 11 6 16 8 15 19 20 -12 23 24 22 -16 -17 18 26 -20 -21 27 -23 -24 -25 -26 -27 -28 29 -30 -31
leaf_value=0.056483547155022587 0.12086767469642934 0.51150505281174685 0.038005914702031268 0.036104099220688982 0.10727941444457896 0.045534844158036811 0.032131042704671084 0.047484411146489269 0.019791842108776738 0.028667658424746209 0.096534978193926521 0.0056516582640256264 0.015998803359007798 0.001104548750386737 -0.013358619073061595 0.0087647591450466279 0.030611263016242198 0.033315943948984003 -0.010130925082427834 -0.01385739758021283 0.084296706481550576 0.0072466629279117102 -0.033580869908461965 -0.020198648492475376 -0.010655305449428712 0.70122064197562517 -0.0003983749364295003 0.02065218523614663 0.0041524301761630168 -0.0046663385746169598
leaf_weight=942 3842 586 1835 2279 1682 1570 5238 1505 3060 5450 1096 3953 3395 4870 16152 12077 1772 1583 28172 25265 1280 1690 302771 184303 30363 266 13117 3408 10839 31421
leaf_count=942 3842 586 1835 2279 1682 1570 5238 1505 3060 5450 1096 3953 3395 4870 16152 12077 1772 1583 28172 25265 1280 1690 302771 184303 30363 266 13117 3408 10839 31421
internal_value=-0.00110438 0.000653942 -0.00142451 -0.00100867 0.000522242 3.80327e-05 0.000353416 0.00180767 9.07081e-05 0.000555275 0.00902852 -0.0012329 -0.000379841 -0.00177325 -0.000519743 0.00112418 -0.000144619 0.000901357 -0.00071307 -0.000854479 0.000304432 0.00361176 -0.0018429 -0.0013961 -0.000643934 0.00483866 0.00034328 0.000100726 0.00110169 -0.00024756
internal_weight=705782 108705 597077 272342 107023 48049 101491 15530 85961 57636 1682 224293 36037 324735 17094 13848 46214 16270 29944 28325 52398 5532 307641 188256 33758 1771 14700 46948 12119 34829
internal_count=705782 108705 597077 272342 107023 48049 101491 15530 85961 57636 1682 224293 36037 324735 17094 13848 46214 16270 29944 28325 52398 5532 307641 188256 33758 1771 14700 46948 12119 34829
cat_boundaries=0 26 54 80 88 116 144 151 179 207 235 243 271 299 327 355 363 390 418 446 473 493 521
cat_threshold=0 8404994 83 2147500032 128 0 33554432 16777216 128 640 67108864 0 256 262144 0 128 16388 16384 268435472 524288 0 268501056 16 2147484672 0 4096 0 0 0 2162688 0 2097152 4194328 512 557058 67108864 65536 1074266112 0 4 16384 2164523136 67108864 2048 1073742338 0 0 0 0 32 16785408 67108864 8421376 1048576 8388608 0 67108864 32 8519680 4194304 68157440 2082 0 0 1 0 32768 1024 8388608 134225928 572522624 6144 0 0 0 1140850688 0 66 8192 4194336 17301634 2282749952 33964034 134218640 69210112 256 160 64 2 33554432 1024 0 1052737 134480000 541065216 8448 268435456 4096 0 0 3145760 0 0 8192 33554432 1323072 1048640 0 4194304 0 1 16384 0 0 0 8192 0 2147483648 0 0 4096 0 0 0 0 0 0 0 33554432 0 0 73728 0 0 0 0 4096 0 0 0 0 0 2 4 2719768 1217921026 262146 2155872789 3225428224 201326592 1610616842 1073741824 2 70656 2097152 1048640 16384 352 1073741824 512 0 1 0 0 32768 0 0 1048576 1024 1042 0 4194816 0 512 2147500032 3221225472 65536 1024 6144 262146 16384 0 16384 67108882 4325376 64 4196352 33554433 603979776 8388608 0 134217728 0 0 1024 8405504 256 131072 0 32768 134217728 536870912 4194304 0 0 0 2097152 262144 1024 2147483648 0 528390 142606337 8224 67371072 514 32 8388608 536870912 16384 36864 16384 0 65536 268435456 0 0 0 134217728 0 16384 0 1073741824 0 67108896 17032 822673408 272629806 786466 536887296 268502272 1610612745 194 262144 0 16384 0 8388608 281018496 1107296320 4589568 268435584 8945664 128 0 0 8683536 524288 268435456 0 0 0 0 0 0 0 0 0 4325408 262176 2048 4 8404992 134221828 192 65536 134217736 16779264 1073741824 8389120 256 64 32 0 0 514 0 65536 24577 524296 0 0 0 16 2048 0 4096 0 536870912 8 256 6144 16777216 2155872272 352322048 2 2147747840 0 8192 0 1073741824 8192 33554432 512 0 2147483680 2048 0 4 524288 0 1 0 4194304 65536 0 2621448 1049088 256 131072 2 66056 94208 4 8392720 0 1572864 0 0 134225922 0 524288 66 0 67108864 262144 1 0 4096 0 0 8192 4194368 0 4096 16777220 134217728 263426 0 69206016 18874368 8194 32 1 0 32 2147483648 134217728 0 268435456 262144 0 512 0 8192 524300 4096 0 16777216 0 536870912 1073743872 2147532800 65 276 2147483648 147456 2050 67108864 8 0 256 0 16777224 268435456 1048608 0 0 33554432 4198400 1 0 612909120 8 0 0 0 32768 1073741840 2147484160 262144 4456452 0 16777216 2097152 16384 16 1073741824 67239936 8388608 0 1077936192 131072 0 17408 0 1073741824 0 0 6291456 1048612 0 0 0 536872448 0 67108864 0 133120 1090519040 262145 0 4096 32768 12 167772164 536870914 545259776 536871936 33554432 2097152 0 268443648 34611232 1082130433 16777216 268435456 536871936 4194305 0 67108992 16 0 4096 1048576 0 0 0 134217728 0 0 0 268436480 0 8 0 81 16809984 6291456 8388640 0 131074 147456 1350565888 33280 67108868 0 0 268701700 268435488 136347648 0 256 8192 0 2147485696 0 0 0 1180032 2 1073741828 16778240 524290 64 17301504 4194560 0 67125248 1 8388640 0 1048576 536870912 512 512 4194304 2147483648 0 4 524288
is_linear=0
shrinkage=0.05


Tree=31
num_leaves=31
num_cat=9
split_feature=5 25 5 30 37 37 37 30 28 32 30 37 32 37 37 35 42 35 38 31 5 31 24 11 11 22 37 35 22 33
split_gain=144.408 48.8704 35.8688 24.7293 20.5677 18.4199 18.7522 18.3767 21.882 22.1356 13.6104 13.3526 11.3561 11.1847 11.146 10.9861 10.7662 9.3988 9.24509 8.88237 9.58082 8.82538 8.92961 11.5123 8.80314 10.1084 8.77897 8.62198 8.30577 10.0236
threshold=1.8695983290672304 18.139724731445316 0.94176834821701061 1.0000000180025095e-35 0 1 2 1.0000000180025095e-35 0.89750000834465038 20.394999504089359 1.0000000180025095e-35 3 23.214999198913578 4 5 0.94199019670486461 6 1.0101032853126528 7 1.0112499594688418 5.5974178314208993 1.7813999652862551 6.5216438770294198 3.8142856359481816 2.4428573846817021 1.0000000180025095e-35 8 1.000000059604645 4.5000000000000009 77.615001678466811
decision_type=2 2 2 2 9 9 9 2 2 2 2 9 2 9 9 2 9 2 9 2 2 2 2 2 2 2 9 2 2 2
left_child=2 4 10 16 7 -5 27 17 9 -9 13 -12 21 -1 -13 -6 -4 26 28 20 -10 22 23 -11 -17 -26 -2 -7 -3 -30
right_child=1 18 3 5 15 6 -8 8 19 12 11 14 -14 -15 -16 24 -18 -19 -20 -21 -22 -23 -24 -25 25 -27 -28 -29 29 -31
leaf_value=0.0056882692276150372 0.12597194509246287 0.20890905452024999 -0.0034652434397790949 0.027298750330325673 0.019315120795509424 0.01648364112187993 -0.0084766929967981155 0.50669451115692554 0.047894794022939183 0.36600212373057756 0.021056867302105299 0.0044132316768041996 0.060590821971635567 -0.035835822030557817 -0.021803731650550429 -0.0060356300991137321 -0.020706653480334201 -0.023542092363779119 0.12114439598541438 0.008588259096426288 0.14106989170765025 0.22282407238674501 0.17687092463159027 1.2253402723647602 0.029325138361712341 0.0019088217755517884 0.016878561734541737 -0.0029164671132397161 1.16636035390258 0.33607336433948021
leaf_weight=3893 939 366 23319 4682 8884 9218 59280 384 897 315 2986 8484 1782 236049 127861 44320 114386 4762 1087 4670 193 1229 150 103 3792 21794 12441 6171 115 130
leaf_count=3893 939 366 23319 4682 8884 9218 59280 384 897 315 2986 8484 1782 236049 127861 44320 114386 4762 1087 4670 193 1229 150 103 3792 21794 12441 6171 115 130
internal_value=-0.00108418 0.000594971 -0.00138929 -0.000876683 0.000460944 -0.000173626 -0.000364523 0.00162819 0.00338261 0.0062418 -0.00168264 -0.00128956 0.00501466 -0.00191089 -0.00136197 4.79049e-05 -0.00128181 0.000688695 0.00900824 0.00141468 0.00547663 0.00781841 0.0129701 0.0167184 -0.000162574 0.000575878 0.00136761 0.0011901 0.0139429 0.0212906
internal_weight=704682 108353 596329 217056 106655 79351 74669 27865 9723 3963 379273 139331 3579 239942 136345 78790 137705 18142 1698 5760 1090 1797 568 418 69906 25586 13380 15389 611 245
internal_count=704682 108353 596329 217056 106655 79351 74669 27865 9723 3963 379273 139331 3579 239942 136345 78790 137705 18142 1698 5760 1090 1797 568 418 69906 25586 13380 15389 611 245
cat_boundaries=0 27 54 81 108 135 161 169 170 196
cat_threshold=22 67108928 16 2147483648 536870912 64 64 16384 2048 4096 2147483648 0 256 0 524288 262144 268436480 0 8192 0 0 0 134217728 1048576 1 1028 524292 16 1073741856 1024 64 32768 8388608 553689348 1207959552 16384 536879168 0 134218752 4104 0 0 0 131072 536870912 16384 0 0 16384 0 4194304 25165824 1024 1 2 0 640 16 4259840 268435456 0 0 16842752 2097416 0 537001984 262144 2048 33554434 0 8913920 1024 17825808 1048576 0 0 134217728 0 268435584 16777220 268435456 268435472 536903680 268435584 0 0 536870912 0 2148794368 2121728 0 1073743872 0 524288 16384 264 0 150994976 268435456 8404992 0 33816576 0 134221824 1073741824 0 0 33554433 268435456 0 0 0 536870912 0 0 1048576 16 0 16777216 131105 8192 134221824 537395208 1610612736 536870912 1073741824 0 0 8192 0 8332 1090519040 2304 2097192 33554433 2050 0 512 16 0 0 16777216 1073872896 0 268 4096 0 33554432 0 603979907 0 655360 8 7340032 2097152 0 0 128 4195328 12582912 16777228 33289 160956418 81978 2215116802 8192 4195456 67121666 42 80 0 64 16 0 536870912 64 0 0 0 0 0 0 0 0 0 0 268435456 0 0 0 0 0 134217728 0 0 4
is_linear=0
shrinkage=0.05


Tree=32
num_leaves=31
num_cat=24
split_feature=5 36 30 35 37 36 25 37 36 36 5 37 36 36 36 36 36 37 36 37 36 35 36 36 37 37 36 37 37 36
split_gain=128.773 40.6089 36.8099 23.8627 23.6943 21.0901 18.8731 18.488 16.6551 15.3646 14.4566 13.5982 12.6533 12.6241 12.1653 11.8463 11.742 11.4482 10.9515 10.2337 10.2003 9.41098 19.0242 9.36125 9.6043 9.1562 8.9988 8.68056 8.13886 9.33696
threshold=1.8695983290672304 0 1.0000000180025095e-35 0.97565940022468578 1 2 5.5268676280975351 3 4 5 0.94785842299461376 6 7 8 9 10 11 12 13 14 15 0.92101219296455394 16 17 18 19 20 21 22 23
decision_type=2 9 2 2 9 9 2 9 9 9 2 9 9 9 9 9 9 9 9 9 9 2 9 9 9 9 9 9 9 9
left_child=2 12 10 4 16 -6 15 18 -8 27 19 13 -2 -11 -12 -3 -4 26 -5 -1 -19 22 -17 24 -13 -16 -7 -9 29 -23
right_child=1 6 3 7 5 17 8 9 -10 11 14 23 -14 -15 25 21 -18 20 -20 -21 -22 28 -24 -25 -26 -27 -28 -29 -30 -31
leaf_value=0.0046808455453225392 0.83759170400288463 0.033267251716715539 -0.011960972607492792 -0.016667843356586352 0.067085529713451011 0.04899997551242824 0.13447713415970414 -0.02770831702542036 0.023567266239396784 0.043695563623556158 0.013134300103522255 0.027991295220572577 0.1230272216231203 -0.0022741500427630088 0.0058984868277676258 0.075119239050130848 0.045507068404837467 0.01373081214712879 0.038558461284504818 -0.033810248944454301 -0.011956807137643511 0.040062744570938419 0.006627921247247987 -0.019084871413153445 -0.010398281701527658 -0.018319887299326841 0.0052035081524253587 0.017763214904503409 -0.0054272573632147929 0.0019399544703543566
leaf_weight=4381 115 5214 828 1240 1584 907 2032 1151 9310 1451 4327 1849 4752 7890 5196 1228 3598 1669 2889 237617 30109 3076 6285 153106 3195 126550 5128 2726 54610 21903
leaf_count=4381 115 5214 828 1240 1584 907 2032 1151 9310 1451 4327 1849 4752 7890 5196 1228 3598 1669 2889 237617 30109 3076 6285 153106 3195 126550 5128 2726 54610 21903
internal_value=-0.00106484 0.000519575 -0.00135268 -0.000837358 0.000206336 -0.000183783 0.000309687 -0.00109798 0.00223442 -0.00117762 -0.00165161 -0.0012497 0.00497796 0.000603881 -0.00123927 7.32254e-05 0.00367027 -0.000421228 0.00220471 -0.00188346 -0.000800435 -6.54902e-05 0.00162596 -0.00135922 0.000759643 -0.0013249 0.00157335 0.00193094 -0.000225186 0.000522308
internal_weight=705916 108525 597391 219320 43823 39397 103658 175497 11342 171368 378071 167491 4867 9341 136073 92316 4426 37813 4129 241998 31778 87102 7513 158150 5044 131746 6035 3877 79589 24979
internal_count=705916 108525 597391 219320 43823 39397 103658 175497 11342 171368 378071 167491 4867 9341 136073 92316 4426 37813 4129 241998 31778 87102 7513 158150 5044 131746 6035 3877 79589 24979
cat_boundaries=0 28 55 83 110 136 163 191 193 220 248 276 304 331 359 386 415 441 469 496 524 550 577 604 631
cat_threshold=32 2156920834 83 2147483648 4112 0 0 0 0 512 67108864 0 8194 0 0 73794 16388 0 268435728 0 4096 65536 0 0 0 4096 2 1073750020 48 67108864 128 16 65536 131088 4 1048576 90112 264 1073741824 134218752 0 0 0 1 150994944 48 1048576 0 262144 0 0 4194304 276824080 16777216 33554433 0 0 1073741824 73984 1073741888 65536 8192 1048577 8388609 1077936128 536872000 1024 3 8388612 0 512 65536 0 0 0 0 0 262184 67125248 0 0 8388608 536870912 16 32768 0 64 1024 8388608 553648128 4 18890752 538968064 0 65536 266240 0 8388864 0 671744 0 16896 8 33554432 0 134221824 1073742848 16777216 0 1 2 536887304 1024 0 576 8396865 1048576 34816 640 0 1 536870912 33554432 2048 0 134742016 65536 134234112 8388608 0 262144 0 0 16386 0 4194368 33562624 294912 65537 16777280 0 32 16416 2147516416 1073741824 16384 262144 24576 0 134217728 0 0 0 16384 8192 0 138412034 0 2048 33619970 2097152 1050624 67108864 268959746 0 512 134217728 536903680 64 32768 16 8192 1140858908 34816 16 33555460 2048 536871048 0 256 0 0 0 16777216 0 0 0 4194304 1024 0 1 0 2147483648 260 1073741824 2684354560 2048 66050 131072 128 0 131584 64 1024 2 34603008 0 0 2147483650 134218240 1024 67108865 4 769 0 0 0 65536 0 268436480 0 2 0 2097160 4194304 32 64 262144 0 525312 8388608 308281344 64 0 0 65664 512 536870912 1073741824 513 262144 262148 0 0 8192 512 1056 33816576 0 67108864 0 33570816 26476544 0 541065218 2147483904 0 5120 524288 16384 557312 262144 2097152 128 1 1048832 0 256 536870912 0 17 1024 8192 0 0 4096 0 0 2214592512 2151686144 0 524288 33554432 536871168 0 4 1088 0 70254592 0 8192 4196864 2097152 36 268435456 131329 2415919104 0 0 0 1048576 0 0 64 2048 1073741824 0 75497472 0 0 536879360 2223048833 0 64 0 536870912 524300 0 67108864 0 512 167936 16 0 16 4096 0 0 536871040 1073741828 67108864 2147483808 33562624 384 0 1090519040 2147483648 4096 0 0 1342181376 0 0 16 512 33554432 0 0 0 514 536870912 262208 67174404 4 17301504 1064960 16384 0 1073741824 0 0 0 16 536870944 64 0 135266304 0 0 131072 131105 1056768 134225920 524288 1610612736 536870912 1073741824 0 0 8192 0 140 1090519048 16777216 2097184 33562624 0 536870928 36 0 134217728 0 40 262146 0 0 17301536 32768 33554432 33849344 1073741824 131200 0 4194304 1572864 2097152 2181038081 0 1048576 0 4352 0 0 0 1 8652800 0 2214592512 0 655366 134217728 1048608 2082 1073741952 134217728 0 512 0 32770 0 8 2717908992 268441600 0 0 0 0 0 0 0 32 1048576 131072 0 0 32768 0 1073872896 0 2048 2 0 65536 536870912 268440640 0 512 32 33587204 1073872896 524289 0 2149582848 1 16777216 268435456 0 48 2097152 69208128 67108864 74752 524288 16 1342177280 1073741830 8388608 0 256 4096 536870912 524288 2147483712 33554432 0 2560 1024 0 9437184 0 18432 0 0 0 0 32772 2151677956 393216 16 16 553713664 16777216 134217792 67190784 268435488 0 0 33555456 2147483648 4096 0 2 16777472 0 0 3145728 1073741952 0 0 4 0 0 268435456 1 0 4 8 64 1179648 411181056 2048 1073743872 4194306 2147516420 256 0 0 8192 0 20480 0 1028 6 0 0 0 512 536871936 4202496 4194304 1 64 32768 2283340032 0 0 393216 16 0 4194304 0 1 4 1032 0 0 4194304 0 2097168 4 2048 32 2048 136314880 64 0 536870912 20 67108864 0 0 536870912 2147483712 33344 81920 0 4329740 0 536870912 4352 8388608 524288 0 8913920 0 0 0 67108864 0 134217728 0 268468224 1024 524292 2 33570816 0 0 2147483777 278533 288 67110914 1342177408 83886080 0 0 134217728 128 16384 0 0 6144 1048576 0 0 1073745920 0 16384 4096 131072 32
is_linear=0
shrinkage=0.05


Tree=33
num_leaves=31
num_cat=22
split_feature=4 25 30 30 42 36 42 36 36 36 32 42 36 24 36 36 36 36 42 36 36 36 42 36 28 36 36 30 36 36
split_gain=121.83 36.4082 29.1234 24.1922 33.829 20.996 20.8721 24.6312 20.6571 20.2099 20.1631 15.0904 20.2641 13.7791 12.802 12.6871 12.582 12.3195 11.0536 11.9467 11.5843 10.1359 10.0195 13.1974 9.25372 8.77747 8.76131 15.6372 8.71056 7.72748
threshold=1.5988854169845583 18.139724731445316 1.0000000180025095e-35 1.0000000180025095e-35 0 1 2 3 4 5 23.224999427795414 6 7 5.738081932067872 8 9 10 11 12 13 14 15 16 17 0.88549998402595531 18 19 1.0000000180025095e-35 20 21
decision_type=2 2 2 2 9 9 9 9 9 9 2 9 9 2 9 9 9 9 9 9 9 9 9 9 2 9 9 2 9 9
left_child=2 3 14 8 9 -6 7 -4 -2 10 13 12 -8 24 -1 -9 -7 -13 19 -10 -20 -14 23 -16 -5 -25 27 -3 -21 -18
right_child=1 26 6 4 5 16 11 15 18 -11 -12 17 21 -15 22 -17 29 -19 20 28 -22 -23 -24 25 -26 -27 -28 -29 -30 -31
leaf_value=0.0031485563197176654 0.03446027204985401 0.09605929947831901 0.076127476288122206 1.0369257414554289 0.082202481647220896 0.054264776243293844 0.026045117515097534 0.030848827185120966 0.039976758203207972 0.15118751171106204 0.059201590638988548 0.011576789553130306 0.023618484233039073 0.35598916009594983 0.03124575644026972 -0.0018697683548794975 0.028374696201278901 -0.019294938800522077 0.012383299602357673 0.026393501935817684 -0.013488848297227346 -0.0070163791974546079 -0.027896190794648563 0.013286284028519384 0.26972274619864844 -0.018644764359777861 0.1110220067171758 0.67395852530741684 -0.0035435522923873727 0.00042825422006002216
leaf_weight=8779 5229 370 1193 193 1937 3006 2002 1505 2642 2532 445 3309 2068 346 1698 19583 3062 139042 4085 3513 46550 37869 315350 2939 146 26263 1061 271 28797 39964
leaf_count=8779 5229 370 1193 193 1937 3006 2002 1505 2642 2532 445 3309 2068 346 1698 19583 3062 139042 4085 3513 46550 37869 315350 2939 146 26263 1061 271 28797 39964
internal_value=-0.0010509 0.000245768 -0.00138372 0.000158882 0.00102306 0.000668559 -0.00091168 0.000533711 -0.000332427 0.00564797 0.0111963 -0.0010864 -0.000252623 0.0166727 -0.00165837 0.000136499 0.000453271 -0.00133201 -0.000518909 0.000165031 -0.000990948 -0.000499212 -0.00170616 -0.000845978 0.0238309 -0.00109557 0.00751321 0.0121127 -9.97809e-05 0.000234333
internal_weight=705749 144149 561600 142447 51631 47969 206571 22281 90816 3662 1130 184290 41939 685 355029 21088 46032 142351 85587 34952 50635 39937 346250 30900 339 29202 1702 641 32310 43026
internal_count=705749 144149 561600 142447 51631 47969 206571 22281 90816 3662 1130 184290 41939 685 355029 21088 46032 142351 85587 34952 50635 39937 346250 30900 339 29202 1702 641 32310 43026
cat_boundaries=0 8 36 44 71 98 124 131 158 186 214 239 267 275 303 331 359 367 395 421 449 477 503
cat_threshold=0 0 262144 0 0 16777216 0 128 0 0 69632 2281701440 64 4 4202496 8388608 4 4194304 0 536871168 0 256 0 8388608 4 268566784 0 0 17825792 268501056 528 0 16 536936512 0 4096 539492496 588267522 1074003988 3221225476 32784 48 570429455 386 0 0 0 64 134348928 0 525896 2155890688 0 32 262144 536871936 64 8650752 0 0 4 0 0 0 536870912 536872960 8 1048576 16779264 4259840 262144 33554432 75497730 64 33554432 0 134217856 0 0 128 1053696 8388608 0 8921088 4194304 0 0 1024 2097216 268435458 134217728 1073745920 4096 0 2147483648 0 22528 524288 8388736 1032 19 0 4128 64 1073742336 0 268435458 640 0 4 16384 2048 0 402653252 16384 67108864 268435456 256 262144 0 0 17408 4096 4194304 67223816 1342771200 37814272 8397521 541065249 876609792 1342177280 0 0 2281832448 0 134252544 16842752 8388608 34603016 1073741824 67108864 1 0 2097152 0 16384 0 34603040 16384 67108896 2097153 33554432 2097152 9 16 0 536870912 2048 0 0 65536 2166358020 0 128 268435456 262144 0 65536 8388608 268435456 68 0 0 16777216 16384 4096 1073745920 0 294976 4 2147500032 33556480 2097152 67125248 512 1310720 34603008 32784 65665 4194304 0 134217737 16384 0 518 64 0 67141634 1048576 2147483652 67108864 0 0 1 16 0 0 8 262144 1040 0 0 2214592512 4 0 16793600 8192 16384 2148663304 1 536870944 2 67141632 64 67108928 0 2 33554432 67108864 5120 270532608 0 512 2228224 541065344 67108864 0 0 8192 0 131072 0 0 0 131072 1073741824 32768 4194320 0 17301568 1073741824 9437184 268439552 536870913 0 0 16384 1073741824 268435456 4227072 0 2048 65542 268435456 0 24 570425344 17400323 2300052482 4342790 142606473 67108864 16777216 8192 72 16777218 33554448 196608 0 3145856 268435460 1048576 8194 1073741824 0 65 33792 256 0 0 0 0 8400896 524288 1 0 0 1032 16 8192 4194304 2147483648 8192 262144 0 1024 285212672 8519704 1048576 0 65568 0 2105344 67649536 66048 4 1024 0 1048584 8388609 2048 4096 4 0 65 0 0 0 32768 0 32 512 41943040 0 65536 1073741836 0 128 262656 16385 8388672 0 1082130432 524288 134225920 0 0 529 8388608 65556 0 512 256 16 0 1073743872 0 0 2097152 136314888 155780864 2415985202 2149580802 8448 268436512 838861344 2 0 0 16384 0 0 671088640 1082138704 33555104 34078721 32768 0 37748736 0 2048 8388736 0 0 1024 1024 0 0 0 0 4210688 2147483648 0 33824 4096 537133056 1073741824 0 0 77660160 18432 0 1073741824 768 8192 0 538968064 1 4227076 0 0 1536 2048 538050564 16 0 32768 0 0 138412032 4194308 0 2148532224 0 0 4096 0 0 0 0 0 0 0 33554432 0 0 65536 0 0 256 0 4096 0 0 0 0 0 0 4 1180177 8 0 1073741824 54525984 262144 4194304 2048 512 0 1073741824 0 1048576 264208 0 4210946 1114112 1049600 1088 0 0 0 1 0 0 0 0 2048 268435456 16 4 0 83886592 268443648 4 256 1212154048 8388608 272 1048577 36864 0 8388608 0 33554465 0 0 0 0 0 1024 50331648 1024 4194336
is_linear=0
shrinkage=0.05


Tree=34
num_leaves=31
num_cat=21
split_feature=4 5 35 22 36 35 36 37 36 37 36 36 37 37 36 22 36 37 36 35 36 36 36 37 37 32 42 36 36 35
split_gain=109.737 34.451 30.8942 26.7542 24.1888 18.9203 18.7775 17.4495 20.3455 15.4608 13.2252 11.9626 11.1798 11.0532 10.6962 11.5808 10.3643 10.2295 9.81363 9.17494 12.4753 8.89208 8.74902 8.38687 8.38927 8.3346 8.24647 11.1644 7.95873 7.57977
threshold=1.8669989705085757 0.821314036846161 0.79101082682609569 5.5000000000000009 0 0.92101219296455394 1 2 3 4 5 6 7 8 9 4.5000000000000009 10 11 12 0.99982804059982311 13 14 15 16 17 23.425000190734867 18 19 20 0.99999991059303295
decision_type=2 2 2 2 9 2 9 9 9 9 9 9 9 9 9 2 9 9 9 2 9 9 9 9 9 2 9 9 9 2
left_child=1 13 14 5 25 6 -3 8 -4 -6 -11 -7 -8 -1 15 -2 -9 -12 -19 20 -15 -10 -14 -13 28 -5 27 -22 -25 -18
right_child=2 3 7 4 9 11 12 16 21 10 17 23 22 19 -16 -17 29 18 -20 -21 26 -23 -24 24 -26 -27 -28 -29 -30 -31
leaf_value=0.0064644529874755483 0.13106692793215605 0.062678247322319067 0.10948977863840825 0.056909518214688586 0.025152163900889618 0.0094176938308148106 0.040663598735507019 0.026661511701123422 -0.018565619871005617 0.029141359703071364 0.010816996416462625 0.0075125301329140321 0.031008302499097341 0.015398548820388193 0.068868424084844435 0.65764970269959788 0.0037315151336341518 0.019437248306899968 -0.0089733043008990952 -0.031973560992122112 0.036827374872616586 0.014308092974949886 -0.0093348473625517042 0.02045555291093527 -0.018210231623211458 0.016050460663930004 -0.02182468221016446 -0.009489695355448028 -0.0072180348663394116 -0.0080550577569823752
leaf_weight=3900 461 1362 4024 791 3320 5491 2633 4126 2734 1372 6369 4641 1312 2305 3266 180 20381 1397 26422 223699 1263 33414 13942 1754 194716 784 75825 6013 15924 42380
leaf_count=3900 461 1362 4024 791 3320 5491 2633 4126 2734 1372 6369 4641 1312 2305 3266 180 20381 1397 26422 223699 1263 33414 13942 1754 194716 784 75825 6013 15924 42380
internal_value=-0.0010296 -0.00129871 0.000413951 -0.000898112 0.000291983 -0.00109725 0.000406623 0.000254553 0.00107807 4.4997e-05 -0.000260044 -0.00122733 -2.61208e-05 -0.00165991 0.00478058 0.0106557 -0.00024018 -0.000453815 -0.000867679 -0.00169326 -0.00125242 0.000701899 -0.000546021 -0.00128562 -0.00133158 0.00634458 -0.00135302 0.000255248 -0.000288033 -0.0003999
internal_weight=706201 595235 110966 282230 40455 241775 19249 107059 40172 38880 35560 222526 17887 313005 3907 641 66887 34188 27819 309105 85406 36148 15254 217035 212394 1575 83101 7276 17678 62761
internal_count=706201 595235 110966 282230 40455 241775 19249 107059 40172 38880 35560 222526 17887 313005 3907 641 66887 34188 27819 309105 85406 36148 15254 217035 212394 1575 83101 7276 17678 62761
cat_boundaries=0 28 56 83 109 135 160 188 216 244 272 300 327 354 382 410 438 465 492 500 528 556
cat_threshold=64 134217728 0 68 134219776 8 1073741825 2147484162 67108864 0 17563648 0 8388640 0 4 8388608 512 37748737 0 0 1 0 537001984 0 0 536870912 32 8196 16777218 0 2147487744 0 8650752 0 9437184 2048 642 32768 8388608 1073741824 0 32768 0 512 262144 8394756 1073742340 8192 0 0 0 131104 0 8388608 0 262144 16 0 624 2149580800 536870912 1073741888 1048640 81920 2048 541069312 0 536871936 256 33554432 524288 0 276824064 32 0 0 67108864 0 134221824 1048576 0 0 4 514 8404994 1088 2147483648 1052808 262145 4194304 8448 0 0 0 0 524288 0 0 134225920 16384 1050624 0 256 536870912 4194304 1 2147500032 0 4192 4194304 1073741824 0 10486032 102400 0 32772 1048580 16392 8192 0 0 266248 2048 0 0 536870912 0 1048576 1048584 0 16384 8 4194304 33554560 1024 1073741824 163840 65536 0 2147483648 131072 130 10485760 4228096 134217728 0 32 1071107 0 536870912 1024 2048 0 1140850688 0 0 0 2048 1064960 268435456 0 0 1024 2283798592 272629760 0 0 0 16896 544 0 270532608 67108928 0 16 2147483648 0 536870976 6224 1024 512 0 2 2147516416 0 65536 16 1074790400 67108864 96 0 2101248 536870912 2147483648 512 0 268435456 16 0 33587200 262152 64 268435458 1073741824 0 536871968 16777216 2097152 0 0 0 16 25165824 0 8192 1 268435472 32768 0 0 536870944 0 0 2282749952 2121728 0 0 0 0 2147500032 536871040 536870912 553648128 1073741824 536887296 0 33554432 0 136 1073742856 0 2097184 1 1 32 2147483648 0 0 0 0 0 0 0 0 0 0 33554432 0 0 65536 0 0 0 0 0 0 0 0 8192 0 0 4 1048592 8388608 65536 0 135170 0 133120 2 134217792 16384 0 0 8388612 0 67109376 1024 5 131136 268439568 0 1074266112 268435520 0 0 0 0 524288 528384 64 262144 1048704 603979778 536870912 64 536870912 0 0 268 0 131072 1048576 0 33555458 65536 524288 1032 16400 1107296256 0 4194304 0 0 32769 65536 16 1048576 16384 2147491840 2 0 1573376 0 4194372 8388612 0 1024 0 0 0 0 0 7340032 0 0 272629760 256 2684359168 32768 16777219 0 12288 131072 16777220 4194304 0 0 167772160 16384 8 262144 512 0 537001984 134414368 0 5 0 8192 8405009 0 131584 16 0 65536 0 2048 0 64 524288 278528 1073742080 131072 4224 0 0 16 131072 0 131073 0 65536 0 4160 67108864 393216 16 134348800 131072 537133056 20 16384 8 268435456 2 0 2181038084 0 268435457 8192 8404992 128 5 67108864 136314880 134217856 0 256 16778240 1024 0 4 4 0 268963840 570425856 1024 1024 0 0 8 268437504 16384 0 8192 8388608 536870912 2147483652 131104 16 16 536870912 16793600 16777280 16384 1075838976 67108864 0 132128 1024 8392704 67108864 0 256 536870912 0 1048584 0 16384 4 1073741824 0 0 17301504 2 75497472 268435968 67108864 0 64 2359296 327809 4194320 4210688 0 33554432 0 4 524288 0 512 4 0 2048 33554432 4194304 134217856 16777220 16809984 0 33554432 671088648 38277440 301990016 2097255 3221258258 134218240 1207960068 130 262144 302006272 131072 0 10616856 4194368 0 33554432 33554432 0 0 32768 0 262144 2 1073741824 1075315200 5120 67108864 0 0 0 0 5242880 0 131072 2560 8192 0 2 4 1073741824 131138 134217728 16704 32896 1073741824 0 0 0 0 2048 8192 1073741824 134217728 6145 536871938 1073741824 4194304 0 262656 16384 1073750016 0 0 2099200
is_linear=0
shrinkage=0.05


Tree=35
num_leaves=31
num_cat=26
split_feature=6 37 36 30 22 36 36 37 36 37 36 37 36 37 37 37 36 36 30 36 36 36 36 37 36 37 36 37 36 36
split_gain=100.577 35.5654 29.956 23.542 17.8654 17.7217 14.7302 11.8775 12.0303 11.4311 11.4686 11.3361 11.2971 11.8943 11.3681 10.6464 11.7071 9.79245 9.75084 18.1953 13.9277 8.72951 8.67407 8.67215 8.25948 8.23723 7.76125 7.75491 10.3014 7.56103
threshold=1.2128280997276308 0 1 1.0000000180025095e-35 4.5000000000000009 2 3 4 5 6 7 8 9 10 11 12 13 14 1.0000000180025095e-35 15 16 17 18 19 20 21 22 23 24 25
decision_type=2 9 9 2 2 9 9 9 9 9 9 9 9 9 9 9 9 9 2 9 9 9 9 9 9 9 9 9 9 9
left_child=3 2 -2 9 7 -6 11 8 -3 -1 23 -5 14 26 -8 16 -15 -7 20 -20 -4 -9 -21 -11 -17 -19 -14 28 -26 -27
right_child=1 4 18 6 5 17 12 21 -10 10 -12 -13 13 15 -16 24 -18 25 19 22 -22 -23 -24 -25 27 29 -28 -29 -30 -31
leaf_value=0.00365377680644563 0.13529585446813466 0.026359384915254271 0.044262180392054359 -0.019668963624862573 0.06391099465158552 0.0320851472622165 0.034846171936173613 0.01206125470363739 -0.0017900590366623185 -0.025614299110682984 -0.026747756351915054 0.028911813713709236 -0.019514775230004534 0.041707960577719666 -0.00039906490143887409 0.0048779139834183955 -0.0029182819374828695 -0.022292454077395059 0.18487057347713032 -0.018141412445581408 -0.0051367520523709111 -0.011312995828017432 0.037578301373986552 0.015293829748448368 0.032928480499905238 0.027572969737618077 0.020050648195120511 -0.018136300744889922 -0.0063268408474921383 0.00040652975262015737
leaf_weight=6264 4481 3717 2843 1373 1919 2810 1273 3354 19113 2454 294638 2370 1241 1418 4407 5153 8225 3666 1471 1579 17398 103115 8544 5060 1395 2875 3456 137897 11293 40575
leaf_count=6264 4481 3717 2843 1373 1919 2810 1273 3354 19113 2454 294638 2370 1241 1418 4407 5153 8225 3666 1471 1579 17398 103115 8544 5060 1395 2875 3456 137897 11293 40575
internal_value=-0.00101434 -0.000120022 0.00130784 -0.00141293 -0.000406338 0.000377801 -0.000957664 -0.000720786 0.000314128 -0.00167789 -0.00172169 0.00214238 -0.00102376 -0.00109704 0.00116851 -0.00116754 0.000444634 0.000195946 0.000768149 0.00192454 0.000106091 -0.000942642 0.00116366 0.000207973 -0.00126739 2.46137e-05 0.00138222 -0.00133478 -0.000151194 0.00021686
internal_weight=705377 217460 36316 487917 181144 51845 179501 129299 22830 308416 302152 3743 175758 170078 5680 165381 9643 49926 31835 11594 20241 106469 10123 7514 155738 47116 4697 150585 12688 43450
internal_count=705377 217460 36316 487917 181144 51845 179501 129299 22830 308416 302152 3743 175758 170078 5680 165381 9643 49926 31835 11594 20241 106469 10123 7514 155738 47116 4697 150585 12688 43450
cat_boundaries=0 27 55 81 108 136 162 189 217 244 272 299 326 353 381 409 437 465 493 521 548 576 604 632 659 685 713
cat_threshold=2068 131136 512 0 536936448 16448 64 81924 2080 12352 0 0 536875008 0 0 262144 285213696 0 8192 0 0 4194304 134217736 1048576 0 0 8196 34 2148548610 17 2147483648 4224 262144 0 270336 128 4608 1 0 0 0 0 134291458 81920 0 0 0 4096 0 0 2147500034 0 4198400 0 8196 67108864 0 2147487744 134217792 268435456 67240449 139264 8388608 138412032 32 67371008 536936448 4096 2147483648 0 0 0 0 268443648 2097152 1048576 320 80 0 0 96 0 262144 65536 64 32768 0 268451848 0 2 1077953024 131072 8192 0 0 0 512 0 2164277248 0 2147483648 0 2149589008 0 100728832 16779264 1114112 67108880 65538 0 80 69206032 4194304 1073741824 135266560 67108864 1342177288 4194560 2181562368 0 134217728 8389632 524288 0 0 32 0 0 0 524288 0 0 0 536870980 524288 1 34668544 71303168 0 33562624 1048576 142606464 1074921474 265216 0 4096 8388608 0 1048576 33554432 0 0 0 1310720 1602 0 0 0 0 0 12288 4227072 272629760 0 16 20 553648128 16384 0 1048576 0 0 16908288 33685537 1048576 4100 524288 536870912 0 1073741824 0 131072 8320 0 132 1090519040 34816 32 33554432 603979776 0 65536 2147483648 0 128 268435456 0 0 65536 0 8192 4 33792 65536 16777344 16640 536875008 512 0 294976 16 2147483648 33554432 0 33571328 16388 1064960 75497536 0 0 5837056 0 1073741840 2147615232 524304 0 128 2147483648 134479872 512 1024 0 8454144 8 8388608 0 0 0 0 2048 134217728 268435456 0 16 33554433 0 134217729 0 1073741826 32 0 0 2048 2 536870912 0 9961474 4096 65536 16777216 0 0 131072 0 138445314 256 264192 1064960 0 2112 8 4096 268435474 0 0 0 536903680 545259520 8388612 135266304 81984 0 1073752064 65536 0 0 536871168 0 147456 268435456 0 0 50331648 0 4096 1077936136 12582912 0 1 1050688 0 0 2214592528 0 1073872896 1073774592 3221225472 24576 264 0 0 0 0 0 0 32 0 2148532224 1082130432 0 0 2048 1024 2 4 40960 32 1610645504 512 536871168 1024 0 16777216 131088 1073750016 268 0 134217728 34078720 16384 109051906 0 16777216 2097152 2097664 1048576 0 0 0 0 16777216 16777216 16777216 4 0 536870912 128 262144 129 544 0 67108864 64 0 536870914 0 8650752 67108864 0 1049088 8208 67633152 4 33554688 4096 0 524288 524296 4194304 2147483648 4 0 0 0 0 131072 16777216 0 1 49665 134234368 64 0 32768 16384 0 0 301989889 12582912 65536 272630016 16777216 268697600 0 33554432 4194304 4194304 0 2097152 0 1032 0 0 2147484200 8193 4456480 32768 268435458 128 0 536870916 0 0 0 0 0 16384 1073873924 1048832 537133056 4 512 0 16777232 0 2 1048576 0 41943040 64 1073741824 33554432 4 536871168 0 0 1049600 8388608 2097408 33562880 4194304 2097152 16384 0 8395776 1048592 67108864 0 4096 0 16 0 0 1024 1107300352 0 8192 0 16777344 33620032 32 0 16 0 0 0 268436480 64 16 0 8388608 1024 68 2415921344 1082130432 1073741824 262144 0 0 2415919104 0 4128 1052672 4096 67108864 16384 4195328 37748736 256 268566528 1048576 131328 1049600 8388608 256 0 0 262144 0 67239936 2098180 2164260864 67108864 0 4096 0 67633168 0 0 64 2048 134217728 2147491840 1610613792 16640 0 0 4194304 131072 268435456 32 4096 4194304 4096 0 134217984 0 512 0 1048576 8388608 67108864 20480 8192 4 1 3221225476 2099200 1056768 0 32 16777220 134217728 0 0 2147516416 1077936144 268435456 2048 1078067200 4194304 0 0 2147483648 1 33554432 0 524304 0 2052 1048592 2 1048576 545259528 0 2097152 2097152 0 0 134479872 0 0 67108864 67108865 1073741824 131072 8192 262144 524288 8390720 0 1048576 2080 32772 0 0 1024 1025 4096 2105344 2 541065216 268961792 1 264224 33554433 68681728 0 0 0 0 536871936 1048576 268435456 1024 0 16 768 1025 4 2097152 33554432 8192 32768 128 0 0 131073 1048576 0 268435456 1073741952 262144 0 65540 67108864 65536 0 536870912 1073741828 2 8192 0 32768 4104 0 1073741953 65664 512 537002008 12603392 1073741824 262144 0 0 0 32768 8 33554432 0 33554432 0 8192 1048704 16777224 33562704 33964064 268453124 32 1 201326594 0 0 1048576 8388608 67108864 0 0 0 1048576 0 0 16 1073741824 67108864 1048576 16 131072 16777216 65600 0 4194466 34 1073741824 524288 0 8 0 262144 0 525440 2097152 33554464 2147485184 524288 0 1073741824 0 67108864 1 0 32800 2
is_linear=0
shrinkage=0.05


Tree=36
num_leaves=31
num_cat=22
split_feature=6 35 37 35 36 37 36 35 36 37 22 37 36 30 36 37 37 36 36 36 37 36 36 37 36 28 37 36 22 36
split_gain=92.0446 31.703 26.6733 24.4509 22.3313 15.1579 13.8758 13.8306 17.5913 13.7904 13.3575 26.6204 14.8263 11.4681 16.0707 12.6807 11.3598 11.7785 10.7379 10.477 10.1468 9.88888 9.66565 9.31334 8.99448 8.76138 8.51255 8.48063 8.45385 9.99355
threshold=1.288197994232178 0.79101082682609569 0 0.99982804059982311 1 2 3 0.98437505960464489 4 5 5.5000000000000009 6 7 1.0000000180025095e-35 8 9 10 11 12 13 14 15 16 17 18 0.62549999356269848 19 20 4.5000000000000009 21
decision_type=2 2 9 2 9 9 9 2 9 9 2 9 9 2 9 9 9 9 9 9 9 9 9 9 9 2 9 9 2 9
left_child=3 9 4 5 -3 25 20 8 -4 -2 18 -12 -13 22 23 -16 17 -10 -8 -9 -7 -11 -5 -15 -6 -1 -20 -18 -21 -30
right_child=1 2 7 13 24 6 10 19 16 21 11 12 -14 14 15 -17 27 -19 26 28 -22 -23 -24 -25 -26 -27 -28 -29 29 -31
leaf_value=0.30866570054642495 0.27991545179909633 0.089434268279181162 0.049046355538975378 0.0022264685715922962 -0.019787597334552709 0.060050174721804017 0.012255923934956527 0.018382389920362615 0.062790525020431129 0.20987231230674175 0.026611301123243798 0.027131953733121474 -0.009672623683743194 0.028664527318517798 0.018279730044658327 -0.018343637976207743 0.021284526168055883 0.0064076310001178584 0.0058542360628007651 -0.012174987500167666 0.0029583585558405024 0.024483717158209187 -0.027667317242516139 0.0014090099431198332 0.01106068598542395 0.015471508696882963 -0.017231187605468708 -0.0074130690879626792 0.037267516746473571 -0.003012107369951807
leaf_weight=132 298 4889 1852 5630 3297 1109 4217 4268 1512 1388 3594 936 15739 1107 3652 126349 1776 7214 5033 82121 2697 3877 228904 2317 36401 4030 101919 16825 1630 31000
leaf_count=132 298 4889 1852 5630 3297 1109 4217 4268 1512 1388 3594 936 15739 1107 3652 126349 1776 7214 5033 82121 2697 3877 228904 2317 36401 4030 101919 16825 1630 31000
internal_value=-0.000996059 -8.2784e-05 -0.000190173 -0.00135309 0.000881934 -0.000789165 -0.000880633 -0.000512756 0.000462731 0.00363812 -0.000966877 0.000213492 -0.000628522 -0.00156674 -0.00119664 -0.00128567 0.000142018 0.00162928 -0.00118218 -0.000751954 0.00209196 0.00302075 -0.00177728 0.00218049 0.00048868 0.00217949 -0.0012797 -0.000556228 -0.000842418 -0.000161657
internal_weight=705713 198348 192785 507365 44587 139406 135244 148198 29179 5563 131438 20269 16675 367959 133425 130001 27327 8726 111169 119019 3806 5265 234534 3424 39698 4162 106952 18601 114751 32630
internal_count=705713 198348 192785 507365 44587 139406 135244 148198 29179 5563 131438 20269 16675 367959 133425 130001 27327 8726 111169 119019 3806 5265 234534 3424 39698 4162 106952 18601 114751 32630
cat_boundaries=0 27 54 81 110 137 156 183 211 238 263 291 317 345 371 398 426 454 481 509 536 564 592
cat_threshold=2068 0 1024 2097152 537067520 64 64 16388 8 4198656 2148532224 0 134221824 0 1024 0 285213696 32 0 1140850688 0 524288 134217728 1048576 0 0 524292 2 8388610 65 2147483648 20609 129 0 271360 0 528384 0 4 136314880 0 0 134225924 16384 262144 16 256 0 0 0 2147500032 0 4198400 16777216 4194306 0 0 4 536870912 16400 0 131073 16896 0 1073741824 1024 0 134217984 68681728 536870912 17039360 268566528 2147483648 0 0 2048 2105344 8 8388608 2684354560 33562624 16778752 8388608 134217728 2147483648 0 16384 8 0 524288 32 0 32 0 4 65536 268435456 16400 2147487744 2 0 33280 65552 2048 67110912 16777216 8389120 524288 1048576 1 4 0 0 67109056 8519680 0 1073750016 258 0 525312 64 0 8388672 1024 1140850688 8717824 2097156 0 576 0 0 67108928 0 131072 0 32 32768 0 576 0 0 0 0 0 0 0 0 2147483648 0 0 64 0 0 0 0 16 2112 1073741824 1048576 67125504 65536 0 67141632 9439232 0 264 0 671088640 524288 0 301989888 65536 134217728 0 0 3145728 0 4096 2 0 268468224 1073742848 16777216 0 0 0 0 2048 393225 4202496 0 16 33554432 16777216 0 0 9437952 67109376 4194304 524288 4194304 0 2097168 256 8 0 16385 0 16384 268435456 536870914 34603008 393216 0 32832 2 0 131072 0 0 4210690 67108864 73728 524288 134217728 0 2147483648 8 0 133120 0 134217730 2149580804 2048 65536 2 1050624 67108864 268435474 536903680 0 0 1024 0 16777216 0 6307840 8 8192 65536 0 0 8449 128 147488 0 4210688 8 50331648 0 4224 1073742848 16777216 0 67108864 1049152 2214592512 32784 2147483648 536871424 0 0 16 0 33816576 4 0 524288 262144 536870920 8389632 17825808 0 0 16385 0 0 32770 4194308 8192 1 262160 0 1024 4194304 2 411049985 1048576 264288 268435968 32768 8388608 0 2185232384 16 276824064 16 570425344 0 2 16777216 0 0 0 0 8192 4194304 0 0 0 134238208 64 128 16 2147483648 1024 8448 8388608 196608 0 33554432 1024 640 536879360 2048 66048 0 4194304 0 1052672 32 2048 0 8 131073 131136 256 0 128 268435464 32 0 25165840 0 0 1 8 16777216 33554432 512 1073741952 0 1048576 2415919104 1074266112 67108864 264257 0 0 2418016256 65600 80 32 0 4096 0 285212672 256 0 0 256 0 134217728 0 64 0 0 536870912 0 537919504 67108864 0 138428416 2 268435456 32768 4 512 32 2147762176 2147491840 0 0 142606336 0 2048 0 0 0 0 33554432 0 0 65536 65536 8390656 0 8192 0 0 0 2 8192 0 0 4 67108864 2097152 65536 16777216 0 0 268435456 528384 0 4194304 0 268443648 524292 32768 0 16777216 16777472 536870912 1090525200 147456 0 0 0 0 0 100747264 4 1107296256 69206096 4096 268500992 0 2 0 1610612736 0 16384 134217792 0 0 34340864 0 33554433 0 524288 0 8388608 0 32768 0 134221824 16 128 1024 34820 128 268566528 128 1 1073741824 0 1024 135266304 131072 64 2 0 1088 0 1441808 0 67108864 0 2701131904 2147483648 0 1 32832 524288 0 2147483716 0 268435456 0 0 4 16 32 536870912 0 218103808 268435456 512 2147483648 0 0 33833536 805306368 1207959552 0 536870944 0 41943040 270368 4194304 132 0 16777216 1048576 536870912 1049096 0 4100 0 67141632 67108864 4 1048576 192 16384 134217728 67108864 134252544 0 0 0 1025 8452 67239936 0 0 0 1024 4194304 2147483648 131072 2048 8192 0 0 4096 134217792 67108864 16908800 0 2 33280 0 805306368 537919488 4096 268435712 0 8192 0 0 0 268435456 1048576 4194304 512 2 1 12288 262184 2097154
is_linear=0
shrinkage=0.05


Tree=37
num_leaves=31
num_cat=21
split_feature=5 4 35 36 30 36 30 36 36 42 36 36 36 36 36 22 18 41 36 36 28 36 36 42 36 36 22 42 36 36
split_gain=92.2336 37.8322 25.5033 22.7916 16.3817 16.2083 13.9461 18.1876 14.9599 12.251 12.2521 11.48 10.7702 10.4954 10.0109 9.90154 12.2511 9.72097 16.157 10.6636 9.43999 15.3919 12.3954 8.23541 12.9616 8.99375 7.78292 7.59227 7.29993 7.0541
threshold=1.0268161296844485 3.2614529132843022 0.98505902290344249 0 1.0000000180025095e-35 1 1.0000000180025095e-35 2 3 4 5 6 7 8 9 5.5000000000000009 0.64250001311302196 10 11 12 0.89750000834465038 13 14 15 16 17 2.5000000000000004 18 19 20
decision_type=2 2 2 9 2 9 2 9 9 9 9 9 9 9 9 2 2 9 9 9 2 9 9 9 9 9 2 9 9 9
left_child=4 2 5 15 23 -2 8 26 -4 10 -7 -6 -9 -11 -10 -3 -17 19 -19 -13 21 -20 -22 24 -1 -25 -8 -16 -14 -21
right_child=1 3 6 -5 11 9 7 12 14 13 -12 17 28 -15 27 16 -18 18 20 29 22 -23 -24 25 -26 -27 -28 -29 -30 -31
leaf_value=0.033167892867730038 0.040711828362037655 0.085112330132422337 0.014945778165700191 0.010900315391302472 0.010415431637418184 0.074788627381942197 0.11022401337238433 0.028042718674072039 0.0048282895675416477 0.026695708589956891 0.0083398883528842775 0.0088182173760594125 0.01504492236490055 -0.0052660365127038047 -0.026153575415936461 0.61443048570300329 0.28306947664645599 0.034043908988927528 0.040128543679599185 0.0038954467023073398 0.017340675455125944 -0.0027876432267581941 -0.018636804626743823 0.0013800476255148844 -0.016540374347901617 -0.027145298694701697 0.028531525391284524 -0.012464519076324272 -0.0058171423064806993 -0.021013889303096576
leaf_weight=1659 2456 3362 3904 37697 2805 1846 207 3132 6735 2184 17611 2636 3173 27476 26287 185 353 2375 1283 3547 2209 22843 45907 5336 18551 238744 2101 86565 62257 70392
leaf_count=1659 2456 3362 3904 37697 2805 1846 207 3132 6735 2184 17611 2636 3173 27476 26287 185 353 2375 1283 3547 2209 22843 45907 5336 18551 238744 2101 86565 62257 70392
internal_value=-0.000974323 -0.000284934 -0.000520809 0.00110961 -0.00144821 0.000467628 -0.000783088 -0.000223999 -0.00110394 0.000268838 0.00124345 -0.00103828 -0.000371211 -0.000370733 -0.00120334 0.00474303 0.0110482 -0.00109707 -0.00069066 -0.00149293 -0.000824257 -1.72012e-05 -0.00122909 -0.00168706 -0.000715841 -0.00176737 0.00413109 -0.00131513 -0.000508474 -0.00160443
internal_weight=705818 287531 245934 41597 418287 51573 194361 70870 123491 49117 19457 153997 68562 29660 119587 3900 538 151192 74617 76575 72242 24126 48116 264290 20210 244080 2308 112852 65430 73939
internal_count=705818 287531 245934 41597 418287 51573 194361 70870 123491 49117 19457 153997 68562 29660 119587 3900 538 151192 74617 76575 72242 24126 48116 264290 20210 244080 2308 112852 65430 73939
cat_boundaries=0 28 56 84 112 120 145 172 198 226 251 254 282 310 337 364 372 399 427 435 461 487
cat_threshold=32 2147483658 1 0 1179648 16384 0 25165826 0 0 0 0 1073741824 0 16384 134291522 81921 0 320 0 4096 4 0 16386 0 4096 2 12292 260 1024 20480 2147483840 8388640 2097152 4202496 2147483904 0 2621440 276825088 1056 1 2147483648 8388608 65536 2097152 0 64 1048576 0 64 0 0 0 0 32768 1048576 0 0 4 64 0 16777216 0 0 4 4194368 83886080 0 0 268435456 0 0 0 68288512 1346371584 1074790400 5242880 268500992 2064 16777216 1342177280 67584 0 2101248 16777216 65792 0 2097160 0 536871040 33554432 0 1073741824 4097 0 274726912 8429568 0 16777216 0 16896 538968064 268435730 1536 0 0 0 2147483648 0 32768 0 1107296256 196736 856163328 302253094 2147942690 1610612736 65808 4096 66 262656 0 0 0 5767170 276959232 33554432 1074006048 1073742016 0 0 0 4194304 4228096 0 1536 536870912 67112960 0 256 0 0 8 32 8192 0 262144 1 16777216 1073774592 32 268435456 2147483648 0 1077936128 131072 0 2 134221824 0 512 16 33570816 2048 0 2 256 34816 2 16779264 2056 67108936 2048 131072 0 134217728 65600 1 128 2147485696 48 0 536870912 536936448 524288 0 0 320 32 0 8192 2097152 537395200 3758096448 0 0 3585 537919488 1048576 8388624 0 0 2195456 0 67125252 524288 0 50272 524288 67109504 34816 0 1610612736 0 33554436 0 512 0 0 8 0 131072 0 1 8388608 536870912 536870976 8192 0 16777216 272762880 0 131072 262272 0 0 0 2560 67109376 4194304 4 67108992 8389632 269312 128 1 1107296256 0 0 4194304 268435456 2969570627 657306051 262564 0 0 0 0 33554432 4259840 168 2 2 768 0 262146 8388608 262148 536870912 0 8 32769 4194308 1048577 0 16777288 262146 0 8 16384 16 4096 0 0 0 64 8388608 0 16777216 32768 4227088 2147483648 2048 131072 1048608 0 50331648 16777216 0 260 131072 268437504 134218752 536903680 264 1048705 1 0 0 136314880 131140 8192 0 0 68157504 268435457 66112 0 134217729 64 1024 0 0 33024 2 64 1048576 8196 0 2097156 512 0 1073741840 0 0 64 268435456 33554432 536870912 2147483648 65536 16384 0 2228224 32 1073872896 8388610 0 4194304 0 65536 393216 0 32 0 67109376 4194304 1048576 136316928 0 67649552 0 71303200 256 557080 156374784 2147549752 2216690178 8194 335544320 1107296768 2 1024 8388608 16384 8388608 0 2147485696 128 33587744 0 0 0 35651584 0 128 2 16384 16384 4112 0 134234112 0 0 262144 4196369 0 138412032 36864 2751463424 0 65536 150994960 0 0 0 524288 2048 4194304 8388608 0 524288 1024 0 16777216 16785408 536870912 1073742336 163840 32768 16 2147500032 131072 0 18948 16384 262144 1024 872419328 33564676 262176 575670305 3556901393 16908301 128 268443648 33587200 1024 32774 2147483648 67109440 131072 0 4277248 134217728 0 1073741824 16384 134217728 524304 0 0 0 0 2148008192 67108864 1048576 1 1024 4194304 32768 512 0 32 2147483648 671351552 131072 16384 8704 8 0 11 0 4194304 12582912 1073741824 0 536870912 0 0 524288 32768 67108864 1 49220 134217728 8388672
is_linear=0
shrinkage=0.05


Tree=38
num_leaves=31
num_cat=24
split_feature=3 22 30 37 36 37 36 36 36 28 37 36 36 22 6 36 37 36 36 37 36 36 36 36 37 36 36 37 36 37
split_gain=88.1106 25.5933 24.3641 36.049 35.6156 19.0094 15.6303 14.1669 13.976 13.7664 17.0299 15.4167 13.5181 12.8629 12.0335 13.0712 12.0047 10.7424 9.8602 9.30616 9.23734 9.10246 9.02404 8.39518 8.3347 7.73095 7.36111 7.62441 7.27446 7.19048
threshold=1.500000059604645 4.5000000000000009 1.0000000180025095e-35 0 1 2 3 4 5 0.95949998497962963 6 7 8 2.5000000000000004 0.88422688841819774 9 10 11 12 13 14 15 16 17 18 19 20 21 22 23
decision_type=2 2 2 9 9 9 9 9 9 2 9 9 9 2 2 9 9 9 9 9 9 9 9 9 9 9 9 9 9 9
left_child=1 14 5 4 -4 7 19 -2 -5 10 23 29 -7 -6 21 -16 18 -11 -13 -3 -10 -1 -18 -8 -17 -26 27 -19 -14 -12
right_child=2 6 3 8 13 12 9 -9 20 17 11 16 28 -15 15 24 22 26 -20 -21 -22 -23 -24 -25 25 -27 -28 -29 -30 -31
leaf_value=0.0042636449651210382 0.060630128914845954 0.043395698447335866 0.49067908785378722 0.052990604476400971 0.26672094330393015 0.018056250057390262 -0.013750242405534628 0.0064579921628541651 0.033202948609407479 0.014951257776422226 -0.0045055247123462275 0.031796828891613553 0.0065700527515446319 0.043030221019923293 0.013701734280092998 0.0075432211641092541 0.019494200464704049 0.017822325211905604 0.0043597738461533054 0.0036654431803498757 0.00025201878986738576 -0.027006165719141675 -0.0099053077144520187 0.022909127915512285 0.0070771180368155127 -0.015973693475994023 -0.018203869103935233 -0.013066710698391755 -0.0094355621696818725 0.036573893035758642
leaf_weight=4211 2332 1320 1299 1825 636 5252 760 12866 3025 2197 693 907 5420 6412 3833 4697 2142 1241 6243 2256 46039 241016 53999 3708 4564 128588 76157 1789 78990 1509
leaf_count=4211 2332 1320 1299 1825 636 5252 760 12866 3025 2197 693 907 5420 6412 3833 4697 2142 1241 6243 2256 46039 241016 53999 3708 4564 128588 76157 1789 78990 1509
internal_value=-0.00095862 -0.00126603 5.64294e-05 0.000867025 0.00391032 -0.000401484 -0.000722961 0.00123315 0.000366944 -0.000800184 -0.000285906 -0.00048978 -0.000678633 0.00249752 -0.00148348 -0.00111661 -0.000633116 -0.00124237 0.00129521 0.00253973 0.000206622 -0.00169543 -0.00087891 0.00269703 -0.00119667 -0.00126972 -0.00133801 0.00107695 -0.000831843 0.00361274
internal_weight=705926 541830 164096 59236 8347 104860 154921 15198 50889 151345 69961 65493 89662 7048 386909 141682 63291 81384 7150 3576 49064 245227 56141 4468 137849 133152 79187 3030 84410 2202
internal_count=705926 541830 164096 59236 8347 104860 154921 15198 50889 151345 69961 65493 89662 7048 386909 141682 63291 81384 7150 3576 49064 245227 56141 4468 137849 133152 79187 3030 84410 2202
cat_boundaries=0 25 53 80 108 136 164 191 220 248 276 303 330 358 386 412 440 468 496 523 551 579 606 634 661
cat_threshold=16 0 512 64 536936448 64 2684354560 1 18432 1073741824 0 1024 266240 0 0 0 1025 0 8208 0 0 16384 0 4194304 1 0 2147483656 4113 2147483648 135168 65 1073741824 33024 268435458 512 0 0 0 0 8388608 16850944 16384 0 1024 256 4096 65600 0 16384 0 4194304 2 4 327686 0 80 8 536870912 16448 1049152 81920 2080 0 0 1024 536870912 8388608 524288 0 268435712 32 0 2056 67108864 0 134217728 1048576 0 64 4 8192 32784 0 64 32768 0 0 0 4196352 4210688 67108864 4194304 9961472 402915328 0 0 0 50348032 73728 0 0 8192 0 100728832 16777216 8454144 67108864 1048576 34 9437202 4160 1111490560 1048576 262272 1048576 8192 1073741952 0 0 0 0 4196352 34611200 2 1024 9437184 16 0 0 0 1032 0 0 0 0 8196 0 0 65536 0 268435464 0 541073416 2155872256 134217796 0 83886080 0 2048 0 0 0 4 131072 268435456 1074266112 536870912 541097984 528 0 16 65536 262144 4096 48 1140850688 0 16 65536 131072 32772 2156922880 2097152 16 4096 16 528396 0 8388610 0 16777216 5152 1048576 0 0 0 0 8 16 0 536870912 0 8388608 0 10240 0 0 67584 2148564992 512 0 0 1073741824 34 8388608 16777248 64 2147484160 8388612 4194304 4 0 24 1 16384 0 67108896 270532608 131072 1 17039360 256 0 268435456 33685504 134217728 33587202 0 128 132096 8404992 0 8396804 16 0 0 0 0 268435458 134218244 1073741824 4096 0 32768 0 6144 32 524320 33554432 0 0 136314944 276824064 128 16384 0 2097152 0 1 270532608 73729 0 0 327808 16640 536870912 526336 0 262144 0 134217728 2147483648 8192 33619968 32 1074790400 2048 0 0 0 48 0 0 134217728 73736 268 0 134217728 0 0 35659776 65536 134742528 537002496 2097152 0 0 4198400 10 4194304 285212800 0 8193 512 327680 0 2097156 1073741824 4326401 1073741952 0 0 0 2 134225920 64 4096 0 0 8 0 1048576 8388609 0 2147483648 2112 1048722 136314881 0 8 131076 0 536870920 128 10747904 4259840 16384 1073741856 0 0 0 0 4196352 1048576 68157440 1073750016 1310720 134348800 4 0 33554432 0 0 0 0 64 262144 6 2064 67371008 4256 2214592512 4194304 0 536870912 0 0 134218056 0 536870912 524288 320 1 0 8915456 0 553648144 11534336 0 0 0 0 0 0 0 1 67108864 16384 0 64 2365620227 84017152 16384 4096 1073742336 4210688 0 131136 32768 0 67108864 1024 0 256 0 2228224 0 8 0 0 0 4194400 1 0 65536 2164260864 0 0 268435456 528416 1024 65536 0 65536 8 263168 0 16777216 2105344 0 1073741824 16384 65 256 0 133120 268697602 16384 16392 262144 2048 0 0 16384 135266368 142606336 8 512 32769 48 160 0 2101264 0 0 2 0 32768 512 0 134217729 0 32 0 4194560 4097 0 570490880 4198408 1073741824 64 16384 4194316 16640 0 256 0 16777732 0 0 69468160 0 34 0 0 0 134219776 131328 268435456 0 268435456 0 1048576 16384 0 64 4194304 131072 16 16 536870912 16384 3153920 537214976 1342177280 0 0 16384 2147492864 8392704 0 134217730 1024 536870912 0 0 65536 16384 4 1024 0 0 73728 1073745024 260 1 8 512 0 1048576 262144 524288 64 537001984 4194304 134217792 4194304 0 2048 17301504 4096 16 131072 0 2048 16386 0 0 2101248 0 262144 33554432 0 0 16793600 0 8192 512 33280 67108896 1140850688 524296 0 67141632 0 0 256 671088672 2 67108864 131072 134217728 128 786432 0 2048 536873024 0 2 8650754 67109376 0 524288 4194306 1082130432 131076 65536 32 68 2147487744 0 520 0 4194304 0 16384 40 554696704 8388608 0 0 6144 0 0 536870912 16 537919488 8192 17408 0 589824 16384 276824064 16 0 2097152 67108928 131072 16777216 0 8929280 0 536870913 537137216 16 25165824 0 0 0 37748736 0 0 524288 4096 1048576 0 536875008 0 256 0 2147483650 0 0 2147483648 1048576 2048 134479872 0 1572864 65536 0 32768 16777216 1082130432 0 65536 0 268435456 32768 0 2097152
is_linear=0
shrinkage=0.05


Tree=39
num_leaves=31
num_cat=24
split_feature=3 4 35 36 30 35 36 36 42 36 42 36 36 42 36 36 42 36 36 36 36 36 36 42 36 42 36 30 36 36
split_gain=77.5144 25.2543 20.17 18.3306 16.7044 16.701 16.484 16.1682 15.1623 18.2419 11.5574 11.0678 10.9007 10.6101 14.346 9.5848 9.09902 15.5249 8.83354 8.66402 8.42095 8.25768 7.85225 7.19948 14.1285 7.04556 7.02298 6.8935 11.2701 9.19622
threshold=1.1787629723548891 2.9567737579345708 0.90901944041252147 0 1.0000000180025095e-35 0.99999991059303295 1 2 3 4 5 6 7 8 9 10 11 12 13 14 15 16 17 18 19 20 21 1.0000000180025095e-35 22 23
decision_type=2 2 2 9 2 2 9 9 9 9 9 9 9 9 9 9 9 9 9 9 9 9 9 9 9 9 9 2 9 9
left_child=2 5 7 -3 20 6 -2 25 9 -6 19 -7 -10 14 -8 -15 17 -14 -12 -9 -4 -13 -18 24 -22 -1 -11 29 -29 -23
right_child=1 3 4 -5 8 11 13 10 12 26 18 21 16 15 -16 -17 22 -19 -20 -21 23 27 -24 -25 -26 -27 -28 28 -30 -31
leaf_value=0.071986458760592578 0.037112487884201455 0.12725886826338734 0.0033138324642070466 0.0074941154984575062 0.04097768795109602 0.020329803006499326 0.054992384780572959 0.056636521858464288 0.0098763298418509601 0.038281381427269667 0.030647693487092072 0.0063803762798540498 0.036323942615214988 0.019062429614881353 0.0047435492368245223 -0.0058090025844746707 0.006426346985854892 -0.0079856181607439736 -0.012958679179547274 0.0058103292589930184 0.024920395442180172 0.0077704711988058426 -0.018872909747241304 -0.024467456023549772 -0.016252819167874591 0.015323200893252268 -0.0027211726153111258 0.026981783345626315 -0.005723651676671747 -0.015690736835533896
leaf_weight=392 2629 4033 4463 45806 1183 4109 1675 917 2743 1255 1570 7811 1514 1956 17559 33049 2763 26875 29132 6051 1827 4488 108167 243005 21201 1445 14695 1900 39676 71795
leaf_count=392 2629 4033 4463 45806 1183 4109 1675 917 2743 1255 1570 7811 1514 1956 17559 33049 2763 26875 29132 6051 1827 4488 108167 243005 21201 1445 14695 1900 39676 71795
internal_value=-0.000942432 -0.000204304 -0.00131446 0.000795595 -0.00141387 -0.000471302 0.00024319 -0.000233308 -0.00100749 0.00039766 -0.000457128 -0.000784386 -0.0011769 5.5345e-05 0.000998441 -0.000463003 -0.00123841 -0.000439173 -0.000874386 0.00137985 -0.00165303 -0.000867872 -0.00144288 -0.00168913 -0.000842919 0.00433306 -4.85565e-05 -0.000972237 -0.000454338 -0.00125462
internal_weight=705684 236486 469198 49839 429691 186647 56868 39507 159195 17133 37670 129779 142062 54239 19234 35005 139319 28389 30702 6968 270496 125670 110930 266033 23028 1837 15950 117859 41576 76283
internal_count=705684 236486 469198 49839 429691 186647 56868 39507 159195 17133 37670 129779 142062 54239 19234 35005 139319 28389 30702 6968 270496 125670 110930 266033 23028 1837 15950 117859 41576 76283
cat_boundaries=0 28 54 80 88 115 123 151 178 186 213 241 249 277 305 332 360 388 416 423 451 459 486 514 540
cat_threshold=40 2155872258 0 2147483648 4233 67108864 0 16777218 0 0 0 4 0 0 16384 402726914 81920 0 268435456 0 0 68 0 33570816 0 4096 2 4100 0 1040 64 2147483712 8388640 0 1073160 256 268435456 2621952 64 1568 32768 32768 262144 262144 524352 0 1088 0 1049088 0 0 2147483648 0 4096 16777218 16384 0 33554432 131088 0 8388608 20975616 0 524288 142606336 32768 134217728 8388608 0 131072 536870912 8389888 1073741826 16 256 134217728 0 4325376 0 8388640 2703824 588791808 1074004480 8388612 541098000 4194336 1610612751 256 34603008 0 2147483648 64 33816576 0 131072 2147487744 2147483652 8388608 129 0 34603008 1318912 67108866 1073741826 16777216 0 0 0 0 2048 8 0 0 1114112 2483027968 134479881 37749760 570688640 1140859042 268437507 2164262544 33554948 2 2147614784 256 65536 16777248 268435456 16778240 131072 0 1073741824 0 1 17301504 0 0 524288 128 0 1048576 268959760 1074266113 0 4198400 0 0 268435456 65600 16 1107296256 0 327680 32 1048576 0 32 0 0 4194304 4211200 526336 4194304 8912896 402654208 0 0 0 16793600 73728 0 1 256 2048 0 3147784 68157448 67108864 32904 3004761152 14 2151678242 1610612736 1280 69210114 98 262144 0 17408 0 1179650 12583040 16 273408 1073741826 32768 8388608 256 67108864 33556480 276824064 268436480 536870912 264192 0 0 0 0 0 0 0 0 32768 536870912 0 67112960 128 0 0 131104 0 0 0 0 65540 8388608 2147483648 8704 36864 35651840 4096 524806 33554464 1073741824 0 263168 0 1077936128 0 8392704 1048576 67141632 1082195968 4229136 3221234313 404766753 2952806416 301993984 17 0 0 0 1 34816 4194304 0 0 67125250 8192 8388640 1310720 0 8 0 512 1048609 8388609 4 1 100663808 64 131072 1048592 0 8192 0 12288 0 4194304 8388608 16512 0 131072 16785408 33557506 0 67108864 65 0 4194304 134217728 0 16777984 100679680 4096 8388608 8192 32768 4 1050624 0 0 0 0 69206016 0 4 0 1073741824 8 4194304 272630016 32 33554432 8192 73728 1073741952 0 294944 2 0 512 2048 0 6291456 0 0 33 536870912 0 0 4608 67108864 32 65536 2298478592 0 0 268435456 524288 0 65536 0 268443648 524288 1024 0 16779264 0 536870912 1073811968 147968 262144 262148 0 33554432 0 100679680 0 1310720 0 2097152 5120 2048 0 131076 82 6160 0 4097 8388608 2097152 12582912 0 1048580 8192 672 131072 4096 0 20971520 1 1 0 0 1 0 4096 1 0 65536 2097216 2147483648 0 1342177280 557056 0 536870912 67108864 8396800 2 4096 1 0 16 2 131072 2048 268435456 0 32768 16519 4194576 4 0 33554432 540680 17827648 2415984698 2220884480 8452 67109904 1879052288 0 8388608 0 1075904512 2097152 2684370944 1024 1074036736 33554944 0 0 0 2048 2052 33554434 67108928 17408 0 536870916 134217744 0 0 268435456 2064 4194304 0 0 256 0 268435456 8192 1073872930 0 256 0 32 0 0 0 4194304 8 0 8192 2560 0 65 1032 134217728 4194304 25167872 0 0 512 0 788544 4 5243136 68 262147 0 2048 0 8 8192 163840 8192 0 134250496 0 4194432 2281701376 35364 16896 67108864 1048576 0 33554432 0 2147483648 0 0 67108864 1048576 0 805306624 0 0 1073742336 4194304 1310720 2097152 541065216 65536 0 1073741824 4196352 1048704 33554436 512 33554432 131072 64 0 67108870 0 0 67108864 8406016 3072 1050626 134218240 32768 0 256 4194304 0 16384
is_linear=0
shrinkage=0.05


Tree=40
num_leaves=31
num_cat=22
split_feature=11 35 36 5 37 35 37 36 37 36 36 36 30 36 37 36 36 22 37 36 37 36 36 30 36 36 37 36 37 22
split_gain=72.9245 30.2471 25.7378 17.0012 15.9021 15.7709 14.7385 13.8453 12.8063 12.5124 12.39 12.1567 11.3335 13.9407 10.4209 9.97153 9.58416 9.34778 8.95929 8.86814 8.66766 9.44869 8.33524 7.64172 12.9162 11.5747 10.2462 8.10388 7.56334 7.46867
threshold=0.78571429848670971 0.96952912211418163 0 2.7766888141632085 1 0.99982804059982311 2 3 4 5 6 7 1.0000000180025095e-35 8 9 10 11 5.5000000000000009 12 13 14 15 16 1.0000000180025095e-35 17 18 19 20 21 4.5000000000000009
decision_type=2 2 9 2 9 2 9 9 9 9 9 9 2 9 9 9 9 2 9 9 9 9 9 2 9 9 9 9 9 2
left_child=5 2 17 8 9 6 22 -5 19 -4 -8 -6 15 -14 -7 -10 -15 -2 -17 -3 21 -16 -1 25 -25 -12 -26 -28 -27 -22
right_child=1 3 4 7 11 14 10 -9 12 -11 23 -13 13 16 20 18 -18 -19 -20 -21 29 -23 -24 24 26 28 27 -29 -30 -31
leaf_value=-0.018549336398989407 0.093166115299608068 0.033436920987230785 0.13324173004050618 0.071115773743698804 0.027978280504920811 0.002666255082144442 0.013142840676535756 0.0013954190292619481 0.012456422632430823 0.025299492397996476 0.013260730621232368 -0.0020596753472392889 0.032672180802274339 0.020015984900775718 0.05044853719084505 0.00068240989689263788 -0.0049886489552953828 0.43147147416706999 -0.014488514029133648 0.00073237832641335511 -0.025886931304287736 -0.011987959442711896 0.03998587492651038 0.032030990229795393 0.013041129664234763 0.0071020684681532449 0.021695922752100572 -0.011548246479071538 -0.020409347254787435 -0.01538372093636904
leaf_weight=1117 2142 2772 1353 2918 2394 7607 3412 42975 3284 10278 2717 27886 1996 2839 1686 11137 57742 415 95729 11037 209615 11618 2933 1707 4216 3095 1462 34586 62873 80353
leaf_count=1117 2142 2772 1353 2918 2394 7607 3412 42975 3284 10278 2717 27886 1996 2839 1686 11137 57742 415 95729 11037 209615 11618 2933 1707 4216 3095 1462 34586 62873 80353
internal_value=-0.000920371 -0.000287805 0.000906923 -0.000516382 0.000608809 -0.00132866 -0.000836826 0.000345742 -0.000728489 0.00217939 -0.000942067 4.95137e-06 -0.000845602 -0.000308296 -0.00151553 -0.00115092 -0.000443995 0.00576616 -0.00123427 0.000736432 -0.00156135 -0.00031243 0.00212386 -0.00103364 -0.000502181 -0.00135854 -0.000683055 -0.000955934 -0.00149017 -0.00161864
internal_weight=705894 276897 44468 232429 41911 428997 118118 45893 186536 11631 114068 30280 172727 62577 310879 110150 60581 2557 106866 13809 303272 13304 4050 110656 41971 68685 40264 36048 65968 289968
internal_count=705894 276897 44468 232429 41911 428997 118118 45893 186536 11631 114068 30280 172727 62577 310879 110150 60581 2557 106866 13809 303272 13304 4050 110656 41971 68685 40264 36048 65968 289968
cat_boundaries=0 28 56 83 111 137 165 192 219 247 275 303 330 357 385 412 440 468 497 525 552 579 606
cat_threshold=8388608 2147483648 64 65536 276955136 136314880 33562624 0 2 0 8388608 536870912 32768 1082163200 0 66056 2162816 4194304 0 0 0 1073741824 0 2147484672 0 1077936128 32768 4 16 67108928 1048640 2147483648 536936448 2147483648 134218240 0 268437504 2097236 2147483648 33587200 0 64 0 65536 512 32 17833984 0 0 0 8 0 0 4 285212672 1 0 0 0 16 553648160 0 2097152 2164260864 16896 0 0 134218752 0 134479872 524288 536870912 553648128 805310464 536870912 0 270368 0 2105344 0 0 3222274048 536879104 196608 8454146 2048 2147500032 1048585 67125248 0 16777232 268435456 524288 0 0 0 0 0 402653186 536887296 343932928 268435472 0 1073741824 0 0 16384 0 135168 0 8192 2147483668 131072 16 18 536870912 64 19923012 1073823748 2097152 64 0 16 4096 8388608 67634176 0 1280 0 0 0 1024 16384 4096 0 0 1024 262146 0 1028 32 67637248 12582912 1048672 133184 128 128 0 0 18432 2048 0 142615616 0 4 0 256 0 0 0 0 8192 0 0 67108864 553648128 25165824 0 8192 0 131072 0 524288 525312 32 133120 0 2 262144 0 16785920 536895504 0 514 16 1 0 0 67110912 0 520 16392 0 8388616 0 0 65538 136 12582920 16640 128 0 557056 0 8388612 1040 545260032 258 0 134223872 536870912 0 4194304 0 0 0 0 32 268437504 0 32768 4 134217728 0 0 1073741952 2181038080 16896 4194304 67108928 0 0 0 0 2097152 131072 32768 268500992 33554432 5242880 272630016 0 16778240 4195840 65536 0 2101248 268959762 32768 268435472 16 0 0 536870912 2068 16 4 0 196642 786432 0 129 0 536871424 1073741824 0 8 128 0 0 1073742848 0 0 1 1 0 256 0 8 0 160 0 262144 0 268436480 0 270532608 8421379 0 17301504 67108992 769 0 268437776 8913408 0 0 0 4194304 1048576 49152 0 16384 8448 0 1025 0 67108868 16777248 0 2048 4194304 16384 0 536870912 32 33554432 0 13312 32 71434240 4194368 1075847168 16777216 0 16 0 2097152 0 4 2097152 0 8224 75497472 262144 0 256 68157440 1073741856 4211072 34078720 0 1610612736 0 0 0 0 48 0 67110920 0 4194304 32768 16777216 32769 536870912 526336 0 8192 4096 2 2 4194304 1082131464 134250496 1073741824 4160 0 4 2097184 2048 16 256 536871424 3072 1040 256 1 8 0 16384 0 65536 0 1048576 0 536870912 512 0 536870912 0 2 262176 0 256 16809984 1025 0 2147483652 8 1140850688 8406016 0 1073758720 34603008 0 2048 4 16777216 16779520 0 33554436 64 33554688 134217728 16 71303296 268566528 0 4112 32 269484096 8388608 0 16384 2048 0 0 0 2097152 0 131073 536870912 16777216 262144 16384 1048576 536870917 0 2097152 0 33556480 2155874304 4202496 8388608 9961472 268435456 256 4096 16 0 4194304 4096 32768 0 4194816 1024 128 0 256 2147483648 0 524288 0 134217728 2097152 131136 33554432 0 0 134217760 268437568 64 65536 8200 2147483664 8388625 0 0 32768 0 2147483648 1090519040 0 513 2147483648 0 2097152 2 1088 0 0 16779264 64 0 2 1 10 0 0 2281701376 16 8388608 16384 0 0 17301504 0 134287392 134217792 261 538476544 268451840 0 4096 0 0 0 2048 2147487744 16 0 0 512 16416 1050624 67108864 5248 0 65536 134348800 67108868 142608384 8192 0 0 536870912 524296 0 1109393408 1 134217728 32768 0 0 4194304 4096 0 4194304 16 16777224 100663296 268435456 1073741824 1073807360 16384 0 256 0 2 294914 1073741824 96 4194304 0 0 16416 0 1048576 8388864 0 131072 33554432 671088640 2080 1 8 16384 2155872256 0 0 8192 4 0 268435456 536870912 100663297 269484032 262144 2147491841 16 0 4864 814743552 1073741824 0 196608 0 34603008 67108864 0 0 0 16777216 8 32772
is_linear=0
shrinkage=0.05


Tree=41
num_leaves=31
num_cat=21
split_feature=5 35 22 36 37 22 6 36 37 36 36 32 36 36 36 37 37 36 36 41 36 36 17 30 36 37 35 36 36 37
split_gain=69.1416 27.1205 22.8291 24.4709 19.3419 15.4576 14.4698 14.3826 14.2748 14.6911 13.0201 12.7788 12.3128 12.2491 10.2042 10.048 11.758 12.9361 9.72696 9.37424 17.0108 11.4531 8.65218 11.9956 8.21856 8.0337 7.98757 9.86741 9.73497 7.83485
threshold=1.0268161296844485 0.81005272269248974 5.5000000000000009 0 1 4.5000000000000009 3.1957145929336552 2 3 4 5 21.585000038146976 6 7 8 9 10 11 12 13 14 15 0.5000000149011613 1.0000000180025095e-35 16 17 1.0101032853126528 18 19 20
decision_type=2 2 2 9 9 2 2 9 9 9 9 2 9 9 9 9 9 9 9 9 9 9 2 2 9 9 2 9 9 9
left_child=5 4 6 11 -2 19 14 22 9 -5 25 -4 -6 -10 -3 -12 17 -17 -18 -1 -21 -22 -8 -24 -15 -7 28 -28 -16 -30
right_child=1 2 3 8 12 10 7 -9 13 -11 15 -13 -14 24 26 16 18 -19 -20 20 21 -23 23 -25 -26 -27 27 -29 29 -31
leaf_value=-0.023562367088754491 0.38520340727874425 0.011579489171528082 0.089780664274428518 0.1593720462914783 0.33658748769089031 -0.0068266188877146531 0.054725357789394961 0.00024516317156289682 0.040554289876165987 0.017863198695580496 0.017307647013589222 0.067954981544542922 0.025274942409792795 0.023606057035661425 0.010469962278108522 0.053035342969142654 0.007667251258073101 0.00017878574543741534 -0.013720475883273409 0.028405817243627077 0.0080694605239574457 -0.017861941969083254 0.058376499098687556 0.86286855035723531 -0.0027874386609088864 0.024484180558391532 0.024078527184567794 -0.018502341240447376 0.0094697192197771146 -0.0073427612752160788
leaf_weight=196517 128 5422 392 1086 472 1057 3231 29782 1348 6161 2691 1386 7346 1790 5408 1048 3264 7398 102609 1861 4113 96326 210 142 27817 1666 1615 52292 5796 135696
leaf_count=196517 128 5422 392 1086 472 1057 3231 29782 1348 6161 2691 1386 7346 1790 5408 1048 3264 7398 102609 1861 4113 96326 210 142 27817 1666 1615 52292 5796 135696
internal_value=-0.000905823 -0.000308848 -0.000390719 0.000715339 0.00257141 -0.00131591 -0.000575284 0.000390741 0.00044736 0.00244317 -0.000835874 0.00643097 0.00223592 -2.05877e-05 -0.000731575 -0.000915435 -0.000986596 0.000808206 -0.00112985 -0.00150825 -0.00111963 -0.00120754 0.00337855 0.0108215 -0.000233558 0.0025759 -0.00078936 -0.00130996 -0.000598363 -0.000677937
internal_weight=706070 287520 279574 39980 7946 418550 239594 33365 38202 7247 119733 1778 7818 30955 206229 117010 114319 8446 105873 298817 102300 100439 3583 352 29607 2723 200807 53907 146900 141492
internal_count=706070 287520 279574 39980 7946 418550 239594 33365 38202 7247 119733 1778 7818 30955 206229 117010 114319 8446 105873 298817 102300 100439 3583 352 29607 2723 200807 53907 146900 141492
cat_boundaries=0 26 40 66 93 121 148 176 204 232 259 286 314 342 345 373 402 429 456 483 511 539
cat_threshold=1048584 8388608 134217736 64 0 131073 4194304 32776 4194306 0 65 536870912 532480 268435456 0 0 268451840 4194304 65536 2147483648 603979776 2147483712 0 16384 4194320 64 0 0 0 0 0 0 0 0 0 0 0 0 0 64 0 8388610 65 2181038080 17830016 65536 1048576 8192 268435456 1024 268435456 0 256 1073741824 67125248 402661378 0 67117056 268435538 0 0 0 1024 0 0 4096 4194320 0 1024 0 163840 64 32768 4 8 12436 1073741824 0 266248 33554432 525312 512 8 1024 16400 33554432 0 16384 0 4194304 128 1024 16 2560 8 135168 268435456 4608 8388608 1082130464 1207959552 0 0 0 64 2097156 0 8388608 8448 0 147456 67109888 1056768 0 0 0 0 0 1077940224 268435456 32 0 0 0 16777216 1073774592 32 0 2147483648 0 1077936128 131072 0 67108866 134221824 0 0 24 16388 1056768 2147483648 134217729 65792 524352 68173824 16777216 75497472 4 0 2147500032 0 0 0 8388608 16384 0 128 0 0 0 0 0 0 0 33554432 2048 0 0 0 0 0 0 0 0 0 4100 33554432 0 2147483648 0 262144 0 130 2 67142144 0 67633152 8 8404992 33554432 0 21504 1048608 257 1073741824 0 512 0 0 0 0 536936448 2097184 6 0 1024 0 16777248 2097248 128 131072 0 0 67072 1140850688 1073741824 512 0 16777232 0 16640 536870912 268435472 1050112 1107296256 0 0 2181038080 0 0 0 1108344832 16 32768 0 0 536870912 536870912 131072 2282750096 8258 8192 2147493888 134217728 0 0 536879234 0 17317888 268435456 512 0 0 0 0 1073741824 4194304 0 16777216 268435490 1073741824 65536 67108864 8388608 0 32772 131072 2149580800 12 1074266112 0 42467336 0 33554440 0 0 0 2151677952 4096 0 4096 4100 0 32768 8 8192 0 0 4096 1050624 262656 4194304 2162688 8413184 8388608 8192 536870912 0 262144 8388608 8192 256 0 134217729 2147483648 16 33554688 0 0 557072 0 4194304 0 4096 512 536870912 65568 270598144 0 16777472 1073741824 4096 4194304 512 0 4194304 546312192 262144 1073741824 0 8388608 33554432 4194304 0 0 8 2048 2 8 72 65 8192 806950146 641263938 105381 3221226496 8388608 65536 0 1073741824 0 1342177408 0 524800 8388608 0 0 536936448 4 67108864 512 16384 16 131072 4194304 0 16 262144 2049 4194304 33554944 32768 268697856 0 0 0 0 0 2147614784 8 33558560 0 2 128 66 0 262144 536871040 1124074496 0 4160 4096 134234112 5 128 134219776 4194304 0 18432 0 0 2 0 0 0 8192 0 2151678464 256 0 8196 4194336 262144 16384 1048576 16388 512 142606848 39845888 134217728 1024 268435456 4194304 65536 0 1 0 4096 263176 0 0 536871936 541081600 256 131088 2147484160 512 0 32 0 536870913 0 72 4096 66048 0 1024 0 134217728 16777216 4194304 2048 134217728 64 66560 536870912 0 288 134217728 16 131584 16777216 0 16777232 2560 0 16384 1050624 16777216 0 33556544 0 262145 16785408 256 1 262144 0 0 0 268435473 98304 17301504 0 35659776 65536 4195328 276824064 4 16384 2147483648 0 0 65536 33555460 0 8 0 65536 8389632 134479872 64 8388608 4718592 0 268435456 0 1073766408 0 1024 262144 4 131072 48 8 536870912 16793600 2097216 67190785 268435456 0 0 33555488 0 8404992 0 65536 16777216 32 0 1048576 1073741824 4194304 0 4194304 16777216 4 524289 1
is_linear=0
shrinkage=0.05


Tree=42
num_leaves=31
num_cat=25
split_feature=27 5 28 36 36 37 35 36 37 36 36 37 36 42 37 36 36 36 36 37 36 28 37 37 36 42 36 36 36 36
split_gain=70.8486 26.5656 17.2946 18.6036 14.1808 13.7402 13.6111 12.9091 12.3484 11.6514 11.4962 10.4829 10.376 10.0325 12.4694 11.0475 9.02928 8.63026 8.17388 9.00245 8.01037 7.79228 7.73061 7.55819 9.66903 7.54149 11.8263 7.50324 7.20686 7.11243
threshold=0.9516800343990327 2.9367743730545048 0.93705347180366527 0 1 2 0.99018362164497387 3 4 5 6 7 8 9 10 11 12 13 14 15 16 0.55101019144058239 17 18 19 20 21 22 23 24
decision_type=2 2 2 9 9 9 2 9 9 9 9 9 9 9 9 9 9 9 9 9 9 2 9 9 9 9 9 9 9 9
left_child=6 2 3 -2 -3 16 7 22 21 -4 -8 -12 -7 15 28 -11 -5 -16 19 -13 -10 -9 -1 24 -20 26 -14 -22 -15 -27
right_child=1 4 9 5 -6 12 10 8 20 13 11 18 25 14 17 -17 -18 -19 23 -21 27 -23 -24 -25 -26 29 -28 -29 -30 -31
leaf_value=0.067646890209592067 0.02690814323389111 0.11674947625209203 0.015659601091190935 -0.010962240565172168 0.0064984105372448879 0.016470365662237092 0.004223543906305984 0.22361118806549005 0.0094216319084854845 0.031233237088183236 0.0032255419595603389 0.025820226556708431 0.033005589782331646 0.022719957985368574 0.0098429974252751025 -0.003498235928342901 0.020944737740028058 -0.016058577263266951 0.041830411493884417 -0.013726549891875189 0.0067772939464108457 0.0086581519224751807 0.0046393742176835222 -0.022298181364613381 -0.013883427785725376 0.012133258104648969 -0.0004528489100871138 -0.013973217745393385 -0.0024065251826468539 -0.0067581195678277561
leaf_weight=837 3216 4216 3688 1140 45788 4549 5348 309 2968 2042 6230 1340 2725 2344 3342 27642 4753 101315 1674 7200 4796 3076 1470 254091 11048 3064 29122 81357 12504 72312
leaf_count=837 3216 4216 3688 1140 45788 4549 5348 309 2968 2042 6230 1340 2725 2344 3342 27642 4753 101315 1674 7200 4796 3076 1470 254091 11048 3064 29122 81357 12504 72312
internal_value=-0.000883075 -0.000338999 -0.000532568 -8.5642e-05 0.000720727 -0.000188336 -0.00134451 -0.000825116 -0.000917291 -0.000885952 -0.00151614 -0.00155972 -0.000312481 -0.000954575 -0.00115895 -0.000131673 0.00216252 -0.00135134 -0.00160563 -8.18624e-05 -0.00102996 0.00204284 0.0028613 -0.0016544 -0.000463756 -0.000411787 0.0002333 -0.00111801 0.000197186 -0.000684336
internal_weight=705506 323762 273758 120881 50004 117665 381744 94813 92506 152877 286931 281583 111772 149189 119505 29684 5893 104657 275353 8540 89121 3385 2307 266813 12722 107223 31847 86153 14848 75376
internal_count=705506 323762 273758 120881 50004 117665 381744 94813 92506 152877 286931 281583 111772 149189 119505 29684 5893 104657 275353 8540 89121 3385 2307 266813 12722 107223 31847 86153 14848 75376
cat_boundaries=0 24 52 80 109 135 163 189 217 246 254 282 308 334 360 388 415 442 469 495 523 531 557 584 612 640
cat_threshold=16785408 33554448 64 2147483744 8388640 18875424 0 2155873280 512 1024 32 65792 0 16384 16859137 67108864 16384 0 1024 4 0 0 0 2147483648 65576 2156134402 64 2147483712 262272 0 1048576 2 268435456 0 1 0 0 0 0 134291458 81920 0 268435472 0 0 64 1 0 0 4096 2050 36 0 1140850752 8 67108864 16842752 131072 24580 0 1610612736 2147483648 2147483648 16 8 0 42991616 65536 0 1056 16777216 0 0 4096 0 536870912 16 0 67108865 1 0 20971520 0 2147483652 0 16384 8 33554432 0 268960304 0 135168 34 4 1048576 0 536879104 2147483648 1073741826 0 294912 0 4096 0 0 16384 1032 16384 1 0 0 32 4 32 536870912 2097152 84017153 66048 512 0 1024 0 134480704 536870912 0 16777216 268435456 0 0 32 0 8332 8 8388608 3222274056 0 0 65536 256 2048 131072 128 0 0 4194338 0 151003136 270336 64 524800 0 1 570425408 268435472 1 2147483648 262144 0 33554432 134217746 0 67108896 131072 67108864 32 65536 2147483648 2 0 268451840 524288 0 4194306 0 0 67633156 268469248 0 16777216 0 0 66064 16896 64 4 18432 0 268436480 67192832 273154048 294912 268435456 0 0 0 2 1075052548 1048576 16384 131072 65568 0 4 8 64 8388608 1073741824 512 33554432 128 2048 134217732 16777216 4194560 0 16777216 1 2 256 0 0 0 200 1073741856 1 0 536903680 0 4 9437184 1024 67108864 8388608 0 33587204 4864 134218752 0 0 0 0 2097168 32 524305 1048576 2 2654208 135792128 17410 3222282760 1146093602 2751463424 1879052296 128 528384 0 9218 0 163840 0 1048832 8454145 16777252 64 0 16384 0 0 0 0 1280 32 2155872256 3145728 104923136 0 4096 0 0 1024 0 1 131072 256 1024 0 2147483648 8388612 132352 41943056 0 1572864 8388609 536870912 16384 2151677970 33554432 553648128 0 16 66 0 128 0 0 0 0 32 514 545259520 1024 0 64 256 1056 536871168 131072 16896 8 0 69468160 128 1073742336 1082130432 8388608 0 2148007936 16793600 256 1048576 0 4194304 0 32768 524288 0 1048577 50331788 2097152 0 131072 0 1073742080 268451840 536870913 0 0 0 0 128 262144 0 2147485696 2147484160 263168 1664 2147483648 603979776 256 16384 2147492352 16908288 0 16777216 0 128 0 0 1073741824 268435456 72 0 0 8 0 0 1073741824 32772 16777216 2147647488 134250502 32896 1 147456 4194304 0 33554432 69206016 0 0 0 0 65536 0 85983232 0 0 134217728 524288 1024 134479880 1024 4718592 0 0 0 8388608 76546048 0 0 0 268435456 1 0 4 1049600 0 4 1048576 16 8388609 268451840 1049600 33792 256 131072 0 1 256 0 1359085760 32 8192 0 0 33554432 134217728 32 133120 0 8 32768 2064 32 0 0 0 16 256 2147483648 0 8 1 134217728 0 1096 524288 0 0 0 0 0 16 134217728 0 2097152 32770 1048580 10240 16 536870912 512 16 0 0 0 65680 6291520 4194564 0 131072 42475520 8388608 524544 1073741824 536873472 2097152 1073745920 0 0 16388 0 0 2048 2097152 1024 0 4224 12582912 4259848 0 1024 0 2050 0 0 262148 0 34080772 18 1024 512 0 67374080 0 0 4097 0 0 0 8192 67108864 4096 163995 285737984 262178 13108891 8192 1074790464 67108865 34 262144 0 2147500032 0 2058 8404992 0 33822730 67108864 4194304 276825152 1073741824 67108864 32768 8650752 256 0 8392704 0 0 0 0 0 536870912 4194304 64 536870992 545275904 4096 1073741824 16448 2147614720 64 0 0 0 16842880 65536 134217732 8396800 0 0 33554432 4352 0 0 256 0 1050624 0 134217728 67108864 268435456 262146 6291456 0 64 2 136 4 2048 270532608 4160 0 536871424 0 262272 16 0 4 0 2214592512 524288 67108865 2129920 64 16384 0 4096 0 1073741824 5 536870912 0 4 0 67108864 1 0 134348864 0 524288 0 2053 0 0 2147483776 35652608 134234113 2 9437184 0 1073741824 131072 32768 1048576 8396800 4 65536
is_linear=0
shrinkage=0.05


Tree=43
num_leaves=31
num_cat=17
split_feature=27 4 28 35 42 30 37 37 37 37 37 42 35 37 37 31 22 37 42 37 42 42 42 25 28 32 22 37 42 22
split_gain=61.7569 22.4048 15.3244 13.7653 14.9706 10.6747 15.8461 11.6961 10.605 11.2427 9.97664 9.8143 9.60693 8.13851 8.09726 7.95444 11.3366 7.6933 6.5384 6.40889 5.48884 5.25633 4.99734 4.88789 4.77003 5.22098 4.70104 4.60704 4.26532 4.23219
threshold=0.9706791639328004 3.3831417560577397 0.99950000643730175 0.99999991059303295 0 1.0000000180025095e-35 1 2 3 4 5 6 0.96463149785995495 7 8 0.79420000314712536 5.5000000000000009 9 10 11 12 13 14 0.78411895036697399 0.71449998021125805 24.275000572204593 1.5000000000000002 15 16 5.5000000000000009
decision_type=2 2 2 2 9 2 9 9 9 9 9 9 2 9 9 2 2 9 9 9 9 9 9 2 2 2 2 9 9 2
left_child=3 2 5 4 -1 10 -7 -8 -4 -10 -2 -5 15 -13 24 16 -3 -16 -11 -9 23 26 -15 -19 25 -6 -12 -24 -21 -25
right_child=1 12 8 11 14 6 7 19 9 18 21 13 -14 22 17 -17 -18 20 -20 28 -22 -23 27 29 -26 -27 -28 -29 -30 -31
leaf_value=0.0084977830366245038 0.01359496846901323 0.12413330295294137 0.007680236315438918 -0.0084169381239445739 0.043421495409340552 0.029471743401861462 0.014272009825367216 -0.022497331048062456 -0.00019020636871661209 -0.0068944788024151663 0.0035701165448917952 0.0024369625923947491 0.0055198104474576196 -0.015026121141626887 0.00083993959456184208 0.045933909960156449 0.94572504607318608 -0.012420146774117756 -0.018788625339692524 0.0036180486815328367 -0.017964474051507164 -0.0097251629159195614 -0.011412413540740383 0.00021662493185706073 0.0023685678052427495 0.034034060443994263 -0.0071356142504132997 -0.023251007637885665 -0.0039880209944665301 0.028360534648023905
leaf_weight=13344 4765 506 8381 30897 251 6961 13375 3891 22807 31303 11684 5472 32301 44728 10879 5835 132 15820 64817 16886 57347 50974 11658 5252 4079 114 12901 189179 28265 851
leaf_count=13344 4765 506 8381 30897 251 6961 13375 3891 22807 31303 11684 5472 32301 44728 10879 5835 132 15820 64817 16886 57347 50974 11658 5252 4079 114 12901 189179 28265 851
internal_value=-0.000867474 -0.000347737 -0.000505305 -0.00128844 -0.000808266 -0.000162355 0.000291947 3.93648e-05 -0.000908577 -0.00102968 -0.000554747 -0.00147227 0.000777949 -0.00157576 -0.00102937 0.00253591 0.00783255 -0.00113213 -0.0012665 -0.000318126 -0.00130328 -0.000694688 -0.00161829 -0.000629503 0.00105275 0.00652322 -9.40199e-05 -0.0017249 -0.000150071 0.000572165
internal_weight=705655 315784 277010 389871 107937 149702 69378 62417 127308 118927 80324 281934 38774 251037 94593 6473 638 90149 96120 49042 79270 75559 245565 21923 4444 365 24585 200837 45151 6103
internal_count=705655 315784 277010 389871 107937 149702 69378 62417 127308 118927 80324 281934 38774 251037 94593 6473 638 90149 96120 49042 79270 75559 245565 21923 4444 365 24585 200837 45151 6103
cat_boundaries=0 8 35 60 88 115 143 151 179 206 233 241 269 277 285 293 320 328
cat_threshold=671088648 21565696 66214 8388646 2147516450 544 167776772 130 1572880 1073741888 0 0 229376 131072 16818176 2176 536879104 2147483672 2147483648 0 1074003968 0 33554432 65536 134217728 1056 0 0 0 4096 2 1024 0 0 8192 0 67109376 67108864 67108864 536870912 0 536871424 1 81920 4194564 0 536870912 134746112 0 8194 0 8912896 0 16777232 12582912 16 4210688 0 0 16777232 2147483652 0 1538 16 545259520 64 68 67600 16777248 262208 0 148480 2147483648 0 1024 2 132096 0 8388608 8 0 32 4096 4 0 0 0 1 524288 262144 268500992 64 4259840 0 537919488 8388613 65536 536879108 3221225472 0 536883200 0 0 0 16777728 36 16384 0 67174400 4096 8 0 0 1024 4 2 131136 268435488 67112986 553648128 1073758208 64 536870912 1073741824 4096 0 0 8 8448 1048576 0 0 0 0 3145728 0 4194304 2 268435456 0 4194304 36175872 1 69763137 3222929922 262160 2147484176 268435460 810549264 1879179270 2 273154048 0 268435472 0 0 8388608 2 1310756 3145744 16384 17301504 65537 0 4100 384 1073741824 1024 1073741824 512 0 0 2048 0 16777216 256 0 2097152 1 2 0 4 0 0 268451856 2097152 0 268460032 512 2147483648 0 0 262656 269484032 0 524544 2129920 3145728 0 67371040 0 8328 8 25165824 1048576 16777216 65632 67108864 0 4112 8388608 536870912 1048576 2189426688 65538 134217984 1 33554432 2147483648 524288 2 0 536870912 131072 8388608 41943040 0 16384 4 0 0 0 33554437 19464582 1049600 33555456 3221259272 604045321 2241855616 536879136 32 134348800 2147487744 0 16384 256 1073741824 0 536870912 268435456 0 8192 33816576 512 16704 16 9437184 0 32768 0 0 67109888 1025 2048 538968064 0 0 17301504 1 114880 671088640 843317248 2216763465 806354945 2281832448 1140850824 64 524301 2164326402 656394 71435657 68173824 4194624 606076928 34 81944 193004544 33619968 197 136462497 218104896 69206016 257 2 4096 8704 0 536937472 268435456 16777792 2147483648 16448 32768 430080 131072 525312 0 524288 67108864 16640 0 1073741824 0 33554432 131076 0 0 0 32 16777216 2654211 840433666 1073741956 142868500 69206017 541066440 20975616 64
is_linear=0
shrinkage=0.05


Tree=44
num_leaves=31
num_cat=23
split_feature=27 37 30 36 35 36 0 37 36 37 36 22 36 36 36 36 36 35 36 37 36 36 36 36 36 37 37 30 36 37
split_gain=58.4528 24.9272 23.0295 29.7565 18.2196 24.4186 17.0379 12.1418 11.2915 10.7899 10.7142 10.5277 9.84108 9.06557 9.05472 8.98791 8.277 8.12028 13.0051 8.47207 7.60687 7.46625 7.34549 7.28927 7.06917 7.20963 6.87973 6.78975 8.46736 8.31102
threshold=0.81492412090301525 0 1.0000000180025095e-35 1 0.89252424240112316 2 1.8229314088821413 3 4 5 6 2.5000000000000004 7 8 9 10 11 0.97353720664978038 12 13 14 15 16 17 18 19 20 1.0000000180025095e-35 21 22
decision_type=2 9 2 9 2 9 2 9 9 9 9 2 9 9 9 9 9 2 9 9 9 9 9 9 9 9 9 2 9 9
left_child=7 2 8 11 5 -3 12 10 -2 20 -1 -4 -6 -14 -9 -11 -8 18 26 -20 -7 -19 -5 -21 25 -15 -16 29 -29 -26
right_child=1 4 3 22 6 9 16 14 -10 15 -12 -13 13 24 17 -17 -18 21 19 23 -22 -23 -24 -25 27 -27 -28 28 -30 -31
leaf_value=0.026906414468328033 0.073522883588934926 0.078973334906477233 0.67647930208349394 -0.018748752685597374 0.013034158531059473 -0.011935781878888265 0.024923829480960349 0.0031960862277309651 -0.018699292074078232 0.024384163823272156 -0.0049475227028092494 0.31537127401744908 0.0036652840775562088 0.013172426822691999 -0.019118283578794269 -0.0041320458887659853 -0.0013106237862765976 -3.9924511837345334e-05 0.0098095596843585063 0.011329112101782441 0.044353469190914957 -0.02117935846149711 0.070775153815242006 -0.01603576887704547 0.0067056824434052788 -0.0039167631392517726 0.035357465872311748 0.01065444612750671 -0.0070979809179935521 -0.013382623532941973
leaf_weight=1444 2020 1548 107 1072 5285 975 4676 6130 8508 1382 5843 1231 9754 2925 593 14862 91372 7266 2650 2388 3821 230123 4988 53966 4759 8401 1634 3880 98246 122891
leaf_count=1444 2020 1548 107 1072 5285 975 4676 6130 8508 1382 5843 1231 9754 2925 593 14862 91372 7266 2650 2388 3821 230123 4988 53966 4759 8401 1634 3880 98246 122891
internal_value=-0.000850668 -0.000444757 0.00137621 0.00351466 -0.000531881 0.000844658 -0.000620184 -0.00136151 -0.000125369 0.000396655 0.000655316 0.0102335 -0.000833142 -0.000878115 -0.00140971 -0.00021901 -5.22656e-05 -0.00144878 -0.000935418 -0.00107701 0.00247764 -0.00158125 0.00200955 -0.00120704 -0.000938585 0.000280938 0.00280719 -0.000998708 -0.000694871 -0.00124186
internal_weight=704740 392703 17926 7398 374777 22588 352189 312037 10528 21040 7287 1338 256141 250856 304750 16244 96048 298620 61231 59004 4796 237389 6060 56354 241102 11326 2227 229776 102126 127650
internal_count=704740 392703 17926 7398 374777 22588 352189 312037 10528 21040 7287 1338 256141 250856 304750 16244 96048 298620 61231 59004 4796 237389 6060 56354 241102 11326 2227 229776 102126 127650
cat_boundaries=0 27 55 79 106 134 161 189 217 245 273 300 326 352 379 406 433 461 489 517 545 570 598 624
cat_threshold=48 64 0 0 536870912 131072 8260 2049 2560 0 2048 1040 0 8192 603979776 0 402653440 0 536879104 269484032 33554432 16384 0 1078984712 0 0 33554432 0 2147484680 0 2147516416 1073745920 4194368 1073741824 2147483648 268435458 512 1 0 262144 0 0 134291460 81920 67108864 0 256 266240 0 0 16384 16777216 65536 2 1048580 4458496 0 0 4 8519682 6422528 0 262144 8388608 2097152 524288 0 1 32768 67108864 335544832 603979776 23552 512 0 256 0 0 2228224 524288 32768 16 0 536870912 0 0 3355443200 0 16384 8192 196640 0 8392704 524417 0 545259520 1073741824 2097152 8 128 2048 134225924 16777216 4194304 0 16785408 8388640 2148794368 64 2147516416 0 0 33555616 1073751040 128 512 0 0 8448 8192 0 134225920 65536 268435456 256 0 0 0 0 2147483650 0 8192 0 1107296260 2112 67108864 67108928 0 0 2147483648 512 589824 268509184 0 2148532224 134512640 12 33554496 33554432 0 537395200 32 16 75497472 0 0 8 0 0 4 16777216 4195392 0 4096 0 0 0 1207959616 41943040 16384 2147483648 0 0 589856 524297 33554432 64 536870944 0 1536 2097152 32768 32768 0 0 512 65536 1024 4096 1 1024 1 64 0 0 16384 0 0 4210688 0 4202496 8388608 64 0 2147483648 16392 536875088 268439808 4096 0 4194304 2147483648 65536 16 67600 67108880 1048576 2048 0 98304 16777220 0 25296928 0 33559040 4194304 268435456 536870912 0 68157440 1024 17301504 67108864 1 0 0 1048576 0 32788 0 67108864 0 68157440 33 2097152 67117056 0 65536 2148532224 0 0 0 4751360 2048 524802 131072 0 6 36864 0 16777216 0 2147483648 512 540672 33587204 4 1048576 0 1024 18432 0 135266304 0 603979776 67108864 0 589824 136 1056768 0 67108992 32768 0 1073742336 4196352 2 2 8 33555474 4202496 0 8192 1 0 0 0 0 8192 524304 269484032 8388608 0 0 16777216 16777220 4194304 5136 138412096 33800 64 256 0 0 513 0 1073741828 131072 268437520 1 536870912 0 1024 0 0 4160 16777216 4194560 0 33554432 134217728 149569 0 0 524288 256 16779264 4096 0 33554692 537952256 1073741824 8192 536871168 393216 0 0 2048 0 133152 0 8 32 0 8 0 32 805306384 2097152 8388608 512 256 2147745792 33555456 0 512 872415232 0 16777216 2097152 0 0 270336 0 2097280 8 16777216 2701131848 512 1048592 8 0 513 536870913 2048 18688 0 256 0 400 8256 1073743912 128 0 0 32768 64 541065288 4 1073741824 0 0 0 0 0 2147483648 2181038592 17039360 256 16777280 2 32 0 0 1073741824 0 8 268435456 8192 268436480 65536 0 256 2052 52 2147484160 134217728 0 1 16384 268435456 0 134250500 536870944 1310720 192 2097152 8 256 16777216 3072 1 0 134250496 2097152 256 256 1024 0 8388608 0 134217728 0 0 0 268959744 524288 1048576 24576 64 1075838976 8388752 16384 0 256 16 8388608 2056 263168 1025 33554432 134225920 65536 1073741824 0 1073741824 2097152 0 16777216 524290 1048592 5242880 134217728 16416 0 2 0 0 8192 33554432 0 0 16 10485760 1048704 1073741824 1 0 67239936 67108864 2147483680 131072 272891920 16 0 256 0 0 512 1048576 0 524288 33554448 7340288 4096 4 131072 524352 262144 65536 4194304 134217728 0 85098496 65536 1073741824 0 0 134217728 2147483648 256 0 0 787456 8389632 26214400 176160768 32768 134217728 0 0 0 536870912 4 1 2101248 2147483712 68714496 67649536 0 0 134217728 0 8192 0 0 4194304 0 0 67108864 0 0 0 0 0 0 4097 0 0 32768 0 98304 4 128 134250496 8 0 8192 2214592528 0 0 134234112 268435456 4096 0 0 0 41943040 3221225472 32 4194305 2415984640 131073 17825792 268435968 0 0 512 2151677956 0 8 16 16908288 0 1048577 536952832 1073741856 0 524288 4341760 1074790400 4 524288 0 16777216 536870944 2048 133128 0 4194304 0 4 0 32
is_linear=0
shrinkage=0.05


Tree=45
num_leaves=31
num_cat=26
split_feature=11 35 42 36 41 36 35 36 36 42 36 36 36 36 36 42 36 42 36 36 36 36 36 36 36 36 36 36 35 36
split_gain=59.1795 18.5731 16.0326 15.6958 14.5284 13.1639 12.2983 13.2403 10.5783 9.71553 13.8125 9.56402 8.92711 7.74814 7.7104 7.54933 14.4173 7.24236 6.64182 6.57673 7.5209 6.56939 6.1997 5.95625 5.77297 5.55956 5.42674 5.38148 4.974 4.84344
threshold=0.77142861485481273 0.80002030730247509 0 1 2 3 1.0002859234809878 4 5 6 7 8 9 10 11 12 13 14 15 16 17 18 19 20 21 22 23 24 0.89581334590911876 25
decision_type=2 2 9 9 9 9 2 9 9 9 9 9 9 9 9 9 9 9 9 9 9 9 9 9 9 9 9 9 2 9
left_child=4 17 3 -3 11 -6 8 -8 -4 10 -10 -1 -11 -12 -5 16 28 -2 -18 -7 -21 -17 -19 -9 -22 -14 -16 -15 -13 -27
right_child=1 2 6 14 5 19 7 23 9 12 13 15 25 27 26 21 18 22 -20 20 24 -23 -24 -25 -26 29 -28 -29 -30 -31
leaf_value=0.004490659302614732 0.31780850615995893 0.071212408243057898 0.01891547547307091 -0.019625140612282922 0.01333276042393167 0.0063638463041111541 0.018938082624491776 0.008790761028557019 0.033125392938471464 0.014593829358695571 0.017286690968892435 0.073011734982403251 0.0058061729945336968 0.012947933923384289 0.024479699053594789 -0.0021145973097318064 0.0051047120772508186 0.21274055623581997 -0.015288896459815328 0.005261410265976962 0.0036554701779361529 -0.021016914708425368 0.021389772778284355 -0.013666693849058992 -0.013000874450315362 0.0028554003726658297 0.00061166945318270112 -0.0027879479146883605 0.014525569837154851 -0.010312865791626213
leaf_weight=5679 162 5181 4126 3359 4637 4200 2060 3017 3442 2973 4182 193 4269 3997 5156 7510 4295 1145 60420 6514 6424 187029 5670 71764 132988 4972 63560 42828 2754 51431
leaf_count=5679 162 5181 4126 3359 4637 4200 2060 3017 3442 2973 4182 193 4269 3997 5156 7510 4295 1145 60420 6514 6424 187029 5670 71764 132988 4972 63560 42828 2754 51431
internal_value=-0.00083427 -0.000275103 -0.000339437 0.000271914 -0.00120907 -0.000823185 -0.000576689 -0.00107236 -0.000265094 -0.000352103 0.00013822 -0.00143193 -0.00077153 -6.89469e-05 8.06323e-05 -0.00147592 -0.00102042 0.0022725 -0.00117631 -0.000904275 -0.000960449 -0.00163427 0.00200886 -0.00118131 -0.00103806 -0.000902725 0.000195119 -0.000253278 0.00239435 -0.00103445
internal_weight=705937 283294 276317 77256 422643 154763 199061 76841 122220 118094 54449 267880 63645 51007 72075 262201 67662 6977 64715 150126 145926 194539 6815 74781 139412 60672 68716 46825 2947 56403
internal_count=705937 283294 276317 77256 422643 154763 199061 76841 122220 118094 54449 267880 63645 51007 72075 262201 67662 6977 64715 150126 145926 194539 6815 74781 139412 60672 68716 46825 2947 56403
cat_boundaries=0 8 34 37 66 94 122 129 155 183 211 238 266 274 302 306 334 362 390 418 446 473 501 529 557 585 609
cat_threshold=17399818 2307915776 327682 2148574737 67108864 553648641 536883202 32 258 2 0 2147483648 1314816 0 4194664 1073774848 1342177280 640 0 0 134217730 0 0 134226048 16384 266240 268435472 0 0 0 0 2147483648 0 4128 806886658 641247563 235685 4 1073741824 65536 64 1073741824 2149580800 1107312640 1073741856 67633152 8912928 128 0 0 268439556 536870912 1536 8192 0 0 0 0 0 262144 0 0 512 1056 537133056 2 4194304 0 1048576 16777216 2048 16777216 67239936 25166352 16384 1 67239936 1048576 16777216 8 17301520 0 134217728 1048640 0 0 17039360 4194304 0 1024 268435456 1073741824 0 1073741824 0 2097152 0 67108992 131072 160 0 1048576 0 268435456 524288 1024 268443712 2415919104 4210688 0 536870912 5275652 2048 524288 5243392 8388608 1 0 1048576 16 0 4096 132 838861824 1073872940 67715494 570703872 273679760 67108864 520 41959424 4096 4194304 67108866 65536 1073741840 272642 268435456 655360 67108864 0 0 12615680 1 1024 0 0 2147483648 1048576 524288 0 0 0 2147483648 4325376 1 65536 65600 0 2 128 0 819200 0 272826370 0 73728 0 37888 0 524288 2097152 0 4194816 32768 33024 4 0 32768 17301504 0 8 134217728 536870912 536870914 65536 16 2147483648 69206016 0 5120 0 0 0 1074266624 2068 0 0 0 33587716 33554432 1048640 134217728 0 64 262144 64 0 1082130432 64 2097152 327680 16 0 0 4194320 268566528 514 2147483648 128 4096 270336 262496 0 33555456 276824128 285212672 2097152 8192 0 131072 16777216 64 0 0 4194304 0 4096 0 0 0 0 536870912 0 32768 2147483648 0 2097152 0 134479872 537133064 2 8388610 513 469762048 2147483648 2164262912 2048 129 65540 268439552 131072 0 2147483649 0 268435456 4800512 0 268435456 2301952 1481687345 756023312 402653186 448 17826368 256 0 257 262144 147968 64 0 1149239304 1048576 0 262144 4202496 2064 0 0 1073741824 4096 67108866 0 1 4096 2 0 0 0 0 12288 0 0 0 32 536870928 0 4098 0 589824 268435520 1208156160 1077936128 2147483648 16777216 8396800 0 2097154 0 0 2147508480 16777232 0 40 1 0 0 0 0 1073742336 0 0 2097152 0 402784256 134217729 16777216 16384 64 8 0 0 256 0 4 16384 8388608 17039488 1107296256 0 8192 131072 2230272 4096 144 0 4194304 4194304 33558528 32768 256 536879104 32 0 33554432 0 272629760 268435456 33558528 0 32770 64 64 524288 1310720 0 0 1064960 266240 1073741824 0 0 8200 16 4 268435456 2048 540688 4096 0 16777232 134217728 0 33344 16785408 512 0 1056 512 16 1179648 0 0 524288 0 16 258 0 268435456 134217728 536870912 17472 147490 268435456 0 67108864 2097152 0 2148532224 0 0 0 142606336 0 2048 0 32768 0 67108864 0 32768 16384 66048 33619968 2048 1048576 0 0 0 0 0 532480 0 2 4 67648 536870944 8192 48 41943044 268435456 128 2 320 0 16384 2228224 604241920 0 0 16777216 0 4352 131344 1048576 0 0 0 0 1024 0 67633152 1024 4194304 0 2147483652 0 262144 65568 4 514 0 268500992 2048 0 128 4194304 0 536871424 25165888 512 134217744 134217792 4096 0 0 520 4194368 8 131072 134218242 0 256 0 65536 131072 536870976 0 512 512 32768 536870912 143655041 1024 0 4608 1 0 2147483648 18874368 67108864 1073807876 0 0 0 0 16779264 8192 8388608 1073758464 17472 16 16777224 24640 33554432 16 1 524288 0 4 2105344 262144 0 6 0 1024 66 1 2147483648 0 0 1024 2147483648 33554432 0 2048 0 67108864 0 33554508 9437184 2164260864 1048640 0 64 201326592 64 8192 1048576 256 65536 512 2155873280 0 67108864 0 1073741824 134217728 0 0 2098176 536875008 262144 4 4194304 4194304 8196 33554688 4672 1342177288 0 262176 0 2147549184 8224 67108864 4096 37748872 2 65536 0 528384 0 0 0 0 8 19005440
is_linear=0
shrinkage=0.05


Tree=46
num_leaves=31
num_cat=16
split_feature=6 22 37 3 30 37 42 37 31 26 42 37 35 37 22 30 37 37 37 30 42 42 37 33 42 37 42 8 27 25
split_gain=55.0557 25.8988 22.9914 14.866 12.3052 12.7201 12.1538 10.7251 9.92564 13.8124 9.59867 9.49598 8.09389 10.2465 7.53083 13.7693 11.4432 9.95636 8.78524 7.96966 7.30105 7.04754 6.64286 6.61633 6.12541 5.69766 5.67841 5.65309 5.65133 7.11943
threshold=0.86998808383941661 5.5000000000000009 0 2.5430332422256474 1.0000000180025095e-35 1 2 3 3.0408500432968144 16.820131301879886 4 5 0.67103970050811779 6 1.5000000000000002 1.0000000180025095e-35 7 8 9 1.0000000180025095e-35 10 11 12 73.33499908447267 13 14 15 6.0166618824005136 1.4585654735565188 2.4000459909439091
decision_type=2 2 9 2 2 9 9 9 2 2 9 9 2 9 2 2 9 9 9 2 9 9 9 2 9 9 9 2 2 2
left_child=4 3 8 7 5 -1 -6 -2 9 28 -8 -9 13 -13 15 17 -17 -5 19 -16 -7 -14 -4 -11 -24 -12 -22 -21 -3 -30
right_child=1 2 22 14 6 20 10 11 -10 23 25 12 21 -15 18 16 -18 -19 -20 27 26 -23 24 -25 -26 -27 -28 -29 29 -31
leaf_value=0.0060719383109116383 0.0059379366615958384 0.047472369993282172 0.014593919999470942 0.020812160459238352 0.0056269712523587196 -0.0086127603775070453 -0.00079861884311100122 0.00094288329005353527 0.00026517113002036044 0.85887799750537952 -0.026561157448581396 0.2840686887349228 -0.018756703780561147 0.035467726299648616 -0.00010987531408044609 0.25304736816499179 0.06452386022341354 -0.0040061579288718976 -0.0070382707634832776 0.068171228809087311 -0.014414522498615891 -0.0078654677763284452 0.0048973394187940642 0.86515365046485115 -0.0042176570516662187 -0.01243138519019244 -0.022946820200145938 0.35253626576712138 0.0031095774972130698 0.082566370216610119
leaf_weight=5644 10377 1351 6754 9671 10293 20846 22490 26359 2073 119 11023 119 25475 1011 7516 119 408 8719 26260 3590 40478 192785 18053 116 19028 81462 148318 439 1754 2871
leaf_count=5644 10377 1351 6754 9671 10293 20846 22490 26359 2073 119 11023 119 25475 1011 7516 119 408 8719 26260 3590 40478 192785 18053 116 19028 81462 148318 439 1754 2871
internal_value=-0.000799483 -0.000372821 0.000659103 -0.000544736 -0.00125673 -0.00148599 -0.000862704 -0.000706935 0.00307293 0.00407638 -0.00101001 -0.000773408 -0.00088115 0.00333775 0.000187666 0.00100209 0.00896307 0.000773476 -0.000219873 0.00092917 -0.00154901 -0.000903048 0.000202127 0.0159428 -6.0728e-05 -0.00123532 -0.00164713 0.00272394 0.00360716 0.00277508
internal_weight=705521 364967 52119 312848 340554 215286 125268 256126 8284 6211 114975 245749 219390 1130 56722 18917 527 18390 37805 11545 209642 218260 43835 235 37081 92485 188796 4029 5976 4625
internal_count=705521 364967 52119 312848 340554 215286 125268 256126 8284 6211 114975 245749 219390 1130 56722 18917 527 18390 37805 11545 209642 218260 43835 235 37081 92485 188796 4029 5976 4625
cat_boundaries=0 26 53 61 86 93 121 135 157 184 211 219 227 254 262 289 297
cat_threshold=80 0 1049600 8388610 131072 8388608 32772 20 18440 12376 0 0 266248 33556480 1024 0 0 8 16785424 0 0 0 0 268435456 0 1024 2 0 0 4 16777248 0 2 1048576 16 0 16777216 131105 2147745792 134217728 67633152 1610678272 0 1074266112 0 0 128 0 2097288 1090519040 4194304 32 16777217 608698384 1658880 262144 1073750016 1210089504 541081632 838861327 384 4194308 131104 16 67108880 557842464 147456 19931200 16384 1073741824 67371008 0 1040 2147492864 0 0 0 1280 536870912 0 2048 0 0 0 0 16777216 65857 1098907648 1107329156 2155872797 541065361 2550661136 1073876992 786450 64 268444168 0 0 0 512 67436544 268435456 4210944 2147483648 33554432 671088640 8388609 0 65536 0 32 0 0 0 4210688 0 0 0 0 598017 1 0 0 0 0 0 0 0 0 0 0 0 0 0 64 0 0 0 0 0 2147483648 8388608 0 0 0 0 0 0 0 0 0 0 0 16 0 0 524288 2 0 64 12583168 536870930 64 8388672 65536 2048 538972160 0 0 536870912 2147483648 0 262208 805306368 4 0 0 16 524288 0 1048576 268468352 1024 4 16 64 67112960 75497472 536936448 64 536870976 0 2048 606076928 8388608 536870912 4356 8388608 0 0 545260032 1056 8192 1073741824 0 0 134217728 0 0 4 8196 83918856 190452288 67174400 69206530 1060870 603980832 1140850688 2 201327936 8409088 17345556 32 1073743872 1883267584 2147615244 8 2097152 512 65664 0 536936448 64 0 0 16777216 536871172 0 131072 134217728 0 34078976 66048 524288 1024 16384 1075838976 48 2048 1 0 129 65536 8208 33927 3103784960 131072 2290615808 69222409 2148536320 538976260 136 134217732 512 0 2148007936 4 65536 2554331139 0 32 65536 0 268713984 2147483648 8192 0 2 0 8388608 0 4 0 4194306 32768 4 301989890 4194304 8 589891 66560 536870920 2147582165 3489677825 1049088 33587716 96
is_linear=0
shrinkage=0.05


Tree=47
num_leaves=31
num_cat=20
split_feature=3 22 36 37 35 37 42 36 32 36 26 36 42 22 36 36 36 37 36 31 37 36 36 36 28 36 32 37 36 31
split_gain=51.6468 25.393 20.4772 15.3917 14.0201 15.1299 13.8746 16.3487 13.4131 12.6861 12.4266 11.9071 11.3105 11.1332 15.8743 10.9213 10.8758 10.2653 10.0119 9.36145 8.85072 8.68117 8.42165 8.11258 8.06238 8.03133 7.99349 20.707 11.0676 9.74265
threshold=0.8387930989265443 5.5000000000000009 0 1 1.0012609362602236 2 3 4 21.585000038146976 5 10.624264717102053 6 7 4.5000000000000009 8 9 10 11 12 0.84845000505447399 13 14 15 16 0.85649999976158153 17 21.605000495910648 18 19 3.0408500432968144
decision_type=2 2 9 9 2 9 9 9 2 9 2 9 9 2 9 9 9 9 9 2 9 9 9 9 2 9 2 9 9 2
left_child=12 4 8 19 5 9 7 -6 -3 -2 -10 -5 -1 18 -15 -7 20 22 -14 24 -17 -9 -16 -19 -4 -8 27 29 -28 -13
right_child=1 2 3 11 6 15 25 21 10 -11 -12 26 13 14 17 16 -18 23 -20 -21 -22 -23 -24 -25 -26 -27 28 -29 -30 -31
leaf_value=-0.022433339826161816 0.10299050994081103 0.082163910265528536 0.57847361335984637 0.026117656904405952 0.052518938629203496 0.015168159227177914 0.0085720608820404384 0.026006560685884018 0.019571490612698618 0.010819365181426684 0.53436807744633052 0.044101195903581733 0.0073771524837821234 0.019021668845136952 -0.021059014797052248 0.02601199251122396 -0.0049272959402493974 0.0093269474804934648 -0.017449531112961766 0.022907043606755179 0.00028565960017099429 -0.006150608960742719 0.020733668968286965 -0.010130055569915256 0.035190955480196073 -0.015574557296424766 0.020369483820204745 -0.0020242166063794286 -0.0039308483756331104 -0.015427344193236062
leaf_weight=62713 1331 398 314 2057 1481 7103 2742 2137 1376 5681 102 2770 2973 2067 986 4023 181942 2327 193730 4353 7933 18598 2355 70885 239 82650 1542 6957 31709 767
leaf_count=62713 1331 398 314 2057 1481 7103 2742 2137 1376 5681 102 2770 2973 2067 986 4023 181942 2327 193730 4353 7933 18598 2355 70885 239 82650 1542 6957 31709 767
internal_value=-0.000786279 -0.00037659 0.000640676 0.000450127 -0.000546073 -0.000306386 -0.0010094 0.000103927 0.00575517 0.00197494 0.00358688 0.000164691 -0.00123253 -0.00109434 -0.000591446 -0.00038606 -0.000456632 -0.00070833 -0.00129539 0.0031086 0.00100359 -0.000259689 0.00199806 -0.000832116 0.00923736 -0.0012989 -1.05706e-05 0.00119247 -0.000390278 0.00430031
internal_weight=706241 368205 52584 50708 315621 208013 107608 22216 1876 7012 1478 45802 338036 275323 78620 201001 193898 76553 196703 4906 11956 20735 3341 73212 553 85392 43745 10494 33251 3537
internal_count=706241 368205 52584 50708 315621 208013 107608 22216 1876 7012 1478 45802 338036 275323 78620 201001 193898 76553 196703 4906 11956 20735 3341 73212 553 85392 43745 10494 33251 3537
cat_boundaries=0 29 56 83 91 117 143 171 179 208 236 262 289 314 341 367 395 422 450 476 504
cat_threshold=1048576 2147500032 0 268435520 134217728 16778248 16384 2129920 4194306 0 1024 0 8388608 268435456 512 1024 0 4194304 0 0 67112960 64 131072 16384 16 96 2 4 2 16 0 32768 8405008 4198400 0 32768 0 24576 8448 2147483648 134217728 4104 0 67108864 65536 2056 8 24576 33554432 0 18432 9 4194304 16 1024 8192 0 2147614720 268435456 0 553648128 268582920 64 67125249 1073752064 0 0 33554466 0 8388928 67108864 0 16777216 0 512 0 0 0 0 1073741824 16 1074790404 17301504 2654224 134217728 33817856 2148532225 337846528 8388609 1612722208 168 131136 0 1024 0 4100 4 0 25169936 268435456 4096 8388608 1048576 16809984 2 33554432 67109000 16384 40960 16 0 0 1073741825 3072 0 0 32768 0 1048576 64 2147483648 0 148897792 4194304 2048 3 131072 0 16777216 0 557056 0 768 512 4194304 1049088 0 4194304 1 0 2148663296 8192 16 2048 0 2147614720 0 67109888 131072 8 2 32772 64 536870976 65544 1 262144 8404992 0 32 301989888 0 4194304 536870912 65544 0 0 0 69632 69206016 2 1026 67371168 8940800 33816576 4460544 1074008067 424681856 4 0 0 0 0 33792 4325408 268435456 0 67108864 1073741824 67108864 4194304 4098 64 16777216 0 0 6 270336 2148532225 134217728 4 0 67190784 16777217 0 1 8192 1 2684354560 3145728 4096 1207959556 128 134217856 16392 0 0 0 65536 268961024 134217732 0 0 65536 0 0 268435472 524288 1107296256 2048 1 33554432 512 2048 0 1048576 8650768 16 0 37748737 196608 0 1048576 262144 128 4195328 0 32 268435456 1077936128 0 0 8388864 1052672 4160 0 4718593 1073741824 0 32768 0 1052672 524288 0 0 16 536870912 536870912 537001988 134348800 2147483712 33816576 0 0 42471424 2147483648 9 0 17317888 0 541065216 1048576 0 0 8196 131080 0 2097152 1 1024 32 65536 2147483650 0 1212416 301989888 786432 16384 268960768 0 0 8192 0 0 32768 24576 0 1073747968 2560 4 2064 4098 0 4194304 526336 0 64 2151682320 16 1073741824 537920000 1073741824 2 4104 33554432 0 0 1 0 0 1536 32 16 1074790400 0 524288 0 16 268435584 0 2060 268435458 8388864 1048577 0 2147615232 64 1024 1073743872 128 1048576 16384 0 0 0 0 135282688 32 10491904 2 67108868 0 0 1 16 0 81920 262309 4 192 4194305 512 0 0 679477248 1048832 0 2048 0 134217728 264 1025 12288 0 33554496 0 0 262272 0 0 0 0 64 134217728 1073741824 8192 536870928 32 2112 0 0 0 524288 4194306 2415919104 131104 65536 0 0 1073807360 1 67108864 2151677952 0 10485760 0 402653184 34816 16777232 2048 64 524288 0 4 0 16777248 2415921152 16777216 1073872912 0 33554432 1 67108872 0 524544 1024 16 0 0 536870912 784 1048576 262144 0 16384 1024 268435456 67108928 16777232 33554432 76021824 512 67117184 73400576 0 3221225472 256 67174400 2048 4194324 33554432 0 4 0 0 576 0 1024 16 0 0 4718592 0 0 32896 536870912 65536 0 0 8192 2 138412032 4194306 33558544 0 16 17301504 67657728 1048608 0 6144 16777216 8193 0 268436480 0 0 2147483648 2048 0 512 0 32 2147483648
is_linear=0
shrinkage=0.05


Tree=48
num_leaves=31
num_cat=25
split_feature=11 35 37 36 36 36 36 25 35 36 37 36 36 36 37 37 36 36 36 36 37 22 36 36 37 36 36 37 36 37
split_gain=50.1358 21.611 19.6133 17.6253 12.8668 11.1136 10.623 10.2405 9.74252 19.7729 9.74434 9.14323 8.48986 8.39822 7.9315 7.85635 8.50964 7.79096 7.26464 7.21359 7.10244 6.89001 12.9695 8.10888 7.92766 7.08384 6.81371 6.42164 6.3946 6.33327
threshold=0.67142859101295482 0.98437505960464489 0 1 2 3 4 1.6300790309906008 0.88212943077087413 5 6 7 8 9 10 11 12 13 14 15 16 4.5000000000000009 17 18 19 20 21 22 23 24
decision_type=2 2 9 9 9 9 9 2 2 9 9 9 9 9 9 9 9 9 9 9 9 2 9 9 9 9 9 9 9 9
left_child=6 2 3 -2 -3 -4 20 13 9 -8 -10 -9 -11 -6 18 16 -12 -5 -15 -16 -1 23 27 -17 25 -24 -7 -23 -26 -28
right_child=1 4 5 17 7 26 8 11 10 12 15 -13 -14 14 19 21 -18 -19 -20 -21 -22 22 24 -25 28 -27 29 -29 -30 -31
leaf_value=-0.015018578414784007 0.23678057057398774 0.013502874974176996 0.026642500728205388 -0.030631107910323353 0.0065256109388903798 0.018328756425980221 0.026449113465646646 0.016040946911549048 0.0015302117444394405 0.034988253847763155 0.028327339380009305 -0.0026190509833356251 -0.0086580559600911121 0.017985762548882737 0.0060214010739031952 0.00089547615503962228 -0.010594963615219975 0.041173636643746223 -0.0017365492697433049 -0.010274947299096218 0.01217699225151718 -0.0083359777387504441 0.025031185336192183 -0.019375658028554038 0.0063630725616487336 -0.0028703978254577714 -0.016810055704407866 0.016673977632041159 -0.013677208633686969 -0.00050372857384110923
leaf_weight=2783 1720 8275 2643 1214 5181 3420 1220 4303 10000 1474 2193 98387 20814 1681 6343 6972 16607 9271 4446 144529 4013 1072 1203 208329 2648 3457 4342 1675 76008 49441
leaf_count=2783 1720 8275 2643 1214 5181 3420 1220 4303 10000 1474 2193 98387 20814 1681 6343 6972 16607 9271 4446 144529 4013 1072 1203 208329 2648 3457 4342 1675 76008 49441
internal_value=-0.000772478 -0.000341805 0.000428475 0.00225422 -0.000544993 5.57155e-05 -0.0011849 -0.00060565 -0.00122251 -0.000239058 -0.00129257 -0.000214966 -0.000579399 -0.00085306 -0.000918398 -0.00134055 -0.000348201 0.00148033 0.00084433 -0.000990039 0.000772733 -0.00140244 -0.00102433 -0.00155364 -0.00113577 0.000867051 -9.10185e-05 0.00235043 -0.00125453 -0.00022879
internal_weight=705664 345196 72051 12205 273145 59846 360468 264870 353672 23508 330164 102690 22288 162180 156999 320164 18800 10485 6127 150872 6796 301364 86063 215301 83316 4660 57203 2747 78656 53783
internal_count=705664 345196 72051 12205 273145 59846 360468 264870 353672 23508 330164 102690 22288 162180 156999 320164 18800 10485 6127 150872 6796 301364 86063 215301 83316 4660 57203 2747 78656 53783
cat_boundaries=0 28 56 83 111 138 166 194 221 245 273 300 327 355 381 409 436 464 492 520 546 574 602 629 658 685
cat_threshold=65552 1073741888 1048640 8 536969216 268435456 0 0 268503048 2097172 2148532224 0 134217728 64 0 0 0 0 0 0 0 0 0 0 8421440 16777220 301998080 1 0 2147483656 16448 2415919232 4096 144703488 5242880 2048 2 67633152 1 536870912 0 16 0 151003136 67108928 2048 0 256 0 0 0 2147483648 0 4194304 32768 4 0 0 0 2147483728 0 32 0 0 16384 0 67108864 272629760 76095490 0 0 2048 16640 1081344 268435728 524288 4096 262144 1 0 1049104 6144 4 512 0 0 67108932 131072 0 8 2 16 16 8421376 525312 5 8389636 201327104 262402 0 0 8 33554432 16777216 1140850688 0 0 0 67108864 2048 536870912 0 131072 65536 0 0 0 0 1074270208 0 4260096 64 134217728 8912896 267264 0 0 16400 0 1074790400 512 32773 65552 0 0 285212672 512 16440 17039378 268435460 134217728 0 147472 4196352 8388608 8388608 1 8192 0 1073741824 134217728 256 0 1024 8650752 0 1024 0 0 134217728 0 5373952 0 0 6144 8192 268959760 32768 0 0 553648128 0 0 0 16384 0 16809984 197632 536576 0 536870913 536870912 536871424 1073741824 16384 34603008 33554560 2048 128 1073742848 0 2097152 0 1 1074921472 8192 256 0 50397184 8 0 8388624 0 1024 0 655648 16777472 268697600 512 8 512 2097152 2147549184 4202496 536870912 0 0 69206016 0 0 16777216 0 16384 0 0 71565312 268582912 8256 4325376 41943050 604012544 1 0 0 33554948 1073741824 16384 0 0 0 4194320 4194304 0 16928 32 67108864 2163744 0 16777384 268435456 0 131136 33554976 256 131072 0 8192 0 0 1074790400 2147483648 0 536870912 0 1082130432 4194304 1 2048 0 525312 98304 0 16384 2 131072 268435456 8388608 557842432 131072 16785476 16388 1075838978 16384 0 196608 0 0 67633152 134283264 25166080 2097152 0 8 0 0 8 4 0 0 65536 262144 0 268435456 4 0 16 16777216 1050624 1048592 262412 0 33554432 33554432 0 67633282 65536 1024 16 547358720 0 65536 32 134217728 16777216 0 0 8193 4 0 0 1 0 192 268452864 393248 67108865 128 0 2 4194304 34816 0 33555008 536871424 536870976 67108864 16 0 32769 2 0 0 2097152 0 134221824 0 67108864 0 0 0 68 16781314 134217728 0 16777216 0 524288 2097152 256 1048592 256 8404992 32784 604243976 1 0 0 8 524288 269484032 98308 0 33570832 0 16384 0 4210688 1073743880 2048 1073741888 0 1 0 0 2049 33562624 0 939524096 0 17831424 2097152 0 32768 0 536870912 4194304 34603008 0 8192 33554432 0 33792 4 0 83886080 8388608 16640 512 4198912 0 2097152 2052 1032 16777220 16384 1 134217856 4194304 1048577 0 256 0 4 1075838976 0 262144 2097216 262656 536903680 1048576 4 16 512 16 0 160 262144 536870912 134217728 134217793 0 9502720 0 0 0 1048576 67109888 0 0 16 64 2147483648 268435472 1 8192 262144 32 0 1073774592 0 2097153 0 4194304 3221225472 133120 5242880 0 134217792 0 0 0 2 270336 8388608 134217728 2147483648 24 1163264 4097 0 1 8192 0 0 0 8 33554432 1048576 0 32800 1152 655394 8 0 2228224 16 0 16777216 0 0 16843264 540672 0 128 3229614080 16 4456450 4 2147483648 67108864 2 0 16778240 16 8388640 0 4 134742032 65600 33554432 4096 0 0 0 41951232 0 134234112 33280 4227584 4194304 16777216 0 4096 4194312 1 65536 2052 0 0 18432 131072 1 0 8192 0 536870912 524288 1024 262144 2222981120 3145728 1075839234 1048576 0 134218256 1 0 2101256 1 0 2147483648 0 0 528384 1310752 8404992 2147614720 33554432 8388608 2097152 0 0 512 64 0 67109376 49184 0 0 0 536870912 4194309 32 16 16384 1024 0 1024 2147483648 32 2129920 4096 69353472 0 2 2717925376 8388864 0 1048576 67109376 8 0 1107296256 0 1544 0 0 0 0 32 16777216 1073741824 16777216 65536 2048 16 64 16777216 4 0 134217728 0 2162688 512 12582944 1073741824 0 512 18 34 0 4104 34816 1090519296 2147483648 2098176 41943044 4194304 32 4096 0 32768 0 0 1 0 0 1 8388608 4096 268473344 147652608 258 0 2487222272 0 2 4096 8192 2048 524288 2048 1073741824 1048576 524288 8 0 0 0 0 6144 0 0 16 2048
is_linear=0
shrinkage=0.05


Tree=49
num_leaves=31
num_cat=24
split_feature=4 22 36 35 42 36 36 42 35 42 36 36 42 36 36 42 36 35 36 36 36 36 36 36 36 36 36 26 42 36
split_gain=47.4717 23.6035 20.3689 16.8392 15.2485 15.9773 10.9473 10.8671 10.7586 10.6826 10.9149 9.29827 9.02172 12.6993 11.7559 8.87633 10.0017 8.75186 12.9758 9.43846 8.59845 8.10678 7.95211 7.7004 7.51778 6.87173 6.49875 6.25922 6.1643 6.09506
threshold=0.78229820728302013 5.5000000000000009 0 0.7614157795906068 1 2 3 4 1.0119994282722475 5 6 7 8 9 10 11 12 0.97565940022468578 13 14 15 16 17 18 19 20 21 6.0778872966766366 22 23
decision_type=2 2 9 2 9 9 9 9 2 9 9 9 9 9 9 9 9 2 9 9 9 9 9 9 9 9 9 2 9 9
left_child=9 3 27 7 5 -5 -4 -2 15 20 -11 -10 13 -8 -14 -6 -17 18 -12 -20 -1 -18 -16 -19 -7 -23 28 -3 -25 -26
right_child=1 2 6 4 8 24 12 -9 11 10 17 -13 14 -15 22 16 21 23 19 -21 -22 25 -24 26 29 -27 -28 -29 -30 -31
leaf_value=0.0071932055666489164 0.274234706453998 0.040409209855351312 0.034947282835379095 0.039396674871531145 -0.015590527604589663 -0.019256999044948136 0.069623383323460672 0.029440632965674764 0.013351890203743525 0.0084343429608116482 0.019699306007763814 -0.016563044791529542 0.028086336515702821 0.011338718099932381 0.024454985342890801 0.014387997850702378 0.0080915606590215849 0.0043268751506202021 0.017540085856878541 -0.010103210052362607 -0.022586827337325355 0.0055794679415088885 -0.0029498353034025804 0.016017948961917203 -0.020705077067586557 -0.0060834656281298517 -0.016899992459854941 0.55692884392003394 -0.016390870810214776 0.00030042831737488391
leaf_weight=2142 151 1908 2359 4950 22252 3397 1027 5373 1992 3264 1943 70542 2124 10329 2260 5088 8190 4615 2648 46186 57782 9987 38479 2834 3464 148164 168745 148 3735 69347
leaf_count=2142 151 1908 2359 4950 22252 3397 1027 5373 1992 3264 1943 70542 2124 10329 2260 5088 8190 4615 2648 46186 57782 9987 38479 2834 3464 148164 168745 148 3735 69347
internal_value=-0.000751763 -0.000405139 0.000523833 -0.000559489 -0.000603047 -3.01899e-06 0.000345561 0.00217918 -0.00078594 -0.00123713 -0.00108438 -0.00130537 0.000200119 0.00145245 -0.000131957 -0.000591447 -0.000469392 -0.00112504 -0.000545365 -0.000704986 -0.00183299 -0.000536228 -0.000321412 -0.00128868 -0.000181976 -0.000615683 -0.00134171 0.00539913 0.000201747 -7.45316e-05
internal_weight=705425 411531 58634 352897 347373 81158 56578 5524 266215 293894 233970 72534 54219 11356 42863 193681 171429 230706 50777 48834 59924 166341 40739 179929 76208 158151 175314 2056 6569 72811
internal_count=705425 411531 58634 352897 347373 81158 56578 5524 266215 293894 233970 72534 54219 11356 42863 193681 171429 230706 50777 48834 59924 166341 40739 179929 76208 158151 175314 2056 6569 72811
cat_boundaries=0 26 34 60 88 92 100 128 155 163 189 217 225 253 282 304 329 357 385 413 441 468 496 503 531
cat_threshold=0 2147483648 1 268435520 0 1033 0 8388608 4194306 4194304 16777217 64 524288 262144 0 0 0 37748736 67108864 2147483648 67108864 64 537001992 16384 134220288 64 18923530 3365535746 458754 2147483649 1140924672 16777216 1409290240 34 33554432 0 65536 2147483648 0 16388 352 4096 1073741824 8704 1082130432 0 256 4227072 0 134225920 1048576 2048 268440082 16777217 2147483648 0 1 0 0 6144 1049088 32768 0 0 1048576 16908288 536870912 2 67108864 2147483648 524288 536944640 8388640 0 1 8193 2097152 268435456 0 0 536875008 65544 0 0 20971520 0 1056 38 0 0 0 32 6 335806592 8415488 33816576 67371528 3018752 2437980544 4 0 32 0 2147483648 0 0 268435456 0 0 268451840 0 134217728 8192 16 4489216 0 24576 0 2048 33280 4101 67604 268435458 4112 262144 8388608 9 262144 4194304 0 0 16777266 33554432 16777216 131072 16777232 2304 1 16448 1048576 16777216 0 0 0 0 2148532272 8448 1048576 2147483648 0 0 1024 268435456 67125248 16777232 16811338 537935872 17039360 41976324 1683226656 1296 553648140 1 33554436 570425352 131072 37748737 8393224 524288 4194336 1073776640 8389120 0 0 16777216 16384 0 8912896 0 0 16384 65536 0 0 1024 0 0 0 4198400 1073741888 8388612 0 16 201326592 0 16385 33554432 3072 64 67108928 0 8192 0 67108864 8389124 301989920 65 1077936384 0 0 0 0 1048576 0 32 2097152 8192 138414336 16896 17348608 1074003968 135266308 1686200328 2164394024 1 0 1048576 0 2048 268566528 67108864 1073741840 2359296 33554432 131072 0 263168 67117056 0 65536 336068608 671088896 4 80 0 0 34816 0 0 1073741824 0 32784 1179648 16777344 4194320 0 0 0 64 128 4194304 1025 524288 0 0 0 33816832 131072 1073750016 0 16785664 131072 0 4456704 0 1073742336 1050624 0 512 32832 0 1 262144 0 0 1056768 1073874944 268435456 0 265248 16384 2147614720 536870913 163874 134217728 4 0 2097154 262656 8389632 67108864 1048576 0 134217728 4194306 33554436 64 16 4096 8912896 8396805 0 32784 2147483648 0 0 2621440 0 2147483712 536870912 2147483648 16384 1024 268435456 16777217 0 262144 1179648 4194304 538181632 8388624 5120 0 0 268435584 0 2147483656 0 0 65536 268435712 64 1073742856 0 2147483648 1082130433 0 17825792 0 4194881 262148 0 0 512 0 0 1073741824 67584 16384 0 0 0 6291456 128 16416 0 1073741824 536870912 2215116800 0 4 2560 4160 1048576 8388608 8389632 0 4194432 0 0 67108864 2415919112 536870912 262144 536870912 0 16777216 0 134217798 262144 0 33687552 4096 1073741824 0 131072 0 12 0 0 33554440 0 68 0 147456 134217728 268435584 0 67633152 268437506 2147483649 268435456 67108864 0 0 2147483648 512 0 1048576 0 0 4096 68 2097154 262144 16 1048578 0 2097665 67108864 2147483649 16842752 268437504 512 0 69696 131072 0 2147483648 65536 268435457 2164260864 0 0 37879816 65536 1179648 0 64 256 0 0 0 138414096 0 655362 0 33555456 4096 67109122 0 1090519040 1073741824 65 0 1572864 0 32 0 1073741824 65540 16777216 0 4194432 0 1074528256 520 4194850 8 0 8392704 1048712 0 0 0 0 512 2281701376 0 36864 0 16384 20971528 0 2147483648 4096 65536 9961472 1078329346 2281906836 536871168 1049617 536870914 4194440 131072 0 0 0 67112960 1 320 2 0 524292 134217728 262144 256 262144 8388608 134348808 0 2048 512 0 0 4227076 524322 0 131073 0 256
is_linear=0
shrinkage=0.05


Tree=50
num_leaves=31
num_cat=27
split_feature=5 35 37 36 42 36 36 41 36 36 42 36 36 36 36 35 36 37 37 36 36 36 36 36 36 36 37 37 36 37
split_gain=45.0142 18.91 15.5713 16.8261 13.9108 13.927 12.39 10.7772 12.4672 9.35089 9.18449 9.3962 8.71763 8.47302 7.55105 7.46377 15.9134 7.0844 7.02063 7.00043 6.83362 6.70652 6.67818 6.61044 6.11909 6.26392 5.92939 5.91717 5.82746 5.69907
threshold=0.78685721755027782 1.0069045424461367 0 1 2 3 4 5 6 7 8 9 10 11 12 0.88212943077087413 13 14 15 16 17 18 19 20 21 22 23 24 25 26
decision_type=2 2 9 9 9 9 9 9 9 9 9 9 9 9 9 2 9 9 9 9 9 9 9 9 9 9 9 9 9 9
left_child=6 2 3 -2 5 -3 18 8 -4 -9 20 -12 -10 -6 -7 16 -13 -14 -1 27 -8 -19 -11 -18 -23 26 -26 -17 -5 -21
right_child=1 4 7 28 13 14 10 9 12 22 11 15 17 -15 -16 19 23 21 -20 29 -22 24 -24 -25 25 -27 -28 -29 -30 -31
leaf_value=-0.0096140229581680569 0.18886872333489355 0.043924073261105499 0.016307446751937404 -0.029884775642652961 0.0092551147407933382 0.022098208647877364 0.0046316077146220441 0.010096452522636841 -0.018704421941534866 0.00428923554154671 0.0048282687505771145 0.040568256184428546 -0.020273934792622874 -0.015179821729372645 -0.0040227212189266658 -0.016587761290528028 0.025913700736907436 -0.014890040554130818 0.012535696331301638 0.0034637855067520575 -0.021598132281226846 0.010276373032372667 -0.0095769455905257619 -0.0089253776855304709 0.027218942485462524 -0.0013607676980244812 0.00030289094795800029 0.010071442768595729 0.02128415152280061 -0.016000002189296394
leaf_weight=2863 2378 1445 8166 1571 2562 2380 2282 3063 4543 5072 6490 1101 4802 89289 16547 2873 1404 4929 3281 4192 46448 8218 54661 13815 5330 184060 7453 4492 9345 200856
leaf_count=2863 2378 1445 8166 1571 2562 2380 2282 3063 4543 5072 6490 1101 4802 89289 16547 2873 1404 4929 3281 4192 46448 8218 54661 13815 5330 184060 7453 4492 9345 200856
internal_value=-0.000736888 -0.000403389 -0.000198384 0.00147426 -0.000957973 0.000224206 -0.00121491 -0.000275027 -0.000114951 -0.000854842 -0.00126295 -0.00113337 -0.000186407 -0.00122006 -0.000138215 -0.00118662 -0.000156241 -0.000140501 0.00100569 -0.00126584 -0.00188804 -9.70239e-05 -0.000993113 -0.000577643 -5.31649e-05 -0.000109003 0.000960801 0.000249118 0.00064153 -0.00132021
internal_weight=705911 415814 303591 13294 112223 20372 290097 290297 227501 62796 283953 235223 219335 91851 18927 228733 16320 214792 6144 212413 48730 209990 59733 15219 205061 196843 12783 7365 10916 205048
internal_count=705911 415814 303591 13294 112223 20372 290097 290297 227501 62796 283953 235223 219335 91851 18927 228733 16320 214792 6144 212413 48730 209990 59733 15219 205061 196843 12783 7365 10916 205048
cat_boundaries=0 27 55 63 90 118 121 149 175 183 210 238 266 292 320 346 371 398 427 455 483 511 539 567 595 621 649 677
cat_threshold=2147483668 1073741888 16 24 545259520 0 0 16384 1075841024 0 0 33719328 0 4096 335544320 0 0 536870912 0 0 128 0 0 1074790400 33554432 4 301989889 0 2147483648 0 2415919104 8392704 142606336 32 2147485696 2 0 0 536870912 16384 32768 0 134226432 66048 0 1049088 256 0 0 0 2147483648 8192 1078067200 18 1048580 2162763 16777216 33833984 3222536193 3350528 10502144 1610776612 160 131072 0 1024 16384 67112964 66 67108864 25165840 268435456 524800 128 1048577 0 1 0 8 16384 10240 2 5 0 1024 0 0 134217745 536870912 32 8192 16777216 65536 4194304 1074003968 0 268435456 1074003968 0 514 0 134283264 0 1040 0 16777216 8208 0 1179648 2560 4097 65536 0 131072 4194320 8388608 264 262144 3189900489 34014465 253721 0 0 4096 64 8519680 196640 16384 0 8 0 0 1056 131072 0 8388608 2147483776 0 536870913 268438608 131072 33554432 8390656 0 0 520 33554432 4 1052672 2080 4 2052 33554592 0 67108864 0 524802 1048576 32768 64 532480 2048 0 524544 2147500032 134217728 8388608 1 524288 4210688 4227072 262144 0 0 8192 6 1677983904 27904 34340864 71567360 2371584 22061440 4 16777216 1073741824 0 66 0 0 33687556 4194304 8388608 268435456 0 2048 8202 0 4227072 268435458 0 0 16777216 4194320 0 0 4096 16400 262154 67108873 1 128 0 303046848 512 0 16 34816 0 2105344 0 0 0 0 2097152 8 536870916 65536 16777216 128 34816 67108864 0 4198400 4096 134217728 2147483656 65536 268435458 1073741824 0 136314880 16777216 268435456 83886080 268566528 0 18432 1 2097152 0 0 64 16777216 603979776 256 64 272 0 262148 128 1 0 1024 1048576 17301520 33685504 65538 260 68157441 16 2 0 32 2048 0 32 8389696 32768 16777216 278804 0 0 0 36864 0 8192 0 1073745920 0 537919488 0 4276224 262144 268451844 0 0 67256336 272646144 0 4100 0 67121152 0 32768 134217728 256 1024 1073741824 33832960 134217984 0 67108864 4194304 134217728 0 4194304 0 0 4096 2097152 134217728 0 5 65664 0 0 302006272 0 0 8388608 0 16384 512 262400 536879233 1048576 0 589824 8 0 0 131168 33587200 537014272 0 32768 8388672 268435968 32768 0 142737664 0 1090519040 16 4 4194304 2148007936 805568512 0 134217729 0 1048576 16777216 0 16793600 0 48 32 0 131076 33554496 67108864 0 0 0 33554432 448 1073741824 32 131072 1094713344 67108864 0 4096 0 17825792 0 18874368 32772 16 1064960 167804928 2048 0 524320 285212672 0 2281701376 1048576 0 0 8388624 4096 12582912 1 64 1073774592 0 268435472 131072 18874368 65536 2147483712 536871168 0 0 2098688 16 2164260864 0 262152 1048576 134217728 0 16 0 1 4096 0 262144 0 0 33554432 0 0 4096 8192 18438 1048576 16777216 134217793 0 33 67108864 2 0 0 268451840 16384 8454148 524288 16384 32768 134365192 64 2 0 8192 0 1 1048640 1048576 537133056 0 0 134217744 67109376 0 8 536870912 0 2621472 5124 16777280 0 0 2692743232 0 0 5308416 8388608 268435456 8192 2 33554432 0 1073741824 2048 8388608 4672 131072 0 536871040 128 1073741824 0 168034304 2 17408 8391168 786432 0 0 0 1073741824 536870944 64 0 131136 512 8192 2684354560 35651584 0 268435456 524288 0 134218241 2181039136 268435456 268959744 0 256 134217733 0 524288 0 0 0 4610 1074266112 524288 8 1048576 1 0 16 0 1073741824 33554944 2 0 134217732 0 128 1048576 4460546 64 134365184 67108864 3221225536 0 37748736 0 0 0 1050624 0 2097152 4194304 1073741824 0 33554432 0 137248 0 2147483648 524352 262144 64 71303168 4194304 2147483648 536904192 65536 73728 2101272 0 0 1032 33554496 0 0 524288 32 1048576 0 0 134217728 134217728 0 128 0 12 1 0 64 1081344 67108864 4264192 0 0 0 1342177280 2147483904 0 541065216 512 257 134218770 513 0 1024 0 138412032 16 86016 2048 0 0 1048576 0 536870912 128 0 524288 2240 134217728 8 0 4096 0 0 0 268435712 17825808 256 540672 32776 805702656 131072 0 8 0 655360 1064960 0 0 33554432 16 0 0 0 536870928 0 0 0 16384 0 17039360 98305 33554432 0 536879233 536870912 524288 1073872896 536870912 33554432 33554432 4 8320 1073742856 4194305 2097152 33554432 1
is_linear=0
shrinkage=0.05


Tree=51
num_leaves=31
num_cat=25
split_feature=27 28 37 36 42 36 37 36 42 36 36 37 36 36 30 36 42 36 36 36 37 27 30 36 37 36 36 37 42 36
split_gain=42.0803 17.7713 19.8199 15.4032 14.2499 15.2531 13.6635 18.2357 11.9079 12.5876 11.2773 10.5667 10.4287 9.69043 9.21596 12.9061 9.16072 9.17975 8.46054 8.2685 8.23093 7.90893 7.69426 17.81 10.4937 10.1986 9.5506 9.27696 8.56897 8.31374
threshold=0.81492412090301525 0.90950000286102306 0 1 2 3 4 5 6 7 8 9 10 11 1.0000000180025095e-35 12 13 14 15 16 17 1.105135500431061 1.0000000180025095e-35 18 19 20 21 22 23 24
decision_type=2 2 9 9 9 9 9 9 9 9 9 9 9 9 2 9 9 9 9 9 9 2 2 9 9 9 9 9 9 9
left_child=12 2 3 -2 5 21 7 -4 9 -6 -8 -10 -1 -13 -9 -16 -14 -18 -12 -11 -19 -3 26 28 29 27 -22 -26 -24 -25
right_child=1 4 6 -5 8 -7 10 14 11 19 18 13 16 -15 15 -17 17 20 -20 -21 22 -23 23 24 25 -27 -28 -29 -30 -31
leaf_value=0.0052627646164295052 0.11031887786348507 0.15086755618625125 0.05015149076076203 0.014792316974773699 0.026160029456515899 -0.00066301179217545633 0.018898259591907132 -0.0044711423867537506 0.0020191737111868542 0.01380245803338216 0.0089089302724307731 0.010620971053704395 -0.019869513676898473 -0.01495298215950127 0.19016535766856343 0.014634098315328782 0.0076646703090747573 0.0035769527182988969 -0.0037193497439538059 -0.0047637907438285339 0.0055668902184157877 0.036110507057898027 -0.002702838539923725 -0.019766340690234221 -0.016883375537886384 -0.012465381846075353 -0.016044910009861992 0.023313479119640147 0.022573230867057856 0.019637305244160463
leaf_weight=5049 1794 607 1646 9064 2775 39711 3942 9192 11280 3704 5712 2751 42803 101888 1436 6855 5668 7025 115259 73039 5629 2683 1015 921 1232 65494 171533 1600 1397 2926
leaf_count=5049 1794 607 1646 9064 2775 39711 3942 9192 11280 3704 5712 2751 42803 101888 1436 6855 5668 7025 115259 73039 5629 2683 1015 921 1232 65494 171533 1600 1397 2926
internal_value=-0.000717125 -0.000373076 4.38984e-05 0.00210277 -0.00064396 0.000180124 -0.000111453 0.00113258 -0.000825246 -0.000353897 -0.000302044 -0.00114852 -0.00115046 -0.00130528 0.000656939 0.00186595 -0.00118748 -0.00107752 -0.000387889 -0.000473689 -0.00112113 0.00344592 -0.00116826 -0.000742265 -0.000883611 -0.00102675 -0.00134766 0.00190644 0.00347503 0.00165435
internal_weight=705630 393338 154900 10858 238438 43001 144042 19129 195437 79518 124913 115919 312292 104639 17483 8291 307243 264440 120971 76743 258772 3290 251747 74585 72173 68326 177162 2832 2412 3847
internal_count=705630 393338 154900 10858 238438 43001 144042 19129 195437 79518 124913 115919 312292 104639 17483 8291 307243 264440 120971 76743 258772 3290 251747 74585 72173 68326 177162 2832 2412 3847
cat_boundaries=0 27 55 62 90 117 143 151 179 207 233 261 289 317 325 353 381 409 436 463 489 517 545 572 580 608
cat_threshold=4194304 1073741888 96 67108864 536870912 0 16388 0 10244 2147483664 0 16 8 0 67108864 0 402653184 1072 16777232 0 0 4198400 2 8 8388672 0 67108868 262144 2147483648 4096 2147483648 131074 402657280 512 262434 0 0 8388608 536870912 0 1073742848 8388608 65536 65536 4198400 1024 0 4194304 1073741888 0 2147483648 4202496 536870912 0 4 19496974 135791106 8388608 1089608 1276190848 67108864 1610614789 537001984 0 196608 0 1090781312 8388608 4194308 1073741824 0 0 0 16777216 134479872 0 0 0 17825800 64 80 1 0 1073746048 8 0 0 5279760 0 8192 16 67109408 67108872 2097160 134348800 0 150994944 0 16384 0 2147483648 0 2147483652 8192 34603008 65536 1024 536875008 1056768 0 0 0 8 16 16777232 1073741824 33556480 2 0 0 0 8392704 16778752 16 1074792448 32768 2113536 268435488 65536 67108864 41943040 65537 343941120 301989904 8224 0 0 0 0 0 0 0 32 67108992 2147483648 149002 3363964544 809517099 2172649472 2097160 160 2147483650 17408 0 0 0 2147483648 0 32 4194304 4194816 2 2147483648 16 8 536887296 1049600 16384 0 268435456 131072 0 33280 2147483648 4259841 1073741824 2162688 0 33559040 16777216 8388608 0 96 264192 4194336 1073741824 263168 4227136 268435456 536870912 16384 32768 0 278528 64 16384 0 4867 2097156 512 0 0 0 0 0 0 2621440 0 262144 2 0 229376 402653184 131073 327685 1073742336 536903744 0 196624 1611137024 4 0 0 262144 0 2147483648 2097160 33554432 0 0 1048576 0 1024 1024 16777216 2 2147483648 0 0 268435456 4718592 1073741824 524288 8 0 532480 0 0 16777216 0 2147483648 1074790912 524288 36928 65540 65536 0 1024 8404992 134218760 1048576 0 0 1048576 16785408 32768 1048576 0 8704 256 268501506 536870912 8256 0 16 0 128 1024 2113536 0 1 1024 2147483776 2147483648 0 512 603979840 2164260864 8 2048 33555456 0 4194304 128 67108929 5251072 0 268435970 512 1024 536870912 0 2048 0 134217728 16386 67125248 1073742848 256 0 0 0 16384 16777216 1 0 68157440 2097666 1342443680 8940800 42205184 1145307136 270794752 2168455552 4 2147492352 0 65536 1049666 0 0 0 0 2050 768 139264 0 6 32896 557056 0 8208 0 0 512 4 4096 2 0 262144 0 33024 2101248 33554432 0 8192 0 33554432 287309832 0 1082130432 0 16809984 32768 0 8390677 167773184 16777216 2147483648 1025 4 0 134217728 0 0 33792 1048576 0 0 268435457 1048576 16777216 8 0 33554432 524288 131072 16924672 0 33554432 524288 0 131072 0 2147483712 2048 0 134479872 1048608 67108864 2147487744 0 262144 133184 33554432 134217728 149504 0 139264 268435456 32768 0 4 553648160 268435472 0 135266304 2097152 16384 2164269056 131073 0 20480 1 65536 8388608 1073741824 536870912 0 128 2048 136323204 0 0 0 2097152 33554432 270336 2048 65536 0 32 131072 0 16384 32768 526352 0 0 524288 0 1073741826 1 0 134610944 1 134217731 2097216 2048 16384 16777225 8 64 18448 67108864 544 65536 0 0 0 131600 4259904 68 2048 0 33554432 0 258 67108864 0 2228240 2160066560 0 262144 147456 0 8 0 16777232 2048 0 134348816 2048 64 4194304 2097152 268435456 524293 1073741952 65 4259840 1048576 4 0 0 0 0 4726801 268437504 0 0 0 1 16 32 524288 2 67108864 0 0 1073741824 134217728 2112 0 266240 512 4194304 8388736 2147483648 2147483648 1342181376 131072 2048 256 256 2097152 134234112 0 2048 268439552 2048 2 0 0 67371264 67108932 0 32768 2147483648 128 0 256 0 0 2147483776 1048576 4194304 0 1089 1074266112 1 150994944 65536 0 68157440 16778240 1056 2 0 16 2147483712 2048 1024 604504064 37883904 2147500192 134240289 134218752 1048576 136 524288 0 524288 134217728 2048 2304 8193 0 33554432 67108872 8388608 268435456 0 268435456 0 9437184 16779266 256 17 67108864 0 0 2148007968 2097153 65536 0 0 2147483648
is_linear=0
shrinkage=0.05


Tree=52
num_leaves=31
num_cat=26
split_feature=4 30 42 36 42 36 36 36 42 36 36 36 36 36 36 42 36 36 36 36 42 36 20 30 36 36 36 36 42 36
split_gain=42.3457 26.5076 25.2273 21.1121 16.5921 17.6247 13.8515 13.5082 10.8683 17.5672 10.3314 9.86661 9.70384 9.54282 9.02716 8.81566 11.0688 8.39068 8.10262 8.03466 7.57138 7.51089 6.76067 6.35891 11.0532 7.32911 7.09709 6.20879 6.11723 6.10624
threshold=0.70311224460601818 1.0000000180025095e-35 0 1 2 3 4 5 6 7 8 9 10 11 12 13 14 15 16 17 18 19 0.13449337333440783 1.0000000180025095e-35 20 21 22 23 24 25
decision_type=2 2 9 9 9 9 9 9 9 9 9 9 9 9 9 9 9 9 9 9 9 9 2 2 9 9 9 9 9 9
left_child=14 4 3 22 5 -2 -4 -6 9 -8 -10 -11 -9 -7 -1 16 -14 -12 -17 -5 -16 -22 -3 26 -25 28 -23 -15 -26 -13
right_child=1 2 6 19 7 13 8 12 10 11 17 29 15 27 20 18 -18 -19 -20 -21 21 23 -24 24 25 -27 -28 -29 -30 -31
leaf_value=0.0033820721977439942 0.038102034135917166 0.24495100167507947 0.021925070922090298 -0.020693691049463295 0.0086098781301377682 0.021510426556998294 0.039611326041559529 0.003150123130018969 0.018514213946303759 0.036323029978241612 0.0087444635857866406 0.020316684046420834 0.013224031479730025 0.023632888448383026 -0.021980871166512185 0.0044167154435538983 -0.0059546141442038229 -0.0050475788234922792 -0.012651848804384754 0.052340794105547386 0.0060787659037546135 0.0066618774940477776 0.36638439353019625 0.019135864029726685 0.025189547364682083 -0.01098813041910065 -0.017630013774630648 -0.0035358229940011319 -0.0010409505031436974 -0.00031793665518325314
leaf_weight=5023 2927 392 3605 1099 9706 3256 2208 11561 3908 2606 5356 2460 3599 3358 41562 6481 64052 106015 147693 5203 4594 3656 1097 2594 1175 65026 115290 42733 2088 35414
leaf_count=5023 2927 392 3605 1099 9706 3256 2208 11561 3908 2606 5356 2460 3599 3358 41562 6481 64052 106015 147693 5203 4594 3656 1097 2594 1175 65026 115290 42733 2088 35414
internal_value=-0.000706201 -0.000427286 7.13989e-05 0.00284831 -0.000713232 9.49597e-05 -6.26928e-05 -0.000886991 -0.000132725 0.000548724 -0.000385095 0.00031118 -0.000963016 -0.000129007 -0.00124402 -0.00103663 -0.000560544 -0.000473843 -0.00124548 0.00157532 -0.00128863 -0.0011575 0.008185 -0.00120587 -0.000831041 -0.000952746 -0.00142933 -0.000314033 0.0013569 0.000105978
internal_weight=705737 464729 169363 7791 295366 52274 161572 243092 157967 42688 115279 40480 233386 49347 241008 221825 67651 111371 154174 6302 235985 194423 1489 189829 70883 68289 118946 46091 3263 37874
internal_count=705737 464729 169363 7791 295366 52274 161572 243092 157967 42688 115279 40480 233386 49347 241008 221825 67651 111371 154174 6302 235985 194423 1489 189829 70883 68289 118946 46091 3263 37874
cat_boundaries=0 7 35 43 69 97 125 133 160 188 215 243 271 299 307 334 362 389 417 425 453 480 509 537 565 573 599
cat_threshold=69255432 571473922 294912 0 1077968896 16793600 12 0 2147484680 1 64 4096 4194369 1073741824 0 268435458 512 0 536870912 69206016 0 0 16850944 82432 67125248 16 0 0 0 0 16384 0 4259840 2 68157444 16809992 3221882370 67306026 2218786816 67199232 16778240 1140855296 2 65568 1048580 65536 1073745920 2097152 134479876 80 4195328 1073741824 32768 64 0 256 4458496 0 0 16384 1049600 268435472 1 0 8 0 18432 0 4096 0 0 1 2147483712 134217728 0 0 2149580800 524288 4210704 17301504 8388608 8519682 8 0 524288 0 0 0 4096 4194304 8388864 131072 16777216 268435992 65536 67108880 536870912 2560 2 0 4 0 32896 0 262144 33554688 69632 8388608 270532608 8196 0 0 128 1610612993 536875136 16 512 0 4 0 0 512 67127296 0 134217728 17367232 268435456 1107361796 2156929044 673513601 272 855638050 128 0 16384 131072 268435456 1049088 0 0 110108672 1073742336 8912896 0 0 0 256 1082146816 268435458 33554436 16777216 67109408 1048576 16777216 2097152 0 1024 1 0 262144 0 131072 0 0 262144 131072 1610874888 2 4194304 134217728 67108896 0 0 0 512 1536 0 32772 524288 0 134218240 2151710784 2080 33554432 525312 0 8388616 2097152 8192 16 8192 1 2181038082 2160074753 18874496 0 8389632 16777216 0 256 64 2147483648 65536 0 0 402669568 1048576 0 0 1342177280 8 1048576 8192 0 134217728 83886080 4 4096 131120 0 1048576 131072 512 0 268436480 0 0 67108864 1024 524288 2181040128 1536 3072 512 4 64 4097 0 4194304 0 0 32768 1074806784 537919488 0 16384 33562624 268435456 0 135266308 131584 128 2098176 17 33554696 4194304 32768 33554562 278528 0 0 1073741824 67108880 0 0 0 2147483648 0 0 0 2048 0 0 68 2147483648 0 0 268435456 790528 0 268435458 0 0 4194312 16 0 1073741824 10493952 2 1074790400 2560 36864 327684 1048576 16 4194304 0 134217728 67371008 2113558 152043840 2147484672 655523 404754478 8388800 538968064 32 262144 2113536 0 0 8912896 268435456 8388628 34078720 8389632 0 0 0 2048 75497472 268435462 10 0 8240 2156134432 131072 0 0 0 0 0 2097152 32 2 545292288 32 0 33792 17301504 32 1 0 512 0 1073750016 32 268439552 0 0 1048608 33554432 65536 0 0 536870920 0 4 4194304 1179744 256 4096 545259552 288 0 34078728 131072 8392704 301989896 0 134217728 131136 0 794624 1216348160 268435456 0 0 8388608 0 6146 0 0 4194304 134217728 0 0 33554432 16777216 32 34603008 0 0 512 134217984 256 536879104 4096 64 8388608 32 0 10 268435456 2 268435456 2147483648 526336 17957888 0 134217728 268435456 655360 1048576 0 0 1073742080 17414 335806592 16640 33816576 1145315336 1074528257 423670144 4 0 1073741824 1073741824 0 49152 32769 35651584 0 8 32 268566528 0 0 262144 4489216 285212672 0 0 4096 131072 4 640 0 524288 134481920 1 36864 2097152 0 17039360 16 2048 0 65568 32768 96 4194304 1073741824 67108866 0 0 8388672 0 0 1 134217728 272384 17 1048578 2097216 2112 65536 4096 1048576 67108864 268435456 134225920 0 0 2048 4194304 131072 268435456 16 0 0 4521986 0 0 0 65538 72351744 16384 134217728 9437216 0 0 32784 16384 16777232 12 524288 4096 1 16777217 0 262144 1073741840 168034304 2304 512 4194304 0 4849664 0 0 2147483652 0 33554496 2048 16777472 8192 0 134234112 0 0 2155872256 131072 0 512 2415919104 32 3 2147483648 0 0 34668672 0 8320 33554464 268435968 524288 8388640 4194304 0 0 0 67108864 0 8388608 67109120 1048576 0 4096 1024 4194336 2151677952 32768 4096 4 134643712 16384 1073876992 26240 1048576 2170683392 1142947848 8 2147483652 0 2281768960 0 8388608 8 1572864 4212736 18 0 128 32 268468224 1310720 268435456 0 0 4194560 8388672 2097152 0 67584 2 0 0 131136
is_linear=0
shrinkage=0.05


Tree=53
num_leaves=31
num_cat=20
split_feature=6 30 22 41 40 36 36 41 36 36 28 36 36 22 36 36 36 38 36 36 18 18 36 28 36 36 34 22 36 36
split_gain=38.86 18.4355 17.2375 16.0918 14.7226 14.0709 13.2011 12.2659 15.9543 14.8915 11.6855 15.8126 11.0364 10.822 18.282 12.7755 10.42 9.11604 9.06553 8.458 8.32317 10.0045 8.01289 7.86499 7.73597 7.68665 7.62516 7.44143 19.4537 8.66897
threshold=0.85301926732063305 1.0000000180025095e-35 1.5000000000000002 0 1 2 3 4 5 6 0.96721795201301586 7 8 1.5000000000000002 9 10 11 12 13 14 0.91421428322792064 0.98485717177391063 15 0.5965000092983247 16 17 1.3650000095367434 4.5000000000000009 18 19
decision_type=2 2 2 9 9 9 9 9 9 9 2 9 9 2 9 9 9 9 9 9 2 2 9 2 9 9 2 2 9 9
left_child=10 7 4 6 20 -5 26 9 -9 -2 11 -1 -12 14 -11 -16 -15 -6 23 -17 -3 -22 -7 -13 -20 -14 -4 28 -24 -29
right_child=1 2 3 5 17 22 -8 8 -10 13 12 18 25 16 15 19 -18 -19 24 -21 21 -23 27 -25 -26 -27 -28 29 -30 -31
leaf_value=0.017265283492869703 0.026870488513561261 0.10575739336310606 0.41419487549100736 0.042611939851702217 0.059908814132830404 0.01579976253878702 0.035600437771527681 0.015541963506303364 -0.012272974810192331 0.027892180179937262 0.0057645938570717913 0.11255576717802432 0.0020091368718733152 0.012940295799436612 0.01740113248487906 0.010992761363018695 -0.0085548032595289987 0.0089628477950707379 0.0066002858294007512 -0.0031833592923632388 0.22228029643605268 0.099500538751826031 0.035796052964405599 0.004318939288482127 -0.010011921515145253 -0.01734425674743199 0.28793461542004278 0.01935652562315384 -0.01379311114845851 -0.00077703391245634475
leaf_weight=2696 3972 184 277 3376 306 4153 3952 3535 74613 2663 3780 116 7105 2667 4036 3543 84375 1710 6211 58483 136 187 1288 4351 136417 169133 974 4113 24471 92912
leaf_count=2696 3972 184 277 3376 306 4153 3952 3535 74613 2663 3780 116 7105 2667 4036 3543 84375 1710 6211 58483 136 187 1288 4351 136417 169133 974 4113 24471 92912
internal_value=-0.000684729 -0.000337207 0.000122446 4.61929e-05 0.00421652 -6.27864e-05 0.00276995 -0.00060393 -0.00111721 -0.000352724 -0.00108084 -0.000754564 -0.00135233 -0.000429891 3.9104e-05 -0.000124938 -0.000800237 0.00224963 -0.000824151 -0.000302481 0.0117423 0.0167978 -0.00014764 0.0013918 -0.000893655 -0.00140963 0.0072286 -0.000220775 -0.000976223 -2.02271e-05
internal_weight=705735 375926 138039 135516 2523 130313 5203 237887 78148 159739 329809 149791 180018 155767 68725 66062 87042 2016 147095 62026 507 323 126937 4467 142628 176238 1251 122784 25759 97025
internal_count=705735 375926 138039 135516 2523 130313 5203 237887 78148 159739 329809 149791 180018 155767 68725 66062 87042 2016 147095 62026 507 323 126937 4467 142628 176238 1251 122784 25759 97025
cat_boundaries=0 3 4 32 60 63 91 119 147 175 203 229 257 258 285 310 336 364 391 417 444
cat_threshold=2097152 0 16384 3760193536 0 2147516416 5 2164260928 0 8388608 0 8404992 2 4210688 0 0 8388609 16777280 0 0 0 42074112 0 0 0 268435520 131072 0 2048 1114112 67108867 2097156 0 1024 0 0 4130 64 1115684864 32768 268435458 75498112 0 0 0 264192 0 134225920 16384 67158016 1028 256 262144 0 0 0 0 1073741824 0 1048608 3206677568 395149441 131517 541067264 2 0 33554696 131072 5243008 4096 262144 134217728 8392704 0 2097152 67117056 1024 0 65536 524289 536870912 0 0 268435456 4096 134217728 4194304 1024 8192 0 1073741824 32 2152726528 0 2147483648 281018368 268435456 2097216 268435456 35651584 131072 1 0 8448 4 4 2048 0 539492352 268437504 512 0 0 0 2147483648 512 4096 1024 131072 0 0 65536 2 0 16384 8 2048 525824 0 139265 0 8 1024 536870912 66 16 2281701376 1073872896 0 32768 65792 0 133120 16777216 75513856 16 16384 0 0 0 2147483648 1073741824 131072 270532608 2147487744 0 0 0 0 8396804 0 0 16777216 2097152 0 512 403193872 4100 65664 0 0 402915330 1 2147483912 67371008 66560 4 0 0 572588036 2 8388736 0 0 524288 0 0 0 1073742848 8421376 8 0 0 2621440 75497472 16777216 2147483648 0 131088 2097152 67109376 0 135528452 0 2097152 0 1077936128 0 4128 101711876 262144 0 32768 8388608 2147484160 32768 71303200 0 65664 1536 4096 537133056 1 33554432 16900 0 0 1048576 16384 16777728 33562880 2 2102272 0 545259520 16384 33554432 0 0 0 0 8388673 1 0 262144 0 384 69888 0 1077936128 16777224 0 69206016 0 35651584 0 2147483648 4160 2155872256 29360128 0 0 32768 0 16 0 16384 0 64 134217728 138412034 276 524288 0 1056768 258 0 0 1 536870920 32 524320 65536 8 542720 33554435 65568 0 0 1048576 2097152 512 641 0 2149580800 268566528 32 134219776 8192 537395200 536870912 16777216 1024 67108880 131072 0 1048576 16384 16384 2147549184 301989888 0 0 0 134479872 2147484680 536870912 0 48 256 67108864 0 1048576 4608 4194305 512 0 32768 268435713 0 4194304 2048 0 2214597632 268435472 131072 537133056 0 68 1073741840 167774722 0 1073743872 8519680 0 4096 0 0 2048 264192 1179648 8192 8388608 4096 4195328 524288 0 0 2561 0 0 32 0 2097152 67108864 8192 4100 16777216 4096 2048 134217760 32 2147483648 512 64 0 2097152 32776 262146 0 32 20 16777232 131072 0 134217728 64 16384 272 0 402653248 0 0 0 1 33554434 128 2228224 0 0 64 1024 1798 0 0 0 9437184 1064961 201326592 655376 2097184 524288 0 48 0 532480 4 2048 2048 0 4 0 65536 0 536870912 4227584 1 524289 524288 4096 268435456 8388608 66560 65536 268451840 8192 0 553652225 256 524288 33554432 4194305 64 262144
is_linear=0
shrinkage=0.05


Tree=54
num_leaves=31
num_cat=18
split_feature=0 30 37 22 37 37 32 37 42 37 42 42 31 37 37 35 38 37 37 35 26 24 14 37 24 35 37 37 37 37
split_gain=36.3665 15.9698 12.7989 12.61 13.5713 11.6242 10.0655 16.3238 9.72386 9.36888 8.44777 8.44355 8.12841 7.91874 7.14044 6.31117 6.27921 6.14331 5.95745 5.80984 5.30508 12.169 5.91485 5.14202 5.00428 4.99163 4.84441 5.00783 4.81587 4.67907
threshold=1.1963081359863283 1.0000000180025095e-35 0 5.5000000000000009 1 2 21.545000076293949 3 4 5 6 7 3.0408500432968144 8 9 1.0626534819602969 10 11 12 0.81005272269248974 10.624264717102053 5.204397678375245 3.6964285373687749 13 5.4743139743804941 0.85972008109092724 14 15 16 17
decision_type=2 2 9 2 9 9 2 9 9 9 9 9 2 9 9 2 9 9 9 2 2 2 2 9 2 2 9 9 9 9
left_child=1 8 -3 9 20 -4 7 12 25 -2 -10 -11 -6 -8 -7 29 -9 -16 -12 28 24 -22 -23 -20 -5 -1 -21 -28 -19 -13
right_child=3 2 5 4 6 14 13 16 10 11 18 15 -14 -15 17 -17 -18 19 23 26 21 22 -24 -25 -26 -27 27 -29 -30 -31
leaf_value=0.016841009664422348 0.01759519087477308 0.011691537146726119 0.0070109099598336059 0.043316836452513961 0.05649437312327088 -0.022904197559965714 0.021575633162387406 0.088595352982960549 -0.0073228693222399778 0.00044946941167924243 0.0024653751847954677 0.0039723387533165113 -0.002993994903581613 -0.0041686126321149623 -0.019853599901814539 -0.017464091046160059 0.00038685418644458488 -0.014309272705426496 -0.0057829099495118217 0.0038225306588492215 0.9997389117517067 -0.041707650379823491 0.38756564004951066 -0.015386905225980933 -0.040944657513451228 -0.0052213307220534194 0.001447322837451692 -0.0077016856861748077 0.021596816566152147 -0.0050080776452718079
leaf_weight=2147 8222 5423 12630 3005 1426 6949 5581 161 57090 70805 4739 8833 414 17622 9142 17455 4481 897 13764 8284 117 213 249 187019 880 28881 12994 114583 2326 99133
leaf_count=2147 8222 5423 12630 3005 1426 6949 5581 161 57090 70805 4739 8833 414 17622 9142 17455 4481 897 13764 8284 117 213 249 187019 880 28881 12994 114583 2326 99133
internal_value=-0.000664544 -0.00092118 -0.000540441 -0.000162376 0.000727013 -0.000617716 0.000339692 0.0020816 -0.00114579 -0.000310934 -0.00124467 -0.00038023 0.00605078 -0.00014685 -0.000736456 -0.000626655 0.00049323 -0.000662892 -0.0013942 -0.000580252 0.00329385 0.00776293 0.00409287 -0.00143559 0.00263446 -0.000308322 -0.00063007 -0.000706121 0.00151752 -0.000484084
internal_weight=705465 466868 173228 238597 34149 167805 29685 6482 293640 204448 262612 196226 1840 23203 155175 125421 4642 148226 205522 139084 4464 579 462 200783 3885 31028 135861 127577 3223 107966
internal_count=705465 466868 173228 238597 34149 167805 29685 6482 293640 204448 262612 196226 1840 23203 155175 125421 4642 148226 205522 139084 4464 579 462 200783 3885 31028 135861 127577 3223 107966
cat_boundaries=0 24 51 77 103 111 137 145 153 180 205 206 233 260 287 313 340 365 392
cat_threshold=16 67141632 0 0 32768 8388608 131072 262144 536887296 572522496 8192 65536 34078724 18432 570425345 0 134348800 16 2114048 0 0 131072 134217728 1032 18 512 68224000 8 541065216 64 32768 0 2048 8528 2147483648 0 266248 33554432 0 0 524296 8 8192 33554432 0 16384 0 4194304 0 0 16785424 33 0 65536 16 32 536870928 4 135266304 2147483712 332 1073741824 0 4096 0 0 0 16896 0 12582912 1073741832 262144 0 8194 4194304 8388608 16777220 8912960 0 8320 73400576 0 3221225472 0 0 0 4194308 0 0 0 0 0 64 0 8389632 0 0 0 524288 0 0 32896 1024 85983240 656642 2214658618 2153775682 8450 1120 512 34 262144 262144 16 16 553648128 131136 536879168 18432 3147808 16384 0 0 134217728 8388608 1073741824 128 285212928 32 0 131072 0 0 134217728 1074790400 65536 32 135037060 156303936 838860800 67174557 268451860 1048576 1140850688 192 19431818 2149056514 34014208 2147483648 2216755200 553649217 805314560 34 0 4096 0 8388608 36864 268435456 2147484164 0 0 541069324 8388608 536870912 134217728 2147483648 525314 65538 8390656 0 16 0 67108864 4196352 0 0 1 0 4 134217732 8388608 1 262272 262144 4259840 1 0 36 65536 0 268697600 2147483648 16 0 1074806786 4194304 528384 2080 131072 2048 2 32768 16777216 2048 2048 537001984 2097152 1073741826 8 0 8 408944640 536870912 0 512 4194304 0 0 1073742084 4112 16 1 33554432 0 0 276824064 4 50331648 268435460 0 1048576 536871040 273154050 131072 262224 0 0 268451840 2 0 0 603979776 393216 1 0 0 268435584 1073741824 1024 1073741824 1073743872 8 0 0 2097280 1090519048 128 32 536870912 2147549184 2097152 8192 8388608 0 8 536871424 262148 1075838976 512 32768 16 524288 2147483653 8 82176 0 0 0 269484032 33556480 0 4 0 2 4194304 2097156 269223936 537133056 528 35651584 1024 0 536870912 2564 0 393216 2048 0 8388608 65536 8 0 524320 0 0 1048576 0 18432 4100 1073741824 1 65552 2 0 0 536871168 536870912 0 33280 0 65536 2147483664 33591296 527360 0 0 8390018 134218368 262144 2097152 1048576 8404992 33554432 0 0 0 128 0 65537 0 268435456 0 4096 4096 0 1048576 524288 8 0 0 2048 0 64 0 8389120 0 32768 65536 134217856 0 0 8 2097152 1 2147483648 0 0 8 0 16384 0 1074331648 268500992 0 2147483648 33554432 8388608 1088 524288 1082195968 1536 536870916 0 134219776 128 1 8 0 0 4 839385088
is_linear=0
shrinkage=0.05


Tree=55
num_leaves=31
num_cat=27
split_feature=4 35 42 36 35 36 42 36 36 36 42 36 42 36 36 36 36 36 36 36 36 36 40 36 42 36 36 36 36 42
split_gain=36.9952 20.6487 13.7706 14.9453 13.4995 18.9837 11.3912 15.3732 10.0101 9.84554 9.77059 9.81527 8.13743 8.17655 7.40798 7.3591 7.23034 6.88426 6.67193 6.4159 6.08926 6.03428 5.89551 5.76952 5.7602 8.31059 7.09271 5.59497 5.51351 5.26192
threshold=0.70311224460601818 1.0069045424461367 0 1 0.83300098776817333 2 3 4 5 6 7 8 9 10 11 12 13 14 15 16 17 18 19 20 21 22 23 24 25 26
decision_type=2 2 9 9 2 9 9 9 9 9 9 9 9 9 9 9 9 9 9 9 9 9 9 9 9 9 9 9 9 9
left_child=10 4 3 -3 5 22 7 -6 -8 -4 19 -12 27 -14 -13 -9 -15 -7 -5 -1 -11 -17 -2 -18 26 -26 -16 -10 -27 -19
right_child=1 2 9 18 6 17 8 15 12 20 11 14 13 16 24 21 23 29 -20 -21 -22 -23 -24 -25 25 28 -28 -29 -30 -31
leaf_value=0.0046461127115058343 0.51958653257130349 0.036661115174054307 0.0097461776544696312 0.019072790161315537 0.059342940395829304 0.056261258956630505 0.010702851815425806 0.034723980205693117 0.0042595376223200929 0.0055169702629822188 0.0093887403311613341 0.0051129240861688859 -0.017491214302861154 0.0067787357907989456 0.0083630016549464566 -0.018797367443383485 0.0060472991859377469 -0.0055378198110257425 -0.0032528624697890024 -0.019942726735289414 -0.014070438971461983 0.0014293351797502601 0.070565965665034591 -0.0032162802631754252 0.011335907219158503 -0.022366441493894464 -0.017319401399033721 -0.01491707200153123 -0.010639605477852865 0.017374580381078853
leaf_weight=1860 137 1525 3214 1649 3261 1339 7702 3234 2392 4390 3223 5536 4761 11471 2117 2432 12408 4756 17480 43301 98559 42537 817 214197 3666 6526 46632 18420 128566 7376
leaf_count=1860 137 1525 3214 1649 3261 1339 7702 3234 2392 4390 3223 5536 4761 11471 2117 2432 12408 4756 17480 43301 98559 42537 817 214197 3666 6526 46632 18420 128566 7376
internal_value=-0.000639008 -0.000377847 -0.000921735 0.000259617 -0.000173319 0.00132313 -0.000240192 0.000441767 -0.000369535 -0.00115148 -0.00114099 -0.000988221 -0.000421462 -0.0003401 -0.00103395 0.000216586 -0.000299009 0.000836114 -0.000121343 -0.00180427 -0.00123662 5.0633e-05 0.00809845 -0.000361019 -0.00108719 -0.000922721 -0.00155501 -0.00137012 -0.000986507 0.0004587
internal_weight=705484 464057 126817 20654 337240 14425 322815 51464 271351 106163 241427 196266 263649 242837 193043 48203 238076 13471 19129 45161 102949 44969 954 226605 187507 138758 48749 20812 135092 12132
internal_count=705484 464057 126817 20654 337240 14425 322815 51464 271351 106163 241427 196266 263649 242837 193043 48203 238076 13471 19129 45161 102949 44969 954 226605 187507 138758 48749 20812 135092 12132
cat_boundaries=0 8 36 64 71 99 128 155 163 191 199 226 254 282 308 336 364 393 420 447 448 473 481 509 537 565 593 600
cat_threshold=2097162 17301504 33817600 3222536192 137568512 27279361 2013265956 160 0 0 1049600 16384 67112960 64 0 25165840 268435456 4608 128 1081344 0 17 0 1032 16384 14336 0 4 0 1024 0 16384 4194305 16384 32 16384 8388608 2147483648 0 4 8388608 138412040 139460864 8388640 524416 67108864 0 0 1 1048576 2 67108864 0 268436480 0 0 0 1 32 131104 0 8388608 0 4096 16826504 1611857986 328254 2148007942 1140899840 268436000 4096 6 1024 0 2415919104 0 8388608 1077936128 2048 0 524288 32 536871944 134217760 32768 536871424 33824770 0 0 3145745 1048576 0 0 0 2147483648 0 1073745920 0 1048576 536870912 4 4096 268435456 0 0 16384 0 0 134221824 0 8912896 269090816 0 1064960 640 0 1081344 1409288192 524800 34078720 32776 0 0 0 69206016 0 1048576 1 0 0 136314880 16777216 268468224 16777216 16908288 0 256 1 2097216 65536 256 1024 2048 603981824 0 2147483712 8704 0 262144 0 524800 0 268435728 536870912 16 1046 335806592 25856 101187584 1145307136 1074331649 423666048 4 0 0 4 1048576 262144 33024 0 524288 67110912 268435490 268443648 0 0 0 33792 16777217 24576 0 1048576 2560 134221824 65536 268435520 0 21233664 0 0 67108864 71305216 33554432 268974080 1074003968 2281966084 750788608 2148575272 272 16384 0 302776448 0 0 2 34816 16384 8192 33554432 18432 0 256 2162689 2147487752 32 67174400 16777216 0 67618 0 0 4194304 0 0 2147483648 65536 16777216 1073741832 0 2151677952 0 0 2097152 4460544 0 4194304 0 0 25174016 262160 0 0 16777216 536870912 0 8388608 32768 262144 1048576 671744 134217744 1 557057 262144 131072 1064960 0 64 26214432 4 33554432 16777216 1073741824 2097168 0 32772 71319552 4204544 0 0 0 0 524352 16 0 0 512 1048576 16777216 131104 32768 8192 544 0 2 65 2228224 1048576 8 8192 1073741824 0 0 2164260864 0 0 1342242816 268435456 42467329 4198404 2147483648 1048576 1077936128 12582912 0 0 2147483648 2048 262170 16384 0 4194304 2147483648 8519680 16384 133122 2 16777216 65536 67109376 34816 2 0 268452872 0 33556480 0 0 0 0 0 0 2147483648 131072 2048 67108868 65536 256 0 0 131078 268435456 67108992 2176 33554433 34 9216 0 27262976 262144 0 0 0 0 0 1 4194304 1073741829 2080 536870912 134217728 0 262144 32 4194314 33554432 64 8388608 537004034 8 8192 0 4227072 516 67633152 0 8192 4194304 8192 536887296 524288 0 2098176 0 0 134217728 8 1048576 0 0 0 512 1 4196352 0 0 32 134218240 12583168 1024 544 2048 0 537001993 0 0 64 0 128 16384 0 256 1048576 134217732 2097152 1 0 512 2214592512 83918880 0 0 268435456 0 0 0 0 0 16 0 524292 524288 2097168 258 1048576 536870913 67633152 536903680 268699776 268435456 67125248 512 4096 655360 0 1 67256320 16842752 262144 0 0 0 0 2149713920 528 2359297 524288 16777216 0 0 2052 1024 128 256 536870912 570425344 524386 0 3 64 268435456 33554432 1074790912 16810752 12582944 657408 2284060672 33568776 10621314 2159149056 16 0 16 134217728 256 1073774592 268566592 128 131072 128 1048576 545259520 0 33558528 4 4194304 268435456 8388608 0 4100 16384 32 32768 0 1081360 0 8388624 64 4096 262212 0 1073741824 0 67108864 65664 0 0 64 2147516417 67108865 65536 0 67108864 2684354624 64 268435456 16793602 131072 0 4194304 0 262144 32 0 0 268435456 2099202 33620000 0 0 257 16384 2097152 0 100663808 0 0 16777264 131072 0 0 536875266 256 0 2 134217728 4 18433 0 1073741824 8192 4194304 0 38912 536870912 8388608 1048576 558080 8704 384 4 0 65536 262144 64 256 16777480 1073741824 0 2147483648 4096 65666 16908288 8388608 2 524800 1048576 0 0 0 0 16777216 2147483648 1602 9437184 1090789632 134365440 2101248 11153858 2164260992
is_linear=0
shrinkage=0.05


Tree=56
num_leaves=31
num_cat=16
split_feature=4 22 32 37 33 37 35 37 37 42 33 31 31 37 42 25 37 37 35 37 30 37 37 42 37 37 34 37 35 35
split_gain=34.1304 20.1082 16.2575 24.3382 15.2048 14.5673 12.4718 14.1174 12.4185 11.622 11.5118 9.9089 11.4341 9.33629 9.22461 8.24465 7.97756 7.77763 7.74935 7.69621 7.37249 11.4092 9.15177 8.10065 6.63651 6.11066 5.88526 5.70052 5.65832 5.61628
threshold=0.70311224460601818 5.5000000000000009 23.035000801086429 0 75.534999847412124 1 0.90901944041252147 2 3 4 68.514999389648452 3.0408500432968144 2.388049960136414 5 6 2.00000011920929 7 8 0.74277594685554515 9 1.0000000180025095e-35 10 11 12 13 14 1.6950000524520876 15 1.0057471394538882 1.0318102240562441
decision_type=2 2 2 9 2 9 2 9 9 9 2 2 2 9 9 2 9 9 2 9 2 9 9 9 9 9 2 9 2 2
left_child=13 6 3 4 10 -4 7 18 11 -8 -3 12 -5 -1 -11 -14 -16 -12 -2 -7 23 -22 -23 -15 -24 -9 -17 -25 -19 -18
right_child=1 2 5 8 -6 19 9 25 -10 14 17 -13 15 20 16 26 29 28 -20 -21 21 22 24 27 -26 -27 -28 -29 -30 -31
leaf_value=-0.021958652835247741 0.16222134705025165 0.035966492062404286 0.030457957851481861 0.013909575606104278 0.012523251037162054 0.0092730611072189655 3.5380511120843095e-05 0.011226198838001215 0.00033406976229388631 -0.0025699802822561806 0.058316580802017071 -0.020394135863926695 0.029191233715700239 -0.0032643203002952377 0.0016854085319785491 0.057551078910805159 -0.0077158026711538824 0.1942405881190683 0.03436294012364028 -0.006402279331048282 0.014364466578996699 0.0078744459752788792 0.0027610671561425948 0.0074900936121540104 -0.010948389139891036 -0.0036990260972536836 0.019768876784064748 -0.015929873344607187 0.15524847467711372 -0.016415206531139575
leaf_weight=17771 437 1167 3153 3140 1745 4081 66269 7973 19006 103215 643 1236 1361 17723 12330 609 143860 609 3645 29141 2853 6384 6806 3143 67464 17703 203 119052 154 43077
leaf_count=17771 437 1167 3153 3140 1745 4081 66269 7973 19006 103215 643 1236 1361 17723 12330 609 143860 609 3645 29141 2853 6384 6806 3143 67464 17703 203 119052 154 43077
internal_value=-0.000628699 -0.000378246 0.000428383 0.00129268 0.00475976 -0.000281436 -0.00051234 0.000472293 0.000704548 -0.000591801 0.00721348 0.00258041 0.0035223 -0.00111129 -0.000723174 0.0063098 -0.000921916 0.0102594 0.00319936 -0.000589926 -0.00102339 -0.000651645 -0.000761607 -0.00124533 -0.000917799 3.73724e-05 0.0102952 -0.00139017 0.0136854 -0.00100318
internal_weight=705953 464757 66248 29873 4318 36375 398509 29758 25555 368751 2573 6549 5313 241196 302482 2173 199267 1406 4082 33222 223425 83507 80654 139918 74270 25676 812 122195 763 186937
internal_count=705953 464757 66248 29873 4318 36375 398509 29758 25555 368751 2573 6549 5313 241196 302482 2173 199267 1406 4082 33222 223425 83507 80654 139918 74270 25676 812 122195 763 186937
cat_boundaries=0 26 53 81 108 116 143 151 175 193 220 247 273 281 308 335 362
cat_threshold=2128 4096 1081472 10485760 536875008 268435456 33024 1048580 2048 8400 0 134217728 4108 33554432 0 512 0 2098184 0 2097152 0 0 0 0 0 1024 0 0 65536 16386 0 64 67239940 0 16795648 2147487776 1073741824 4195328 262152 33554440 1024 0 32 0 8192 100663296 0 0 0 4194304 33554433 0 16777236 71303168 64 67108864 4104 536870912 2415919104 516 0 268500994 0 0 4194304 2147483652 64 269484032 0 8192 32 16 44040192 0 0 8 0 25165824 0 2052 1 11010048 67109376 8192 71303432 4194304 2147483648 0 0 40 4194316 0 0 0 2049 524288 64 0 16 16 1073741824 0 149504 1 0 32897 0 8 19431450 3222929410 67371010 2153775105 201400576 64 1409290272 32 8388612 8704 4 0 262148 272695296 402653184 0 32 0 0 262144 512 1073741840 134217744 2 4194304 256 32 524292 4194304 0 33280 0 33554432 262144 65544 128 159449088 1073889288 67109528 1344426112 562037889 536870919 64 2147483648 262144 268697600 0 4096 0 536870912 327680 2097152 838860800 16777216 131072 536871936 8388608 0 67584 768 1073741828 0 268566528 262144 4 2097288 1074790400 64 0 1048576 2097152 0 0 256 0 0 0 0 134217728 4108 33554432 0 512 0 1024 0 0 0 64 4325632 8 512 0 8200 536879432 0 0 135794688 0 268443648 65538 532488 0 16 0 0 2048 0 136323072 0 2151677952 8192 268435472 536870912 65536 65536 0 536870912 131072 131088 2147508224 8192 0 65536 41943040 16384 33562633 0 524288 16 536870912 0 0 131072 134217734 0 32768 16777216 2097153 2050 67371008 0 0 2 0 16777220 1073741824 0 33685768 0 0 4096 65536 536872192 67108864 16384 131072 12583424 5242880 16 0 12288 1024 536870912 65552 67960840 167773504 2415985208 66122 1053184 68157480 8196 2 32 0 1024 33554432 1024 0 0 8389120 2097152 134512644 17301504 0 524288 0 2097154 0 0 0 17825792 1084227584 33816576 22561 0 8192 0 536870912 16777216 2112 67108896 1600 256 0 16777216 672137216 0 10240 0 0 134250496 8 2181038080 0 1074003968 537395200 33792 16777216 0 0 0 0 16 268435456 4 301998080 805371904 2097152 0 4 536870912 0 2 524288 0 0 4587520 48 786432 2147483648 537395200 1073741824 1024 1073741824 2048 0 0 2048 2105476 8 16777216 32 536870912
is_linear=0
shrinkage=0.05


Tree=57
num_leaves=31
num_cat=19
split_feature=27 28 37 42 37 37 42 37 42 32 37 38 37 35 37 37 37 8 37 35 42 37 37 37 22 8 28 22 22 37
split_gain=34.4579 15.7674 23.2332 14.9962 12.1161 10.1473 8.69705 8.92672 8.65002 7.95756 7.43955 7.06008 6.7356 6.32394 9.50134 8.3544 6.15227 5.99772 5.82546 5.13888 5.06057 4.75858 4.72477 4.67376 4.40695 5.84863 4.73545 4.04003 3.91485 7.16725
threshold=0.76248472929000866 0.8980313539505006 0 1 2 3 4 5 6 20.365000724792484 7 8 9 0.99723875522613536 10 11 12 1.2870687246322634 13 0.61867865920066845 14 15 16 17 4.5000000000000009 6.0166618824005136 0.89250001311302196 5.5000000000000009 5.5000000000000009 18
decision_type=2 2 9 9 9 9 9 9 9 2 9 9 9 2 9 9 9 2 9 2 9 9 9 9 2 2 2 2 2 9
left_child=5 2 24 11 9 -1 -5 -8 -7 17 -9 -3 -10 14 19 -16 27 -4 -15 -14 -12 -18 -22 -20 26 -26 -2 -6 -17 -30
right_child=1 3 4 6 16 8 7 10 12 -11 20 -13 13 18 15 28 21 -19 23 -21 22 -23 -24 -25 25 -27 -28 -29 29 -31
leaf_value=0.0077597334564044208 0.008896063044981653 0.0058625988345059176 0.0048182425943259048 -0.017937057766663062 0.0014235850775385249 -0.0022914920283442337 -0.01980081981516707 -0.019742662944638081 -0.020301078207420043 0.013091798386744239 -0.0010523833637875615 -0.0046175580177610026 0.29094973931415141 0.0018023306360774255 0.0046189159020111337 -0.012084419450265642 -0.015533498475074889 0.3156783356998526 -0.0062449982367361861 0.0074937877313531742 0.00096158563378324143 -0.0024820469329034783 -0.0075138630092961723 -0.014608710862844912 0.031987509156928336 0.40812552794199775 0.051102366480659522 0.020314323050011542 0.020619758303938633 -0.0065066838556264509
leaf_weight=4871 7012 34002 296 16313 18772 26873 9394 10351 13345 14078 63419 24336 113 6297 7961 47122 4005 457 13372 3011 12643 101330 98302 154308 4105 104 907 4065 883 3849
leaf_count=4871 7012 34002 296 16313 18772 26873 9394 10351 13345 14078 63419 24336 113 6297 7961 47122 4005 457 13372 3011 12643 101330 98302 154308 4105 104 907 4065 883 3849
internal_value=-0.00060914 -0.000324205 7.71756e-05 -0.000555885 -0.000101092 -0.00103743 -0.00075252 -0.000659245 -0.00107718 0.00125135 -0.000582688 0.000153472 -0.00116874 -0.00110705 -0.00067759 -0.000817998 -0.000257679 0.00625663 -0.00126247 0.00200638 -0.000505291 -0.000418977 -0.000708953 -0.0013185 0.00217728 0.00348634 0.0014839 0.000486147 -0.00104955 0.000321149
internal_weight=705896 423891 155131 268760 143003 282005 210422 194109 277134 14831 184715 58338 250261 236916 62939 59815 128172 753 173977 3124 174364 105335 110945 167680 12128 4209 7919 22837 51854 4732
internal_count=705896 423891 155131 268760 143003 282005 210422 194109 277134 14831 184715 58338 250261 236916 62939 59815 128172 753 173977 3124 174364 105335 110945 167680 12128 4209 7919 22837 51854 4732
cat_boundaries=0 27 35 62 87 94 121 129 153 154 181 208 235 262 290 298 325 351 378 404
cat_threshold=0 64 67108968 67129344 671088640 0 0 8388608 10240 16 0 16 8 0 67108864 0 0 4128 1048592 4 0 4096 2 4194328 8388624 0 67108868 18972802 135790594 8406568 2148540424 1275142304 71303168 536872960 32 16 32 0 33554432 4112 16793600 8196 67108992 16388 0 0 4194304 4 8512 8388608 65536 150995968 536871936 8192 8388608 0 4194304 0 0 16777216 0 33564672 524288 32768 0 4 0 268435456 0 1074003968 3145728 16384 0 196640 33554432 2147504128 136 0 545260032 1073742336 2097152 0 128 2048 136323076 0 4194304 134479936 536891456 2416521236 67108864 2820 598019 2152759304 16384 64 1073742080 0 262144 0 465567752 1073741824 8192 0 0 0 512 33554432 0 512 8921088 2625536 1048576 1073741828 0 2 33587200 0 8388624 0 128 608206873 54526210 33620480 512 268468496 537920560 1174405636 130 0 32768 1048612 4194304 4 2162696 2105344 16777216 0 1073741824 1 0 0 1049152 400 0 4194304 131072 65568 134217728 1074003968 4194368 1 134348800 10753 0 512 1 344064 4 2147680256 805306369 1 36 65536 0 0 0 16 4112 2 0 4352 48 655364 268435456 0 512 0 0 262144 65544 65536 0 32 0 536870912 536870912 6291456 75628544 512 262144 2147745793 33555456 0 512 270532608 16 150994944 131072 0 0 67108896 0 0 536870912 65536 2148532288 570425344 0 2147483648 8192 1052672 65536 0 4 33554432 268451840 268436224 524288 32768 0 33816896 1572864 65536 0 2129920 16777216 8388608 0 0 10 2097160 0 553648128 512 2048 1073742336 8192 14680066 1026 2147483648 135282752 0 1073741824 2097480 1 0 0 0 4098 8650752 8 0 0 2097152 16 134234112 0 0 0 1073741824 524288 268435456 0 262144 0 0 0 2 1048720 16 8388608 0 1 794624 65536 1 1073758208 1024 2097168 4096 0 1074003968 131076 128 16777216 2305 0 18874368 1 524804 8389632 1073873026 8553984 275791881 1314816 8400935 128 134217730 12288 2 327680 0 4194304 272891904 0 5242880 0 0 0 32 4096 134217745 0 8192 512 2162696 0 67108864 1024 33564672 0 0 0 536870920 1 4096 16384 8388608 98304 134217728 0 33554437 2052 536903680 0 212994 537395200 0 68158464 0 262656 4 0 0 100663296 0 8320 1048576 0 1024 262160 536879104 16777216 0 0 2097160 17825792 2147483648 81920 96 16912384 2 2147484672 1 4194304 335544320 8192 0 8390656 269484032 50331648 0 0 0 0 0 2048 2048 0 525320 0 0 0 67142144 0 8 0 0 0 8 8 0 512 0 0 1114112 1048576 16 134218752 0 0 0 1024
is_linear=0
shrinkage=0.05


Tree=58
num_leaves=31
num_cat=24
split_feature=3 6 28 37 36 36 28 36 36 36 36 37 22 36 37 36 37 36 37 36 37 37 42 36 36 36 36 22 36 36
split_gain=28.7295 11.6194 10.945 10.7991 10.3318 9.85171 9.11332 12.0304 9.47502 8.30941 8.26053 7.8647 7.77411 22.1566 9.78323 9.382 7.74977 7.03484 6.68558 6.65198 6.58535 6.56063 5.98031 9.25171 6.10579 5.9281 5.90972 5.80977 13.3289 7.25154
threshold=0.8387930989265443 2.5119159221649174 0.9975000023841859 0 1 2 0.99950000643730175 3 4 5 6 7 5.5000000000000009 8 9 10 11 12 13 14 15 16 17 18 19 20 21 4.5000000000000009 22 23
decision_type=2 2 2 9 9 9 2 9 9 9 9 9 2 9 9 9 9 9 9 9 9 9 9 9 9 9 9 2 9 9
left_child=2 6 3 -1 -5 -3 7 21 -8 -4 -6 -10 17 -14 -15 -16 -11 -12 -9 20 -20 -2 23 -18 -24 -21 -7 29 -29 -27
right_child=1 5 9 4 10 26 8 18 11 16 12 -13 13 14 15 -17 22 -19 19 25 -22 -23 24 -25 -26 27 -28 28 -30 -31
leaf_value=0.022030188886390731 0.038436172535689692 0.057103623890701005 0.0065843343710518592 0.010533224802005492 0.0083709372487330031 -0.016574523113897545 0.0099504710745097966 0.0083560110237376525 -0.025299254223782763 0.0068273121215462309 0.0050593717685814589 -0.0066034149375484063 0.031880151745592826 0.016896308150381036 0.022350866845139941 -0.0073920974333249768 0.013969150719811363 -0.010340604104708218 0.02978685067392511 -0.014745412475938816 0.0018406646809610691 0.0020807180139066745 0.00337687262698258 -0.010042477110974985 -0.015562291433660246 0.0092201264331536071 0.0026552208211691689 0.032085894933450952 -0.0003818082367006868 -0.0049482565397635236
leaf_weight=2353 2392 4291 3195 3407 5885 2666 4876 5341 8430 3792 4693 122716 1216 2203 1048 17543 2345 119252 1551 3713 4881 2680 4172 22687 143529 4293 56511 2456 41776 99929
leaf_count=2353 2392 4291 3195 3407 5885 2666 4876 5341 8430 3792 4693 122716 1216 2203 1048 17543 2345 119252 1551 3713 4881 2680 4172 22687 143529 4293 56511 2456 41776 99929
internal_value=-0.000610642 -0.000305439 -0.000944057 -0.000639908 -0.000690899 0.000310072 -0.000433508 -0.000188329 -0.000738148 -0.00121077 -0.000752054 -0.0008186 -0.000826135 3.97523e-05 -0.00034535 -0.000719144 -0.00125647 -0.000979964 -0.000262579 -0.000321213 0.00125252 0.00220736 -0.00130559 -0.000590185 -0.00142678 -0.000387819 0.000142047 -0.000338363 0.000141749 -0.000542155
internal_weight=705822 368502 337320 157600 155247 63468 305034 169012 136022 179720 151840 131146 145955 22010 20794 18591 176525 123945 163940 158599 6432 5072 172733 25032 147701 152167 59177 148454 44232 104222
internal_count=705822 368502 337320 157600 155247 63468 305034 169012 136022 179720 151840 131146 145955 22010 20794 18591 176525 123945 163940 158599 6432 5072 172733 25032 147701 152167 59177 148454 44232 104222
cat_boundaries=0 28 55 83 110 138 166 194 221 249 276 302 328 355 382 410 437 464 471 499 527 555 584 613 641
cat_threshold=0 0 0 16 536870944 536870912 0 1082130432 66048 512 1073741824 1056 0 262656 0 536870912 150994944 131072 536870912 0 8192 0 2105472 8 12583168 2148532224 8208 1 16777216 0 1073807426 0 0 32 8388608 524288 2560 0 131072 0 0 0 536936448 524288 16384 2155873280 4326400 512 0 65536 0 2064 2064 8388616 268959752 32 2155872258 0 2181038144 2181042304 67108864 100663300 0 0 135168 0 0 256 0 0 134283264 805306368 0 268501008 0 128 68 0 0 0 131072 2 4100 514 1049856 4096 337641506 134217728 92274688 1073741824 0 0 53248 32 65792 138412032 0 1048576 0 0 0 2 0 0 0 0 2147483648 512 66048 1048592 524288 0 0 1073750032 0 2147483648 139264 524288 1107312640 4325888 0 33554496 524288 0 528 0 0 3145728 268963856 2415919104 0 2147483648 134217728 0 268435456 65536 0 1073741824 1024 0 0 2147483656 1073741824 0 270533120 0 3221225472 268959744 0 8192 532480 0 0 2048 0 0 16777216 134217728 4096 68752 65536 0 0 67108865 3221258248 201326592 0 1082130432 134217761 0 33554432 0 0 3072 1048576 16384 524288 65536 134217728 2052 786432 2 8192 256 67108864 2048 0 0 1082130434 32 20971520 0 36 2359296 137232 1073741888 0 81920 0 0 142606336 0 8192 264 0 0 0 33554496 33554434 1048576 536870912 0 1114112 1073741824 0 4194305 0 673189888 8388608 16777220 268435456 0 134217728 0 8192 65536 8 1 512 4227073 33554432 32 4194306 4194320 327936 16777216 0 2181038080 6 0 1048576 201326592 0 0 16384 2147483648 0 1 8192 0 67108864 1052672 20480 0 16777216 0 2048 537944072 264 0 536870912 524288 8 33554432 67108864 0 0 1048576 3145728 16 86016 2 0 0 1073741824 16777344 0 10 0 0 2048 301989889 4 68 1073741890 2097280 16777216 1048576 0 16 8192 2228228 201326592 0 1048580 8388640 0 0 2048 129 0 16384 335544320 294912 64 4 536870912 0 536870912 4 0 4194368 139264 268500992 0 16388 536870913 0 131072 1073741840 0 335560712 128 0 4 1073741824 0 16 536871952 33554432 0 131072 2097216 2 50331648 262144 1024 285212706 8388608 0 128 8389632 1048576 8192 0 0 512 524288 4194304 0 0 67108864 0 100663808 264192 4718594 0 32 16 134217760 0 8192 142606337 2097152 138412032 0 1040 0 0 1048576 0 1024 1024 0 2052 32 4194304 0 0 12582976 2148532232 8192 2147487744 8388608 0 16781312 1048576 2097152 1 1048576 64 0 0 16388 8405120 4194304 32768 256 32 134217856 0 1048576 4194816 67108872 2147483648 4194304 0 75497472 1024 524288 2097216 512 0 67113216 0 0 1049088 0 73728 260 0 2048 8 0 0 64 0 0 4 8388608 0 0 0 4194320 0 0 4 16 512 67109376 2218786816 536870914 0 16778048 0 0 0 2147483648 536870912 524288 8 524288 0 545259520 1024 1048580 1275068416 1024 0 0 0 64 4 4 73433089 2149188096 1107296256 9920 3358588964 68173904 1073872897 8194 0 0 16 0 3225419776 0 12288 33554432 8216 276824080 262144 35913728 0 0 537133056 2097152 64 0 1 4 2097152 16 16 8192 8192 0 4096 0 8192 134217728 64 0 0 131072 0 1048576 3145728 536872962 2 512 0 0 2147483648 0 18 2097152 269090816 134217856 260 16448 65536 4194320 69632 2 8192 524288 0 302252032 0 1 0 294912 536903680 2359296 41943552 262146 262152 256 1 2048 524288 1073807360 0 0 65536 536887296 2147483648 4194304 1 0 0 67108864 268435456 512 268435457 134221824 0 0 16 2148008448 4 1 2097184 66592 2 262144 33587200 268435456 0 131072 0 266244 131072 0 8 0 16777216 0 2147549184 65536 0 2 0 536870914 134217728 64 0 512 524832 8192 135266820 32 0 1073872896 1048610 0 0 67108864 0 33554432 9216 131072 16777216 0 1 0 16777216 4194336 10485760 0 2 17825800 0 0 1024 33570848 0 16448 0 0 268436480 0 525312 67108928 1024 536870912 128 16384 536872960 2097188 16777216 268435456 512 2 0 524288 0 0 134512640
is_linear=0
shrinkage=0.05


Tree=59
num_leaves=31
num_cat=16
split_feature=6 35 30 42 22 42 32 42 42 22 42 40 42 42 42 42 33 33 42 22 42 35 42 28 32 28 42 35 39 38
split_gain=29.6872 13.293 13.235 17.5733 13.8535 19.5865 12.6268 12.4513 11.0971 9.82446 9.32588 8.84289 8.30464 7.36917 6.88745 6.85471 6.28374 7.69869 8.0999 7.38049 6.07174 5.73101 7.02026 5.68617 5.36667 7.40795 5.09142 5.06648 6.68472 4.98121
threshold=0.82755813002586376 1.1047241091728213 1.0000000180025095e-35 0 1.5000000000000002 1 20.035000801086429 2 3 4.5000000000000009 4 5 6 7 8 9 73.715000152587905 75.604999542236342 10 5.5000000000000009 11 0.99982804059982311 12 0.7305000126361848 23.154999732971195 0.9284285604953767 13 0.67103970050811779 14 15
decision_type=2 2 2 9 2 9 2 9 9 2 9 9 9 9 9 9 2 2 9 2 9 2 9 2 2 2 9 2 1 9
left_child=8 2 7 6 5 -5 11 -2 -1 15 -11 -4 -9 -3 -6 -10 20 18 -18 -20 -16 22 -17 -21 25 -8 -19 28 -14 -7
right_child=1 13 3 4 14 29 24 12 9 10 -12 -13 27 -15 16 21 17 26 19 23 -22 -23 -24 -25 -26 -27 -28 -29 -30 -31
leaf_value=-0.015344478665655329 0.0018570931496080035 0.0034822811537396654 0.34554762801614064 0.20130734608719278 -0.012903025402726465 0.057150627935595645 0.1202163974843543 -0.0016849547665751701 -0.015464802292792049 0.0061758195823321625 -0.00451493287711815 0.015460355099273598 0.21457352909419314 -0.020953220276939022 0.0033126784517723048 0.017496360350028353 -0.004017173830836997 0.004207258607059036 0.008423281673701398 0.088361328959337626 -0.0056060359561390495 -0.010812579445002836 -0.0046447675775912484 0.02127447745100584 0.0063754982567318834 0.0082195673390103169 -0.0039051798244588414 -0.0080864209816486343 0.0060226727442404537 0.0089628493274613429
leaf_weight=55190 52647 3709 318 241 9090 345 3737 69018 48477 9749 64022 236 125 22332 19945 2360 4397 15192 6337 383 39503 98508 34872 4067 7375 2884 19740 108878 411 1590
leaf_count=55190 52647 3709 318 241 9090 345 3737 69018 48477 9749 64022 236 125 22332 19945 2360 4397 15192 6337 383 39503 98508 34872 4067 7375 2884 19740 108878 411 1590
internal_value=-0.000582553 -0.000292866 -0.000215297 0.000177277 -2.04821e-05 0.00393202 0.00181821 -0.00044529 -0.00094561 -0.000807833 -0.000320278 0.00921622 -0.000644632 -0.0013844 -9.30013e-05 -0.00100312 1.67916e-05 0.000429195 0.00136911 0.00210525 -0.000330872 -0.000820621 -0.000292214 0.00366771 0.00152604 0.00255927 2.06103e-05 -0.000915559 0.00392924 0.00219039
internal_weight=705678 392500 366459 135380 120830 2176 14550 231079 313178 257988 73771 554 178432 26041 118654 184217 109564 50116 15184 10787 59448 135740 37232 4450 13996 6621 34932 109414 536 1935
internal_count=705678 392500 366459 135380 120830 2176 14550 231079 313178 257988 73771 554 178432 26041 118654 184217 109564 50116 15184 10787 59448 135740 37232 4450 13996 6621 34932 109414 536 1935
cat_boundaries=0 7 12 20 28 36 37 45 53 60 68 76 84 91 99 100 101
cat_threshold=2244992 538509312 38010884 40960 4456481 16777224 545263629 524288 268435456 0 0 538968064 16793600 142607360 537592874 2219835394 100860162 16778432 536879104 34 258 939786368 551168 34340864 105119752 2359299 2168496512 4 608698433 1593344 294912 8704 1075839010 671105296 436210181 384 813695136 720902 2164785154 268451840 729757 268455944 1048578 67108992 200 514 67109888 4457472 8 539033600 10489920 32 160 134218256 8392704 2164785192 101450754 33589250 550068736 269484192 19456 8404992 4359168 143671296 2097280 3892986256 436209664 280 65537 134218752 17538 213013 605175808 1476395073 2216697856 104 16777283 134234112 1073760258 17029 605048832 268440576 67248128 9 671088649 4788544 2223046816 66 2147516418 608 512 98304 268436482 1342202114 2155873085 268582912 1207960656 2147483650 32 32 12352
is_linear=0
shrinkage=0.05


Tree=60
num_leaves=31
num_cat=24
split_feature=27 28 42 36 36 36 36 35 36 42 36 36 42 36 36 42 42 36 32 36 36 35 36 36 42 36 36 36 36 26
split_gain=27.2619 13.4991 15.6378 21.5464 11.7935 11.7709 11.039 10.8914 10.1288 9.56258 10.7297 8.71397 8.42217 8.36517 8.2947 7.94474 7.411 12.1787 7.36813 7.19291 6.98876 6.97299 14.9564 8.00404 7.58098 11.4633 8.11552 6.89002 6.68426 6.47526
threshold=0.76248472929000866 0.8980313539505006 0 1 2 3 4 1.0063279271125796 5 6 7 8 9 10 11 12 13 14 23.035000801086429 15 16 0.99914148449897777 17 18 19 20 21 22 23 0.81401520967483532
decision_type=2 2 9 9 9 9 9 2 9 9 9 9 9 9 9 9 9 9 2 9 9 2 9 9 9 9 9 9 9 2
left_child=6 2 3 18 -4 -3 15 12 -9 11 -11 -8 -7 -14 -6 -1 17 -10 -2 -5 -15 22 -12 -24 25 29 -26 -16 -28 -23
right_child=1 5 4 19 14 7 9 8 16 10 21 -13 13 20 27 -17 -18 -19 -20 -21 -22 24 23 -25 26 -27 28 -29 -30 -31
leaf_value=-0.005366794051679228 0.19471344823584755 0.011483447256917237 0.023979018009729014 0.071752187176301635 0.011726304853951333 -0.01259581408136355 0.0083860881329550514 0.0146911717350783 0.028085590640718545 0.0074978833691603675 0.021007584671279313 -0.016152231346816561 0.011670798671634904 -0.016426815397184533 0.009696770923368481 0.019316933766536731 -0.014454278775335569 -0.0035950094636685464 0.053204160174176111 0.0058645400144714784 -0.0021536333630175694 0.01291366625404749 0.010434108093235653 -0.0073792957999772148 0.0055953583497271977 -0.0056373197478590716 0.0014250126410793999 -0.0028584092999445754 -0.013534020005812043 0.078674982518614794
leaf_weight=3170 982 7602 2950 2334 5343 15449 2048 2570 1302 7122 2377 40451 5192 3662 6424 2597 69590 8653 1020 19783 154147 1278 2819 59770 4163 21057 6334 116353 128390 300
leaf_count=3170 982 7602 2950 2334 5343 15449 2048 2570 1302 7122 2377 40451 5192 3662 6424 2597 69590 8653 1020 19783 154147 1278 2819 59770 4163 21057 6334 116353 128390 300
internal_value=-0.000565672 -0.000312007 5.91366e-05 0.00122886 -0.000156202 -0.000526788 -0.000946655 -0.000583372 -0.00105993 -0.000991861 -0.000866254 -0.0016819 -0.000364106 -0.000258279 -0.000228283 0.00121712 -0.00115972 0.000116646 0.00618231 0.000777634 -0.000323296 -0.000926362 -0.000488941 -0.000636941 -0.00110235 -0.000253357 -0.00124061 -0.000312266 -0.00130783 0.00384204
internal_weight=705232 423356 155189 24119 131070 268167 281876 260565 82115 276109 233610 42499 178450 163001 128120 5767 79545 9955 2002 22117 157809 226488 64966 62589 161522 22635 138887 122777 134724 1578
internal_count=705232 423356 155189 24119 131070 268167 281876 260565 82115 276109 233610 42499 178450 163001 128120 5767 79545 9955 2002 22117 157809 226488 64966 62589 161522 22635 138887 122777 134724 1578
cat_boundaries=0 8 36 63 91 119 147 155 183 212 220 246 274 281 289 317 344 373 400 425 433 459 486 514 542
cat_threshold=134266888 276844544 855932962 2181038114 605036544 16777216 4233 66 262144 2147483648 0 2147483648 135170 65536 1073872896 1074003968 0 163840 268436480 0 67108864 263168 8388608 8396804 33554448 32 0 0 4194304 64 536870912 2147500032 0 0 0 4 25165824 8388608 0 96 0 0 131104 4195328 4194304 268435456 32768 65568 2415919104 32 1049088 67108928 16384 0 4096 524288 33280 268435460 0 0 0 9437248 2147483648 1073741824 0 0 64 294912 0 0 0 0 5242881 67108864 0 139264 576 0 2147483776 0 1048576 268435456 513 0 294912 2147500033 65536 402653696 0 67141664 536879104 1024 0 0 2147483648 134217728 0 268435456 0 1073741826 0 0 0 528384 36864 16 0 0 0 512 805879808 33591360 260 66560 0 4457472 81920 0 67117056 268437504 4194304 4096 16777216 0 2147483648 64 67108864 532480 512 0 1 536870912 16 2048 603980800 0 2097152 0 0 0 1024 0 0 1 603996169 16777216 34209824 2097158 268701696 548096 42729472 71573640 2418016320 2168463488 4 2147491840 1073741824 65536 9438210 0 16640 0 16777216 16384 0 0 2147483648 0 2147485696 1078493184 268435456 8388608 2147491840 4 1179648 4 0 2 540672 0 0 0 2101248 0 167772160 0 256 65537 524288 524296 1048600 0 512 16 131072 1048577 0 8256 536887296 268435456 1024 1 272 0 134217728 0 32 0 536870916 2064 0 1 2359296 1024 2449815568 262144 133636 8978451 2148704256 154 536870922 0 0 134217856 0 0 1073750016 34078976 1476395008 0 0 2147491840 134218240 2147483648 0 65600 524288 2424307776 4718672 0 0 8388608 0 0 1073741824 2097152 0 8448 1073741824 0 41943552 278922240 8454145 4096 2214592512 2214592512 0 0 142606336 33554432 0 1073741824 128 0 2097665 0 524288 0 0 0 0 8192 131076 2097152 66048 529408 1611145216 2182087096 67108872 2157068482 75501698 2162696 1639424 545342472 2147746824 1074995202 10485824 1879048196 160 524288 0 8389632 1073750017 537001984 8388608 1026 32 0 0 0 32768 0 1310720 536870912 0 0 14340 0 0 128 1073742016 262144 537935872 4194304 0 0 67108864 0 0 0 0 8388616 6291520 4194320 1081376 268435456 0 1 0 38813696 2048 0 402653184 0 20480 0 0 0 0 0 32 20979712 131104 268436480 16512 0 262144 544 402653184 16 34816 0 67108866 33554432 134217800 0 256 2097152 8 134217728 67108864 8 9 2162688 0 0 4096 0 262144 33554432 131072 0 2 4240 20971524 0 0 0 8519680 1073741832 33555456 1 4096 131072 135168 32 272 537133056 1073741824 1048576 0 1179648 8388608 0 134217728 2048 4 0 8 8 0 268451840 0 16384 5242880 1 8404992 0 512 17302016 16777216 0 2 1073741824 16778240 258 536879104 16781568 10 0 4194304 0 1073741824 2176 2048 71827537 1245696 33882128 2147484176 402784528 609222656 1140982016 288 4194304 0 67125504 4194304 4194304 1073743874 0 0 33554432 0 8388608 262144 2359296 8650760 0 16384 32 0 131072 134217728 0 16777216 262144 32816 520 608174080 536871424 262144 64 2112 2 0 2 4194312 2048 4194306 8 2 4202496 1024 0 33554432 0 0 2621440 1 0 2167297 0 131072 0 1073741824 1073741844 33560576 0 0 0 67174400 1048576 4 1073741826 512 16384 1216348160 268435456 0 8388608 16448 131072 1024 8554496 67108896 134217728 1 0 0 0 1048576 0 262152 524288 67108865 0 134217728 16777232 262144 4194304 17170432 0 2147483648 143360 0 65536 16777224 67108865 1024 1073741824 0 32768 1073741840 0 160 0 0 0 1 4096 134250496 134217728
is_linear=0
shrinkage=0.05


Tree=61
num_leaves=31
num_cat=20
split_feature=5 35 22 37 37 42 37 32 37 37 31 37 42 22 37 37 30 42 33 37 37 37 37 28 28 37 37 38 37 37
split_gain=26.0578 15.5215 12.1392 16.6209 11.2993 11.026 10.4377 9.90704 18.4195 11.7906 10.4783 8.64283 7.942 8.11707 14.6376 9.1892 8.42007 9.6622 8.48612 10.0374 7.48287 7.4805 7.38693 7.19536 7.11343 7.04768 6.44608 6.24224 5.67731 5.50789
threshold=0.65031421184539806 1.0069045424461367 5.5000000000000009 0 1 2 3 21.884999275207523 4 5 3.0408500432968144 6 7 1.5000000000000002 8 9 1.0000000180025095e-35 10 70.555000305175795 11 12 13 14 0.6055000126361848 0.50450000166893016 15 16 17 18 19
decision_type=2 2 2 9 9 9 9 2 9 9 2 9 9 2 9 9 2 9 2 9 9 9 9 2 2 9 9 9 9 9
left_child=11 2 6 -4 -3 -6 -2 8 10 -9 27 -1 -8 14 23 -15 18 -18 19 -16 -21 -13 -17 24 -14 -20 -10 -5 -24 -23
right_child=1 4 3 7 5 -7 12 9 26 -11 -12 21 13 15 16 22 17 -19 25 20 -22 29 28 -25 -26 -27 -28 -29 -30 -31
leaf_value=0.007486328241028118 0.031377322494342975 0.0079648994514173854 0.045141443818495969 0.085916835967685221 -0.00076131029899650406 -0.011618949038594704 -0.010715859752223588 0.017508213794522182 0.018057896146199414 -0.0039729189170699909 -0.0053296552323873359 -0.020936241002877887 0.015605852583584934 0.0085869416900683469 0.017542959504322303 0.0027633124055692041 0.098971171337965763 0.016339672380136033 0.0047860714596387587 0.0091424900779152364 -0.0028357864790856005 0.00060405102019280845 -0.015843308437361703 0.013388185010153007 0.23040305523312543 -0.0063648110968940221 -0.0022582907387766714 0.036862275722869979 -0.0054746990445156338 -0.01186200782495176
leaf_weight=4220 4859 4693 5255 323 33446 102698 19743 5386 2706 31484 884 14808 122 8719 5327 17333 244 1966 6773 8696 25388 9496 6611 6949 125 44043 7732 2300 166575 156387
leaf_count=4220 4859 4693 5255 323 33446 102698 19743 5386 2706 31484 884 14808 122 8719 5327 17333 244 1966 6773 8696 25388 9496 6611 6949 125 44043 7732 2300 166575 156387
internal_value=-0.000555412 -0.000374246 -0.000207901 0.000471277 -0.000822524 -0.00090566 -0.00032563 0.000194044 0.00132923 -0.00023528 0.00445779 -0.00106525 -0.000360722 -0.000296531 7.19377e-05 -0.000480805 -9.72715e-05 0.00295115 -0.000171982 0.000378628 6.27652e-05 -0.00111746 -0.000553444 0.00224226 0.0106149 -0.000599013 0.000273231 0.00605659 -0.000651946 -0.00102118
internal_weight=705291 520380 379543 56070 140837 136144 323473 50815 13945 36870 3507 184911 318614 298871 99633 199238 92437 2210 90227 39411 34084 180691 190519 7196 247 50816 10438 2623 173186 165883
internal_count=705291 520380 379543 56070 140837 136144 323473 50815 13945 36870 3507 184911 318614 298871 99633 199238 92437 2210 90227 39411 34084 180691 190519 7196 247 50816 10438 2623 173186 165883
cat_boundaries=0 27 55 63 90 116 143 170 178 206 232 238 264 291 318 344 371 398 399 425 452
cat_threshold=16 1073741824 1048576 536870928 8519680 8388608 4 4 18440 8216 0 131072 4104 2048 524288 0 8192 8 24592 1048584 0 4096 0 1048576 0 0 2097152 0 4096 1342177280 2097152 4194304 0 75497472 2048 538968096 1075855360 4096 1024 8192 1 1048704 262144 256 4 2147483648 268435464 0 0 2097280 0 64 536903680 0 1 2162760 25296896 33883136 2147484297 72425472 2113537 813730052 128 0 64 0 6 687865888 16400 64 16384 2099200 33554432 0 33826 0 4096 67108864 536870912 256 536871424 0 131072 0 0 0 1074791432 16 16777216 33554432 8912960 0 67150848 73400576 128 1073741824 32768 67108864 0 4194304 33554432 0 0 33554433 0 66112 0 1024 0 0 65536 4718592 2056 134217728 32896 1024 64 0 0 81920 536907776 268435520 268436224 16 16777220 4352 1073741824 536870912 1048576 0 268444672 0 0 0 2164260864 1073741824 0 2048 0 0 33554432 2147549188 12 2 0 0 16 0 0 0 1048576 24578 4 1090519040 65537 524288 16384 8388617 65536 524288 1073741840 536871424 16384 33554432 0 2105350 131072 0 16 570425344 2048 5024 2432743424 8388672 134480000 67239936 2152900648 273 2147483655 0 64 8388608 4096 0 8192 1048576 0 276824064 2148007936 0 537919488 8512 528384 8650752 805306368 4 0 402653184 0 524288 0 0 16809984 0 0 1 0 3221225504 268435504 0 0 131072 16777216 134479872 2 0 8388608 33685504 134218752 8388608 805306368 134217728 134217728 0 537931776 33554440 0 0 4224 4194304 8388608 4 0 268435456 0 256 536870913 2147483904 0 0 8 20480 65536 2147483648 1049090 536936464 2 67109124 0 0 4 16384 0 192 16777224 8 8388608 35651584 0 4259841 0 0 128 2098240 0 0 1052672 73400600 4325504 1344274496 134217728 262144 0 4096 0 4194304 0 1 1048576 66048 0 1024 2147483648 8388608 128 0 8 0 268435456 2147483648 524292 142622720 8389184 0 0 262144 4259840 402657280 0 1073741860 0 0 262144 0 0 134221840 8388610 0 570425344 40 655360 4194304 0 512 0 268435456 0 268435460 65536 0 4 8 8388608 0 131072 67174401 1090584576 73662752 2181038080 0 262144 0 258 0 8652288 32 0 0 1073741824 4196352 0 0 0 2097184 64 0 1146880 786432 8650768 16777280 536870916 2214592512 268435456 8320 0 536870912 134217728 33554432 0 64 262144 0 0 8388608 32 0 134217730 138412032 128 32768 2048 2361344 512 128 8388608 4194306 2147483648 35651584 65536 0 266368 2147483648 0 4 0 1107296256 0 8 8388608 1048580 1140850688 1073741840 134217728 4096 0 268435456 536870912 8192 71680 16384 0 256 327680 263296 0 268697610 0 1048576 8396800 0 262144 0 8192 4096 1310721 8 2097156 2097152 4 0 64 16777217 143360 0 32768 32 0 0 4100 32 0 1048576 8912896 2147483648 134217792 35000320 0 2147488000 65792 0 0 16778248 512 0 0 0 131104 8 1073741824 536870928 1073741824 16777216
is_linear=0
shrinkage=0.05


Tree=62
num_leaves=31
num_cat=27
split_feature=11 35 36 37 37 36 36 30 36 37 36 37 36 36 37 36 37 36 36 37 37 36 37 36 36 37 36 42 36 37
split_gain=24.5775 12.6661 12.1019 11.1529 10.4901 10.3544 10.3194 9.77296 11.9366 10.849 10.8515 10.1985 8.71719 8.61935 8.36851 8.18832 7.5458 7.53627 7.46714 7.22729 7.21092 7.15293 9.28489 6.78822 6.69814 9.40184 6.57515 8.06048 6.1125 6.07245
threshold=0.6857142746448518 1.0660022497177126 0 1 2 3 4 1.0000000180025095e-35 5 6 7 8 9 10 11 12 13 14 15 16 17 18 19 20 21 22 23 24 25 26
decision_type=2 2 9 9 9 9 9 2 9 9 9 9 9 9 9 9 9 9 9 9 9 9 9 9 9 9 9 9 9 9
left_child=4 3 -3 18 -1 -5 -6 9 20 13 14 15 16 -8 -11 -10 -13 -7 -2 -4 -9 22 -12 -19 25 -23 27 -14 -25 -26
right_child=1 2 19 5 6 17 7 8 11 10 21 12 26 -15 -16 -17 -18 23 -20 -21 -22 24 -24 28 29 -27 -28 -29 -30 -31
leaf_value=-0.01637732988217656 0.10301453363516827 0.0269656503540118 0.0035253902680720929 0.011447341588149411 0.0051088843953171767 -0.013960293162099248 0.033390106795253165 -0.0079405196031346534 -0.014022206900327572 0.021178425256402705 0.019705533493237969 0.026534938943493031 0.033168107138658774 1.0226878255207146e-05 -0.0042122492148964569 0.017658517878721958 0.0029810043108975766 0.006274616425699174 0.010037222115387259 -0.016231687995805516 0.018805410361524652 0.019834140589539417 -0.0069923822642254515 0.0051890986585978434 -0.0005099664551787167 -0.0074575775226336464 -0.0070503050029881685 0.00055796292468176362 -0.0022685114814830899 -0.012636701842818766
leaf_weight=17004 1507 1247 5216 10779 8238 4834 1438 1292 1210 2698 2231 990 908 5656 4833 3779 3342 13049 6272 33668 2671 1892 5966 17330 9966 8072 109179 3770 243260 173123
leaf_count=17004 1507 1247 5216 10779 8238 4834 1438 1292 1210 2698 2231 990 908 5656 4833 3779 3342 13049 6272 33668 2671 1892 5966 17330 9966 8072 109179 3770 243260 173123
internal_value=-0.000541876 -0.000233434 -0.00106717 -0.000120787 -0.000824271 -0.000171056 -0.000765477 -0.000807488 -0.000459742 -0.00101233 -0.00107764 -0.000546681 -0.000640208 0.000909922 0.000785269 0.0016655 0.00155883 -0.000229933 0.00174615 -0.00122278 0.00223767 -0.00114739 0.000299402 -0.000195314 -0.00120884 5.41347e-05 -0.000724019 0.00111004 -0.000251055 -0.00127757
internal_weight=705420 337162 40131 297031 368258 289252 351254 343016 127141 215875 208781 123178 118189 7094 7531 4989 4332 278473 7779 38884 3963 201250 8197 273639 193053 9964 113857 4678 260590 183089
internal_count=705420 337162 40131 297031 368258 289252 351254 343016 127141 215875 208781 123178 118189 7094 7531 4989 4332 278473 7779 38884 3963 201250 8197 273639 193053 9964 113857 4678 260590 183089
cat_boundaries=0 28 55 82 110 138 167 195 223 250 277 304 331 359 385 413 441 467 494 522 549 577 604 631 658 666 691 718
cat_threshold=4096 0 1048576 0 33554432 16777216 67108928 75498000 0 1 67108864 0 16777216 16384 2048 72 278528 67141632 524304 1 0 1024 0 0 134218240 98304 0 524288 2147483652 3221225472 48 0 536870912 0 1056836 18432 2099200 0 1048576 0 1073741824 16384 1024 8454144 268435456 0 0 0 0 0 0 1048576 20971520 2148532228 318832640 134217728 0 0 134217856 262148 65536 402653192 0 0 0 8388608 262144 36 1048592 134221840 2 4194304 33554688 48 524288 4194304 67108866 33280 0 33554432 0 65536 2148532224 1024 4096 72 8519680 268435488 0 2 1073742848 0 67108864 276824064 8192 0 256 128 0 33554432 268435472 1049088 16777280 0 134217728 0 1536 8392704 0 2097152 0 0 65536 16777216 0 32768 1342177280 528384 2147483648 272629762 0 65538 532480 5120 0 0 2147500032 8192 1048576 0 32769 65664 8388608 0 138412032 0 1073741864 262144 268435456 262144 1073741856 0 0 0 0 2097154 8388608 1073758336 131082 134234112 131072 134217728 0 0 0 4 0 32 0 10485824 32768 81920 16779264 536870920 16 0 1 524288 0 268697600 256 536936448 0 1048576 0 0 0 0 32800 2148532224 167792896 0 1610678288 8 1073741824 0 0 128 0 2105472 1090519040 4194320 32 0 1 536870912 0 262144 16 0 131072 33554432 0 0 0 0 0 134217732 2048 33554434 67108992 16 2097152 16777728 134218240 262144 4112 2147745792 131088 0 2097664 33570816 201326848 524290 32768 65536 0 0 536870912 537001984 134217732 2147508224 2147614724 0 65536 41947136 16384 33562626 0 524288 16 547356672 0 0 131072 0 1073741824 0 2097152 2097152 4202496 0 134217728 268435456 1026 65536 2097152 0 524290 256 540704 131072 10 0 1090519040 0 1048576 134217728 262144 131072 134217728 4 80 524288 268435712 0 67108864 537133056 276824064 0 1073741824 8388624 128 16 131104 0 131072 0 0 0 1073741824 268435456 1024 1073741824 263168 0 1048576 32 1 64 0 524288 0 1024 67108928 32 74754 67633152 4194304 1075838976 256 67108864 1073741824 4194560 33554432 536870912 134746112 0 0 0 8192 0 2147483648 68157440 0 67584 8 0 536870912 16 32768 160 37748736 10368 8 1181696 2304 1 131072 0 0 524288 268435456 262144 0 2298494976 16512 16777216 0 0 536870912 262144 0 0 0 0 1 0 2097152 2112 0 0 33640448 0 0 0 0 0 264 33554432 0 262144 0 4194305 0 0 1024 1048580 0 32 1 0 0 0 2147484672 4096 131072 301989888 512 256 0 32768 0 0 0 16644 33554432 262400 2097216 8 32 139266 0 134217728 67584 0 0 13176832 0 0 0 65536 268501056 262144 2147491840 0 2147483648 1082130432 12582913 24 0 0 0 8388608 1 0 8192 0 66048 2048 0 0 0 0 1 0 2147483648 8192 0 2 4 67110928 2147495968 640 136314880 2 0 8388864 32 5242880 1075855392 0 0 0 0 1048576 262144 16777472 32 16777216 2097152 4194304 0 8 0 0 32768 0 12800 536871936 100683776 4096 0 2228480 512 536870914 0 0 0 520 0 1056768 8388608 8192 0 2 134217728 67108864 0 0 0 536870912 65536 301989904 8 0 0 1073741824 33556480 512 4096 33554432 128 0 128 0 0 67141632 262144 50331648 16785664 0 2101248 536887296 1073741828 512 0 2048 0 16384 2148008449 10240 67502160 4194304 12288 4194304 0 16777216 67142144 536870912 0 136 2147483648 134220800 134479872 0 524288 0 1024 0 0 131072 1073741824 131072 33554434 0 0 4 8196 33554944 8388608 1024 134217728 262144 0 1073741824 33554432 512 0 8192 4 268500992 16 4718592 0 33554688 33024 67109120 4096 4198400 1073741824 1 0 16777224 131072 0 1052672 83886082 2 16384 134348800 5242880 2148548736 128 4459520 3072 0 536870912 0 2048 0 512 268435456 2101250 536875008 0 0 0 0 1073741824 0 524288 0 4096 67108928 67112960 0 0 0 0 16777732 2048 1048584 262432 2181046272 167788560 134221824 1 0 0 512 512 1052672 301989888 0 2048 0 134217728 0 0 8 0 16 0 2147551296 0 33 2 1073741824 0 0 536870976 32768 4096 262144 524544 1090519041 1024 0 2147483648 526336 0 1207959552 0 1081600 0 1048640 2 539033664 16777216 256 2147483673 16384 20480 538968068 2 1073741856 536870928 2147483648 17 67633160 134217728 8 18432 16640 4096 0 0 142606339 0 8388608 2 536870945 135270400 64 0 0 16777216 0 0 4194304 65536 0 1048580 67108880 8388608 0 4194306 201326592 2 16384 16908288 131072 0 1073741824 872939520 0 0 0 1610612736 33570816 0 2048 12 0 16777218 0 33554436
is_linear=0
shrinkage=0.05


Tree=63
num_leaves=31
num_cat=25
split_feature=3 22 37 22 36 36 36 37 36 30 37 36 36 37 37 37 36 37 36 36 36 32 36 37 42 42 36 36 36 37
split_gain=24.4513 14.0419 15.4451 14.0483 16.9894 13.6484 13.5823 13.5048 13.0563 10.4712 16.7068 10.6161 10.4425 9.59503 9.52748 9.34742 8.76279 8.14853 13.7477 7.84495 7.7497 7.90092 22.6657 13.0751 10.0953 7.92308 13.9242 9.84202 7.54271 7.49929
threshold=0.71211636066436779 4.5000000000000009 0 1.5000000000000002 1 2 3 4 5 1.0000000180025095e-35 6 7 8 9 10 11 12 13 14 15 16 21.035000801086429 17 18 19 20 21 22 23 24
decision_type=2 2 9 2 9 9 9 9 9 2 9 9 9 9 9 9 9 9 9 9 9 2 9 9 9 9 9 9 9 9
left_child=14 3 6 4 13 29 -3 19 -9 11 -11 15 -4 -2 -1 -10 -16 18 -13 -6 -14 22 24 -24 -22 26 -23 -27 -19 -5
right_child=1 2 12 5 7 -7 -8 8 9 10 -12 17 20 -15 16 -17 -18 28 -20 -21 21 25 23 -25 -26 27 -28 -29 -30 -31
leaf_value=-0.017106511936031736 0.047404171443470533 0.2139383460676566 0.015382252260013444 0.034673934325159722 -0.0061045459147535822 -0.0075478600022578189 0.017177940017998584 0.013074489887102907 0.024615035651981639 0.2210508936420309 0.01905094969986397 0.026938022571595513 -0.016324377999117064 0.013099991923154076 0.0053130701354959457 0.002077810297112554 -0.0087186468045161621 0.010477653846835249 0.00020935661382572246 0.028768194459984825 0.050740396174772273 0.042474760829943975 0.024992529688594372 -0.0035548098069199891 0.024713049108693375 0.018360031798539199 0.0020841076913637306 -0.003841694391352065 -0.0056714177154719497 0.0019360483188103931
leaf_weight=15432 961 1167 3402 2094 1009 182597 7234 5396 1843 129 2665 1298 3471 2491 4832 4631 246733 4315 6967 3572 356 1450 2945 8593 900 2426 22479 70711 90193 3434
leaf_count=15432 961 1167 3402 2094 1009 182597 7234 5396 1843 129 2665 1298 3471 2491 4832 4631 246733 4315 6967 3572 356 1450 2945 8593 900 2426 22479 70711 90193 3434
internal_value=-0.00052983 -0.000300237 0.00014756 -0.000478921 -6.91401e-05 -0.000752223 0.00221677 -0.000167133 -0.000271121 -0.000386897 0.00263506 -0.000464243 -1.56385e-06 0.00338435 -0.000907095 0.00149807 -0.000832999 -0.000587957 0.000916807 0.00249292 -8.36192e-05 -1.00123e-05 0.00115787 0.000459347 0.00750592 -0.00016396 0.000625626 -0.000422329 -0.000719644 0.00169345
internal_weight=705726 438729 125134 313595 125470 188125 8401 122018 117437 112041 2794 109247 116733 3452 266997 6474 251565 102773 8265 4581 113331 109860 12794 11538 1256 97066 23929 73137 94508 5528
internal_count=705726 438729 125134 313595 125470 188125 8401 122018 117437 112041 2794 109247 116733 3452 266997 6474 251565 102773 8265 4581 113331 109860 12794 11538 1256 97066 23929 73137 94508 5528
cat_boundaries=0 25 53 81 109 137 164 184 212 239 266 293 320 348 374 401 429 457 485 511 517 525 552 580 608 635
cat_threshold=786449 0 16 66 545259520 131072 0 2048 16779264 3760201744 4097 1024 0 0 0 0 134225920 8 512 0 0 0 4097 5242880 4194320 33 65572 0 2147487744 33554432 0 67108992 512 33554432 0 0 33554432 8192 1024 537395200 128 8389632 0 268437520 83919360 0 512 0 0 512 0 0 1310724 0 1049600 4096 1048640 0 536870912 131088 0 1040 1024 4 4259840 8388608 0 0 0 256 192 196610 0 524292 296960 134217728 2147483652 1024 33554432 0 134217728 256 2147483648 2147483648 2147483648 135168 1048576 1073741824 0 4194304 0 67109888 536870976 4198400 2176 0 73728 0 67125248 67108864 0 0 4194368 0 16384 0 1077936128 1048578 1048580 0 0 96 16 4096 268435456 1056832 16384 1050624 276824064 16777216 0 0 0 67108864 262144 268697856 12 2147483648 133120 0 0 134217738 0 16 1048576 0 1 67109376 2097152 0 1073741824 65540 0 33554432 128 655360 135168 0 0 32768 1077936128 32770 0 536870912 33792 0 1024 33555456 4194304 2147483648 4194304 2097152 20992 262160 0 0 0 0 0 0 0 0 0 0 0 0 0 0 0 0 0 0 16777232 1073741824 9437184 0 1048576 0 2097152 2147483648 1049664 262144 128 65544 0 44 134217732 67108864 8388672 2056 262144 2048 512 0 0 2147487744 0 16 2147483648 0 34 134217728 0 0 0 68 1024 67108864 4194305 41943040 526340 0 0 0 268435456 268435456 0 131072 0 301989888 0 0 0 2147557376 655360 0 16 546439248 8388881 66 262656 4160 256 536875008 0 32768 65536 2048 67108868 0 262144 0 0 0 0 1025 0 0 0 67108864 0 0 1048576 0 4194304 8196 134217728 512 0 0 262144 65536 402653192 1 0 0 0 262144 32 135266304 134217744 2 0 33558784 48 131201 4194304 67108866 33280 0 276889600 0 8 526400 12288 70656 2227699712 16 2147483648 536871168 65536 1073741824 4100 0 0 4096 8 0 0 0 8389632 16777216 134217728 0 1 2048 0 0 536871936 4 1024 0 0 2147483648 64 32768 0 0 1073741824 272630018 67108864 134217728 0 0 0 1 24576 2147483648 1048576 2155872768 1 66068 65536 524304 138412032 0 34078720 67108864 2097154 0 1048584 75497472 65536 16384 2097154 2148532224 268435488 0 2148007938 1024 536870912 1 0 1610614784 0 0 0 2097152 67108864 1 0 0 21004416 64 65536 0 0 8192 67108880 134217728 2097152 2048 32 0 0 524288 0 32912 0 1090551808 1208483840 262144 524302 0 2164555776 1048576 0 16416 4194304 0 32768 134217728 0 16 32 4096 536875088 0 0 268435456 0 131072 0 8388608 0 67108880 536870912 553648640 0 131072 1028 0 1048580 0 1048832 2050 0 8388610 8 0 0 0 131072 4194308 16 32768 402653184 0 8389632 32768 0 2147483648 1 262144 262144 524288 0 2621448 25264128 264192 0 0 4194305 0 2147483648 0 268828704 0 67125248 131072 0 2224062464 272630528 128 20480 1 16384 268435456 0 4 128 8388608 134234112 268435488 0 0 0 0 0 262153 0 4194304 4194304 262144 256 75497472 512 9344 2219835648 2 3221225472 32768 65536 0 67108896 0 2048 4096 33554432 0 65600 0 0 0 0 0 4718592 8 0 268468288 536871940 6 2483027968 8192 134218240 0 3145728 18924547 134217728 1073742848 33563164 604045313 2701279314 335548416 128 264196 134217728 0 0 65672 21103104 270368 4096 8405504 0 0 131072 134479888 2147516416 0 0 0 256 268435488 1048576 0 0 0 536870912 0 8 262144 64 8421888 0 469762048 0 8388608 536870912 0 4194336 2147483664 537657376 0 1 0 0 268435456 2097152 49153 0 2147483648 1048832 1 0 67108864 270532608 4096 0 2 10 8388608 16384 33554432 268435584 49376 8 69632 64 268436480 0 0 16777344 0 1028 2 512 2097152 0 1 1 65536 0 0 0 1073774592 16777216 32 262224 0 128 71307264 536870912 0 1091567616 4 65536 262528 0 671088640 0 0 524288 2 8388608 0 17834000 1073741824 65536 65536 0 16 128 0 4
is_linear=0
shrinkage=0.05


Tree=64
num_leaves=31
num_cat=26
split_feature=4 35 42 36 37 36 22 36 37 36 36 36 37 22 36 37 36 36 36 37 36 37 36 37 36 36 36 37 36 36
split_gain=22.8072 13.7552 12.041 13.1259 11.1343 9.93841 9.9036 19.3706 11.7674 10.6121 9.81869 8.97088 8.00805 7.85527 18.3367 11.3858 10.5358 10.0582 10.0569 9.4466 8.36524 10.8924 8.09867 7.84695 12.373 8.06854 7.6107 7.37187 7.32991 7.3112
threshold=0.70311224460601818 1.012880325317383 0 1 2 3 5.5000000000000009 4 5 6 7 8 9 1.5000000000000002 10 11 12 13 14 15 16 17 18 19 20 21 22 23 24 25
decision_type=2 2 9 9 9 9 2 9 9 9 9 9 9 2 9 9 9 9 9 9 9 9 9 9 9 9 9 9 9 9
left_child=5 4 3 -3 10 -1 11 -8 -9 -10 -2 -6 -7 14 19 16 -16 -15 27 -13 21 -20 -19 24 -22 -25 -4 -17 -14 -11
right_child=1 2 26 -5 6 12 7 8 9 29 -12 13 28 17 15 18 -18 22 20 -21 23 -23 -24 25 -26 -27 -28 -29 -30 -31
leaf_value=0.0046138300948335874 0.10980332641433749 0.049103495929385926 0.0072115758687301473 1.9486358724909501e-05 -0.015431600652012127 0.0046195992552748276 0.046674662378444511 0.037192308939427141 0.031178131122152376 0.022633191869698446 0.0084719789917373448 0.039680206729486522 0.0023862819954405309 0.0091171854533186256 0.063087219724509841 0.037698690199917041 0.0086500918953397662 0.0070422443674127136 0.028079951634106221 0.012429309818999574 0.023568454800369083 0.0010271929039293085 -0.0051919733515287097 0.011711050009949899 0.0010115904406135889 -0.0044313749239263608 -0.010551096833065845 0.0011877198818762082 -0.010063353051387216 -0.0015521558406377349
leaf_weight=5433 1528 1409 2374 15833 5447 4868 1906 4562 1725 1818 7926 1583 7731 5233 761 1568 3836 7280 1411 2234 1285 3045 178855 3619 6798 67988 91841 1789 223216 40706
leaf_count=5433 1528 1409 2374 15833 5447 4868 1906 4562 1725 1818 7926 1583 7731 5233 761 1568 3836 7280 1411 2234 1285 3045 178855 3619 6798 67988 91841 1789 223216 40706
internal_value=-0.000521352 -0.000316457 -0.000800683 0.00041413 -0.000163522 -0.000915735 -0.000210134 0.000434904 0.00024113 -8.41677e-06 0.00152826 -0.000321898 -0.00096443 -0.000283724 8.55673e-05 -5.53686e-05 0.00236708 -0.000468833 -0.000182914 0.00347636 -0.000290113 0.00181554 -0.000529625 -0.000408088 0.00106777 -0.000574821 -0.00102294 0.00249629 -0.00100675 -0.000164806
internal_weight=705608 464360 111457 17242 352903 241248 343449 50717 48811 44249 9454 292732 235815 287285 95917 92100 4597 191368 87503 3817 84146 4456 186135 79690 8083 71607 94215 3357 230947 42524
internal_count=705608 464360 111457 17242 352903 241248 343449 50717 48811 44249 9454 292732 235815 287285 95917 92100 4597 191368 87503 3817 84146 4456 186135 79690 8083 71607 94215 3357 230947 42524
cat_boundaries=0 8 35 62 90 116 142 170 198 226 253 281 309 335 363 390 417 444 471 499 526 552 580 608 635 664 692
cat_threshold=2179146 8912928 33832960 2148532224 204546048 25182208 1210191908 160 0 256 8388608 16384 135168 0 0 8388640 268435456 512 16576 0 2097152 16385 0 1032 18432 67153920 0 1048576 0 1024 1 16384 134217729 32768 32 4 1073741824 48 8 553648160 16384 64 16384 2048 0 0 33810 0 8414208 8 65536 0 1073872896 8192 268435464 0 0 0 1074790400 0 16777220 67108864 9216 0 4 2147483648 0 0 268435456 4096 2048 272629762 8388608 0 134225920 4194320 0 0 2147483648 0 1048576 768 36865 268500992 2147483648 16 134217728 1 1073741825 67108872 0 16384 1 268435520 67109888 0 541081601 6307840 76546050 0 17301505 67108936 0 0 16384 0 0 301989888 65537 0 0 64 0 0 16777216 8256 80 0 32768 536887296 138412032 0 256 4 8196 2684354816 1073741824 0 266248 33556480 524288 0 0 2097160 8 67108864 4194304 134350848 9 0 0 4194304 1048584 163840 131328 0 0 131080 0 8192 134217792 2147483680 0 0 0 0 0 257 274726928 6324227 0 0 0 0 131072 0 0 0 2097157 36864 1048576 3221225472 0 2147483648 8388624 142606336 0 1073872896 0 0 0 16777216 0 33554436 33554464 65536 0 0 4 0 0 0 0 2147500036 268509184 0 0 2052 0 512 268435584 512 0 0 32768 16384 0 33554432 18442 0 256 18890752 2281703432 32 67174408 0 8192 4194304 0 0 2147483648 528384 16384 8 131072 1 268435458 32768 128 4 536936448 0 0 0 538984448 134217984 0 65536 786432 20480 545259521 0 524320 16 536872960 0 0 0 2105472 8 4194304 33554432 2097152 603979777 0 8192 8 33554432 0 67108864 0 33685632 32768 0 0 0 1073742848 537395200 0 1073742880 0 268435472 83886592 0 512 32768 32 2097152 1073745920 0 1310720 2147483650 131072 64 18 4096 0 672137216 2148534288 1342177312 276824064 16777216 0 0 33554496 0 2048 0 4 0 134219776 0 0 33554434 0 16777216 2147483648 0 1 33554438 8388608 0 4194304 13631488 0 1048640 0 0 0 0 0 0 262146 0 0 0 9216 2097728 1081344 0 4224 0 0 262144 65 2147483648 1040 4096 16811012 0 0 0 2147483648 16 0 67108864 0 16960 4608 0 0 1 256 0 0 524356 1090553856 0 100663296 524288 35651584 128 1073741824 1048576 2162688 0 1073741824 0 32768 8396808 0 0 134283264 0 40 134250500 0 67108868 0 537395264 1050624 4720896 0 33554432 0 0 4194304 0 544 6 64 262208 68161536 6291712 102418 1073741824 8421376 0 0 4 0 536870912 135266304 0 0 66 536871936 0 0 0 0 524289 0 134217728 0 64 4 68096 2 0 134217728 0 268697600 1073741824 138936832 0 4096 8388608 268443648 104865792 0 0 0 0 36864 0 1048576 1 4210688 0 131072 512 4196352 32 76021824 4096 8192 4352 2 268435520 0 0 0 4352 2147483648 536870912 8 1 0 512 8912896 1024 4 8388608 1024 66560 134219776 16 0 1024 8 32 1056772 0 64 2097152 0 16928 33554690 256 16777216 65536 3221356544 0 8388608 0 0 0 8388612 4128 536870912 0 16 262146 0 1032 2048 0 134234112 134217728 32768 0 8388608 0 285212672 512 67174400 8192 536871184 1048576 0 0 0 68161536 262144 262152 32768 2147483648 2097156 67108864 540672 0 0 32896 33792 285212672 0 8388608 2052 0 16 147456 1024 2208 0 69861440 0 2097216 3145728 71335936 0 32776 0 262144 2147483648 0 17039360 0 0 64 4259840 8388608 262152 0 1024 33554436 65536 1 1048576 262145 1088 8389888 0 0 4224 0 262144 82432 1049104 134217728 0 8388608 2148532224 4096 0 0 0 65536 262144 32768 4194304 0 136314880 67108864 33280 0 16908288 0 2048 1 0 0 256 4096 2048 0 262144 2147483664 512 0 0 0 134218304 524288 1342177280 2214592512 1090519057 16384 524288 262144 69632 68157696 0 2147483712 8388608 327680 0 264 0 0 524288 8 524288 64 9 8388616 20 8388608 0 524289 2048 0 268435456 1088 2048 1048576 16 0 0 268288 0 2 0 0 524800 0 0 8388608 0 0 128 16400 538968070 2048 142606336 262144 0 1082163200 257 20971520 0 524288 2367488 1 2048 33554440 67108864 8192 131072 0 64 524288 8192 64 537133120 16416 0 16384 268435457 8925184 0 0 1073741824 4194321 0 0 0 0 272629776 2097152 2 2147483648
is_linear=0
shrinkage=0.05


Tree=65
num_leaves=31
num_cat=27
split_feature=27 28 36 42 36 36 37 42 36 36 28 36 36 37 37 37 36 36 36 37 36 37 36 36 36 36 37 37 36 36
split_gain=23.0624 11.2846 14.0107 12.2195 15.9235 10.3264 9.65441 10.4914 9.72007 9.41531 8.78737 15.5004 12.2472 12.1806 9.00397 10.0325 9.57432 8.85294 8.73242 8.72341 9.20937 8.13354 8.0825 8.08244 7.97975 7.90716 7.02622 7.01433 6.96585 6.80087
threshold=0.76248472929000866 0.99950000643730175 0 1 2 3 4 5 6 7 0.90950000286102306 8 9 10 11 12 13 14 15 16 17 18 19 20 21 22 23 24 25 26
decision_type=2 2 9 9 9 9 9 9 9 9 2 9 9 9 9 9 9 9 9 9 9 9 9 9 9 9 9 9 9 9
left_child=10 2 -2 4 -3 -5 23 9 -9 -8 11 26 -12 -13 24 16 -16 -15 -4 -20 -21 25 -17 -7 -14 -19 -1 -22 -6 -23
right_child=1 3 18 5 28 6 7 8 -10 -11 12 13 14 17 15 22 -18 21 19 20 27 29 -24 -25 -26 -27 -28 -29 -30 -31
leaf_value=-4.1911938315404141e-05 0.017698081645087238 0.053192551984718041 -0.017131144360827671 0.014652998923109237 -0.022238573120103442 0.017465449716893421 0.012856824892327402 0.0096116638587701014 -0.013549450036270103 -0.0048327770584875819 0.0068168837398944375 0.014082019603146404 -0.016068696555091466 0.0095403842793092136 0.022927586794088517 0.0044718981113149479 -0.0047358161669434342 0.047171469547997329 -0.016872536785847655 0.01241798596561822 0.017411672489024779 0.0084675612658077631 -0.012527608260817058 -0.0002321997241421453 0.014508627651155837 0.0018288543864086516 0.037722342343095079 -0.00067262784945197531 0.00093970896184157886 -0.0088136223855261858
leaf_weight=896 6413 3286 4037 3350 2846 1924 3168 3556 69710 64884 4158 2927 2157 3618 2004 5047 14339 703 5057 10138 2825 3725 150932 11890 3264 4745 1466 196021 34805 82174
leaf_count=896 6413 3286 4037 3350 2846 1924 3168 3556 69710 64884 4158 2927 2157 3618 2004 5047 14339 703 5057 10138 2825 3725 150932 11890 3264 4745 1466 196021 34805 82174
internal_value=-0.000502238 -0.000269102 -2.59592e-05 -0.000542812 0.0002273 -0.000741705 -0.000801068 -0.000924404 -0.00133964 -0.000477206 -0.000852499 -0.000476635 -0.00105965 -0.000573323 -0.00112238 -0.00118553 -6.57391e-06 -0.000671354 -9.37467e-05 -5.02337e-05 -5.26924e-07 -0.000767503 -0.00130904 0.000460397 0.000883192 0.0011046 0.00351665 -7.55071e-05 -6.44555e-05 -0.000886364
internal_weight=706065 423910 224491 199419 40937 158482 155132 141318 73266 68052 282155 100254 181901 97892 177743 172322 16343 94965 218078 214041 208984 91347 155979 13814 5421 5448 2362 198846 37651 85899
internal_count=706065 423910 224491 199419 40937 158482 155132 141318 73266 68052 282155 100254 181901 97892 177743 172322 16343 94965 218078 214041 208984 91347 155979 13814 5421 5448 2362 198846 37651 85899
cat_boundaries=0 29 37 61 89 115 123 151 178 204 231 258 284 312 340 368 395 421 447 474 502 529 556 584 610 637 664 692
cat_threshold=16777216 2155872512 0 2147487776 0 0 1073741824 0 4194816 2415919104 536870912 65536 134217728 33554432 4096 64 16384 0 1024 1081344 134217728 268435456 0 2147483648 16777216 8388608 524288 4100 1 86049030 135791616 8404992 1074831360 1145045152 84148288 1073743873 161 536870914 0 0 0 8650880 270848 1073742080 4096 268435584 1048576 0 17303552 262144 1073741840 134217728 65680 0 536870912 268959760 0 0 1073745920 0 16 0 0 0 64 0 0 2097152 512 2097152 2 2 8192 536879104 64 512 128 0 1048578 0 4096 0 2147516416 2281701440 65536 402657792 0 67145744 33686016 67239936 0 8192 8256 65536 0 537002048 42008580 16777216 570458112 0 81936 0 0 1049600 0 16908288 0 0 8 67108864 2048 8192 0 128 4228096 524416 2214593024 1610744960 2156004873 536952843 1084231680 142606370 64 0 0 1141899265 65536 2097152 4194304 8256 1073741824 524288 147456 128 33556544 0 0 0 0 0 5120 1050624 0 262144 65536 0 0 4194560 67108936 1024 67117064 1074790400 1073741832 0 33562624 32768 2147483648 2 32 0 0 0 69206016 1048576 20 2048 1064960 134217728 136445952 67108864 134217728 1048576 8388608 1 17409 0 536870912 32 2147483648 20971520 2 2 134217728 8388608 16384 133120 17408 16448 0 0 1073741832 2064 537002000 0 0 2147483648 1179668 268435456 32768 0 268435456 2048 0 16392 67117056 262144 4 8 0 131072 270532608 0 1073741824 0 131072 0 8196 0 4 1073741824 536870912 16777216 512 573440 4100 128 66560 524288 4195328 33619968 24 32 0 0 4 0 805306368 4 201326592 1114624 0 0 32 0 134234112 268435456 0 150995456 196608 16777216 0 4194336 0 33562752 2097160 4194304 2165309440 512 268959744 32768 268697602 0 0 0 4194304 327680 2097152 20 0 197633 0 2147483648 1024 16384 545259520 1075838976 536870912 1048584 128 2048 2097156 0 128 2097152 262144 67108864 0 71303172 0 8 0 0 1048578 4194304 2164297728 0 33562624 16385 2097153 67108864 0 16 0 8388608 1073741824 131073 0 16777216 2064 536936448 1 1 4194562 4 0 128 67129344 320 0 262208 0 0 0 0 2359296 8421512 18 268435456 2560 8396800 0 1056768 256 2097152 0 536870912 0 0 0 1 16777472 1073741824 0 131328 2097152 16384 0 0 0 524288 67117056 1107296256 4196352 8388608 524288 0 1056768 0 0 8388608 4325376 0 1073741824 32 0 67108896 2052 201343496 0 0 277086464 512 0 1073741824 294912 0 2113536 41943040 262402 1 1073741824 2097152 2048 0 0 2147483648 0 268500992 0 2684354560 1050660 0 2 2113536 65536 8388608 0 1073741826 0 8388608 4194304 272891904 0 5242880 0 0 268533760 544 16384 1 68157440 139264 33554944 2163200 0 262144 0 8192 4 0 16842816 8 2 0 2097152 266240 404750432 128 4195360 134217728 67141634 32 32 0 1024 0 2147483650 16777216 0 512 8196 512 1073741828 0 0 524288 4194304 0 0 0 0 0 0 1048576 9437184 0 134217728 262144 4194304 2147483656 33554944 68157441 65552 8912896 35655680 3145728 0 262144 0 10 541065216 65792 0 268443648 536870912 0 196608 0 0 2147483648 17039392 0 2147483648 2 8388608 2147551234 0 4194304 33554432 0 256 0 18874368 939524112 2 0 8388608 131072 262145 0 1207959552 67117056 2058 16640 0 0 2 8389120 0 0 16384 822214656 1 1024 0 1048576 34603280 32768 0 0 2148532224 0 1358954497 0 4194304 0 1074266112 0 1074003968 0 65536 0 144 524288 786436 1048577 67108992 0 335577600 536887424 4096 16384 0 0 8388864 65540 8389632 0 268435456 537133056 0 0 0 0 2155872256 134217728 1179648 268435456 0 0 0 0 4198464 134217984 0 0 536870912 1 0 3221225472 0 1073741824 0 32 0 1048576 128 1 2080 16 512 0 0 2099200 67108864 0 8192 8 0 4194304 0 524288 0 8 33554432 268435456 134217728 1088 256 9502720 0 0 4 201326592 0 0 0 0 32768 1073742848 4718592 32 16416 16400 536870912 131072 134225920 8388608 536870912 134225920 1073741824 16 0 0 603979776 536870912 16777472 268435456 0 4 0 4096 0 8 46137344 2151677952 32768 128 0 0 2097152 0 0 0 1048576 1052672 67108928 16 262144 64 0 2147500032 1342177280 2222981120 134217732 2147483648 0 278528 0 4096 67666016 278528 536870912 1048576 262240 6 1082130432 268435456 64 16777216 8 0 8388610 8 1073742848 0 0 33587204 32768 4194304 16 0 524288 0 33570816 0 1 4194304 65536 2097152 2 256
is_linear=0
shrinkage=0.05


Tree=66
num_leaves=31
num_cat=24
split_feature=27 35 37 37 37 6 37 37 22 37 37 37 37 37 37 28 37 37 37 37 37 37 28 37 37 37 37 38 37 37
split_gain=19.3271 10.4908 11.0725 8.73603 7.86457 7.64577 7.20929 6.97701 6.91534 15.9903 6.83455 7.13467 6.47792 6.16446 6.15088 5.96568 7.29522 5.94361 5.12817 4.97573 4.93328 4.85142 4.60757 7.02067 6.03983 4.86486 4.25825 4.11269 6.28439 6.21776
threshold=0.76248472929000866 0.97728472948074352 0 1 2 3.0743818283081059 3 4 5.5000000000000009 5 6 7 8 9 10 0.79350000619888317 11 12 13 14 15 16 0.99950000643730175 17 18 19 20 21 22 23
decision_type=2 2 9 9 9 2 9 9 2 9 9 9 9 9 9 2 9 9 9 9 9 9 2 9 9 9 9 9 9 9
left_child=3 2 -2 -1 -5 6 -3 -8 14 -10 -9 -12 -4 -11 -6 16 -16 -17 -19 -18 -7 -13 24 -24 -23 -25 -26 28 -14 -29
right_child=1 5 12 4 8 20 7 10 9 13 11 21 27 -15 15 17 19 18 -20 -21 -22 22 23 25 26 -27 -28 29 -30 -31
leaf_value=0.0081780093670205112 0.033588703377727153 -0.018546284628266248 -0.016712156043154819 -0.017704099683791243 0.0022659713974614998 0.039437124691218912 0.011635770221490102 0.0028352059013068056 0.029120864271206234 0.010224713328569814 0.00082483906281429528 -0.017799944690036859 0.0069589150310751247 -0.0056644948997879654 -0.01829039528523884 -0.00072761266644832869 0.0098001450838283051 -0.0038471313692812273 -0.010850427530459623 -0.0017864187581846883 0.00075988638698962902 0.0047222568873710475 -0.019482490980765294 -0.014034041074983201 0.00052835933676003896 -0.0048557539668586981 -0.0047966608975703439 0.022763051503460686 -0.007751045493930131 0.0012210246629800684
leaf_weight=4564 4950 5647 3134 11018 9549 3542 3234 18694 2114 2646 35627 7936 4264 18601 5118 16226 4293 22585 163526 21910 32645 9907 9782 12058 26582 115065 63087 7477 11804 48011
leaf_count=4564 4950 5647 3134 11018 9549 3542 3234 18694 2114 2646 35627 7936 4264 18601 5118 16226 4293 22585 163526 21910 32645 9907 9782 12058 26582 115065 63087 7477 11804 48011
internal_value=-0.000483336 -0.000269727 0.000247359 -0.000803914 -0.000839581 -0.000389507 -0.000470378 -0.000437211 -0.000785396 3.62763e-05 -0.000462245 -0.000524041 9.53797e-05 -0.000377153 -0.000864353 -0.000915163 -0.000273051 -0.0010146 -0.00109459 6.45641e-05 0.000297957 -0.000620398 -0.000579523 -0.000767772 -0.000320757 -0.000668252 -0.000450185 0.000192965 -0.000511226 0.000396943
internal_weight=705596 423446 79640 282150 277586 343806 307619 301972 266568 23361 298738 280044 74690 21247 243207 233658 31321 202337 186111 26203 36187 244417 236481 136905 99576 127123 89669 71556 16068 55488
internal_count=705596 423446 79640 282150 277586 343806 307619 301972 266568 23361 298738 280044 74690 21247 243207 233658 31321 202337 186111 26203 36187 244417 236481 136905 99576 127123 89669 71556 16068 55488
cat_boundaries=0 27 54 81 108 132 159 185 211 238 265 292 319 345 372 399 426 453 480 507 534 561 562 589 616
cat_threshold=0 0 104 20488 536940544 1073872896 0 128 805373952 16 1073741824 0 8 0 8388608 536870912 150994944 4096 0 0 32 0 0 8 8388688 2147483648 83886080 268959744 32768 16 4 32 268435456 2 262144 1048576 16 0 196608 33554432 2147487744 136 16400 8388608 1073741824 0 0 262272 2048 136315012 16777216 4194304 0 2097152 0 4672 0 151257088 4 2147549184 134217729 0 32 33554432 0 0 0 16 536875024 0 16384 33554688 16 131076 0 67108930 512 0 293601280 32 8 16384 64 0 33570944 262144 6291464 8 0 272629760 0 0 0 33554944 34603008 0 16385 0 268439552 2 0 0 66 32768 536870912 8388608 1090519044 536871552 37 4194304 16384 8388608 8388608 134217728 139328 41959424 536870912 32768 0 66576 537395200 0 603979776 0 16640 0 544 147456 0 0 128 1077936128 16449 67108864 0 4096 0 2097160 393224 0 0 8 4096 134217728 528384 264 1375731712 0 16777224 2129920 2148597760 1048576 0 131072 0 2097152 0 0 16785408 131072 131072 268444672 0 541066240 64 554696708 2048 1073741824 71565312 0 16384 1083183104 8388608 1024 0 0 0 0 33554436 33554432 4210688 0 0 0 2097184 2623506 4128 66048 0 134217728 131072 0 65536 512 328 2197815296 134217728 134217984 0 0 2 3072 4 0 67108864 0 4096 4096 1024 0 1040 8519680 4096 1342214144 671350784 131072 0 268435456 536870912 0 4096 8192 65536 0 0 0 9437184 8192 512 66048 524288 4194304 1024 8192 0 536870912 65552 2097280 1050624 1073741824 544768 67108882 0 0 50331648 0 2 0 2147483648 1024 8 0 0 65536 0 16 0 33554432 0 134218752 6152 134225920 32784 536870912 34944 32 262144 268697600 4194304 16842752 0 0 3221291040 16 4 4096 0 270336 16384 67108864 65536 536872448 2097664 0 0 0 0 8192 4194304 2064 18874368 33554433 135270400 268435456 36872 4098 0 16777216 268443904 537001984 0 2415919176 32768 16 32 1024 33554432 0 0 0 4 67633152 83886080 0 2 0 0 0 16777344 67108864 67108864 16785664 0 8388608 536870920 2097152 8388608 2 4194400 32768 33554433 0 1208221953 2097152 1073741824 0 131072 545259520 8405000 0 4 0 0 0 65536 327680 0 1056 0 0 2097152 72351748 0 4276224 402653440 2147876864 134217728 3221225480 0 134217728 0 0 16 1073741824 2097152 1375731712 0 8 0 0 536870912 32768 65536 67108896 67108864 2684354560 0 4194304 4 67108864 66048 0 0 0 2281702400 34078784 277872640 0 16777216 0 1114112 1241513984 32 0 8 2097152 128 0 67117056 2 0 0 0 2 0 0 0 0 536871168 0 536870912 0 0 0 0 0 0 0 0 67108864 0 134217728 1048576 268435456 0 4 0 545292288 1074528260 0 16777216 65536 6291456 0 0 8388608 0 32768 32 64 128 1048576 0 0 2056 0 160 0 50331648 16912384 0 1048576 352321536 0 1073741824 1048609 4194304 131072 0 8437760 3221225472 8192 0 0 2048 0 0 34078720 512 545259520 32784 537919488 1208483840 1024 1 4 134217728 272629760 0 8192 4194304 268435968 67108896 67108880 32898 16384 512 2147483649 0 2281701376 0 0 0 2147492864 8912896 0 0 1024 4 526336 4194304 0 4 0 65 0 106496 0 512 67108864 65552 0 16384 134217728 536870912 16384 2147549184 12582913 33554433 0 2147746304 0 536870912 4194304 539099136 32768 0 1346371584 65536 0 0 1 0 67600 0 0 536875008 2148012032 131088 0 16384 1207959552 65552 20 8388608 536870912 262144 0 0 8454144 8388608 0 1048576 1354760192 0 65536 0 0 272629888 0 33554444 100524 67108880 0 0 2214592768 16 2147483648 671088644 65536 1073741832 0 2156920832 33554432 4096 8 34082816 0 512 8 0 8388736 0 4194304 8 268435456 0 0 526340 65536 96 67108864 0 0 2164260864 524 2147485696 8192 12 0 0 1073741824 64 0 65536 536870912 536870944 16 3145728 0 16448 2 4 2 4194308 40960
is_linear=0
shrinkage=0.05


Tree=67
num_leaves=31
num_cat=26
split_feature=30 42 36 42 36 36 36 36 42 36 36 42 36 36 36 36 36 22 36 22 36 40 36 36 28 36 42 36 36 36
split_gain=18.5643 17.5864 17.9271 17.0646 17.1985 15.7858 12.3547 10.1673 9.98564 14.431 9.43757 8.78784 10.1053 8.60779 8.18796 7.71405 7.0714 6.82495 6.72969 6.65809 6.85463 6.73948 6.45664 6.3837 6.49508 12.7223 6.36339 8.93058 7.70379 6.40428
threshold=1.0000000180025095e-35 0 1 2 3 4 5 6 7 8 9 10 11 12 13 14 15 2.5000000000000004 16 1.5000000000000002 17 18 19 20 0.83579662442207348 21 22 23 24 25
decision_type=2 9 9 9 9 9 9 9 9 9 9 9 9 9 9 9 9 2 9 2 9 9 9 9 2 9 9 9 9 9
left_child=3 2 17 4 -1 -5 -3 -6 9 -8 -4 22 -13 -10 -15 -11 -14 -2 -12 21 -21 -17 -7 -18 25 -25 28 -28 -26 -29
right_child=1 6 10 5 7 11 8 -9 13 15 18 12 16 14 -16 19 23 -19 -20 20 -22 -23 -24 24 26 -27 27 29 -30 -31
leaf_value=0.035781050572280815 0.14847533923424036 0.011655122587284647 0.050206328556511852 0.006217443783463051 0.014787776846537632 0.0035598257604823494 0.027774893488158515 -0.0023253795837556981 0.0096582985400789426 0.028106692513286964 0.041004713508216412 0.0026409561348812258 0.0010143156463625637 0.0082511049449439655 -0.0051544100037629499 0.094405779444229565 -0.017031114152894919 0.076815743304167919 0.0013019197034777506 0.015587074776963318 -0.001606910048161248 0.0088441306384003712 -0.014728624942360651 0.019233072011037178 0.0035133901235095189 -0.0045754075359869025 0.0074241426978462963 0.0037338395412765176 -0.014557407817610196 -0.007884827970981334
leaf_weight=4249 160 5363 2077 13986 5367 3262 2452 70352 4010 2320 1980 14755 15488 6910 164125 298 6264 1569 20438 2926 43988 582 30865 2393 2890 51093 4944 7607 49540 163389
leaf_count=4249 160 5363 2077 13986 5367 3262 2452 70352 4010 2320 1980 14755 15488 6910 164125 298 6264 1569 20438 2926 43988 582 30865 2393 2890 51093 4944 7607 49540 163389
internal_value=-0.000476027 -0.000139449 0.00108786 -0.000671438 -9.62812e-06 -0.000815828 -0.000277636 -0.000183514 -0.000333569 0.000270745 0.000739104 -0.000881204 -0.000799398 -0.00051505 -0.00056878 8.70817e-05 -0.000861508 0.00599282 0.000439386 -4.98908e-05 -0.000130769 0.00425653 -0.00164384 -0.000917465 -0.000882296 -0.000386356 -0.000998486 -0.000854216 -0.00148214 -0.000914817
internal_weight=705642 259198 26224 446444 79968 366476 232974 75719 227611 52566 24495 352490 318363 175045 171035 50114 303608 1729 22418 47794 46914 880 34127 288120 281856 53486 228370 175940 52430 170996
internal_count=705642 259198 26224 446444 79968 366476 232974 75719 227611 52566 24495 352490 318363 175045 171035 50114 303608 1729 22418 47794 46914 880 34127 288120 281856 53486 228370 175940 52430 170996
cat_boundaries=0 7 35 43 70 98 126 154 162 187 213 221 250 277 305 331 359 387 415 416 444 472 500 508 535 563 589
cat_threshold=610795537 34095138 1107591296 0 2688581664 2168455200 2575 33554432 2147484672 2147483648 0 4096 64 655360 32 8389632 16777216 0 2147516416 0 0 536870914 65536 1064960 16384 1024 0 71303168 64 262144 0 4194304 64 135266306 4 83886094 2281833602 604176922 2218786816 68157712 1096 67108864 34 0 0 0 1082130432 0 4 41943056 270336 1073741824 1024 8388672 33554432 134742272 71565312 0 2048 17408 1056768 67108880 0 0 0 0 18432 4194304 4096 6144 0 2 536870912 24 0 1048576 0 262144 0 268570624 0 0 8196 0 2 128 545259776 538973184 16777216 134218240 64 5 2147483648 32 262144 2048 1073741824 134217728 0 262176 0 2147483712 512 0 2097152 2097154 2147483648 0 67635232 8388608 0 0 256 524800 0 32768 0 0 0 2155938048 0 65536 1342177552 65536 67108865 2097152 262145 8388624 16384 2449473537 9437184 16777216 1073741952 132112 2 0 1 0 1056 0 0 16384 0 264192 2 0 2048 8 0 0 2147483648 0 512 6144 65984 1343291392 8391168 2147492485 2097297 939540752 570425376 384 37750784 269484032 131072 4194304 2148532224 4194304 0 41943168 1073741824 384 0 128 1310720 2147491840 67108864 268435456 33554436 8519680 0 0 16777248 0 0 1048576 2147491840 4 134217728 0 0 0 33554432 0 33587200 268435458 541184 0 536872962 16777216 0 2097152 1207967744 4 1048608 268435968 2147483648 2147483648 2097152 8 0 2164262912 1048576 536871168 282624 563200 41943104 138706944 3356114946 2436923400 276 512 2097152 0 0 4196352 128 50331648 0 0 590850 545259520 262144 167772160 1073775616 0 33570816 16777216 0 271057152 0 0 0 0 0 4194304 67108864 32800 131072 1 8192 131072 1073741824 0 262144 0 0 32768 4194304 2688548864 136445960 131072 8389120 0 0 0 1 2 8192 268435456 134217728 4194304 16 16386 151520256 2056 8 268435456 16 32772 0 0 8519680 32770 0 19 16896 536870912 1073741888 2082 134217728 4 2097216 32 16384 134348800 0 0 0 32768 32768 0 1179648 0 1073741824 8 32768 0 0 134219784 0 128 0 8389120 8192 1 65792 64 0 1082130432 5120 1048576 16777216 1049152 1074266113 33554432 536873024 0 16778240 0 131072 625082370 0 0 0 0 276974592 32 16777216 33554432 16777216 0 270532608 0 16 1024 0 0 128 1049088 524288 0 262656 0 524288 0 2097152 33554432 2113568 262144 0 0 4227264 2181038144 0 8388608 2147750400 2147483648 0 8 1572864 0 1048576 0 16777280 0 536903680 67109120 4096 131072 1073807364 0 16400 0 0 0 32 0 536879104 134283264 34816 16384 32 576 0 1 1 128 0 0 65536 0 131074 32 0 2147745808 2147483648 0 268435456 4194304 0 4097 4194336 2147747840 256 2685403136 329737 33554432 0 131072 1052672 0 131072 8360 0 2097160 1 0 0 2 1073750016 4194304 0 2048 524288 0 32896 0 1073741824 4194560 524288 1610612736 0 8192 0 1 128 0 256 0 32768 0 4096 33554436 2306 37748736 268436480 2097152 0 0 67108864 0 536879104 32 2 8192 4194304 67584 8 1048576 75628672 65600 0 8388864 1048576 32 131074 2147483648 4194304 0 134217856 0 134217728 1073741824 0 67108864 92274688 0 524416 0 132096 8208 0 1207959560 256 0 0 8519680 67584 4 134614016 838860800 285483012 1076625440 2230784 4202528 33689734 1 1073741824 16 2101280 0 0 4160 0 4718600 0 0 0 2147493888 0 4100 1073741824 268697600 512 0 1073743872 2147614720 134217729 4096 1073741824 131072 1048576 16385 4096 8388608 268500992 131074 67108864 1074790464 537395200 2097168 513 4194304 0 0 0 68157440 0 169873920 8388608 0 0 16 268435712 268435456 0 2 1048576 524288 0 0 2048 1638400 0 0 1074790400 805322752 32768 1073741824 33554464 2097184 0 24 0 4194304 8388608 32 32768 2097152 0 32 0 2147745792 4227072 1056 1 285212672 536870912
is_linear=0
shrinkage=0.05


Tree=68
num_leaves=31
num_cat=22
split_feature=3 22 37 22 42 37 42 30 37 42 32 37 42 37 37 37 42 37 37 37 31 37 42 37 37 37 33 42 30 37
split_gain=19.8795 12.5954 14.2422 10.6881 12.2089 9.87419 7.67226 7.61515 15.476 7.75376 7.2517 17.93 7.41876 7.32668 6.87123 6.2717 5.66242 5.46561 5.45265 5.19503 4.82807 4.76356 4.75645 4.71572 4.69236 4.44364 4.39646 8.82694 5.61562 4.2452
threshold=0.60424533486366283 4.5000000000000009 0 1.5000000000000002 1 2 3 1.0000000180025095e-35 4 5 21.005000114440922 6 7 8 9 10 11 12 13 14 3.0408500432968144 15 16 17 18 19 69.33499908447267 20 1.0000000180025095e-35 21
decision_type=2 2 9 2 9 9 9 2 9 9 2 9 9 9 9 9 9 9 9 9 2 9 9 9 9 9 2 9 2 9
left_child=14 3 -3 4 25 -5 -7 9 -9 23 11 20 -12 -14 -1 -11 -16 -13 -8 -15 -4 -18 -10 -6 -20 -2 27 -27 -28 -23
right_child=1 2 10 5 7 6 18 8 22 15 12 17 13 19 16 -17 21 -19 24 -21 -22 29 -24 -25 -26 26 28 -29 -30 -31
leaf_value=-0.016548262660415255 -0.0026266197903067074 0.02877146182327402 0.045850399782543134 0.0079581399533784382 -0.0074105753461096852 -0.00050633407157737076 0.0013933096478884041 0.20839250787754487 0.044823612493699344 0.0039136758838654619 0.0051683907336307275 0.0087585247425678286 0.0090607654480443552 -0.016376880693259793 -0.013160604634927754 -0.0064559866369203762 0.0040845253498876253 -0.0039611246432471239 -0.017648948847386218 -0.0026582570436547311 3.2045081456646321e-05 -0.018892740344018649 0.0020829977884783725 0.0017822643341389105 -0.007732199892870867 0.079090238161021592 0.0029846119862155535 0.011330634114583616 0.070139275999907297 -0.0064468306094661969
leaf_weight=11966 5060 8348 2778 5388 6445 35822 10190 121 652 7664 22678 3664 7551 4417 28642 63619 5897 8620 5884 86174 581 10581 2141 37760 159473 831 12955 6705 444 142593
leaf_count=11966 5060 8348 2778 5388 6445 35822 10190 121 652 7664 22678 3664 7551 4417 28642 63619 5897 8620 5884 86174 581 10581 2141 37760 159473 831 12955 6705 444 142593
internal_value=-0.000466963 -0.000300243 9.37244e-05 -0.000458211 -0.00012495 -0.000680218 -0.000734093 -0.000340377 0.00218353 -0.000404108 -2.89988e-05 0.000983923 -0.000160155 -0.000348487 -0.000889411 -0.000726675 -0.0008152 9.67867e-05 -0.000870183 -0.000473252 0.00421439 -0.000698555 0.00137928 0.00011619 -0.000939375 0.000856052 0.00117743 0.00214409 0.000634514 -0.000752261
internal_weight=705644 505965 144811 361154 144397 216757 211369 118402 2914 115488 136463 15643 120820 98142 199679 71283 187713 12284 175547 90591 3359 159071 2793 44205 165357 25995 20935 7536 13399 153174
internal_count=705644 505965 144811 361154 144397 216757 211369 118402 2914 115488 136463 15643 120820 98142 199679 71283 187713 12284 175547 90591 3359 159071 2793 44205 165357 25995 20935 7536 13399 153174
cat_boundaries=0 25 33 59 67 89 97 123 131 158 185 211 219 246 273 297 323 331 358 385 409 416 443
cat_threshold=524304 0 0 0 4096 8388608 163840 33554432 553650178 1075871744 0 1024 42205188 0 8323 128 0 8 2684355072 0 33554432 0 0 4194304 4194304 17350748 16782338 197682 3221225472 3170576 25165888 8388612 128 0 2147483680 16 0 553648128 0 50331648 8388609 0 16384 0 33686562 134218752 8667136 128 16384 16777216 1073741824 12288 0 0 0 136314880 1090519040 0 32 4194496 1075445762 75776640 4194448 2617315330 1056 572526848 2 0 0 0 0 0 0 0 0 0 0 0 0 0 0 0 0 0 0 16777232 0 0 134217728 67110656 2358247424 2147500288 197004 67113000 2123136 544 96 10485760 512 68232320 7340288 4194304 2147483648 16777216 0 0 48 0 134219776 4096 33554433 0 64 0 0 8388612 0 0 524288 2048 0 32832 1028 18890817 704643072 1090551808 8728 2216755201 2701148226 301994497 128 2147500033 262144 268435716 545259520 536903680 402653192 72 16416 0 536879120 1048576 0 524288 0 536870912 65536 134217760 268435456 16 0 0 4196352 0 0 0 0 33554432 2281701376 12800 0 0 134479876 0 402657280 0 0 65536 0 2 0 1048592 16 134217730 4194304 41943040 24 0 4194304 67108870 134218240 0 285212672 0 8 2147483648 536870912 263200 2097152 32768 16384 536870922 2147811328 1048576 142606340 0 1024 536870912 0 135266304 1073741824 536870912 4 2147483648 131072 67108864 0 134217728 0 16 2684354560 16777472 340005120 540928 36175872 262144 1091043587 156414336 4 67371008 67108864 32768 67649536 2 1073741824 33554434 65536 0 67112960 0 541065216 0 8 0 65536 8 32 1048592 8388608 0 65536 0 16 268435586 536870912 34816 4 4325376 268435456 2 65536 8 70254592 327680 1342177280 73531392 2164260864 524304 8 4096 0 0 0 16 0 34603008 33554432 2048 0 0 0 32768 17301504 134348804 0 1048576 4194432 4 4194304 174325760 1611399168 0 16384 16777216 0 512 8390656 4096 1048576 0 2097152 2050 0 0 0 167804930 16777216 268435458 262144 263172 4 536870944 16 0 0 2147500032 0 0 4292608 4352 0 8388608 0 537395200 1073741824 2097152 33554432 0 2048 2105472 1073741832 536871040 2097152 2 268435456 1073741824 8452 67108865 524544 0 64 134217728 8192 32769 8320 0 0 272891904 33554433 0 1076002816 1048576 147456 5376 0 268436480 0 512 8388608 0 0 33554432 0 1 536870912 8388608 0 34832 134221824 64 1 17039360 131200 0 268713993 0 4194308 1073741824 2 268500992 0 2048 4112 1050752 32 0 0 0 0 64 16777216 0 41943040 1073741824 1 786436 64 268435456 150995008 0 131072 2228224 524448 2164260864 16384 0 134217730 1073741856 33554432 0 0 1 0 8224 0 0 4194304 16777216 2097156 0 16777216 0 0 1048576 16777216 8388608 16388 64 32768 65536 0 2147483648 0 131217 48 8192 2 0 33554464 524352 128 256 8192 4096 512 131073 268437504 1024 0 0 2 0 268435460
is_linear=0
shrinkage=0.05


Tree=69
num_leaves=31
num_cat=27
split_feature=27 36 36 37 36 28 42 36 37 36 37 36 36 28 36 37 37 37 36 36 36 36 36 36 37 36 37 42 36 37
split_gain=19.4103 10.2833 10.0222 9.12204 9.19713 8.27257 10.1392 10.4944 8.63547 8.5926 8.12273 7.90632 7.82293 7.63008 12.3535 10.7626 7.98052 8.72122 8.51585 7.917 7.81375 7.51925 7.49657 7.26479 7.22632 10.2092 7.09517 7.07108 6.88942 6.84566
threshold=0.76248472929000866 0 1 2 3 0.99950000643730175 4 5 6 7 8 9 10 0.91275000572204601 11 12 13 14 15 16 17 18 19 20 21 22 23 24 25 26
decision_type=2 9 9 9 9 2 9 9 9 9 9 9 9 2 9 9 9 9 9 9 9 9 9 9 9 9 9 9 9 9
left_child=2 -2 10 -3 27 9 7 -7 23 -6 -1 26 -10 14 -13 -16 22 18 -18 -17 -19 -11 -15 -8 25 -23 -4 -5 29 -21
right_child=1 3 11 4 5 6 8 -9 12 21 -12 13 -14 16 15 19 17 20 -20 28 -22 24 -24 -25 -26 -27 -28 -29 -30 -31
leaf_value=0.023787027789186399 -0.014943312171360877 0.026095472025323831 0.017491888713131169 0.031531627643562869 0.010758226297310672 0.020176557584435963 0.019607705172340745 -0.001161783778427433 0.010543219062025331 -0.016433113333637218 0.0017466848457037304 0.014955829605443888 -0.0081207384257526646 0.016540376252011373 0.014005846936217849 0.0086180797260397689 0.016504365438088298 0.0053713584370640582 -0.0044882059023635072 0.042026905789353301 -0.011043989958578622 0.033341032215722537 -0.0022947109242441302 -0.00096678980457832499 -0.00097354722123542056 0.003219505631773395 -0.0014315089705225058 0.0018316834266344469 -0.0075925252097953644 -0.00049990553795746799
leaf_weight=1171 7193 5353 2463 4061 6982 3971 2715 54038 2672 3612 4746 2485 112963 1693 3403 4209 1747 3903 15085 1474 143740 1235 5244 11365 188457 8627 6836 10747 80060 3790
leaf_count=1171 7193 5353 2463 4061 6982 3971 2715 54038 2672 3612 4746 2485 112963 1693 3403 4209 1747 3903 15085 1474 143740 1235 5244 11365 188457 8627 6836 10747 80060 3790
internal_value=-0.000455286 -0.000241462 -0.000776716 -0.000209077 -0.000235779 -0.000281466 -0.00052236 2.71883e-05 -0.000768062 -6.50154e-05 0.00125801 -0.000820336 -0.00091043 -0.000870294 -0.000511963 -0.000605077 -0.00106981 -0.00113984 -6.11536e-05 -0.000710071 -0.0012628 -0.000124677 0.000591177 0.000400965 -8.34348e-05 0.00123519 0.000612513 0.000987246 -0.000814555 0.000936492
internal_weight=706040 423991 282049 416798 411445 396637 187724 58009 129715 208913 5917 276132 115635 266833 95421 92936 171412 164475 16832 89533 147643 201931 6937 14080 198319 9862 9299 14808 85324 5264
internal_count=706040 423991 282049 416798 411445 396637 187724 58009 129715 208913 5917 276132 115635 266833 95421 92936 171412 164475 16832 89533 147643 201931 6937 14080 198319 9862 9299 14808 85324 5264
cat_boundaries=0 29 57 83 111 119 146 172 200 227 254 282 310 337 365 391 419 447 474 502 528 555 582 609 636 643 666 693
cat_threshold=0 131072 301989888 1573376 0 18 0 65536 69632 33554432 2147549200 8388608 0 2097152 0 0 67117056 0 0 65536 0 0 1052672 4096 278528 2148007936 65536 65601 2 9216 16777216 0 2148532224 0 0 268435456 0 2048 524288 0 0 524292 0 0 16777216 0 256 0 270008320 4161 256 66560 32 4195328 33570816 1048600 201326600 32 4194336 16384 0 536870912 134217728 139264 33572864 536873472 33587200 2048 1040 0 0 603979776 671088640 16640 0 0 147456 33554432 0 0 1073741832 2048 32 2 0 0 64 8650752 0 1073741888 4608 138412032 272629760 67108864 268437504 8396800 268435520 0 192 17408 268566528 268435472 0 0 32768 0 0 16777216 0 33816576 131072 86573318 2282749952 545406976 1074798592 1140932770 10485824 8388609 129 64 0 0 0 8 8192 1048832 0 2097152 1572864 0 1140981760 1074003968 4489216 134742016 65536 0 1048576 0 268435456 0 8392704 16897 0 8192 536870928 528416 67108869 0 8194 134225920 65536 131072 268435521 65536 0 270400 0 196608 2147483656 0 1024 0 393728 32 65536 8 67108864 0 8 0 128 33792 8 8388864 0 32 134217728 32 268435472 0 64 2684354560 536870944 65536 134217792 41944068 16384 0 524288 4 4608 1048576 134218240 0 0 0 0 8388608 16448 4096 2064 8192 1056768 0 0 2097152 67108864 536870912 0 4 2 536870912 0 0 0 8388608 537395208 1024 0 0 1073741824 65536 0 0 2 0 16 4194305 262144 2 2048 0 0 134365184 0 1073741824 2 16 131074 4098 32768 0 1073741824 8389120 2147483652 512 0 4 0 2048 557072 262160 67174400 134217728 1073743872 536870912 2147745792 40960 32768 0 2105344 0 0 16384 0 134217792 536870912 0 512 0 0 2149580800 16777216 4096 262144 2151678080 2281701376 33554432 134217730 8 67141632 512 32 306184192 0 258 167772160 8388608 0 131072 16384 16384 1090527232 1073741824 1073744008 16 65536 0 33554432 0 1180672 0 0 536870912 0 4196356 0 8 0 16384 32 0 0 33554436 262144 0 4 2155872256 1114624 134217728 0 138412032 2147483648 134218240 268435456 0 134217728 69632 1048576 0 262144 0 33554560 536870912 4194304 2198863872 8704 268959744 32768 268697600 4194304 0 8 4194304 327680 2113536 276 2147483648 197632 33554432 1 67109120 16384 0 1075838976 0 33558528 0 0 2097156 0 128 0 0 1 537133056 67371008 4 67112980 0 0 0 2048 1048578 4194304 33558528 1 0 8192 2629634 67108864 0 0 545292288 8404992 0 133120 0 0 16 536936448 0 0 0 128 0 2164523328 1073741840 1024 4 8 8519712 64 2097184 2048 528 0 536870912 8192 0 0 1048832 1 2 536871168 0 4194304 0 4097 16777472 1073741824 32 135184 2097152 0 2048 1073741824 8388608 4160 0 0 512 41943040 537560064 520 0 0 524288 0 2185232384 0 0 0 65536 2097152 2052 256 67108864 0 196676 0 0 131072 2359848 32776 2147487752 0 0 65536 8192 4194304 12 0 0 0 16777220 536887296 0 128 8388608 131072 268435457 1073741824 2147483648 2147483648 0 262144 0 0 1073741824 294912 0 2113536 8388608 262146 33554433 1073742080 0 0 0 1073807360 2147483656 128 0 0 2149580800 2084 0 134283266 16388 67108864 512 50593808 2052 67108864 4194304 4276232 1342179344 0 2080 33554432 0 0 0 0 0 8192 268435457 268435456 12288 8 0 0 67108864 0 536871168 0 8192 2560 2097152 4 0 0 128 0 32800 0 553648640 276824064 262144 0 41943056 16 32768 1082130432 536871936 2214592512 0 286261248 0 0 64 4096 0 1073741824 4980736 0 65568 67129360 32 0 134218244 8388609 0 2283798544 1073741824 0 0 0 0 0 0 268439584 0 4 32 4194304 2 0 64 2147483648 67149824 20971520 0 16 8192 0 405012480 25166080 4194336 32768 524289 0 1073741824 2147483648 32 0 17664 16777248 16779264 536871936 0 0 0 1 128 0 0 524288 64 96 0 0 65536 0 33554944 0 0 4194408 1576960 0 786440 256 0 0 8389632 0 2147483648 67108864 1073741824 3072 134217736 20971520 16 0 268437504 33024 85460032 16777480 2148007942 67108864 18355264 2105345 135232 67109124 8388608 268435457 0 8 8 2048 33024 2097152 128 0 4259840 268435456 2 0 1056770 4096 1073741828 8388608 131072 4104 1074003968 0 67108864 9216 0 0 0 0 0 0 264 0 0 134217728 8512 1073741824 512 0 8389120 8388608 1048576 1024 0 2 272630784 32833 4 2048
is_linear=0
shrinkage=0.05


Tree=70
num_leaves=31
num_cat=27
split_feature=35 11 36 36 36 36 37 37 37 37 36 37 37 36 37 36 36 37 36 36 36 36 37 36 37 36 37 29 36 37
split_gain=17.026 13.7504 10.903 10.6002 10.5458 9.03086 8.5528 7.99979 7.8491 7.7252 7.68406 7.51114 7.23191 8.79831 7.15806 12.4796 7.02912 6.70308 6.69493 6.61564 6.2115 5.90834 5.85145 6.2183 5.76607 5.82929 7.13266 5.73961 14.4877 6.53731
threshold=1.0069045424461367 0.57142856717109691 0 1 2 3 4 5 6 7 8 9 10 11 12 13 14 15 16 17 18 19 20 21 22 23 24 1.0000000180025095e-35 25 26
decision_type=2 2 9 9 9 9 9 9 9 9 9 9 9 9 9 9 9 9 9 9 9 9 9 9 9 9 9 2 9 9
left_child=1 2 11 17 -2 -5 16 -4 10 -7 -8 -1 13 -9 15 -10 -6 -3 -11 -16 -20 -14 -23 -24 -22 26 -26 -21 -29 -30
right_child=4 3 7 5 6 9 8 12 14 18 -12 -13 21 -15 19 -17 -18 -19 20 27 24 22 23 -25 25 -27 -28 28 29 -31
leaf_value=-0.0045390291309924504 0.0063858624907410641 -0.0088347017286841724 0.0098624213090817703 -0.012401469837751535 0.028021318003456239 0.014574529527797779 0.016314585635043743 0.0214555896293263 0.034703859300892599 0.0074553659352484805 -0.001564111928249657 0.013329096168454553 0.0061476216530166909 -0.00090253666991896514 0.0043586312363509041 -0.0057577559541141764 0.00076996596493001963 0.024735822475281829 -0.012947752917615119 -0.013165398615352614 -0.013227430998045976 -0.014629125709839397 0.0043691415403888257 -0.0073850005372006842 0.024476451586017019 -0.001079227929273402 0.00071018359625476439 0.017294469747719397 0.0046511321341625887 -0.0093234747265953637
leaf_weight=2137 5086 2040 4190 5375 1088 5275 1561 2291 1648 12640 11538 2765 5196 8448 4753 19712 3501 7084 5732 104212 4334 8157 7613 163745 4405 254920 10200 1870 4223 29919
leaf_count=2137 5086 2040 4190 5375 1088 5275 1561 2291 1648 12640 11538 2765 5196 8448 4753 19712 3501 7084 5732 104212 4334 8157 7613 163745 4405 254920 10200 1870 4223 29919
internal_value=-0.000438449 -0.000289843 -0.000608455 -8.09686e-05 -0.000844355 -0.000131574 -0.000906413 -0.000665662 -0.000960953 -9.48355e-05 0.000217581 0.00171891 -0.000712035 0.000549069 -0.00105377 -0.000198868 0.00122337 0.00159715 -0.000129097 -0.0011797 -0.000179998 -0.000785383 -0.000833515 -0.000771114 -0.000145864 -0.000116729 0.000854371 -0.00124192 -0.000697804 -0.000932715
internal_weight=705658 516547 204542 312005 189111 302881 184025 199640 179436 297506 13099 4902 195450 10739 166337 21360 4589 9124 292231 144977 279591 184711 179515 171358 273859 269525 14605 140224 36012 34142
internal_count=705658 516547 204542 312005 189111 302881 184025 199640 179436 297506 13099 4902 195450 10739 166337 21360 4589 9124 292231 144977 279591 184711 179515 171358 273859 269525 14605 140224 36012 34142
cat_boundaries=0 28 56 83 111 137 163 191 218 245 269 295 321 348 376 404 431 459 486 514 542 570 599 625 652 679 707 734
cat_threshold=0 2236432 65536 1073741824 134479872 16908288 0 0 0 0 131072 134283266 0 0 0 256 2147491856 0 1048576 0 33849344 256 8388608 33 268435472 2097156 1 16384 0 2147484672 0 2147483840 64 0 8 33558528 1073741824 134217728 67108864 268437504 16386 0 0 131200 0 33554688 268959760 524288 4718592 32768 0 2147483648 8 0 0 2101248 0 262144 0 2164260880 33587200 0 2228226 0 2048 3 2048 0 8388608 0 0 0 16384 0 262144 0 268435456 2147553408 2147484160 0 138412032 536936457 1048576 16384 131072 302252032 512 0 0 32768 0 0 33554432 2149597448 0 16777472 2097152 2147483648 0 0 8 0 67616 0 0 4198400 524288 134234113 3145728 131072 268435520 0 4096 268697600 2097152 2 0 8388608 32 2064 1075855360 0 82944 8192 0 72351744 262144 0 4 32768 8 0 4 2097280 16777216 2050 537133072 0 0 1048576 4 536870944 536870912 0 151519232 2149580800 0 0 48 33554432 1107300352 335544320 0 16777216 1610612736 2048 2113536 268435584 0 8 1077936128 0 34603016 2097152 268435456 1664 75497472 0 0 17825792 0 536870912 138412096 33587200 0 0 0 128 2048 0 544 2147483648 4100 4194304 147456 16777216 0 336 33587200 0 1 1 1073741824 50 2 536870912 147456 139328 16384 0 8421376 2147483648 131088 536870912 4096 4096 0 138412064 33554944 0 0 0 0 0 1048576 20971520 4 570425344 4194304 260 2214593536 41951233 128 130 3072 67108864 0 139264 0 0 0 0 1048578 262144 0 8388868 4 0 278528 0 0 16384 16777216 0 655360 2112 576 32768 2147508224 258 1073741824 0 67108880 4 4194312 33554432 4194304 8 8388609 0 256 131080 5152 0 134217728 0 0 2048 537002000 50 2147483648 268697600 4096 0 0 2 8388608 2 276 262144 1024 8912896 8913152 0 65536 134348800 0 0 34603008 33816576 0 8192 0 536870928 2097184 17825792 268435460 0 16 524304 2418278528 0 262400 167772161 16777216 268435488 64 0 34078720 512 0 524288 0 67108864 0 0 1 262144 16384 0 16896 16 67108864 0 0 536870928 0 131586 8390673 5242880 536870912 266240 134217728 524288 8193 1024 1073807360 8396808 0 0 9437184 0 0 0 0 0 4194304 12 0 33570816 131072 0 67112960 1073741888 8389632 4194336 0 4194816 0 0 136315136 4194304 16777216 603980800 1048576 2129920 512 1048576 2147483648 2097152 0 0 1 0 67108864 131072 131074 0 67108864 0 8 0 0 25165856 33554432 536871424 148480 1 16777216 18433 33554432 1032 0 134217728 0 131077 0 0 64 1048576 1 2148532224 32 16384 2097152 8704 536936448 2165833728 256 1073741824 67108864 65536 0 268435732 1107296256 2048 0 4 1107296256 0 0 0 3145728 0 1040 65536 0 2097152 0 4 1 537133568 536870912 0 167772160 2098176 32 16384 66 0 2420113408 8192 0 0 33587200 8389120 33554432 0 64 64 512 0 2048 2 0 23068672 4096 0 1048580 8192 0 673185792 2 0 4194304 17039360 67108865 24576 0 524352 0 33554432 1024 0 1073741824 263168 0 6291472 0 150996992 1536 0 1040 262146 0 16777216 4096 2048 128 0 268435712 33554432 262144 8454144 2097152 2097154 4 4096 0 512 0 536870912 67117056 16777216 8192 536870912 268468224 128 1048576 0 262144 2147483649 1025 66048 1024 1024 0 2097168 0 0 402653184 524288 2147483648 2147483648 536870912 0 1049088 34848 0 2164260864 16384 2 2149711872 134219776 1 268435456 0 131072 1024 0 10 67108864 8404996 8388608 0 2147483648 262144 131072 268439552 0 4194336 65536 0 262146 0 65536 4240 0 4194304 8912896 0 4 88080384 1030 513 0 16777216 0 0 1 4194304 1073741824 1048576 2048 1050624 33792 8712 8200 0 131072 0 0 0 67108864 1107297280 64 0 8192 0 16 0 67115008 32 1081344 524288 0 512 8192 3 134217728 8388608 257 570491008 0 8 268713984 2147614720 4194304 0 0 65536 32 16384 134217728 1064961 0 536870912 67592 0 4194304 131072 16777216 0 536870912 32768 0 33554438 5376 0 8388608 0 0 4456448 67109120 0 262144 1610612740 65537 262152 603979904 0 8388640 536870912 512 0 4 0 0 0 512 4327424 2048 67108944 0 0 4198400 266240 0 548405248 201326592 1073741824 134480132 0 537133056 134218752 0 524288 65536 0 32 1048580 0 0 2048 134217728 0 0 4194304 32772 4263938 0 0 32 68681728 285212672 4194304 33622016 4194368 12288 0 0 67108864 100663328 4096 2048 268435456 4096 67108864 2097152 1024 8 1024 0 0 0 0 256 0 8736 0 2148007952 134221952 0 8192 1049088 0 24 0 16 1024 17664 0 0 1024 0 1048576 67108864 1024 0 10 4194304 33554560 0 67174400
is_linear=0
shrinkage=0.05


Tree=71
num_leaves=31
num_cat=28
split_feature=5 36 30 37 36 36 36 36 42 36 36 37 36 37 37 42 36 36 37 36 37 37 36 37 37 36 36 36 37 37
split_gain=15.9346 11.4927 9.42982 20.686 16.7415 12.9158 11.6249 10.5438 8.05024 14.0833 8.02647 8.31155 7.67186 7.41349 7.3382 7.28009 8.07267 7.30564 7.25341 7.09128 6.99944 6.83946 6.74462 6.64849 6.44009 7.26552 6.35552 6.15602 6.57682 6.31701
threshold=0.64697936177253734 0 1.0000000180025095e-35 1 2 3 4 5 6 7 8 9 10 11 12 13 14 15 16 17 18 19 20 21 22 23 24 25 26 27
decision_type=2 9 2 9 9 9 9 9 9 9 9 9 9 9 9 9 9 9 9 9 9 9 9 9 9 9 9 9 9 9
left_child=1 21 5 4 -4 13 23 14 9 -9 11 -8 18 -2 -7 16 -3 -17 -10 -12 -21 -1 -6 -5 -19 -26 -11 28 -22 -29
right_child=2 15 3 6 22 7 10 8 12 26 19 -13 -14 -15 -16 17 -18 24 -20 20 27 -23 -24 -25 25 -27 -28 29 -30 -31
leaf_value=-0.0011883899278848588 0.036211792595431599 0.0087622876126386192 0.23721830022948881 -0.0028276918216510517 -0.018433730933957167 0.022517570298384169 0.032121142734227608 0.020812429336493101 0.021036852386224183 0.010198366833527157 -0.016816287400369168 0.0020434694094212413 -0.0054296300545978813 0.0029018738191148499 0.00063690802484072349 0.0066502482123596456 -0.013816326610670428 -0.017890032031604247 -0.0017161593380935901 -0.015435222026986471 0.026637581911810943 0.02557055290594187 0.030979381346037966 0.02441137832248115 0.0046968639510126756 -0.0071153750597985708 -0.002749386657347537 -0.017702606206225515 0.0014405298200400715 -0.0010491048736063911
leaf_weight=1859 3250 1774 1343 1580 1293 3646 2110 3014 3557 3779 3848 5370 245029 10171 13952 3228 29041 10762 7776 4009 1898 1802 6503 3631 4436 130049 36480 5125 5662 150117
leaf_count=1859 3250 1774 1343 1580 1293 3646 2110 3014 3557 3779 3848 5370 245029 10171 13952 3228 29041 10762 7776 4009 1898 1802 6503 3631 4436 130049 36480 5125 5662 150117
internal_value=-0.000421665 -0.000823318 -0.000281199 -2.97478e-06 0.00231721 -0.000443166 -0.000118755 -0.000507441 -0.000577307 5.35411e-05 -0.000186908 0.00141503 -0.000683789 0.0010756 0.000681753 -0.000879945 -0.00157943 -0.000734666 0.000587755 -0.000257207 -0.000208172 0.00194649 0.00142308 0.00220653 -0.000786997 -0.000692679 -0.000193631 -0.000157267 0.00123497 -0.000225149
internal_weight=706094 182951 523143 192489 9139 330654 183350 317233 299635 43273 178139 7480 256362 13421 17598 179290 30815 148475 11333 170659 166811 3661 7796 5211 145247 134485 40259 162802 7560 155242
internal_count=706094 182951 523143 192489 9139 330654 183350 317233 299635 43273 178139 7480 256362 13421 17598 179290 30815 148475 11333 170659 166811 3661 7796 5211 145247 134485 40259 162802 7560 155242
cat_boundaries=0 28 55 83 111 139 167 174 199 227 253 281 308 335 343 371 399 426 454 481 508 536 563 590 618 645 672 699 726
cat_threshold=0 16777216 0 16 4160 0 268435458 4096 1073741824 4194304 0 134217730 0 134217744 64 0 16 0 1181696 512 32769 268435456 2155872256 33 16 0 134217736 67125256 16 0 65540 64 0 16 4 134219780 553715712 1646264320 2048 1040 4096 0 67108881 128 131072 0 2113536 0 0 0 0 1073742848 0 16777216 65536 4 2147484672 0 64 4096 4194368 0 8192 268435456 512 0 553648128 278528 2048 0 134225920 16896 67125248 67108880 0 0 0 262144 16384 17301504 65536 2 524292 32 2 0 8 0 32896 64 263168 256 1246208 0 270532608 8193 0 0 33554560 768 538973184 256 0 1073741828 0 0 2147483648 0 6144 0 134217728 0 1040 4 2281701440 0 0 0 2097218 2 256 524288 131072 8519680 0 4194560 0 4 33587200 0 0 1048576 1350566152 0 0 2576 0 67108864 2097152 8454656 4 2101248 3254779904 0 0 268435464 640 128 0 8396800 0 33554436 1077936128 524288 0 0 2048 2097168 8388612 0 4101 0 0 0 67108864 0 33556480 23068682 160038914 65570 3226992642 2415927560 1056 1811941376 16779264 0 147456 12288 8388608 134217728 688 4202496 1107296256 32768 1 0 2304 4 0 512 33555458 0 1536 4194304 2048 0 0 16384 2164260864 268436480 0 67117056 0 0 8462336 0 0 256 0 0 0 524290 4104 0 524800 268435488 131073 0 524288 4096 553648208 131072 16777216 4194304 538052608 0 4096 69732352 512 67141632 2215641088 4194320 0 67108864 0 8 134353152 0 0 0 2147483648 0 8388608 512 536871936 16 1073741824 0 138412032 134219776 16 0 536870916 1077936136 2097152 0 67108880 301989888 276824064 67108864 0 0 0 0 0 0 1024 0 67108866 562036736 9437440 17367040 150995456 0 0 134217728 0 512 0 0 1073881092 4 0 0 71303168 675283072 64 516 0 12 266240 33558528 262144 134217728 1 0 512 8192 544 20 33554432 0 67584 134217728 1048576 0 0 16777220 8390672 2147483648 1032 5243140 536875008 0 76546560 0 0 4096 2147483648 131072 135266568 0 0 2 512 8388608 0 2048 0 0 33554434 0 536870912 0 8196 22 1946419200 803072 2150121472 67371264 2150105089 289440128 268 1054722 0 0 131072 131074 512 1179776 0 268435456 2097156 67108864 0 4194304 1081344 33554432 0 64 1024 16 33554432 128 134217728 262144 16640 0 0 2048 2112 33554432 4194304 0 0 0 1024 1075838976 0 0 2 131089 8388608 134217728 2147483648 65536 2129920 537133056 8192 0 2048 4 512 1073758272 16 4456449 8388608 0 268435456 2048 0 4288 9437184 4354 0 32770 0 2048 71303168 16814080 131072 1048576 0 0 0 8912896 40 8192 100663296 0 0 4096 0 0 1092 2052 0 0 0 4616 4194304 0 0 0 2097152 33620992 0 33554432 256 2162689 0 0 1073807360 0 8 201392640 1073743872 0 0 524288 66560 540672 1073745920 268697600 4 2147483648 9 8192 262144 20971520 0 536870912 0 0 16777218 0 2147484160 8192 2101248 1048576 16777216 536936448 2048 268437504 0 96 50364416 16781316 0 0 128 2048 1073742400 0 0 135168 0 0 0 0 32 0 809500672 134217728 73 524296 65536 16777224 1024 0 1140850688 1024 32 0 134217728 0 2147483712 8192 536870944 1056784 1179648 0 0 256 16777216 1024 0 2147487744 0 0 0 256 0 0 2149580802 0 0 134349828 0 1032 268435456 655362 1118208 8192 0 1073741824 67108864 512 4640 524544 2 0 1048640 0 0 4325504 4096 262144 256 1024 33563648 8388608 8388616 1024 0 0 0 4194304 0 270663680 0 0 8197 4 8768 32768 16777218 134479872 4194304 402653184 1073741824 272629808 0 2049 33685506 0 16 0 0 4195328 536875008 0 1 0 67108866 512 0 0 0 268435456 4096 536870912 16 0 0 2560 0 262144 2214592512 1 8388608 0 0 256 524288 1048832 16384 4194368 524288 0 1078198272 604049408 2048 131072 524288 0 268960256 256 0 8208 1048576 268435456 262144 16777216 1082130688 524288 524800 8192 0 0 1078460416 67143688 1049216 16448 0 0 2 1048576 0 0 32 0 2 4 262144 0 134219776 1073742080 16777216 832 0 32 0 67108864 67108880 9 1082130432 0 512 65536 1025 33554432 8404992 64 1048576 4194304 0 0 67174400 524296 32 16 0 0 8320 536871168 0 1073741824 41975808 0 8192 4484 0 262144 524296 2181038080 34079744 0 8192 8388608 16777224 0 1073741840 134742016 0 0 0 0 2097152 135168 8388608 0 262144 1024 16384 4194307 0 4194304 134217728 0 262144 32 852 268435456 262145 268435456 0 4136 131076 0 0 2 536870912 0 32 524288
is_linear=0
shrinkage=0.05


Tree=72
num_leaves=31
num_cat=25
split_feature=35 42 42 36 36 37 22 36 36 37 36 36 37 36 36 36 37 37 35 36 37 36 36 42 36 36 36 24 23 37
split_gain=15.7075 11.892 10.3281 15.0735 10.2801 10.0056 9.13746 23.9236 14.1127 12.8918 11.2073 10.8591 9.18202 9.1367 9.11332 8.77989 8.71151 7.58506 7.35699 21.649 11.2541 9.15821 7.46304 7.29269 12.7389 7.22392 6.90757 6.87576 11.1534 6.80513
threshold=1.0023766160011294 0 1 2 3 4 5.5000000000000009 5 6 7 8 9 10 11 12 13 14 15 0.88897725939750682 16 17 18 19 20 21 22 23 6.1002306938171396 9.0633039474487322 24
decision_type=2 9 9 9 9 9 2 9 9 9 9 9 9 9 9 9 9 9 2 9 9 9 9 9 9 9 9 2 2 9
left_child=1 14 3 -2 -3 -6 10 16 17 27 -7 -11 -12 -14 -1 -4 -8 -9 19 -15 -21 -22 -20 24 -17 -5 -13 28 -10 -28
right_child=2 4 15 25 5 6 7 8 9 11 12 26 13 18 -16 23 -18 -19 22 20 21 -23 -24 -25 -26 -27 29 -29 -30 -31
leaf_value=0.0053033952106370805 0.045409685608813963 -0.011648954141605132 0.0048238237188743755 0.014256748793187078 -0.013836200354588726 0.01200803902011437 0.13580758316409217 0.048724828643506246 0.038674817549183074 0.017745674551099055 -0.0090005457801868513 0.015507511997170998 -0.012009664238213395 0.052705014439925681 -0.0088751132676669914 0.025984640143423846 0.023794237965490316 0.010778916746836859 -0.012772828261823584 0.049758276984137498 0.043629266281269584 -0.0017257931208763768 -0.001180454467625708 -0.0096433424164776745 -0.0045407456919574147 -0.0018803703839829211 0.010337200993623848 -0.066558353583319921 1.1971597795219484 -0.0026756634676240233
leaf_weight=4518 1413 7392 5312 1883 10055 11382 248 763 2734 2142 16384 2125 7720 1806 46498 2664 1674 1826 6973 2175 1420 26099 273010 151812 46295 19101 5167 605 124 43452
leaf_count=4518 1413 7392 5312 1883 10055 11382 248 763 2734 2142 16384 2125 7720 1806 46498 2664 1674 1826 6973 2175 1420 26099 273010 151812 46295 19101 5167 605 124 43452
internal_value=-0.000413084 -0.000249595 -0.000753893 0.000265864 -0.000163043 -0.00013032 -9.1881e-05 0.000473209 0.000293558 0.00012735 -0.000191004 -6.64505e-05 -0.00024335 -0.00018407 -0.000970859 -0.000864691 0.00594671 0.00389519 -0.000141921 0.000582521 0.000258037 -1.62556e-05 -0.000223433 -0.0009178 -0.000386921 -7.19225e-05 -0.00021397 0.00307786 0.00411158 -0.000336161
internal_weight=704772 476292 228480 22397 425276 417884 407829 60860 58938 56349 346969 52886 335587 319203 51016 206083 1922 2589 311483 31500 29694 27519 279983 200771 48959 20984 50744 3463 2858 48619
internal_count=704772 476292 228480 22397 425276 417884 407829 60860 58938 56349 346969 52886 335587 319203 51016 206083 1922 2589 311483 31500 29694 27519 279983 200771 48959 20984 50744 3463 2858 48619
cat_boundaries=0 8 16 43 71 97 125 153 180 208 234 261 288 315 342 368 390 418 445 473 501 509 537 562 588 615
cat_threshold=17664 262144 545024 33816576 4456960 671162371 2303762848 28 23592968 134873120 75567104 2147483649 338764032 8454176 538978336 129 133122 256 0 64 0 68 525314 25169968 8388608 1048576 131072 0 0 8388608 0 603979928 0 536870912 0 0 0 1073741824 0 0 134217728 49153 32 16384 0 304611456 524288 0 0 32768 65536 2097152 33554432 268 0 1280 136323072 0 0 0 16777216 8192 0 0 0 71303168 1024 16392 2147483648 196992 64 131076 2097152 256 128 4 0 268435456 32 16 33570816 0 65536 32 1114128 144 269484032 4194304 524288 1073776640 1 16777216 6 16777728 0 0 32768 0 0 134217728 2048 1024 0 8192 4194304 205520896 2147483648 1073872929 71303168 524290 2147483648 16777216 0 0 134217728 134217729 0 134217729 0 0 128 16777216 64 7 4100 2056 134218240 131072 8256 0 532480 37765120 0 0 0 0 0 0 0 8388608 64 2150105216 33554432 0 10485760 67113472 16777280 131584 16385 2147483648 0 0 2 4194320 0 0 2 0 0 9 8912912 16384 8208 1073741824 131072 4104 33554432 0 65536 687865864 0 2147483648 1048584 0 135200 10 0 0 65536 16777216 17 0 0 2147487745 16384 0 544 0 0 285868032 0 0 4097 4 32768 0 0 0 524288 134217728 1077936132 2048 262178 0 0 2048 32768 538193920 64 2147483648 16 67108864 67111424 4194305 0 524288 1082654720 1073741840 0 32 5242880 65664 134234112 524288 8192 2097152 0 4194304 0 65536 0 524288 0 65544 0 33280 0 16842752 393216 0 262144 33688192 1048648 131072 1073741824 0 0 0 134217728 0 8456 0 2097152 1048576 2048 4160 1 9216 0 4194304 2097168 0 131584 1 512 1024 0 1 8388609 262144 4 18434 8388608 537002000 16777216 2147489800 20 65538 0 4194304 0 0 2147483648 524288 4096 0 16384 2097152 536870912 4194308 0 0 6144 0 64 131136 268435457 16777216 17 0 4202496 33587200 33554436 0 301989888 130 0 33554432 32768 0 525312 32800 1032 0 65536 0 262176 0 2164260880 33792 0 270794752 0 0 3 8 2048 8527872 16 33554432 0 16384 32768 6291472 2147483648 0 1024 65536 0 272629760 67108872 1048576 64 0 0 4096 0 0 0 0 2048 256 0 0 0 0 0 0 0 0 0 0 0 0 0 0 0 2147483648 2621520 0 0 69206272 2 1073741824 0 0 8 0 0 0 0 0 524288 512 8388608 1024 25165840 0 0 134217728 17039362 1082130432 0 8388608 1073872896 151011328 0 4128 33554561 32768 65536 0 0 33554432 0 268435456 264192 4096 1028 0 0 1073741824 0 1179648 0 131072 2048 4 0 0 576 12 536870912 0 516 589824 2147549696 134217728 0 0 0 524352 268435456 0 536870912 32 0 44040192 32 0 0 0 16777216 2165309440 117441024 0 4 1028 0 4096 1152 276840452 0 32770 67109888 8388608 4096 0 4194305 0 768 536871040 2097408 1073741824 0 32 1 134234112 4194304 0 0 0 2 0 2151940096 0 0 4 16 2048 0 524290 2 64 2147483648 8388608 81920 32 2228224 67110912 524288 134217856 32 0 0 135286784 0 0 9 512 514 67387713 26279936 1644430592 712 1073741828 4198464 1209008512 96 2 0 67110912 1 570425344 21056 0 0 1 4096 75497536 0 67373056 8388672 2147483648 134217856 0 147488 0 4 0 0 1024 0 0 0 268435488 32 0 8388608 1024 33554432 131084 0 4194336 1074003968 2 134217729 16384 1048576 2113536 134 0 1024 2147483648 2097536 0 67117056 536870912 1 512 0 1 268435456 32768 65536 33554432 2147483648 131072 536870912 2098176 2147483656 540672 16384 8520320 1073741824 278528 67108864 1075970048 134217728 32768 0 0 0 0 2112 67112960 0 67108864 2048 1073741824 1048576 12583168 536870912 8388608 16777472 1050628 0 8 0 536870912 8650752 2147485696 268435713 0 524288 2097152 1122304 1073741824 16 0 0 0 0 1077936128 8192
is_linear=0
shrinkage=0.05


Tree=73
num_leaves=31
num_cat=22
split_feature=11 35 37 37 42 37 42 35 37 37 37 42 32 37 37 32 35 41 37 37 38 35 37 37 30 37 38 37 42 42
split_gain=15.0782 11.4987 9.35631 7.87415 7.36026 7.17968 6.66339 5.48554 8.13747 5.89929 5.38484 5.33837 4.78959 8.18278 5.91252 4.93528 4.41239 4.95257 4.32044 4.22678 3.85946 6.20909 3.79907 3.53409 3.42828 5.04136 4.58345 6.27995 3.7032 3.46697
threshold=0.62857142090797435 1.1047241091728213 0 1 2 3 4 0.92101219296455394 5 6 7 8 23.425000190734867 9 10 22.32499980926514 0.67103970050811779 11 12 13 14 0.71344330906867992 15 16 1.0000000180025095e-35 17 18 19 20 21
decision_type=2 2 9 9 9 9 9 2 9 9 9 9 2 9 9 2 2 9 9 9 9 2 9 9 2 9 9 9 9 9
left_child=5 3 -3 -2 12 -1 -7 8 20 -9 -11 23 14 -14 15 -5 17 -13 -18 -12 21 -6 -20 -8 26 -26 27 -24 -28 -27
right_child=1 2 -4 4 7 6 11 9 -10 10 19 16 13 -15 -16 -17 18 -19 22 -21 -22 -23 24 -25 25 29 28 -29 -30 -31
leaf_value=-0.01426140736901268 0.016512169576838077 0.0035013329463759236 -0.016568255756082589 0.017365850768735938 0.20148156104101556 -0.0099385378092713937 -0.001947708973376694 0.0019708502675391125 -1.4529158803240017e-05 0.00023338552528519706 -0.016510439242585821 -0.0008665726791334407 -0.0078451533597290145 0.0027825602688756734 0.00022562373191391445 0.0013408493921206399 -0.0124086874888856 0.13928698808655993 0.0030735613536430027 -0.0039492344639173475 0.0032707095700441353 0.047397912285532778 0.006251958759350632 -0.0088315598860741595 -0.012868976189402515 -0.004437168910295301 -0.00097749908655064659 -0.0042090436348989277 -0.0098939101036020129 0.0013444190330406563
leaf_weight=11247 10055 4892 22768 16037 154 36854 15567 22073 19283 36288 4803 364 20989 24928 37990 12383 7834 312 9858 145445 1540 1909 7963 64727 4415 20520 9980 58353 34844 41107
leaf_count=11247 10055 4892 22768 16037 154 36854 15567 22073 19283 36288 4803 364 20989 24928 37990 12383 7834 312 9858 145445 1540 1909 7963 64727 4415 20520 9980 58353 34844 41107
internal_value=-0.000415184 -0.000202189 -0.00118398 -0.000125446 -0.000165793 -0.000666045 -0.000621329 -0.000326936 0.000407873 -0.000407567 -0.000499017 -0.000536913 0.000166306 -0.000226328 0.000437803 0.000983081 -0.000395913 0.00363368 -0.00040993 -0.000631044 0.00258509 0.00399831 -0.000361667 -0.000880207 -0.000414831 -0.000129537 -0.000584393 -0.000320232 -0.000974909 -1.24523e-05
internal_weight=705482 381537 27660 353877 343822 323945 312698 231495 22886 208609 186536 275844 112327 45917 66410 28420 195550 676 194874 150248 3603 2063 187040 80294 177182 66042 111140 66316 44824 61627
internal_count=705482 381537 27660 353877 343822 323945 312698 231495 22886 208609 186536 275844 112327 45917 66410 28420 195550 676 194874 150248 3603 2063 187040 80294 177182 66042 111140 66316 44824 61627
cat_boundaries=0 26 53 60 85 93 121 146 173 181 208 230 232 259 286 287 313 340 367 368 395 403 411
cat_threshold=67110912 12288 4608 2149580800 18 2415919104 8389376 32 4261888 1073758528 8192 134217728 0 0 1048576 0 25165824 0 16777216 2097152 0 0 2048 0 0 32768 2147483648 3221225472 48 2 541065216 0 8192 280576 2080 0 4096 16 1032 4096 0 65536 32 2097152 8192 268435456 0 0 128 1048584 16777216 4 33619968 83886082 2147614720 1107771394 2151678109 100683776 16795137 872423424 2290106501 8388608 0 134217728 262144 0 268439552 0 4194352 33636352 8388608 0 32 16 4112 0 0 256 1073741824 524289 0 67108866 512 0 285212672 16640 537137216 540928 42467328 136577536 2685010433 2432840072 256 71368704 32 67108864 1052680 4096 0 0 65536 268500992 2097152 0 4194304 4 16448 1048576 0 536870912 32 16777232 136314880 0 0 0 0 8388672 0 8192 1 8388610 0 8704 0 16777216 16448 605028356 0 1056784 551550992 1 65536 1073741824 0 0 8404992 262144 0 0 526336 0 2048 10 0 129 1 131072 67112960 16 4098 0 32768 67174404 0 8324 524288 536870912 536875008 0 0 67108864 8192 4 536870912 0 1140850688 524288 0 402653184 4194304 4195344 524288 132608 50348032 14340 136626464 37752845 1207980226 8388608 1 2097232 0 4 228589568 0 2147483648 0 524320 2 0 33554432 0 134217984 33816576 524288 64 285214720 0 32 0 0 16384 33595392 16777216 0 0 24 80 67108864 0 77594624 0 2147614720 0 33 16777218 256 2147483648 0 134217728 33554440 524288 64 0 0 0 0 0 16384 436207776 2048 0 2097216 0 16777346 0 131072 0 16908417 512 10493952 2049 524288 0 1049600 0 1 4194560 33554432 528 268435584 0 4194304 1048576 0 0 0 67174416 134217728 0 524288 33570944 0 2097152 268713984 0 268435456 16384 1048576 0 8192 1048644 4112 536870913 0 0 2099208 0 128 64 16777216 2097152 8388608 65536 512 8257 524304 294912 262148 0 553648128 0 0 524288 0 260 16777216 32 41943296 16384 8200 536870912 536870912 655360 0 33554432 128 2048 134217856 0 4196352 33554464 268435456 0 16384 0 4096 8 553648130 2147483652 65536 0 294912 0 524288 0 273678592 1073807376 16384 1073741824 2147483648 2097152 33554432 0 2097152 1073741824 64 262160 536872960 4096 0 2 0 134217728 4194304 0 0 0 0 4194304 4194305 2147484672 1216348160 0 0 25165824 0 2080 0 276832256 68 0 536870924 65794 4227072 33554944 183299 65600 0 0 4198400 8454176 2097152 512 2064 0 2147483744 2147483648 537034752 2148533248 1107296512 0 0 1032 4096 0 0 65536 131072 0 0 256 1024 4 67141645 131584 302186506 68158473 268582912 26214432 1049088 34 553910400 142738432 198154 2214789126 1142038528 17826816 67111424 2
is_linear=0
shrinkage=0.05


Tree=74
num_leaves=31
num_cat=26
split_feature=28 42 42 37 22 36 37 36 36 36 36 37 37 36 37 36 28 36 37 36 37 36 36 37 23 37 36 37 37 37
split_gain=14.7242 11.7528 10.329 10.3048 10.1722 15.1694 10.3058 10.0463 10.0381 10.0248 9.34446 9.37415 9.222 9.05344 8.66427 9.72352 13.2554 8.30605 7.98639 13.9186 7.8868 7.80526 7.49358 7.47121 7.35268 7.3357 7.66726 8.30509 6.85968 6.85378
threshold=0.99950000643730175 0 1 2 4.5000000000000009 3 4 5 6 7 8 9 10 11 12 13 0.55101019144058239 14 15 16 17 18 19 20 0.57000088691711437 21 22 23 24 25
decision_type=2 9 9 9 2 9 9 9 9 9 9 9 9 9 9 9 2 9 9 9 9 9 9 9 2 9 9 9 9 9
left_child=4 -2 7 -4 6 12 -1 -3 28 -8 11 -11 -6 -5 15 -10 -17 20 19 -19 -16 -12 -15 -24 -14 -23 27 -27 -7 -28
right_child=1 2 3 13 5 8 9 -9 14 10 21 -13 24 22 17 16 -18 18 -20 -21 -22 25 23 -25 -26 26 29 -29 -30 -31
leaf_value=0.015327595737322609 -0.020470528250159027 0.010242553909879439 -0.017044896059198442 0.0086668205907308813 -0.00067162979295867656 -0.00149977723748972 0.0090170516522725119 -0.012682681280276713 -0.014605428750748948 0.022780483097382634 0.0047017699086427146 0.00076345289398270998 0.064063455708660927 -0.014402966905754983 0.026871868304164714 0.23434089581431516 0.018994893711467852 0.06893750428369004 -0.0019887279546040551 0.0033678323556677208 0.0029969064149013847 -0.014905783834517197 -0.01095455813073334 -0.0025527275343630333 0.059909797347939067 0.022103046175375549 0.0068481340936290261 0.00041089991291058941 0.027062067900887745 -0.0048332317889884244
leaf_weight=4452 16781 2403 9384 6677 1050 1547 6172 40049 961 2805 13127 8617 240 4677 1586 247 2661 1060 78727 11672 3022 6553 18275 245914 1771 2172 6781 9650 3117 193127
leaf_count=4452 16781 2403 9384 6677 1050 1547 6172 40049 961 2805 13127 8617 240 4677 1586 247 2661 1060 78727 11672 3022 6553 18275 245914 1771 2172 6781 9650 3117 193127
internal_value=-0.000399407 -0.000633425 -0.000567206 -0.000458758 -0.000176376 0.000230791 -0.00034933 -0.00129477 0.000129049 -0.000391985 -0.000442591 0.000952943 0.00369385 -0.000403216 2.31117e-05 0.00233956 0.00377869 -7.04382e-05 -0.000174894 0.000986423 0.00199827 -0.000511514 -0.000448403 -0.00041322 0.00567384 -0.000582735 -0.000531664 0.000705231 0.00239358 -0.000604846
internal_weight=705277 344160 327379 284927 361117 107661 253456 42452 104600 249004 242832 11422 3061 275543 99936 3869 2908 96067 91459 12732 4608 231410 268866 264189 2011 218283 211730 11822 4664 199908
internal_count=705277 344160 327379 284927 361117 107661 253456 42452 104600 249004 242832 11422 3061 275543 99936 3869 2908 96067 91459 12732 4608 231410 268866 264189 2011 218283 211730 11822 4664 199908
cat_boundaries=0 8 16 43 71 98 124 152 180 208 235 262 288 315 343 371 397 425 452 479 507 534 560 588 615 642 668
cat_threshold=671367168 541331648 819718 67649536 0 805831171 708837388 4 134736 0 8232 1117814820 4459024 2147680256 3506475264 16 0 0 1572864 0 134479872 134217728 277086208 0 8192 67174400 1 0 1024 512 4112 67109376 0 131072 5242880 134217729 0 1026 0 536870920 276824064 16777216 65536 2147483712 0 0 2149580800 134479872 0 0 1048576 67109378 16416 537001984 1073741824 0 0 256 64 4194304 41992192 0 0 36864 1073741824 0 2214608896 0 8388608 67108864 4 2 0 0 0 536870944 16384 2097152 1090519041 512 2097152 25165824 32 0 1073742336 2097152 18 1024 2097152 8192 0 8224 524288 33554560 0 256 2718957568 8192 131072 0 142614528 0 0 2147614720 1073745920 42076672 32 64 64 150995072 0 2560 0 0 536870912 0 16777216 131072 16384 0 33280 1048960 4096 8 0 2281701376 1073741824 268435456 0 2097152 10 33554432 8388609 0 67117056 16384 2 2368 524288 2 2181038080 4 2147484672 1048576 0 8192 0 4 0 104 1 524288 8389152 1024 0 5152 0 0 16384 0 0 4096 536870912 65568 134217796 0 537264128 0 16384 0 32 512 272629760 0 1619001346 2048 0 512 524288 134221824 17825792 2097152 8258 4194304 33554432 0 1073741824 128 1024 16777216 0 0 8388609 1028 1048576 0 554696704 5120 67109378 8208 0 536870912 4096 32 0 33554432 0 268435456 2048 32 1052672 102240256 0 2147483648 4 536870912 1073807364 4194304 33554432 536870912 0 8 1572864 0 8388608 1024 1048592 2097152 0 134234112 8 4 0 0 2560 0 0 36992 33554432 4096 1342177280 4194304 512 0 0 0 0 1074266112 64 524288 65600 8 1024 0 1216348160 262144 138412032 0 134217728 0 1028 2049 1073741824 536870920 0 2147483648 0 0 0 4096 3221225472 4194304 0 8388609 532480 2147487744 0 0 512 1048576 0 1025 129 2147778688 147456 33554432 1344274432 65540 32 0 32 16384 0 2097152 9 8521728 2147491840 2151677968 1073741824 1040 8388608 0 2 1 150994944 0 2097152 0 0 4194304 2 4194304 4194304 1073742852 33554433 0 8192 67109120 513 0 2048 32768 8 0 201457664 192 68157440 1073741824 4227074 16777344 0 0 8 671088640 33562640 268435456 0 0 0 0 4194304 0 536870912 0 2 0 1050624 69632 268435520 589824 2147483720 64 16 526368 1048576 34603008 0 16777216 1 0 4194304 138412032 4096 16777216 268435456 1024 0 4194304 0 1048576 2097152 4194320 1073742336 1024 541065216 0 0 536904192 134217728 0 536870912 0 0 262144 8192 109585408 536870912 524800 268567560 1048592 0 0 0 0 8 16 4194304 67584 0 4096 0 131072 0 33554432 4352 0 8192 268435456 4 0 8388608 0 8192 262672 268566528 0 0 256 32832 0 0 2048 1077940225 2048 67117152 67176465 0 604016640 2147483648 135168 0 8421376 0 2048 8 524288 536870912 524288 0 0 0 0 1024 0 0 4195344 134283265 0 0 268435584 0 83886080 0 1073741824 0 131088 2097152 270549120 8388628 268697600 268435456 8192 64 0 16512 0 32768 4284544 525312 4 0 0 0 0 2147483648 4194304 0 8192 2080 0 2147483649 33554433 512 16 0 2147520512 65536 67108864 33554432 16777216 0 1152 2097152 16777216 0 67174400 0 0 1142947842 514 16777216 0 2147483648 0 0 66688 1 2147500032 0 4 4259970 128 131072 134221824 1073741824 8 0 2048 34 262144 1048592 0 17 4194304 1024 2048 0 16779264 64 16777216 0 0 32 8209 8388609 4096 32768 0 4194308 0 268435464 131072 541065252 1073741824 0 65536 4096 16 272 16385 0 8 4608 524288 83886080 69632 0 4 0 16 4194304 33554688 256 1 0 16779328 0 0 128 0 32 268435456 0 79691776 0 768 16 10240 2231296 4194305 2050 1 0 1048576 16777216 8 0 16384 2144 0 67121664 4096 262144 0 134218244 75497472 8 0 4096 0 262144 64 524288 64 0 1056 0 68288512 0 0 0 0 536870992 0 4 67108864 512 8192 2148012288 0 0 512 0 0 4352 0 536870912 0 2048 524304 1048576 134217736 8421376 16777232 134217728 1024 66560 2048 2097152 0 1028 33564672 4194304 32 9 16 16777216 0 1048576 0 2064 0 0 1024 0 16384 537395200 604045312 285212928 33751040 0 2052 262144 4194304 2105344 536871936 4194304 262144
is_linear=0
shrinkage=0.05


Tree=75
num_leaves=31
num_cat=23
split_feature=0 4 22 37 37 28 37 37 37 37 37 37 38 37 37 42 37 37 37 13 37 37 42 42 37 37 22 37 22 42
split_gain=13.7298 7.01709 6.67107 9.94235 7.03633 6.37473 8.60537 5.77663 5.56199 5.45867 5.40588 5.16577 4.87735 5.79547 5.06688 4.81888 4.58124 4.28641 4.22814 3.94344 3.93327 3.89516 4.79854 3.63248 3.5539 3.55005 3.41695 5.42701 4.40997 7.23178
threshold=0.76556760072708141 5.2144916057586679 4.5000000000000009 0 1 0.99950000643730175 2 3 4 5 6 7 8 9 10 11 12 13 14 2.928571462631226 15 16 17 18 19 20 4.5000000000000009 21 1.5000000000000002 22
decision_type=2 2 2 9 9 2 9 9 9 9 9 9 9 9 9 9 9 9 9 2 9 9 9 9 9 9 2 9 2 9
left_child=2 5 4 -4 -1 9 -7 -8 -6 -2 -5 -11 13 -10 -14 -12 -13 -15 -17 -3 -18 -9 -23 -19 -16 -20 28 -28 29 -22
right_child=1 19 3 10 8 6 7 21 12 11 15 16 14 17 24 18 20 23 25 -21 26 22 -24 -25 -26 -27 27 -29 -30 -31
leaf_value=0.0067055034456183511 -0.01335482796545911 -0.0011286952229461176 0.0099994621986260156 -0.015852588771930822 -0.016432030383415109 -0.017748346090577075 0.0056778181506436376 0.0018466378547866077 0.0029344339499387771 0.0087640078434782515 0.0046106232326258165 0.0048845191741644228 0.0040328922159568919 0.00033441849583215296 -0.0017746555051430532 0.0059307543218810313 0.0024741032548646941 -0.0017762707009656604 0.0028059787967705564 0.031755757618295237 0.0055450842028116915 -0.0011342149502147946 -0.0059501758322729002 -0.0074502980047060413 -0.010271497578996064 -0.0047621163054978972 0.012486532556244184 -0.00063824649116941403 -0.0050716592023293261 -0.0023930797454005432
leaf_weight=5040 3503 5400 2496 3706 6713 7295 8586 14481 9060 5073 11166 14651 3432 15322 7583 3618 28917 22919 6411 8178 13405 50472 89573 88536 67730 63075 9732 35322 63868 29982
leaf_count=5040 3503 5400 2496 3706 6713 7295 8586 14481 9060 5073 11166 14651 3432 15322 7583 3618 28917 22919 6411 8178 13405 50472 89573 88536 67730 63075 9732 35322 63868 29982
internal_value=-0.000387543 -0.000188306 -0.000631826 -0.000268921 -0.000776888 -0.000228752 -0.000454601 -0.000379346 -0.000818946 -4.05109e-05 -0.000357326 -6.34511e-06 -0.000774513 -0.000592887 -0.0010877 -0.000274974 -4.71832e-05 -0.000680211 -0.000422759 0.000928271 -0.000115954 -0.000449505 -0.000530235 -0.000788021 -0.00117336 -0.000509591 -0.000217454 0.00014793 -0.000370959 1.80343e-05
internal_weight=705245 388438 316807 90472 226335 374860 170407 163112 221295 204453 87976 200950 214582 135837 78745 84270 195877 126777 73104 13578 181226 154526 140045 111455 75313 69486 152309 45054 107255 43387
internal_count=705245 388438 316807 90472 226335 374860 170407 163112 221295 204453 87976 200950 214582 135837 78745 84270 195877 126777 73104 13578 181226 154526 140045 111455 75313 69486 152309 45054 107255 43387
cat_boundaries=0 27 55 82 107 133 159 185 212 213 240 267 275 302 328 355 382 408 416 424 451 478 505 513
cat_threshold=0 4460544 16777216 134217728 16 939524096 537001984 2147483664 0 33554432 2048 0 8912896 0 570425609 0 17301536 0 2129920 2097160 0 0 0 0 0 65536 2097153 65536 0 262162 0 536936448 0 64 262144 0 606076928 4489216 131072 8192 1073741828 8 536870928 1024 1073741824 0 0 0 2048 136314880 1090520064 2048 33554432 0 1 0 8388672 8 33554432 393216 0 411041793 0 512 0 0 0 512 33554496 16 1049088 536870912 4096 1048576 0 1056 4194306 33554432 134217728 268435456 1090519044 335544320 0 4227072 16 16 4194304 64 64 16384 16777250 49152 0 16384 536870912 8667136 1024 0 16777984 8 33280 0 100663424 0 0 1074790400 65552 16384 64 0 0 0 2684354560 268566528 131072 68 33570816 1073741824 0 32 16 16 0 16416 0 2151711232 524417 16777216 67108866 512 0 8454144 1073741824 142741504 8392704 1073742080 0 4 2097152 262144 65536 16384 1073741824 1073741826 4259840 32 0 16 1048832 2048 8 2097664 0 128 0 17825792 4 0 16 134217732 8388608 268435456 8 262144 4259840 4194304 0 32 196608 0 268435458 4 8389120 4096 1074790401 4194304 0 2080 128 2048 2 134217728 1024 2048 17825792 524288 1073742336 1056 0 0 16384 0 1 0 134217728 8388608 1040 512 8 1048576 16 256 0 536870912 33554432 32800 524288 6 541065216 4194368 2147745800 67174400 191495 67108928 12582912 65792 0 32 2097152 68157440 67584 0 336 0 536870912 1048840 2147500032 128 65536 8388608 0 2 0 65536 131072 33554434 4194304 0 1024 4 2 32 512 16 0 0 0 32 1073741824 4 8192 16 0 33554433 336077824 1082130432 25167872 2097152 0 4104 0 0 0 0 128 4227072 50333696 742459456 1573376 100696320 8269 2147483681 134496280 33685507 2 4194306 0 65536 67112976 696255520 0 1 2148532352 512 16 2147483649 0 0 0 524288 0 671088640 2098720 0 268435456 0 4194304 0 1048576 8388608 0 8192 0 0 8 2285895680 8388608 0 33284 1073741824 536887296 2151677988 2147483648 32768 2147745792 8388608 0 268435456 8 16 1048580 1073741824 294912 16384 0 0 0 2701131776 526338 0 262148 0 536870914 10485760 8 34603008 2147483648 134225920 1074274304 65536 0 2147483648 205529088 0 262144 131072 2147483648 0 16777216 0 128 8200 0 0 16 64 32 67633152 8388608 0 0 32772 0 16 73400580 16781312 262144 524288 2147483648 603979776 65536 0 0 1048576 8521728 0 0 2056 0 16 1074790400 268435460 75759616 4128 262144 0 65536 268435464 605028352 65536 0 1342177280 0 134218752 4104 0 0 192 2048 2097156 2147487744 131072 0 0 6 0 192 32768 18874566 1207959552 75645056 16393 1712392328 18874368 1083187200 32 90439680 17826080 608239616 2214789263 1212432 67371008 8388618 1 603979777 272629760 268439560 0 16 16 1049090 0 2 136 2181169152 33554464 1073741824 0 0 16384 512 0 8394752 8388608 0 0 0 8 16 16777216 128 270532609 0 8704 16777232 4096 0 512 0 2097216 100 2148536320 131072 1024 0 1024 0 0 33312 0 4194304 0 2048 8192 4194304 8388672 1024 16842752 1048592 0 8192 2153267200 65536 0 872423496 2048 0 2147483656 0 32768 266244 0 2 0 532480 0 16 0 0 0 0 16 301989888 4 570425344 16777365 2239758336 152834 574504 2105352 75514048 2 160
is_linear=0
shrinkage=0.05


Tree=76
num_leaves=31
num_cat=21
split_feature=27 37 28 37 37 35 37 37 42 37 37 37 37 37 37 37 37 42 42 30 29 24 25 11 37 28 38 42 37 42
split_gain=13.2861 11.3356 9.90182 11.0925 9.49584 8.87314 10.2237 9.75928 7.23674 6.29155 6.2217 6.1677 5.69496 7.39238 5.19777 5.06029 4.79371 4.79198 4.67489 4.57958 6.23057 8.29767 10.2064 5.64465 4.46139 4.43251 6.06371 3.88953 3.78252 3.77242
threshold=0.51451224088668834 0 0.9115000069141389 1 2 1.029109060764313 3 4 5 6 7 8 9 10 11 12 13 14 15 1.0000000180025095e-35 1.0000000180025095e-35 5.00000023841858 6.8219702243804941 3.3000001907348637 16 0.5965000092983247 17 18 19 20
decision_type=2 9 2 9 9 2 9 9 9 9 9 9 9 9 9 9 9 9 9 2 2 2 2 2 9 2 9 9 9 9
left_child=1 -1 3 24 -5 8 -7 -8 -4 -3 -10 19 -12 -14 -13 -11 -15 -16 -9 25 21 22 -21 -24 -2 26 -6 -17 -18 -19
right_child=2 9 5 4 11 6 7 18 10 15 12 14 13 16 17 27 28 29 -20 20 -22 -23 23 -25 -26 -27 -28 -29 -30 -31
leaf_value=0.011457681006805977 0.084969296381066844 0.0027688509967237853 -0.0093451121795102808 0.00742947395992208 0.24623243254455476 0.0091875012817432978 0.0029549867976699524 -0.0025234035731204318 -0.014928995957709891 -0.017636674289652779 -0.011900824965269449 -0.01524214704088128 -0.0077663560105895868 0.0072573610235518232 0.026616779506056967 0.00028755148361611264 -0.005917465159768643 0.00063139175394304897 -0.014291979401657304 0.12821407857585998 0.0036058868547417799 0.07285707168761113 0.40517627695825864 0.8558026212386175 0.016969734731887755 -0.0012970828175342792 -0.012555251351696065 -0.0091564934106583614 -0.00042816964470653637 -0.0025709302408360342
leaf_weight=3011 294 5020 19702 17139 121 2028 9259 11824 4377 6651 7770 3344 22215 6292 110 8999 18037 53657 52049 1268 7964 1706 105 103 4433 14233 161 93928 209023 120837
leaf_count=3011 294 5020 19702 17139 121 2028 9259 11824 4377 6651 7770 3344 22215 6292 110 8999 18037 53657 52049 1268 7964 1706 105 103 4433 14233 161 93928 209023 120837
internal_value=-0.000380211 -0.000865339 -0.000283186 -2.30075e-05 -7.43803e-05 -0.000444982 -0.000928674 -0.0010258 -0.000318493 -0.000944909 -0.000250388 -0.000169544 -0.000219264 -0.000178684 -0.000274052 -0.00102424 -9.56884e-05 -0.000236578 -0.00124574 0.000554981 0.00131739 0.00318724 0.00593094 0.0161722 0.00237073 -3.01398e-05 0.00616608 -0.000937628 -0.000133439 -0.000243461
internal_weight=705660 117609 588051 225475 220748 362576 75160 73132 287416 114598 267714 203609 263337 255567 177948 109578 233352 174604 63873 25661 11146 3182 1476 208 4727 14515 282 102927 227060 174494
internal_count=705660 117609 588051 225475 220748 362576 75160 73132 287416 114598 267714 203609 263337 255567 177948 109578 233352 174604 63873 25661 11146 3182 1476 208 4727 14515 282 102927 227060 174494
cat_boundaries=0 27 54 81 109 136 144 170 196 223 250 277 304 331 356 359 367 394 395 403 430 437
cat_threshold=0 0 262144 0 65568 268435456 0 1073741824 0 8 16777216 65569 33554432 1074020352 4195328 268517376 1024 1073741824 2048 0 327680 0 134217856 0 0 16809984 2105344 36 1073741824 4 0 553648128 0 8196 2214592512 516 16 0 4194320 0 512 67108864 536870912 134217728 33554464 0 0 32 0 0 536870920 41943376 65536 516 0 576 65600 67108864 262144 0 0 1073741824 10240 2097152 0 537165824 12 4096 269484032 0 536870912 268566528 1048592 0 0 4194304 33558530 0 1 262144 83886080 0 272633856 9216 16 16777218 0 67125248 32 0 1075855360 0 17408 1056768 73728 68157568 0 0 524288 2147483648 8 0 0 18874368 0 65536 33554432 1 1 2099232 0 768 201326592 1024 0 0 0 806356992 67108896 2048 402718720 2147483648 1 256 67108864 256 4 65536 9437184 0 0 2048 0 64 4227072 8 264200 4526464 2148016160 524288 134217732 2215182353 2165342476 400 536936448 0 524288 16 536870912 553648144 0 160432128 16386 36 266241 0 1073741824 8192 11 0 262144 0 32 0 4194432 16384 33562624 0 0 1024 81920 64 33 0 262144 0 402653184 2164260864 1048576 1073741824 0 268435457 8192 66064 1048576 2048 4718592 1115684864 1073743872 1 0 2 512 8 0 16777216 4194320 131072 67108896 10485760 134217744 0 153092608 0 1048576 256 0 134218752 0 64 142606336 0 268435456 1040 16777216 68157568 0 0 0 4194308 0 1073741832 2048 536870912 0 0 0 0 536870912 25165825 0 0 82176 174081 65536 1024 64 4224 67108865 150994944 131072 1048576 0 0 1024 35684352 2097152 8388608 0 512 0 67108864 0 21250048 0 4194304 0 8388608 8 0 4194304 4210688 2147484164 1310720 1 0 805306368 66560 32768 268570628 32800 65536 2048 4 0 0 8192 16384 268439552 1342177280 4 0 16777216 67371008 131072 536870912 268435456 262144 65538 524320 134217728 16 0 2048 0 66056 131072 17039360 0 8192 0 0 32768 536871048 2147483653 1082131008 0 1056770 134217730 4325376 268451841 0 32 73728 0 262144 0 1024 272 0 8 537395200 4194304 128 0 0 0 0 268435456 16 1 268435458 32 17047576 0 8388608 134217728 328 16384 2097154 67141632 2181038080 132096 262144 0 536870912 0 256 268435456 0 16384 2048 0 8192 1074790400 2048 134217729 131072 65536 69206148 1769472 100728832 73 541130753 2126112 1621131520 64 0 0 4 0 0 0 0 0 0 0 0 0 0 0 0 536870912 0 0 0 0 32 0 0 536870912 320 0 4 1 21234065 268566560 2248179840 1140850753 1342193668 32 67109382 275 20 0 0 135331840 32900 0 0 33554432 516 33685504 0 262160 1073741824 2147491840 4202496 134217792 0 8 0 0 0 0 0 805314560 33554432 4194304 2064 131080 2189443072 1413480456 106996245 1048576 17843848 69208064
is_linear=0
shrinkage=0.05


Tree=77
num_leaves=31
num_cat=25
split_feature=30 37 36 36 22 36 22 36 37 42 36 36 37 22 42 37 36 37 37 42 36 37 36 36 36 37 22 36 37 36
split_gain=12.0935 18.9016 14.6689 12.4081 11.5784 11.1498 10.5424 10.2928 10.825 10.4655 9.92204 9.78363 9.41153 8.15389 10.6424 8.36111 11.3092 7.72523 7.68563 7.60471 9.86061 7.45222 8.11418 7.36006 7.18279 8.4787 8.10233 19.6112 12.412 9.18104
threshold=1.0000000180025095e-35 0 1 2 2.5000000000000004 3 1.5000000000000002 4 5 6 7 8 9 1.5000000000000002 10 11 12 13 14 15 16 17 18 19 20 21 4.5000000000000009 22 23 24
decision_type=2 9 9 9 2 9 2 9 9 9 9 9 9 2 9 9 9 9 9 9 9 9 9 9 9 9 2 9 9 9
left_child=3 2 4 18 -2 17 -4 8 -5 -9 12 -7 -11 14 -13 16 -15 -3 -1 20 -12 -21 -23 -8 25 -17 27 -26 -29 -30
right_child=1 5 6 7 -6 11 23 9 -10 10 19 13 -14 15 -16 24 -18 -19 -20 21 -22 22 -24 -25 26 -27 -28 28 29 -31
leaf_value=0.022640490491819466 0.59078559019783428 0.032494989697276461 0.17464805729022725 0.018502235068244412 0.17487149627223142 -0.017105596029048244 -0.025918752930425185 -0.011112243227043288 -0.00063598787133420842 0.021673466413022549 0.010548960556519327 0.058921360012685609 -7.1839357030556921e-05 0.053596832957105947 0.0092332897042358281 -0.010907568278450047 0.0025735601472422313 0.0032406199786898012 0.0015109938421464205 -0.014440974439286748 -0.010393440336991001 0.0058383400863389204 -0.0038325729738475818 0.015013869563901447 0.019919814737015609 0.014258304467653402 -0.0011523955494644922 0.010901448495393585 0.014463624334754791 -0.013642572623127331
leaf_weight=3180 134 1916 209 4684 1328 6000 1403 29558 18818 3932 3301 689 18531 1489 3633 1427 10562 4209 14331 8204 59890 10689 271230 9791 1664 5471 167329 2835 1773 37516
leaf_count=3180 134 1916 209 4684 1328 6000 1403 29558 18818 3932 3301 689 18531 1489 3633 1427 10562 4209 14331 8204 59890 10689 271230 9791 1664 5471 167329 2835 1773 37516
internal_value=-0.000357667 -8.61487e-05 0.00178141 -0.000515449 0.00647997 -0.000183685 0.00117334 -0.000568716 0.000448475 -0.000627705 -0.000556411 -0.000237398 0.000462423 -0.000186307 0.00196507 -0.000226739 0.00105476 0.00192104 0.000788865 -0.000621199 -0.00111828 -0.000512893 -0.000469612 0.000966056 -0.000297614 0.0012889 -0.000349516 -0.000955035 -0.00116554 -0.00139625
internal_weight=705726 259378 12865 446348 1462 246513 11403 428837 23502 405335 375777 240388 22463 234388 4322 230066 12051 6125 17511 353314 63191 290123 281919 11194 218015 6898 211117 43788 42124 39289
internal_count=705726 259378 12865 446348 1462 246513 11403 428837 23502 405335 375777 240388 22463 234388 4322 230066 12051 6125 17511 353314 63191 290123 281919 11194 218015 6898 211117 43788 42124 39289
cat_boundaries=0 27 55 83 110 138 165 173 201 229 256 264 291 317 343 369 377 405 432 460 488 514 541 568 595 622
cat_threshold=17 4194304 16777472 0 536870912 0 537001984 33554432 16803840 2097152 1073743872 65536 41943040 0 536870913 0 0 131072 10535440 16384 0 0 0 1073741824 4194304 0 65536 0 2147484672 0 2147483648 4096 64 1610612736 1073742082 268435456 33280 0 0 16384 2048 8388608 134225920 16384 16384 0 0 1048576 0 0 16384 20971520 65536 1048578 44 0 0 0 2147483664 33554432 0 33554432 0 0 268566528 8388608 2097152 134225924 16 0 128 8389120 538973184 256 134218240 1073741824 2048 2147483648 16 0 67110912 1207960064 134217728 2048 262144 1073741824 0 0 0 0 2097154 8388608 4194304 67633154 0 524288 4096 4194304 0 32 0 0 0 4096 281026880 16 65538 134220048 8 67108873 17825792 2113538 0 1073741824 4718592 128 9568256 144 0 1024 0 0 0 0 0 18432 1024 0 16777746 1048576 32 2147487745 0 4194304 0 4096 33587200 262144 2148073536 2147483648 2 4352 16 0 9437184 8454144 1073741824 4352 0 0 0 16384 0 65602 8 32 4 1073741824 0 0 136314880 268435456 268468240 1024 4 536887296 33837056 38912 41943040 4489248 3288465410 2436927498 269 1073741824 0 0 131081 0 536887296 32 34340896 33554432 17305600 8192 268435456 33554432 1077968896 2 0 0 0 524288 0 64 4 1073741825 0 4194304 2097152 32 10240 32 2151677952 301989888 0 32 1048576 0 134217728 2097152 1024 4 2097160 1073742080 1 0 134217728 0 128 8 18176 0 0 0 2151686144 0 540672 1073742336 268697600 6208 0 0 2153779200 2 64 67109632 67108864 0 4194316 4096 134217728 2148532480 0 0 262144 0 8388608 0 0 0 4194304 33554432 0 268435456 2151678016 8196 524292 0 1073759232 24580 538984449 2148008192 0 128 0 0 65536 64 1024 8388608 0 262144 65536 1107329280 8388608 536870912 12288 16384 41952512 8388608 262177 0 8192 0 0 16384 1 0 0 32788 2097153 8 1048576 0 32768 0 142606337 131072 16384 67108864 8960 0 256 0 8388612 1024 512 262144 134217732 0 524288 0 65536 262144 1048576 2147492352 4325440 524352 268697600 0 5242880 0 402653184 8388612 0 1073807360 536883200 0 536872960 786432 0 0 128 524289 65536 0 1140850688 0 18432 16783360 0 0 536870912 4 0 4104 4194304 536936448 0 2150662146 67174400 0 67113216 33554432 262144 2147487744 0 0 64 512 512 8388608 0 0 81920 8 1048576 536870912 33792 2304 806354944 17039396 1074544672 671222400 675824129 2689 16 12583424 805306372 1048640 67108864 1074790400 0 16 2048 0 8388616 128 4 1140850688 268435456 134348800 0 4194304 32 0 268435456 16777216 0 134217728 1048608 0 8192 0 1073741824 0 64 33024 16842944 0 8388608 268570632 41943040 1048640 33554432 2048 2 32 1048576 8192 1 4325376 512 32768 0 16777216 2 0 0 8388608 32768 128 536936448 16 262144 524288 0 8388608 1073741824 1073741832 0 0 0 0 0 262144 536870976 33587200 555761664 8192 268503040 131072 0 0 268697632 16384 270598144 0 8 1048576 0 34603265 0 8388616 536870913 256 0 4 128 0 1073741824 268435456 2147485952 2097152 0 16 0 536870912 0 132100 0 4194304 268435456 655362 135266304 4 0 1073741824 301999104 16384 73732 2112 2147484160 0 2097152 8 2048 16 40 133120 4194304 134217728 0 0 0 0 402792448 32 0 1073741824 0 0 17301504 2048 67633152 0 34 26214656 131072 0 0 536870928 0 0 1048576 2050 4 1024 0 65600 8192 256 65536 134217728 328704 4097 2 0 0 64 536872960 0 8192 1 65538 4098 0 8781824 0 24592 0 0 0 0 0 0 2148532224 1048704 32 0 69206016 4718592 536870912 0 0 268436482 167903237 134217728 9437184 2751463424 0 134221824 32772 0 67117056 8388608 268435456 67108864 0 33570816 0 8388608 0 0 0 24 16781324 4096 65568 1 2 0 0 553648128 268435968 0 2097152 0 4194304 16777216 0 134217800 268435456 268435456 8192 1075838976 65536 2147483648 0 1073741824 0 16384 536870912 67633280 4718592 0 2097152 1342439680 0 270336 1048576 2147483650
is_linear=0
shrinkage=0.05


Tree=78
num_leaves=31
num_cat=25
split_feature=3 36 36 22 36 36 22 36 36 37 37 36 36 32 36 37 36 37 36 31 37 37 36 37 36 37 37 36 36 42
split_gain=12.7824 9.48459 8.4656 7.82184 16.3914 9.9312 8.56373 12.9289 10.8373 9.17932 8.44455 8.10216 7.69971 7.47709 18.7648 11.3862 12.191 10.9921 11.0791 8.18315 7.24468 7.20028 7.19625 11.7603 7.08317 8.01868 6.91742 6.81817 6.69819 6.48653
threshold=0.58008611202240001 0 1 5.5000000000000009 2 3 1.5000000000000002 4 5 6 7 8 9 23.035000801086429 10 11 12 13 14 3.0408500432968144 15 16 17 18 19 20 21 22 23 24
decision_type=2 9 9 2 9 9 2 9 9 9 9 9 9 2 9 9 9 9 9 2 9 9 9 9 9 9 9 9 9 9
left_child=2 -2 -1 6 -5 -6 7 10 21 11 -3 -9 26 14 19 -15 -17 -16 -19 -7 -10 -8 23 -14 25 -24 -11 -18 -4 -26
right_child=1 3 28 4 5 13 8 9 20 12 -12 -13 22 15 17 16 27 18 -20 -21 -22 -23 24 -25 29 -27 -28 -29 -30 -31
leaf_value=0.0052744267613125135 -0.0097228054956172167 0.032239776821354309 0.002965649938852696 0.036869971269469753 0.026778769888475381 0.046694884244333233 0.01929809282468415 -0.0064383412683064484 0.011472840458476071 0.021782549077212731 0.0052439270439470203 0.023676802030259559 0.030319180665723779 0.020248593272978004 0.036474581919499975 0.019975620751321609 0.011001342687908713 0.025592104211063726 -0.0011079525204228551 -0.020686022495820376 -0.0040795122490805032 0.0021580367144267256 0.023629316645929085 0.0013885457846525386 0.0013952097585345656 0.0010378785620824681 0.0032654198882728575 -0.0064758833430686143 -0.0071266111298060311 -0.0038438563320602492
leaf_weight=4607 9848 1746 7293 2299 2919 1256 2519 1108 3618 1589 3324 4310 1491 2781 3097 1611 1866 1445 24591 234 280753 6688 2027 5245 28139 6611 3542 31269 171100 87242
leaf_count=4607 9848 1746 7293 2299 2919 1256 2519 1108 3618 1589 3324 4310 1491 2781 3097 1611 1866 1445 24591 234 280753 6688 2027 5245 28139 6611 3542 31269 171100 87242
internal_value=-0.000361628 -0.000235813 -0.000721308 -0.0002063 0.00027164 0.000136852 -0.000286008 2.64042e-05 -0.000441773 -6.26974e-05 0.00250443 0.0019534 -0.000143234 1.43038e-05 0.00059406 -0.000458791 -0.000705326 0.000312843 -2.2652e-05 0.00604597 -0.000496437 0.00124566 -0.000217852 0.00137246 -0.000304342 0.00107585 0.00175467 -0.000912252 -0.00077595 -0.000407763
internal_weight=706168 523168 183000 513320 73368 71069 439952 146374 293578 141304 5070 5418 135886 68150 30623 37527 34746 29133 26036 1490 284371 9207 130755 6736 124019 8638 5131 33135 178393 115381
internal_count=706168 523168 183000 513320 73368 71069 439952 146374 293578 141304 5070 5418 135886 68150 30623 37527 34746 29133 26036 1490 284371 9207 130755 6736 124019 8638 5131 33135 178393 115381
cat_boundaries=0 28 56 83 111 139 167 193 220 247 273 300 327 355 380 408 434 459 486 513 541 568 595 619 647 655
cat_threshold=1024 1 268435584 0 0 16 32768 0 0 33554432 18688 266240 268435456 136314880 0 0 67239936 0 1 2050 0 0 5242880 4096 16386 2148007936 0 196801 8 16384 1 2147483648 2048 0 268435456 4227072 0 16384 8 2 131072 33554432 0 0 16793600 8388608 0 679479808 36865 4 2147549184 524305 0 67108864 0 134217728 0 2155872256 134217728 268435520 134218752 0 2 0 71827456 2147483664 524288 0 532481 16777216 0 69 0 0 134217728 0 0 64 0 16512 512 1073741888 7 2056 0 131073 8192 65536 12591104 8192 8404992 0 0 33 201342976 32 64 2048 0 0 268468224 0 4096 128 2147483648 0 67108864 155189248 8 0 36 1 2424832 2097152 2147483656 0 32768 0 641 128 0 0 0 33562624 1024 536870912 65536 8388608 0 268959760 16777728 0 512 0 4194304 0 4608 262144 1310756 2147483648 1040 4096 2147483712 524288 0 131088 0 272 0 67108864 0 512 4608 0 262144 33025 0 65536 0 524352 34832 0 2181038080 525568 0 0 2101248 2 0 96 16 16781312 268435520 64 16384 48 268435456 16809984 0 0 8192 201326592 1610614784 268435712 4 2147483648 2048 268435456 524288 8 4194304 2048 1073741824 64 0 68161536 2097152 536870930 2147483648 8388608 65536 2048 8392708 0 536870912 1572864 0 524288 262208 1 8388608 4 131072 0 1 2048 1048576 32768 4194304 4 8392704 545259520 67108880 34 4608 537002048 268435472 0 0 16777216 0 128 0 128 16 0 16777218 0 25296896 1048576 0 1048576 4096 2148532224 0 0 25165824 81920 0 0 4096 33554432 268435456 1174405120 262144 131072 65536 0 37 32768 67108864 8 16777344 16777218 1081344 16777216 0 268435456 4194304 3221225472 16 0 1075841024 1048576 67108864 2147483648 0 68157440 524801 1073741825 192 8388608 16384 0 2688 1073741828 2147483648 16384 2098176 2415984640 4194304 0 268435456 1 0 0 0 0 8192 32 0 1073741856 0 18 4096 72 2147483648 8388608 16777224 0 1073741824 4194320 1572872 8 268435456 0 8201 0 2147491840 33554432 0 0 0 2097152 1 4194304 16785428 0 134217728 1048576 67108864 0 65540 536870912 524800 2 0 536870928 2172649536 9699328 262144 512 0 0 33554696 8388608 2147483648 0 4194304 0 16 2147483648 4096 1179648 8192 2162768 0 0 16777224 4263936 0 268468224 0 34 8192 0 134217728 8388616 33554433 0 65600 0 28 0 2097152 0 149504 1 0 32768 0 0 0 260 2147483648 17957128 0 2097152 134218817 256 0 1048578 0 81936 0 4194816 524304 131090 0 1048576 67109376 0 1 0 8192 0 0 536870912 0 0 268959760 0 536870944 131072 131136 16416 0 67108864 0 33555458 33554432 142872576 538968064 134234112 16777216 1073741824 4096 0 0 0 2097156 1073741824 65792 32 262208 67379744 8192 4194304 536875008 0 32768 65536 0 2097440 0 536871936 134479872 1280 0 65536 1024 0 8208 0 1073774592 2048 0 16 128 67109506 6 4 0 0 2147484672 1048576 0 0 2130176 10485760 2147483648 4 1 256 0 1611661312 2048 2304 67108868 32 0 0 32 2147483648 67108864 32 524288 67375616 1061888 67108864 65538 2147483648 142606592 65536 0 136314880 0 262144 4 320 0 0 536870912 8388608 0 201326592 0 0 134219776 0 0 536870912 4 8 0 24832 67108864 81928 0 0 18876416 524288 1052672 0 0 67108864 0 8388610 16384 263168 2102272 0 0 0 1052672 0 0 6291456 0 16779268 8448 8388672 262656 67118080 4194560 4194304 0 25166336 0 4 4198408 0 0 262144 1 0 1048578 0 8 0 8388608 71303168 65536 16777216 0 128 2147483648 512 2112 512 66176 0 134250514 0 1073742336 1048576 0 2097152 2147483648 536870912 0 64 0 1049088 0 1032 17825792 0 1024 0 2048 268435456 268435456 16 4 65600 0 0 33554432 0 4160 4 1627389952 268435456 513 263168 532488 0 8421376 1 128 272384 2147483648 268500992 0 4194304 4096 576 16777216 1073741824 1627389952 134479872 0 0 132608 8388608 40 0 272629760 545259520 0 4194304 0 0 0 2147483648 0 17825792 1572864 262144 8389120 4456448 16416 0 0 786432 67108864 16793686 3246392322 26 2147491972 3145768 92274880 8389120 192
is_linear=0
shrinkage=0.05


Tree=79
num_leaves=31
num_cat=28
split_feature=35 36 36 25 36 36 42 36 42 36 36 42 36 36 42 36 36 36 42 42 36 36 36 42 36 42 36 36 36 36
split_gain=13.0867 10.2233 9.45528 8.79924 11.9641 8.90705 8.74283 10.8441 8.56111 8.48105 8.30873 7.6874 7.08527 6.52103 6.76345 6.41184 5.61103 5.5907 5.5629 5.46032 11.9455 5.45362 5.30478 5.25323 5.1415 5.4492 12.7377 5.65321 5.14473 5.00522
threshold=1.0069045424461367 0 1 0.77474990487098705 2 3 4 5 6 7 8 9 10 11 12 13 14 15 16 17 18 19 20 21 22 23 24 25 26 27
decision_type=2 9 9 2 9 9 9 9 9 9 9 9 9 9 9 9 9 9 9 9 9 9 9 9 9 9 9 9 9 9
left_child=1 -1 -2 4 8 18 7 -4 -3 11 -7 -6 23 14 -11 -8 -15 -14 -5 20 -18 -9 -21 -12 -17 26 -26 -27 -28 -19
right_child=2 3 6 5 9 10 15 21 -10 13 12 -13 17 16 -16 24 19 29 -20 22 -22 -23 -24 -25 25 27 28 -29 -30 -31
leaf_value=-0.011435001494364242 0.0058894987794255874 0.031226940586152687 0.01835884440217276 0.024067183581990864 0.022753339323531185 -0.013006862444147416 0.0060645117596581618 0.01123252476766938 0.0035178934039942025 0.015636933954331578 0.01753018028799503 -0.00017255806000338798 -0.0088465840196705666 -0.013393273542527851 -0.0004084635116592746 -0.016581782546398645 0.028246136335811169 0.0059396334014723967 0.0038419898883967109 -0.014346319527047312 -0.0011602914372524367 -0.0030689662515694903 -0.0043757987045653568 0.0034046139828875655 0.017473098730164772 0.0041574204683858824 0.010721398332004795 -0.0097578830248729702 -0.0050736238365746977 -0.00048208472311512456
leaf_weight=9587 5977 1624 2258 2847 2711 5833 5233 2096 3403 2329 3158 4796 6691 4728 6170 5797 1802 12675 3488 6608 14141 21955 166447 8772 1977 4000 2031 104550 33232 248870
leaf_count=9587 5977 1624 2258 2847 2711 5833 5233 2096 3403 2329 3158 4796 6691 4728 6170 5797 1802 12675 3488 6608 14141 21955 166447 8772 1977 4000 2031 104550 33232 248870
internal_value=-0.000354378 -0.000224123 -0.00071026 -0.000193516 -0.000436523 -1.50005e-05 -0.000774121 6.94333e-05 0.00197152 -0.00049432 -5.61088e-05 0.00115489 -1.71862e-05 -0.000555601 0.000799353 -0.000915636 -0.000615087 -7.02344e-05 0.00183777 -0.000572434 0.00031293 -0.000242187 -0.000654014 0.00117452 -0.000975063 -0.000916832 -0.000394621 -0.00109593 -0.00061398 -3.36932e-05
internal_weight=705786 516680 189106 507093 214759 292334 183129 26309 5027 209732 285999 7507 280166 202225 8499 156820 193726 268236 6335 188998 15943 24051 173055 11930 151587 145790 37240 108550 35263 261545
internal_count=705786 516680 189106 507093 214759 292334 183129 26309 5027 209732 285999 7507 280166 202225 8499 156820 193726 268236 6335 188998 15943 24051 173055 11930 151587 145790 37240 108550 35263 261545
cat_boundaries=0 28 56 83 112 120 142 150 178 206 214 242 268 276 304 332 360 368 376 400 426 454 462 490 497 525 554 581 609
cat_threshold=16384 513 34078848 0 0 0 34816 65536 2097152 33554432 2149599236 1048576 0 2097216 2048 536870912 67108864 16777216 0 0 0 0 4194308 0 134234112 2148040704 131072 33554432 4210688 262144 32 16777232 33280 8388608 84017152 8389120 4 1 0 0 8388608 1073741824 0 0 0 32768 256 2147483648 134217856 65536 66048 0 262144 536870920 1048608 256 1056768 16 0 3145732 0 0 134234112 16 2048 2147549216 0 536936448 528384 0 16 268435456 1048576 0 0 268959744 1 2048 0 131072 525312 1149239296 33554432 8 0 0 2147483712 0 0 8192 0 16 536870912 0 4194304 513 16777220 67109376 64 8388617 0 134217729 4608 0 277086208 0 2147549184 1073742080 131072 67108864 4 1 23134209 134348832 109121536 2147484289 3219456 4194336 1747058720 161 2 4 67108864 64 67239938 4194304 524320 16777216 1 0 8388608 1 136579072 8388740 16777216 1073741832 512 8388768 0 131072 4194304 4096 2 343932928 1107427718 2281848853 268451840 131328 128 96 0 0 65536 32776 0 131072 2097152 2883584 2147483648 256 8192 0 0 268468256 1179648 2147483648 8192 0 2 0 33554432 8 262144 34864 65552 65536 134217736 1048576 64 0 262144 1572864 256 18 0 16777216 6144 65538 8 0 256 0 2147753984 0 2 8 0 65536 0 256 0 534528 262146 65536 208 268468224 67174608 269484034 1073872912 67248182 872433697 8448 33554432 8 1073741824 8192 4 301989888 96 2097280 1073741824 4202496 0 269484048 603979776 0 134217728 524288 4718594 512 524800 0 256 33554432 4194304 0 16384 0 2147483648 0 0 135266304 637534212 1024 4096 8192 268435456 16778240 33554944 1073743872 0 0 67108864 1 4 2049 1073742848 262272 0 1024 0 0 4100 32768 5120 1 16777216 2097152 0 352321792 4226 67117096 269500426 17891337 603979776 64 0 0 134217728 67108864 0 67108864 268697600 67110912 0 0 12 0 256 16 33554432 603979780 263424 2147487744 266260 0 268435456 512 2147483648 1024 0 65536 16777216 33554432 2147483648 2147549184 536872960 0 32800 134217728 536870912 0 0 134217728 32770 768 268436480 16777216 0 0 196608 0 17047552 0 1024 0 0 2214663170 0 1048576 2097152 2147483648 384 1048576 268435456 0 268435456 262144 2359296 0 0 0 16843008 0 524288 134217728 131112 1073741824 0 0 0 536872960 2052 16779264 0 131072 1 545259520 134284288 65664 1152 38273024 1346445318 172163097 268435457 286262272 537919489 96 201588745 21168320 67109380 1 3489697936 18088040 33554438 2 0 1073741828 131074 1073807377 1074003968 64 131072 0 0 0 0 8 0 2151678080 16777216 1073743104 2415919104 0 268959748 68157440 0 0 2048 536887296 537067520 8388864 1024 33554432 1048708 0 1152 0 2 4227082 16384 1114112 1081344 0 1048576 0 0 1024 68157440 1048581 0 1073741824 0 0 2 32768 0 1048616 8192 1024 3221225472 67108864 71303168 75497472 0 536870912 1073741952 33685512 0 0 0 0 2147483648 33685504 0 2214608896 537919488 16 256 2097152 0 0 4 64 16778240 276824064 1074290692 167773449 16386 2150629520 75497600 96 0 2147492096 16 512 0 0 0 17825792 8 32 134217760 2359296 262144 17301506 4 1048576 524368 0 536870913 2 0 0 268435456 131074 1 0 0 3221487616 16450 17367040 1074015232 134479944 742392068 10503232 9447684 0 0 16384 1 537919490 4210820 1073741824 0 41984 512 8256 32768 0 68157440 4096 1024 268435456 0 0 2097152 16385 0 32 16384 4194304 0 262144 4096 4104 65536 0 131104 1073741824 1073741826 2097152 536870944 16384 0 524288 8388610 0 4096 1073741824 1 16384 67371010 69206016 1 1090519040 0 0 0 268435712 2097156 0 0 2 0 0 8192 20480 33558528 262145 0 3221225600 131072 67108872 0 0 0 0 131072 8388624 2 0 139776 8388608 4 1746929664 0 0 134217728 8192 32768 16777216 2147483936 256 0 8390656 1536 4 64 0 67108864 32768 512 41943040 33816576 1 33554434 20480 536870912 0 0 0 536870932 2147483648 0 0 4096 4 538968064
is_linear=0
shrinkage=0.05


Tree=80
num_leaves=31
num_cat=28
split_feature=28 36 37 36 36 37 36 37 36 36 36 35 37 36 36 36 37 36 36 37 36 36 37 37 37 37 36 36 36 36
split_gain=11.9012 10.0138 9.51345 9.15065 8.24286 10.1364 9.00972 8.12941 12.4536 7.50421 7.55261 7.02752 11.9706 8.68731 8.42909 7.01508 6.99019 7.79105 6.88774 6.16414 5.84026 5.60094 5.5949 5.50678 6.36747 6.71169 6.0186 5.79722 5.46142 5.43891
threshold=0.91275000572204601 0 1 2 3 4 5 6 7 8 9 1.0119994282722475 10 11 12 13 14 15 16 17 18 19 20 21 22 23 24 25 26 27
decision_type=2 9 9 9 9 9 9 9 9 9 9 2 9 9 9 9 9 9 9 9 9 9 9 9 9 9 9 9 9 9
left_child=1 22 -2 -4 -3 6 -6 8 -7 -5 -11 18 13 -13 -14 -9 17 -16 19 -12 -18 -10 -1 -20 -25 27 -27 -26 -17 -28
right_child=2 4 3 9 5 7 -8 15 21 10 11 12 14 -15 16 28 20 -19 23 -21 -22 -23 -24 24 25 26 29 -29 -30 -31
leaf_value=0.037282958796418283 -0.019944064317872472 -0.011825287812946292 0.0062686329679673084 -0.014239213715627612 -0.0092266896691666923 0.027933057924010119 0.032353299503185384 0.0072578451660784138 -0.012677131106086661 -0.01084149907461354 0.020523522276983543 0.030022918562057639 0.0054705242218720893 0.0019905317248087233 0.024061213177213447 -0.010193609466396695 0.0031994855525621759 -0.0016523868403422789 -0.012410912157507531 0.00048732587289217655 -0.0099319089887709953 0.0045384208063780507 0.0079502134437916174 -0.010498476760132595 0.0049320785201567574 0.0066674135418773109 -0.011933931998395037 -0.0098597348369003114 -0.001342314985774582 -0.0014181582537183322
leaf_weight=2045 7172 4745 11773 6327 1740 1488 5919 9672 1537 12158 3795 1168 3367 4769 1489 5730 3709 7034 5764 8459 89680 10124 3971 12777 2493 10066 5466 17355 221091 223271
leaf_count=2045 7172 4745 11773 6327 1740 1488 5919 9672 1537 12158 3795 1168 3367 4769 1489 5730 3709 7034 5764 8459 89680 10124 3971 12777 2493 10066 5466 17355 221091 223271
internal_value=-0.000342822 -8.04108e-05 -0.000503387 -0.000473278 -0.000126748 -8.86187e-05 0.00170176 -0.00014362 0.00106592 -0.000511902 -0.000485671 -0.000448384 -0.000786211 0.00139669 -0.00090937 -0.000210917 -0.000990749 0.00037995 -0.000318591 0.00084101 -0.00111587 0.000513836 0.00193463 -0.000369874 -0.000337351 -0.000283488 -0.000210028 -0.00116673 -0.00026717 -0.000262702
internal_weight=706154 268062 438092 430920 262046 257301 7659 249642 13149 419147 412820 400662 111216 5937 105279 236493 101912 8523 289446 12254 93389 11661 6016 277192 271428 258651 238803 19848 226821 228737
internal_count=706154 268062 438092 430920 262046 257301 7659 249642 13149 419147 412820 400662 111216 5937 105279 236493 101912 8523 289446 12254 93389 11661 6016 277192 271428 258651 238803 19848 226821 228737
cat_boundaries=0 27 54 82 108 135 163 189 217 245 273 299 327 355 383 409 437 466 490 518 547 574 601 628 655 683 711 739 767
cat_threshold=0 0 0 2415923234 135266304 268435456 272629760 1073741824 3584 0 0 16384 128 0 67305472 1073741824 0 8388608 1024 0 557568 2048 0 2147485700 0 8 4 0 64 0 0 262144 541065232 8388608 2298478592 0 512 1 0 0 167772672 16 537920000 0 33587200 0 0 16785408 67108864 1049088 8 8388608 1048580 335544320 0 536870912 65536 72 32768 131072 128 0 0 5242882 0 10243 8396800 262144 512 0 0 2147483648 65536 2147484161 0 128 0 0 2097152 6144 32784 24576 0 1048576 301989888 33280 1 0 294912 0 2101248 142606336 2097156 16777472 0 0 2147483648 0 0 16777216 138412032 540672 0 0 4325380 33562624 16384 2148007936 32 0 524320 33554432 32 0 4 8388608 2560 16 0 536870944 0 1074004480 67108864 536870912 150994944 33554464 16 4 32 0 1048576 536870912 8388608 2148532224 8708 288 131072 9437200 4194305 536870912 278529 8388608 268435456 268435712 512 272 64 2147483680 6291458 1024 16384 0 0 0 1024 2147483648 0 0 2 0 0 0 8 0 0 64 16384 536870928 536870912 0 1140850688 1048576 134217728 0 171966464 8 16384 268435456 65536 536871168 0 1048576 0 32768 4194304 35651594 4194312 4194368 262208 4194304 268435456 1024 1115685120 4194304 16384 80 139328 33554432 32768 67117056 0 0 2147745792 1 268435456 33556496 32 536870912 256 0 0 0 272 0 0 65536 8192 0 2147484161 33554464 0 4 67108864 1 4 0 262144 0 268435456 2415920128 18874400 16809984 4096 67141632 0 0 2097408 512 16777216 1048576 2147485696 16384 0 65536 1048576 134217792 0 524416 5120 0 8 10240 134217728 68157441 33554432 16777216 1024 144 65536 4096 134217728 73728 0 0 67108866 33554432 0 256 4096 134218240 0 0 2147549184 67108864 268439552 268706816 67108864 4194304 0 603979776 32 0 1140998144 32768 82944 1056768 0 1048576 0 16384 0 0 4096 0 4 2097156 0 2112 536870912 2050 0 1049600 16785408 131082 0 66 32 0 512 0 4096 536870912 1073741824 3145728 1048576 32 2048 0 0 32 4096 64 1048576 4194305 2147500040 32 67108864 0 4456448 4 16777216 1073741824 512 276955136 32 33554432 1 12 8388608 0 0 0 0 1024 69210112 0 0 134217728 2149649408 32 0 16777216 536870920 1179648 256 32 1075840006 0 0 33558528 160 1073872896 5768192 64 2147483648 1073741824 0 2048 8390656 32768 2 128 16640 0 0 4194304 4 0 0 0 0 2560 134217728 0 0 512 16 18 0 0 2048 268437504 6291456 8192 134217728 4 81920 128 2050 8388616 4 2147520512 9437192 0 16385 16777216 0 0 37748736 4196608 0 0 32 0 2164261120 1056 1074003968 4194306 536870912 0 32768 0 9445376 0 16386 1048640 1184 4096 1179648 0 0 0 0 524288 0 262144 2097152 0 0 0 134217856 268435456 8193 1209008128 2097152 2147483648 65536 0 64 544 37781512 256 0 512 1048576 2147483904 0 2051 294912 0 33554464 268435456 0 0 0 1 790560 0 64 2214592512 4194304 268435520 134217996 604045312 0 134221840 2147483648 2 0 0 524288 2 0 65536 8388624 0 1073807360 134219776 0 16 0 16384 4096 2214592512 0 4194304 0 2147483649 0 4 2097152 0 536936704 0 138414080 570425344 262144 2 20972048 0 32896 0 2147745792 1048832 262144 0 16777216 33554432 512 8 2214592512 8192 0 2148007936 1114112 524288 262144 4 0 0 0 0 1024 532 0 0 0 4 2147502080 0 0 541065248 134217728 0 0 73 1 2048 512 67108928 68222976 536870914 16777216 512 3221225472 0 12 33554432 0 0 1088 0 0 0 1024 16777216 67108864 0 134234112 0 272629760 0 0 67117056 32 8388608 524288 8 4 16777216 150994944 536870912 1048576 1073807360 2048 268435490 0 16384 0 1 16777216 196608 0 1 2048 1030 2105344 4194304 65536 33554432 512 16388 0 32 33620096 4096 0 268439552 0 0 0 0 134285312 3221226500 80 4224 8388608 0 268436496 0 0 268436480 0 16777216 4096 268435458 262144 65536 2147614848 512 603996417 16384 0 65536 32768 0 576 0 8192 0 8192 0 1048576 0 4194304 0 5275648 2101252 32768 134217728 32776 8192 0 20971520 8192 524288 0 0 512 64 4194304 16896 33554432 402784256 134217728 270352 4132 0 2048 0 0 539492352 0 524288 139264 4 0 0 129 1073741824 8192 0 536875009 0 0 67108864 0 65536 536871424 268435456 100794888 8288 0 129 2182348800 16777217 0 64 1048580 1064960 131076 0 0 256 0 0 0 524288 32 0 64 0 2147483648 0 524288 288 0 2147483648 0 0 0 0 262144 256 2147483712 167772673 536870928 65536 0 536870912 136192 4 2147483776 603979840 0 0 2097156 0 2181038084 2147500032 0 2097152 0 1075838976 0 36864 66048 0 0 2097228 8 537198592 268435520 2056 4 0 0 0 4 0 0 67108896 0 2 1048585 131072 33587200
is_linear=0
shrinkage=0.05


Tree=81
num_leaves=31
num_cat=28
split_feature=35 36 42 36 36 36 37 37 42 36 36 37 37 36 37 37 36 36 36 37 37 36 37 36 37 36 36 37 36 22
split_gain=10.7661 9.5038 10.3081 10.1516 9.35777 8.31883 8.36417 8.03695 6.23572 13.5985 7.05112 6.21439 6.20668 6.27283 7.28509 6.00525 7.47596 5.89741 5.82164 6.71627 5.77156 5.7344 5.64304 9.4692 5.54749 5.49671 5.3938 5.3932 5.34038 4.84493
threshold=1.0021722316741946 0 1 2 3 4 5 6 7 8 9 10 11 12 13 14 15 16 17 18 19 20 21 22 23 24 25 26 27 4.5000000000000009
decision_type=2 9 9 9 9 9 9 9 9 9 9 9 9 9 9 9 9 9 9 9 9 9 9 9 9 9 9 9 9 2
left_child=1 -1 3 -3 11 6 -4 -6 9 -9 24 -2 -7 14 -14 16 -12 -11 -15 25 -21 27 23 -17 -10 -20 -24 -22 -25 -23
right_child=4 2 5 -5 7 12 -8 8 10 17 15 -13 13 18 -16 22 -18 -19 19 20 21 29 26 28 -26 -27 -28 -29 -30 -31
leaf_value=-0.010313139739800499 -0.0085897604742398992 0.0091652271817831074 0.027018466958443812 -0.0079784332623870236 -0.016797644813563672 -0.0093731223803564349 0.0012689582681258416 0.034254046975951219 -0.008067418014149709 0.012224342090686504 0.029540414089401425 0.010940940766669058 0.026704125032738814 -0.008768813104167628 0.0015642445500803665 0.017156252715011082 -0.00025996513472203558 -0.002533661607458282 0.0041049728535934322 0.012406884450301581 -0.0059445075719438698 -0.0016939564188907181 0.0021649849984586591 0.0078680579241934886 0.0098094560432264392 -0.0092839801782398299 -0.0074344768615985692 0.0094000781760788747 -0.0048979592229958444 0.00079858703261101091
leaf_weight=9159 2450 4875 4455 43439 7900 6910 9881 1626 2095 1793 1055 4443 3576 9750 16041 1787 3994 18208 2583 7223 3476 228886 6002 2960 5645 13610 157217 14552 13521 96428
leaf_count=9159 2450 4875 4455 43439 7900 6910 9881 1626 2095 1793 1055 4443 3576 9750 16041 1787 3994 18208 2583 7223 3476 228886 6002 2960 5645 13610 157217 14552 13521 96428
internal_value=-0.0003357 -0.00019956 -0.000168163 -0.000859494 -0.000615917 -8.81153e-05 0.001095 -0.000671797 -0.0006144 0.000190983 -0.000704062 0.00119749 -0.000130228 -0.000104289 0.000767143 -0.000765438 0.000934288 -0.000167525 -0.000149714 -0.000117636 -7.16327e-05 -0.000101077 -0.000812778 2.07883e-05 0.000774093 -0.00111284 -0.000906069 0.000766672 -0.00035487 -0.00014919
internal_weight=705540 474844 465685 48314 230696 417371 14336 223803 215903 21627 194276 6893 403035 396125 19617 186536 5049 20001 376508 366758 350565 343342 181487 18268 7740 16193 163219 18028 16481 325314
internal_count=705540 474844 465685 48314 230696 417371 14336 223803 215903 21627 194276 6893 403035 396125 19617 186536 5049 20001 376508 366758 350565 343342 181487 18268 7740 16193 163219 18028 16481 325314
cat_boundaries=0 28 36 64 93 121 147 174 182 209 237 263 290 317 343 370 398 425 453 480 507 534 562 590 616 644 671 697 722
cat_threshold=0 1 302776448 0 4 33554432 32768 65536 2097152 0 16388 2147483648 268435712 0 6144 536870912 0 16777216 0 0 0 0 4194340 2101248 0 2147483656 2228352 33587200 17664 262144 16781824 262144 134218240 545849347 2302851496 268 1 2105348 0 1048592 526912 0 4096 6176 268435456 16777216 16777232 0 4194304 40960 524288 128 268435456 2050 2147483648 0 33792 0 525312 0 0 0 0 2097152 2048 17039360 0 18874432 0 8388608 1076232320 0 0 3 2048 0 8519680 1024 33554432 128 0 2684354560 16 2147483648 0 1024 65536 0 262144 536870913 33685504 0 2 0 0 4096 2147487744 16384 2293760 0 33555520 67109376 524288 0 0 65 2147483648 71303168 2415919872 524288 0 0 16 33554432 8388608 2 0 2149580800 2048 0 4100 67108928 262176 0 12587008 536871040 0 1049092 0 2048 276 2147483648 536872960 134217728 64 524288 0 0 0 8388624 75497472 16 1 0 4194320 536870912 4 1 1073741888 64 256 262144 0 0 524288 0 0 0 33554432 512 1249903120 4368 256 0 33587200 0 0 73728 0 0 136314880 0 1074790472 603980288 6881280 134414336 109117440 2147483649 338764544 159383648 1207968032 1 131330 0 8389632 8192 67109376 68 67633216 25432064 0 0 0 0 2113536 8388864 0 68632 0 0 0 0 536870912 4096 0 0 1 32768 32 4194304 0 134217728 16 0 268435456 285212672 2560 0 67108864 8388608 131072 0 134217760 17367552 1107296256 67125248 36864 6291712 0 128 512 0 0 0 16416 1048576 256 16 0 67109376 139988992 536870928 0 1048576 33554432 65568 4194304 0 536887296 0 9280 525328 1048576 512 0 528 0 0 0 0 0 553648128 1073807364 0 0 0 0 262148 4194304 268439552 36 48 0 2 269025280 32 0 144 268435456 272646144 524288 2048 1 16779264 70 2097664 0 0 32768 16 33570816 536870912 0 2097153 131072 32768 68 0 8388608 16384 603979776 0 4096 262660 545259520 0 512 1024 0 0 4194369 0 262144 1048608 524288 2228224 262152 528388 262144 268436480 4194304 128 1073872960 256 536870912 268443648 4194312 0 33554432 524288 64 268436480 0 524320 0 16 1064960 0 18432 0 1024 0 2147483652 16386 0 262272 16 536870914 0 67108864 33554464 16 0 0 66560 532480 65536 1048704 268435456 256 4 0 0 4194304 133124 2105472 0 0 537133072 2097152 524288 0 8388608 0 8 536870912 0 67108896 37879808 512 0 32768 2097408 1312896 0 0 2 1048576 128 0 0 67108864 17408 0 4194304 2147483648 262160 67117056 0 276824064 8192 0 136 65536 4194336 16 132 68157440 2113536 1048585 134217728 10 2147483648 0 512 10485760 0 1048576 0 1073741824 0 16 134217728 16384 65536 0 1048576 2048 524288 1024 0 2048 1 0 33554436 2097152 0 2147746816 2105408 0 0 131080 0 8396800 66560 536920064 0 0 73728 16384 32768 1073807360 65600 131076 512 256 262272 0 134348800 1 1644167168 4 0 10240 16384 1073741824 65552 4096 0 131072 0 4227072 269484036 32768 67108864 16777216 1028 0 0 8192 4259840 1073872896 24 4 536870912 8 0 16793600 2050 0 1048576 2 33554432 1082130432 276824320 134217728 0 0 0 0 270336 0 0 1074790400 0 1048616 50331648 0 8194 0 64 4194304 290455561 0 0 0 285212672 262145 536887296 134217728 6144 32768 2 33554432 1319168 514 0 32 32768 1048576 0 0 0 1048576 2048 0 285213440 10485760 32768 0 536870912 1 536870912 543326240 0 0 1074790400 0 0 0 8192 524304 32768 8388612 0 16384 4 0 65 32768 0 1 0 0 2147483648 0 32768 4194560 3090 393216 49152 0 67110080 0 262144 1073741824 0 0 64 136314880 134217732 16908292 0 4096 1073741888 0 0 1048576 0 536870912 0 0 1677721608 4718592 0 0 471859205 33554432 2147483656 0 0 536870912 0 8 268435456 1050624 0 16 4 201326592 32 2 16785410 16 536870912 4 65568 2281717760 2147483648 4194338 2166784 4096 1346371585 536871056 40 0 0 234881024 0 0 35651648 0 1 2048 0 0 0 0 0 0 0 4096 0 67108864 520 2080 0 67108992 268435456 4194816 0 0 8192 0 536870912 0 33619968 301989888 4194432 1 263168 67108928 17041408 32768 268435456 2281701376 0 0 0 65536 16777216 8388608 8192 67108864 72876032 131202 0 0 1048577 8192 2228224 0 2048 0 4096 1073741824 1 0 0 16842752 138412032 0 134218784 0 536870912 33587328 64 2147483648 256 0 0 69337088 69632 0 1073750024 0 32776 8192 67174400 0 2155905540 0 0 34603552 3106 0 0 256 0 1 0 1024
is_linear=0
shrinkage=0.05


Tree=82
num_leaves=31
num_cat=28
split_feature=5 36 36 37 28 37 36 36 42 36 42 36 36 36 36 37 36 36 36 36 36 36 42 36 36 36 36 36 36 37
split_gain=10.3459 10.1138 8.0591 8.57682 7.67445 9.65265 9.73298 8.1794 7.83068 10.4605 9.12433 11.2751 9.54789 7.69113 7.32918 7.14048 7.69005 7.55996 6.15567 6.0733 5.6842 5.44295 5.38552 12.3155 6.39351 5.39567 5.33107 4.9262 4.68918 4.66161
threshold=0.63029485940933239 0 1 2 0.8980313539505006 3 4 5 6 7 8 9 10 11 12 13 14 15 16 17 18 19 20 21 22 23 24 25 26 27
decision_type=2 9 9 9 2 9 9 9 9 9 9 9 9 9 9 9 9 9 9 9 9 9 9 9 9 9 9 9 9 9
left_child=1 -1 -3 -4 5 6 -2 -7 9 -6 11 -10 -12 -9 -13 17 -17 -14 -8 -5 -11 -21 23 -15 -24 -26 -25 -16 -28 -23
right_child=4 2 3 19 8 7 18 13 10 20 12 14 15 22 27 16 -18 -19 -20 21 -22 29 24 26 25 -27 28 -29 -30 -31
leaf_value=0.0092045869181526501 0.046179578300592029 0.0063993598051689006 0.004938457281824145 0.0043443735484698627 0.029768125634337457 0.01026304817105626 -0.012361840578092944 -0.011519295803115556 0.011742708513141688 -0.014650682133439808 0.0095207806262249881 -0.011069883088817884 0.017188023065922681 0.067046675923456533 0.005721242888832973 0.0029631194240440271 -0.0077160897339840304 -0.0018515036365810433 0.012686262964585927 0.0025311615234811977 0.00035372258233271276 -0.014980823878810357 0.0068632656236058331 -0.01362133897012228 0.006917524009982118 -0.0018362808871367057 -0.0098528277576137892 -0.0014600421630674627 0.0055963533302481943 -0.0071758973032524922
leaf_weight=2454 1423 4923 4720 5800 3972 6491 1348 4180 4898 2787 4110 3917 3129 2525 5922 5992 119055 14949 6577 7134 64063 7766 6177 1905 8824 129749 3155 107207 24349 135933
leaf_count=2454 1423 4923 4720 5800 3972 6491 1348 4180 4898 2787 4110 3917 3129 2525 5922 5992 119055 14949 6577 7134 64063 7766 6177 1905 8824 129749 3155 107207 24349 135933
internal_value=-0.000317089 -0.000658593 -0.000705648 -0.000766482 -0.000209725 3.88522e-05 0.00160594 -3.94288e-05 -0.000353535 0.000114282 -0.000476606 -0.000156698 -0.000741532 -0.00010206 -0.000255133 -0.000809807 -0.000944103 0.000119133 0.000918283 -0.000829796 -3.40264e-05 -0.000890871 -5.18413e-05 0.000535764 -0.000181507 -0.000251707 0.000247365 -0.000181391 0.000424859 -0.000957815
internal_weight=705434 168730 166276 161353 536704 196703 9348 187355 340001 70822 269179 121944 147235 180864 117046 143125 125047 18078 7925 156633 66850 150833 176684 31934 144750 138573 29409 113129 27504 143699
internal_count=705434 168730 166276 161353 536704 196703 9348 187355 340001 70822 269179 121944 147235 180864 117046 143125 125047 18078 7925 156633 66850 150833 176684 31934 144750 138573 29409 113129 27504 143699
cat_boundaries=0 28 56 83 110 137 164 172 200 208 233 261 288 316 342 370 398 426 454 482 511 519 547 574 602 629 657 685 712
cat_threshold=0 16777216 0 0 2112 512 270532608 0 16 0 131088 134217728 0 134217728 65536 0 16 0 17827840 18944 0 67109376 8405056 1 16 1073741824 134742024 8 0 536870912 0 0 4096 0 0 536875008 0 2097152 16385 0 135266304 33554448 33554432 0 18890752 0 1024 134348800 294912 128 1073775616 0 138477568 0 0 278624 2 0 263168 0 1024 0 1048576 0 8192 72 20971520 65552 41943296 134234112 1025 0 0 1342701568 536870912 4 268697600 0 0 0 536871040 33555472 33554432 0 32 8 20480 687865856 0 2097152 1140850688 0 0 0 4456448 0 12800 68157440 0 134217728 32 17825808 0 32768 0 0 4194304 8388624 2148597768 516 16777216 0 4096 2189426722 131072 8388608 1073741824 262144 16512 0 0 0 1048576 2147484672 142606848 276824080 33554448 4132 4 0 0 64 0 2147483648 8 0 2 0 4 0 16781344 35655680 268435456 281149456 301990912 512 0 134217728 16384 0 32 16777216 33554434 2415919104 0 67108865 402653184 557056 0 0 0 0 0 131072 19398918 144310274 67190800 2148532744 67174432 67109408 1753219072 192 536870914 24576 0 1073741825 536870912 8396930 1024 1073741840 0 0 0 536870920 0 1077936128 134225920 2 33554432 536870912 1040 1 1024 0 32 16384 2 0 262144 134217728 65673 67108864 1107428352 134349969 939541001 27267136 2082 40 0 0 0 33554432 8404992 526592 65536 524288 0 4751360 0 8192 0 33792 18432 16384 142868480 9437440 268435456 2147614720 0 4096 10 1 1342177280 0 0 1 68 65536 8388608 268435456 512 2048 66 0 2112 8192 262144 512 4 67109888 67141632 17301504 1048576 16793600 2147549184 0 1048576 524288 0 16 570425344 0 1048577 268435456 512 0 1073741826 2147745792 0 20480 2 8 35913728 256 0 2281701380 0 0 553648136 8388608 512 0 128 4210692 8192 65536 524288 2097152 0 0 16384 8390656 16777264 5 0 81920 134218241 570425408 81920 0 278528 0 0 134217728 0 524288 0 32 525312 0 0 0 262144 32 66560 35328 268437508 0 130 0 201728 0 67108928 65536 268435460 536903680 0 196608 1610612736 0 4718592 0 131584 0 65536 0 65536 4 2097152 1074790400 0 1024 512 33554436 135176 2 0 0 0 2097281 32 0 67117056 0 33619969 268439552 33554432 8192 4194336 1 0 0 134217856 0 67108864 524288 0 33562628 16777216 1073741824 8 0 0 1073741824 4227074 65536 25182208 0 1073741824 131072 128 17039872 0 2560 16 64 545259520 2082 4194304 0 67108896 0 0 0 4194304 131072 0 67117056 589824 131080 0 1 538968064 4097 8421376 17301504 262144 67108868 1040 0 2147485728 2097152 0 2304 0 0 4194304 0 0 0 0 2 134217728 0 32768 67108904 4194304 0 8209 0 134217728 0 2 0 0 3221225474 8 2 0 32768 0 0 4202497 1284 131072 16 5 268435456 2048 416 0 8 513 134225920 16552 0 2147487872 128 10485760 16 17825808 0 1048576 0 2048 512 48 16384 1040 268435456 67108864 1024 16777216 0 512 0 4096 2148007936 16384 0 0 268435456 1048576 262144 262144 16777216 0 128 9437696 2097184 0 0 8388738 0 4259840 1 525314 3223322624 0 8192 0 2097152 1073741824 64 0 524304 0 0 2 335544320 1 16793600 537001984 67567744 2219319334 1074808832 17842416 35655680 32 4 2155872256 0 0 0 2162752 34603008 262208 32768 655368 0 1073741824 16384 2048 2113536 134217732 0 19456 2097152 16777216 1073741824 4 0 16384 8192 1073741824 0 4 536870928 0 0 131072 540672 0 0 0 524544 0 16843776 0 2099200 1107378176 0 0 35651744 0 2 0 33554432 16777224 1073742080 1179664 524800 0 2048 0 1073741826 0 1 1048576 92274688 524292 2147483652 0 16384 8388608 268435969 8 16 32768 1073742592 134234112 2129920 4 0 4194816 0 1024 0 0 0 0 136314880 2281701456 67108864 0 0 0 0 4096 536870916 0 33554432 0 0 0 65538 2 513 2 1048576 2147483778 131072 67125248 8 131088 131328 1 134217792 67584 0 32768 0 0 1073741824 0 8388640 48 1074020352 0 1 2228224 537001984 8388608 603979792 0 3145728 134479872 2147487744 512 16384 0 262144 0 4096 538968064 32 4096 536936448 16 1048594 32768 0 155905 1090519040 0 0 16777216 65536 2 2097152 2147483648 1040 538968064 2097152 2147483648 2048 1024 0 0 268435456 524288 0 65536 0 64 8405140 8397376 2 1048576 134479872 4194312 2101249 0 16 8192 0 0 0 0 16 134217728 0 536903944 0 0 4194304 0 512 0 0 16777216 268435460
is_linear=0
shrinkage=0.05


Tree=83
num_leaves=31
num_cat=22
split_feature=37 22 22 30 37 33 37 37 42 42 37 37 42 42 42 42 42 33 37 37 37 28 8 37 37 37 37 28 37 37
split_gain=9.57999 9.29597 9.42838 9.72299 14.4838 9.33432 12.8902 9.12172 9.10806 9.43527 9.02396 8.59817 8.0512 7.34821 6.81121 7.12056 6.19276 6.05474 12.2396 10.2167 5.84296 5.37372 5.64836 5.6272 5.21953 5.10182 5.32511 5.42051 5.36125 5.02209
threshold=0 4.5000000000000009 1.5000000000000002 1.0000000180025095e-35 1 72.215000152587905 2 3 4 5 6 7 8 9 10 11 12 66.475002288818374 13 14 15 0.57150000333786022 1.0625596642494204 16 17 18 19 0.99450001120567333 20 21
decision_type=9 2 2 2 9 2 9 9 9 9 9 9 9 9 9 9 9 2 9 9 9 2 2 9 9 9 9 2 9 9
left_child=-1 2 3 5 -5 6 -2 -4 -8 -10 -7 -3 -13 -6 -9 -16 -12 18 -11 -19 -14 22 -21 -23 -18 -22 -27 28 -28 -17
right_child=1 11 7 4 13 10 8 14 9 17 16 12 20 -15 15 29 24 19 -20 21 25 23 -24 -25 -26 26 27 -29 -30 -31
leaf_value=-0.012319317051261842 0.026041771173640406 0.016102452686256177 0.0089097689533773894 0.18669548397785485 0.059685451963055552 0.010062073412345707 -0.01226176740346923 0.0017954611256785484 -0.0054448684585760802 0.020042464525247453 0.0010894823805020039 0.0049448384927524751 -0.014400233517623755 0.0091783837429353157 -0.0015705650353672732 0.0013501630710876815 0.001610597394068226 0.015889199639131962 -0.0035218628679501529 0.016197316158042561 0.0067285059684376678 0.0073698037948045393 0.23413309591232562 6.8846961092676951e-06 -0.0065552939933546731 0.0030167323072650444 0.0066961169324154151 -0.005242782027726876 -0.00086270213788053926 -0.0068714013067516198
leaf_weight=13555 3988 4740 5258 126 590 3223 6717 16337 18357 1221 17489 30568 3421 4005 68287 11288 8782 7955 18997 451 8532 10420 116 29606 65650 20286 10316 63274 56367 195004
leaf_count=13555 3988 4740 5258 126 590 3223 6717 16337 18357 1221 17489 30568 3421 4005 68287 11288 8782 7955 18997 451 8532 10420 116 29606 65650 20286 10316 63274 56367 195004
internal_value=-0.000312253 -0.000286423 -0.00040237 -0.000134969 0.00210663 -0.00018982 0.000153124 -0.000580857 3.46288e-05 0.000171488 -0.000542436 3.49299e-06 -4.82952e-05 0.00162017 -0.000618163 -0.000677183 -0.000633648 0.000440336 -0.000286612 0.000743166 -0.000188587 0.000421571 0.00525088 0.000353136 -0.000832584 -0.000144456 -0.000212025 -0.000329639 -1.51092e-05 -0.000823692
internal_weight=704926 691371 493867 197693 4721 192972 97828 296174 93840 87123 95144 197504 192764 4595 290916 274579 91921 68766 20218 48548 162196 40593 567 40026 74432 158775 150243 129957 66683 206292
internal_count=704926 691371 493867 197693 4721 192972 97828 296174 93840 87123 95144 197504 192764 4595 290916 274579 91921 68766 20218 48548 162196 40593 567 40026 74432 158775 150243 129957 66683 206292
cat_boundaries=0 23 45 71 98 106 114 140 167 174 182 190 198 206 232 259 286 313 341 368 395 422 448
cat_threshold=16384 8388672 0 33554560 262144 0 266240 2147483648 4194304 65536 0 268435456 32 1073741840 16 537936129 0 536871168 4194304 524289 16779264 67108866 1049088 0 0 0 0 0 0 0 0 0 0 0 0 8 0 0 0 0 0 16 0 0 134217728 269484034 0 72 16 36864 0 68157440 16384 2048 2147483648 21233664 0 536870912 8396800 67108864 16 268435464 0 0 0 8192 4 8 1048576 16809984 2097152 0 32 16 0 553648128 16908288 0 262177 0 8404992 163840 16384 0 544772 268435584 0 0 1073742352 12288 0 0 0 0 1090519040 2048 17039392 524288 128 537412384 6660 67109888 3258976916 2147484184 2181044225 16 132161 303038464 1661207552 34349072 536870913 817889282 687874052 8 0 2097152 67371008 16 0 81984 68 1048576 0 8384 0 65569 0 0 67108864 268697600 256 0 1073741856 0 272891936 0 16777218 4096 4194304 16 524288 0 16777216 64 536870912 545259520 537001984 131072 16779328 1107304448 526336 1024 41943040 0 1216356352 0 16416 131072 32768 8 0 0 1 1073741824 0 0 1 627048513 1073758208 1157988352 1050137 2162849 2147500048 517 524292 0 1073758208 8192 603996161 1091043328 2 128 677380304 1074397474 343998600 71303184 2147484160 40 605159426 256 16908289 672138240 1107558912 1073873025 1443037312 263680 2107648 168 67633156 2156920834 109118722 2147483660 1147160608 8389312 8388612 80 0 268435488 0 0 65664 0 1073742080 262144 2 0 2147483648 262144 0 0 0 65536 0 33796 65536 2097152 4194304 4718592 0 0 33554432 64 4100 0 1049600 2283810816 1042 0 4194304 67584 32 4100 0 134348800 1073741824 33554688 143654912 0 0 2097160 8388608 0 32768 0 0 0 128 0 4 134217732 0 262144 0 1024 4259840 0 262176 16 8388608 0 3 2147483648 8389120 4096 1342177296 268435456 0 1073743904 128 0 0 0 16778244 2048 17825792 268959744 69273600 0 69632 71565314 131072 3221225472 1 536870912 1049088 8 0 2048 2147483648 512 524288 0 134217728 0 0 201326592 67108864 0 0 1024 64 33555456 35651584 2149584896 4456448 1081344 8388608 0 0 570425344 67108864 2048 260 0 1024 8 0 1048576 67586 1024 524288 0 276824064 98304 64 134225920 16 0 536870912 0 1 0 32768 268436496 553648128 32768 402653184 8 33554448 2149580800 536870928 0 0 528896 1048576 536871169 0 17039872 0 16 0 33554432 0 8192 0 8388608 0 553648128 2149844993 67108864 8192 4 2 2097152 4 0 536870912 136315136 0 134217728 0 67584 4195328 8389120 2048 268435456 65536 0 0 4325376 8 0 192 0 65540 4194336 1073746432 32 71323648 65664 0 32769 2048 8 8 3221225472 0 0 0 0 0 536870912 1056 536870912 0 32800 65536 2 16 268435456 1073741832 128 4194304 0 262144 8388608 65540 0 16777218 65536 65536 640 0 131089 1024 8650752 4194304 1073741840 0 0 2084 33554436 42205184 2052 2097152 0 0 32768
is_linear=0
shrinkage=0.05


end of trees

feature_importances:
store_id=886
product_id=618
third_category_id=183
discount_rel=155
dow=123
holiday=88
discount=55
mean14=52
same_dow_mean=52
mean7=47
temp=40
mean3=21
city_id=20
precpt=19
humidity=18
mean28=16
obs_mean7=15
y_lag14=15
y_lag21=15
y_lag28=13
y_lag7=11
second_category_id=8
y_t=6
std14=6
disc_mean7=5
wind=5
max7=4
so_mean7=4
first_category_id=4
so_t=3
so_mean28=2
act_mean7=2
understatement7=2
activity=2
management_group_id=2
y_t1=1
y_t2=1
so_days7=1

parameters:
[boosting: gbdt]
[objective: quantile]
[metric: quantile]
[tree_learner: serial]
[device_type: cpu]
[data_sample_strategy: bagging]
[data: ]
[valid: ]
[num_iterations: 200]
[learning_rate: 0.05]
[num_leaves: 31]
[num_threads: 0]
[seed: 7]
[deterministic: 0]
[force_col_wise: 0]
[force_row_wise: 0]
[histogram_pool_size: -1]
[max_depth: -1]
[min_data_in_leaf: 100]
[min_sum_hessian_in_leaf: 0.001]
[bagging_fraction: 0.8]
[pos_bagging_fraction: 1]
[neg_bagging_fraction: 1]
[bagging_freq: 1]
[bagging_seed: 17422]
[bagging_by_query: 0]
[feature_fraction: 0.8]
[feature_fraction_bynode: 1]
[feature_fraction_seed: 7040]
[extra_trees: 0]
[extra_seed: 6516]
[early_stopping_round: 0]
[early_stopping_min_delta: 0]
[first_metric_only: 0]
[max_delta_step: 0]
[lambda_l1: 0]
[lambda_l2: 1]
[linear_lambda: 0]
[min_gain_to_split: 0]
[drop_rate: 0.1]
[max_drop: 50]
[skip_drop: 0.5]
[xgboost_dart_mode: 0]
[uniform_drop: 0]
[drop_seed: 15215]
[top_rate: 0.2]
[other_rate: 0.1]
[min_data_per_group: 100]
[max_cat_threshold: 32]
[cat_l2: 10]
[cat_smooth: 20]
[max_cat_to_onehot: 4]
[top_k: 20]
[monotone_constraints: ]
[monotone_constraints_method: basic]
[monotone_penalty: 0]
[feature_contri: ]
[forcedsplits_filename: ]
[refit_decay_rate: 0.9]
[cegb_tradeoff: 1]
[cegb_penalty_split: 0]
[cegb_penalty_feature_lazy: ]
[cegb_penalty_feature_coupled: ]
[path_smooth: 0]
[interaction_constraints: ]
[verbosity: -1]
[saved_feature_importance_type: 0]
[use_quantized_grad: 0]
[num_grad_quant_bins: 4]
[quant_train_renew_leaf: 0]
[stochastic_rounding: 1]
[linear_tree: 0]
[max_bin: 255]
[max_bin_by_feature: ]
[min_data_in_bin: 3]
[bin_construct_sample_cnt: 200000]
[data_random_seed: 61]
[is_enable_sparse: 1]
[enable_bundle: 1]
[use_missing: 1]
[zero_as_missing: 0]
[feature_pre_filter: 1]
[pre_partition: 0]
[two_round: 0]
[header: 0]
[label_column: ]
[weight_column: ]
[group_column: ]
[ignore_column: ]
[categorical_feature: 36,37,38,39,40,41,42]
[forcedbins_filename: ]
[precise_float_parser: 0]
[parser_config_file: ]
[objective_seed: 15521]
[num_class: 1]
[is_unbalance: 0]
[scale_pos_weight: 1]
[sigmoid: 1]
[boost_from_average: 1]
[reg_sqrt: 0]
[alpha: 0.95]
[fair_c: 1]
[poisson_max_delta_step: 0.7]
[tweedie_variance_power: 1.5]
[lambdarank_truncation_level: 30]
[lambdarank_norm: 1]
[label_gain: ]
[lambdarank_position_bias_regularization: 0]
[eval_at: ]
[multi_error_top_k: 1]
[auc_mu_weights: ]
[num_machines: 1]
[local_listen_port: 12400]
[time_out: 120]
[machine_list_filename: ]
[machines: ]
[gpu_platform_id: -1]
[gpu_device_id: -1]
[gpu_device_id_list: ]
[gpu_use_dp: 0]
[num_gpu: 1]

end of parameters

pandas_categorical:null
